Date,Open,High,Low,Close,Volume,log_return,vol_21d,vol_zscore
2015-01-02,5.722786811295541,5.722786811295541,5.472074225438118,5.613781452178955,235300,,,
2015-01-05,5.6083296090428725,5.624680278752244,5.368517880784544,5.406669616699219,203500,-0.03759124246028727,,
2015-01-06,5.433922667245398,5.4775248123969735,5.352168255252267,5.401220798492432,1631400,-0.0010083038334231685,,
2015-01-07,5.406672245362881,5.477525874922962,5.3467194140945065,5.433923721313477,843900,0.006036471791646694,,
2015-01-08,5.444821466989669,5.537476130253145,5.412120126883989,5.477523326873779,132700,0.007991577544092271,,
2015-01-09,5.488425191630385,5.624682027726699,5.439372647471139,5.602880954742432,676600,0.022627870507852095,,
2015-01-12,5.624683404544292,5.777291472568351,5.559280169581999,5.6410346031188965,680700,0.006786567298281458,,
2015-01-13,5.6464847672912715,5.695537325928557,5.537479370196601,5.668285846710205,421300,0.004819263271452956,,
2015-01-14,5.630129285886399,5.69008207321167,5.548375437735731,5.69008207321167,454500,0.003837919921122419,,
2015-01-15,5.777288622483925,5.804539567107262,5.679183558548872,5.6955342292785645,2293600,0.0009577270722617768,,
2015-01-16,5.624680234461657,5.760937027116471,5.624680234461657,5.711884498596191,141300,0.0028666047778357047,,
2015-01-20,5.657382299228593,5.711884706406381,5.5102247083138565,5.570178031921387,419400,-0.025121987927463254,,
2015-01-21,5.59197840270265,5.651931199069294,5.537475482530525,5.597428798675537,458800,0.0048803331376077,,
2015-01-22,5.651933768266449,5.766389536833328,5.602881221769414,5.684635639190674,404800,0.015459684328421416,,
2015-01-23,5.679183738287984,5.739136546046587,5.657382670032268,5.706435203552246,491300,0.0038274875603066367,,
2015-01-26,5.74458958742278,5.766390665714037,5.684636752066498,5.733689308166504,841100,0.004764660759859084,,
2015-01-27,5.6573825995329114,5.799089801318419,5.6573825995329114,5.766387939453125,803600,0.00568669561103775,,
2015-01-28,5.771860769348146,5.826570036060433,5.700738253046083,5.728093147277832,1514500,-0.0066631861970532225,,
2015-01-29,5.77732961568059,5.788271256086182,5.607729754510322,5.700736045837402,1721000,-0.00478739391905415,,
2015-01-30,5.646024377459446,5.7226179215124935,5.596785707836117,5.651495456695557,394600,-0.008675104615428093,,
2015-02-02,5.646025152677237,5.744502505445158,5.646025152677237,5.66243839263916,1705200,0.001934418125768942,,1.3159889694067552
2015-02-03,5.662442322496071,5.881280456357711,5.656971238711713,5.848454475402832,1145100,0.032322823237173545,0.2298909315993629,0.7503314500056774
2015-02-04,5.793746469610112,5.837514105952192,5.744507748287427,5.777333736419678,461600,-0.012235149120153572,0.18788060597147146,-0.451562461322295
2015-02-05,5.766386822386971,5.842980383846913,5.739031941740495,5.793741703033447,402700,0.0028360332965038197,0.1872775763450522,-0.5600911961696838
2015-02-06,5.771862030029297,5.7828036770611275,5.71715222961617,5.771862030029297,145000,-0.003783580971758065,0.18858145581748706,-1.6912244790046185
2015-02-09,5.733562616880911,5.804685119639116,5.711678810013088,5.7390336990356445,460000,-0.005703886260503727,0.1898610174892121,-0.3521378091465473
2015-02-10,5.799212615948481,5.799212615948481,5.689793096524183,5.72261905670166,61700,-0.002864273400360159,0.1753165306321939,-2.442550688140001
2015-02-11,5.684323502997095,5.706207306247041,5.557944447922225,5.574903964996338,137500,-0.026151486455556434,0.19737667393250558,-1.3758019407996125
2015-02-12,5.574903622804906,5.618671748369307,5.531136018991499,5.563961982727051,376000,-0.0019646498737255907,0.1964432120018233,-0.28385119436166245
2015-02-13,5.591317208747066,5.624142652746473,5.509252555246499,5.574903964996338,205900,0.0019646498737256064,0.19598242954548023,-0.8743089877172746
2015-02-17,5.5858496170777965,5.651501067841281,5.563965800156635,5.580378532409668,132200,0.0009815202535860504,0.19598540149322916,-1.243851186879549
2015-02-18,5.5639602382359685,5.629611623372133,5.5475475223896344,5.6186699867248535,96100,0.00683836728970388,0.1974432626127948,-1.5295286291234194
2015-02-19,5.618675156249958,5.640558971429797,5.5201977270650335,5.531139373779297,78100,-0.015701149378074028,0.18512372174153516,-1.5558753590384633
2015-02-20,5.542079595941757,5.591318293242257,5.50378306326409,5.547550678253174,84500,0.0029626817612840722,0.18456135878984856,-1.3320924303908348
2015-02-23,5.525666106268678,5.525666106268678,5.361537311891687,5.421717643737793,116600,-0.022943837429298102,0.19075368714903757,-0.9477074826871432
2015-02-24,5.421719404864843,5.470958111347164,5.377404986431735,5.416248321533203,2527000,-0.001009289508086659,0.18954242530192697,1.6943374051303592
2015-02-25,5.477226924385878,5.477226924385878,5.284946938268825,5.356365203857422,342700,-0.011117772739880597,0.189872719285599,0.017835486994907265
2015-02-26,5.339885875278265,5.389329345481365,5.306923387169206,5.3783416748046875,47300,0.004094476337014776,0.18900749525415897,-1.513322292225314
2015-02-27,5.367354977702161,5.405810780450239,5.339886322630239,5.3508734703063965,230300,-0.0051202747150482465,0.18873874044557137,-0.13295663209563313
2015-03-02,5.3453803062438965,5.394823786802549,5.284949676628369,5.3453803062438965,149500,-0.001027119337327544,0.18880077521608388,-0.4376613683575264
2015-03-03,5.312418653001901,5.437675093702632,5.026745425535704,5.065201759338379,409400,-0.05383872278942183,0.25789122041897994,0.5020731227904643
2015-03-04,5.048717106129516,5.257478059960704,4.933349224378617,5.219022274017334,93500,0.029916109590258422,0.2845088573804289,-0.8102631765151079
2015-03-05,5.2025443639212865,5.279455981136733,5.131126059420445,5.142113208770752,166200,-0.014845955435609855,0.2541805638094507,-0.14729199828744868
2015-03-06,5.109148442565122,5.213528661951618,4.8893998126091525,4.894893646240234,269200,-0.04927157636020902,0.2945622336656893,0.4204658843683471
2015-03-09,4.922362252955233,4.9882866842632865,4.867424964904785,4.867424964904785,81800,-0.005627506112285762,0.29212706074434386,-0.8345253030600863
2015-03-10,4.850944290412865,4.867425268286921,4.796006998938226,4.828969478607178,97900,-0.007931956180890357,0.29167279160274223,-0.605823628148013
2015-03-11,4.79600625531746,4.812487754556899,4.741069496281606,4.779525279998779,588700,-0.010291858670267832,0.29155290244806853,1.3600844576864901
2015-03-12,4.79051441664031,4.911375637970841,4.72458997120886,4.878413677215576,485600,0.020478873111620017,0.30819112179929187,1.0453982660487364
2015-03-13,4.83995568776369,4.83995568776369,4.642181917198394,4.669650554656982,659000,-0.043735859690758556,0.3269752328125867,1.2491794777859153
2015-03-16,4.680638904165939,4.850943538274073,4.680638904165939,4.779525279998779,692500,0.02325698657913857,0.34447136833163633,1.2330751142051801
2015-03-17,4.7850214736685945,4.801502457117822,4.697122196711355,4.752058982849121,765400,-0.005763233564598076,0.34290710724580836,1.2209135095057135
2015-03-18,4.724589775805502,4.839957681519292,4.6806401473355725,4.812489032745361,687300,0.01263642650221407,0.34890845214280514,1.015792901726323
2015-03-19,4.812489568234138,4.850945366444103,4.702615484833555,4.724590301513672,287400,-0.018433572189314577,0.3472125419213795,0.1255040094665944
2015-03-20,4.763045545770875,4.877863857884692,4.741070731646477,4.856438636779785,5655000,0.027524529992008002,0.367239631563187,2.45525211863382
2015-03-23,4.9003902538166475,4.922365076859368,4.8344657846884855,4.839959621429443,74300,-0.003399000490071568,0.3658996321525845,-1.1964157037238714
2015-03-24,4.828969181144742,4.999274355088724,4.828969181144742,4.982792854309082,980200,0.029084169943510242,0.3805296041820098,0.8840459425446755
2015-03-25,4.949832574241302,5.041027832688111,4.911376250006661,4.960819721221924,261900,-0.004419554500142089,0.3803729661380283,-0.1423468344468372
2015-03-26,4.916868927496763,5.065199306209598,4.872919302082781,5.0102620124816895,541500,0.009917218172581755,0.38251402466597795,0.4938451730911563
2015-03-27,4.993780861294235,4.993780861294235,4.944337403432574,4.971806049346924,202400,-0.0077050473208681676,0.3818696463918147,-0.49207226840644186
2015-03-30,4.971804333169299,4.999272969601969,4.938841864665963,4.966310501098633,377400,-0.0011059537852157806,0.3819403729661721,0.09170045490211413
2015-03-31,4.889402023773033,4.971807993743776,4.839959070495845,4.927858352661133,286400,-0.007772728077953934,0.38209339253743546,-0.21139009162821432
2015-04-01,4.938845690231701,5.0981632762417215,4.938845690231701,5.09266996383667,461800,0.03289776143993807,0.35645536348364426,0.2568331184668805
2015-04-02,5.076186161240486,5.17507307474544,5.054211349786144,5.12013578414917,102000,0.0053787151556701955,0.3405088538872448,-1.251478230969865
2015-04-06,5.10365440736199,5.221769206161173,5.10365440736199,5.17507266998291,269700,0.010672422520219403,0.3388206272225183,-0.3090651461543011
2015-04-07,5.125626896997833,5.19155129636417,5.109145928136387,5.114639759063721,206800,-0.01174641297375295,0.2912326887294947,-0.5613618380905006
2015-04-08,5.076188740905613,5.213531513271594,5.054213918283899,5.142113208770752,431100,0.0053571564994282376,0.29004792876843477,0.10307413826692272
2015-04-09,5.15859471867786,5.251987845800415,5.142113208770752,5.142113208770752,127700,0.0,0.28770603431647734,-1.2341779008119647
2015-04-10,5.158592700958252,5.213529474064147,5.098161569444605,5.158592700958252,224700,0.0031996848355145715,0.2836242246695356,-0.5665340594839138
2015-04-13,5.180566768627184,5.180566768627184,5.065198880628545,5.1091485023498535,183200,-0.009631053183135499,0.28025152287448274,-0.7288331655817922
2015-04-14,5.1146424742262075,5.153098263291098,5.059705183629937,5.12013578414917,285700,0.002148202301726189,0.22514383038338243,-0.21171192446843712
2015-04-15,5.202541259396595,5.2190222355478735,5.070691878424009,5.191553592681885,206600,0.013852036826068063,0.2174363433512946,-0.5044734236951054
2015-04-16,5.191553630948874,5.279452869631314,5.114642059062135,5.219022274017334,254600,0.005277084655436594,0.21457462782486836,-0.2239650701562227
2015-04-17,5.2025443639212865,5.317912313665555,5.081682577541315,5.142113208770752,417700,-0.014845955435609855,0.22236319524338072,0.36112354079775477
2015-04-20,5.136620244579546,5.153101231683802,5.021252287007478,5.0322394371032715,145300,-0.021599023931020967,0.2264679195882061,-0.7878965381161006
2015-04-21,5.01026265625537,5.076187102847041,4.977300694919999,5.048718452453613,165300,0.0032693381341280855,0.2082301465294497,-0.6884874498628294
2015-04-22,5.180566205532699,5.251984464047321,5.070691639251275,5.213528156280518,878900,0.03212237659094847,0.23195543050401313,1.9526427133238498
2015-04-23,5.208034171866146,5.273959119287897,5.136616439347282,5.246490478515625,179200,0.006302556906883073,0.21299485309928828,-0.7032767273518513
2015-04-24,5.2574793896120715,5.378341135327557,5.19704877871479,5.323403835296631,250400,0.01455354463341009,0.21540510243293248,-0.05318992106548799
2015-04-27,5.334390170750993,5.460745195731697,5.2904405512863315,5.449758052825928,621100,0.02345829629118045,0.22547180507752185,1.6542288121840047
2015-04-28,5.448656243030849,5.581012137371135,5.299755467446348,5.542408466339111,482200,0.01685793379023876,0.22545486303459542,1.0697791562265984
2015-04-29,5.470715188847675,5.619615428428601,5.470715188847675,5.597556114196777,194300,0.009900946805137647,0.22481532029732687,-0.5499273156595288
2015-04-30,5.575499193931738,5.603073480045047,5.44865821412059,5.581014156341553,152100,-0.0029595859809149966,0.22177933473885697,-0.926025876517197
2015-05-01,5.592040623983801,5.5975550570486545,5.459684237654004,5.525862693786621,54300,-0.00993112944082937,0.20515498886168362,-2.2886482827924506
2015-05-04,5.520346978050203,5.581009940931335,5.476228363966584,5.514832019805908,114300,-0.001998185428921407,0.20606886327766685,-1.1268434398656388
2015-05-05,5.520351490491121,5.66373736643692,5.520351490491121,5.647192478179932,714800,0.023717321685039396,0.2164539430108306,1.6216202599897451
2015-05-06,5.669250429610765,5.842968032667319,5.669250429610765,5.7740325927734375,309000,0.02221221082998278,0.21698104411088148,0.339478163474177
2015-05-07,5.840210876641073,5.840210876641073,5.6471914238331795,5.69682502746582,316400,-0.013461719046558754,0.2269988476336817,0.40251738412922505
2015-05-08,5.7574836866104,5.7574836866104,5.674761426897999,5.713365077972412,78600,0.002899173797975807,0.22643527267401095,-1.5944933527887877
2015-05-11,5.658219464461596,5.7078530515782715,5.658219464461596,5.680278778076172,438600,-0.005807868548108867,0.22947535381093392,0.8283560401853066
2015-05-12,5.647191103228084,5.735428382038575,5.575498182710644,5.685795307159424,209400,0.0009707009606044104,0.2240737122957054,-0.2303842274377104
2015-05-13,5.7078530515782715,5.7078530515782715,5.663734424349121,5.680278778076172,275300,-0.000970700960604301,0.22484918153860411,0.16160843353381607
2015-05-14,5.666488990552638,5.72439499309956,5.658217080142578,5.713365077972412,316100,0.00580786854810884,0.22254850723147504,0.32913784800525364
2015-05-15,5.724398213279756,5.724398213279756,5.652705302429356,5.691308975219727,430000,-0.0038679106737751425,0.22442442166921894,0.7212185642121404
2015-05-18,5.729914888519958,5.729914888519958,5.669251354913363,5.702340602874756,212800,0.0019364525873225387,0.2138290757316492,-0.22278307903700506
2015-05-19,5.669248858301123,5.702338091690748,5.663734424349121,5.680278778076172,1737600,-0.00387641046165625,0.19402664541695197,2.2513814207333946
2015-05-20,5.7078549509111625,5.718884348420806,5.669250744788165,5.69682502746582,763100,0.002908694750133085,0.19408918410934645,1.120323764686491
2015-05-21,5.735427608676035,5.735427608676035,5.674764619157511,5.691308975219727,250000,-0.0009687368757992472,0.16976462388601077,-0.16039586958214297
2015-05-22,5.636160150847021,5.702338091690748,5.636160150847021,5.680278778076172,833100,-0.0019399578743337434,0.1708609433935781,1.2258606355676795
2015-05-26,5.713370098562515,5.713370098562515,5.553439870228244,5.581014156341553,2101200,-0.017629803848579612,0.18134901767148492,1.9898815381305628
2015-05-27,5.613118065344765,5.613118065344765,5.45258512947574,5.496870040893555,240200,-0.015191661552212219,0.17365832914277418,-0.3256098560839078
2015-05-28,5.4968708547531016,5.530084279275106,5.4193719843386505,5.463656902313232,243400,-0.006060518880512364,0.1641974232978554,-0.27615565670234815
2015-05-29,5.474727779060403,5.624189228408939,5.424907119971624,5.568833351135254,677900,0.01906725188657674,0.17439463553986012,0.7801601950721917
2015-06-01,5.61311933448043,5.61311933448043,5.474728823029987,5.485799789428711,304100,-0.015022682749623853,0.18161751752930602,-0.13404019359430247
2015-06-02,5.491335154671541,5.535620073022289,5.43597874277417,5.502406120300293,317500,0.0030225759602451052,0.1789528853018395,-0.2033310371279475
2015-06-03,5.496870565273604,5.519013023094816,5.452585649631181,5.474728107452393,125500,-0.0050428592616116675,0.1796472817841977,-1.3901970328819262
2015-06-04,5.469192312115088,5.469192312115088,5.3308018199904685,5.336337566375732,233200,-0.025603045053359898,0.17763316669671878,-0.5405950456964516
2015-06-05,5.31419554294141,5.315302586725346,5.247767636726501,5.258839130401611,132300,-0.014629263926749408,0.15721333034393628,-1.172706811457322
2015-06-08,5.258837557278119,5.303122462895465,5.2366951044694465,5.264373302459717,63400,0.0010518028793228818,0.15475130905688878,-1.8098058097693126
2015-06-09,5.269910567790296,5.386158082630091,5.269910567790296,5.380622863769531,155100,0.02184203377791161,0.1772920665681408,-0.8799970385993748
2015-06-10,5.413834530113038,5.441512727097038,5.380621116066397,5.435976982116699,206200,0.010235120530632375,0.18256000498837563,-0.49913285131698804
2015-06-11,5.452588307448947,5.452588307448947,5.316965093278077,5.386160373687744,284400,-0.009206491963613884,0.18380758229182179,-0.13821945600726407
2015-06-12,5.352946026649073,5.408302452753356,5.341874530261015,5.402766704559326,379600,0.003078405084288351,0.18478629910760716,0.1857679450885557
2015-06-15,5.45812339108145,5.541158042230858,5.419374203962575,5.4691948890686035,149600,0.01222024390036377,0.18964000559614422,-0.8582067561421326
2015-06-16,5.469194434075468,5.547800373907014,5.386159789833877,5.4083027839660645,259600,-0.011196093626145936,0.19219251084228697,-0.1904766698707907
2015-06-17,5.408301736481226,5.435979417949747,5.358481065169192,5.41383695602417,345000,0.0010227501535688775,0.19195694317901174,0.1144828136418451
2015-06-18,5.463657523936925,5.524549161100412,5.4359793150742775,5.4581217765808105,635300,0.008146658126705796,0.19533741047134812,0.971249848338668
2015-06-19,5.435978747800214,5.469192700552919,5.364015623434244,5.380622863769531,707900,-0.01430059220579913,0.19906105568452742,1.1210866200632947
2015-06-22,5.424907731064939,5.507941820287814,5.386158031898781,5.463656902313232,761200,0.015314186487288333,0.20862695536901574,1.1101101315007418
2015-06-23,5.441515062430392,5.485799985443459,5.430444095636087,5.4581217765808105,629600,-0.0010135942814891508,0.20865185447029108,0.9063373484845951
2015-06-24,5.452585649631181,5.496870565273604,5.435978410326895,5.474728107452393,670500,0.0030378801170756935,0.20116868431826093,1.2229535711925676
2015-06-25,5.474729112735453,5.491335827171268,5.430444188961324,5.452586650848389,246200,-0.00405250281441692,0.19480869133376738,-0.2577238128899963
2015-06-26,5.451474565935642,5.451474565935642,5.3847893982506685,5.434803009033203,332900,-0.0032668358875074834,0.1940219925289121,0.1660058600372788
2015-06-29,5.384790318782458,5.451475497867286,5.368119288992491,5.412575721740723,238700,-0.004098191637520223,0.1811245931212677,-0.26230413995060065
2015-06-30,5.423689993471047,5.457032052427391,5.4125756205106175,5.440361022949219,767600,0.005120339787852758,0.1753207764172203,1.3894312913037463
2015-07-01,5.4348009415576275,5.515378512712721,5.390344533321088,5.418129920959473,1308700,-0.004094700297893612,0.17530570322697556,1.8697811080794462
2015-07-02,5.4292463653803145,5.440360206710818,5.340332984924316,5.340332984924316,355300,-0.01446271512525115,0.18116152416642442,0.09053084510868425
2015-07-06,5.312546411192387,5.312546411192387,5.156948442815976,5.162505626678467,211500,-0.03386595955534199,0.19678304447090483,-0.6123288430217826
2015-07-07,5.151392017524836,5.184734062254995,5.073593029884058,5.173620223999023,553900,0.0021506320192069134,0.191267253018172,0.6303125501570191
2015-07-08,5.151393719249438,5.19029296093878,5.062480334018567,5.1847357749938965,273000,0.002146200664011974,0.19143666804987491,-0.557123677237152
2015-07-09,5.212520474408707,5.240305870437494,5.156949682351131,5.218077659606934,111600,0.006410188742148084,0.17529814044556177,-1.9449651229783145
2015-07-10,5.240306055079093,5.2792052929125965,5.190292446457521,5.256977081298828,223500,0.007427092548361069,0.17319478578550757,-0.8391565713379384
2015-07-13,5.268092276191249,5.3125492408080035,5.234750215181813,5.306992053985596,227400,0.009469044400373472,0.17492663582306897,-0.7851637215427182
2015-07-14,5.3125492408080035,5.334777458135129,5.284763836658471,5.306992053985596,609000,0.0,0.1744119740110671,0.743692391571109
2015-07-15,5.3069909431417726,5.312548128800966,5.223634748141049,5.24586296081543,299100,-0.011585448075442335,0.17140057342267484,-0.4533047225266342
2015-07-16,5.262534177408115,5.273648018045257,5.173621332461545,5.1902923583984375,266700,-0.010649731809495437,0.17104070219430545,-0.6473161497194759
2015-07-17,5.190292664726035,5.190292664726035,5.040251832551618,5.0569233894348145,308800,-0.026031754115898705,0.18975034512049851,-0.39299596667525627
2015-07-20,5.0680370799660235,5.0680370799660235,4.901325225830078,4.901325225830078,132600,-0.03125264977186759,0.2081343728275994,-1.5872802407225206
2015-07-21,4.934666701737057,5.040250552027414,4.934666701737057,4.979123115539551,379800,0.015748171514027243,0.21726964570486337,0.12154005024914576
2015-07-22,4.9513384568581005,4.968009482009562,4.912439221517243,4.917996406555176,150500,-0.012352581193737918,0.2077010559089084,-1.2554513449051476
2015-07-23,4.923554036803275,4.945782251395251,4.801299121528631,4.8235273361206055,379100,-0.019395740230263844,0.21293932428691362,0.2911675303786736
2015-07-24,4.812412910725738,4.8290839389951,4.751285453763118,4.779070854187012,568900,-0.009259327251987921,0.21069526125803031,0.9973846469750995
2015-07-27,4.740170704870173,4.862426139041251,4.729056863561379,4.751285076141357,282700,-0.005831021837378936,0.21052801513220853,-0.20052810944691407
2015-07-28,4.779069640257164,4.787404887293396,4.695713460158758,4.745727062225342,271100,-0.001170476455033486,0.21106525079047725,-0.25480687464516144
2015-07-29,4.778102490608149,4.828339099884033,4.739028862507788,4.828339099884033,204400,0.01725788952035989,0.22647406747489068,-0.7166056755764746
2015-07-30,4.789266727165716,4.839503876357068,4.76693916445079,4.800430774688721,196500,-0.00579687825359918,0.2231942281513653,-0.7087704319009266
2015-07-31,4.811593563458739,4.850666659228095,4.778102490608149,4.828339099884033,209700,0.005796878253599329,0.2268358488364048,-0.5484251360964182
2015-08-03,4.811595693742,4.811595693742,4.6608847345266495,4.699957847595215,140400,-0.026948996788412154,0.2369584752106386,-1.2931463936832803
2015-08-04,4.699955119747033,4.772519810708796,4.663672508100686,4.6776275634765625,153200,-0.004762489563452201,0.21432903496294342,-1.0469825622309108
2015-08-05,4.699955357123701,4.789265586716301,4.5883175701329515,4.616227149963379,259100,-0.01321331325635395,0.21475206226117935,0.13504701315259426
2015-08-06,4.627391843268493,4.716702095650388,4.605064280173019,4.644137382507324,258200,0.006027908935438455,0.21688751369542775,0.1333510597051528
2015-08-07,4.621807800318809,4.6664629070016295,4.5269155655351,4.5604071617126465,68700,-0.018193736805206206,0.21697679992610766,-2.5031546576257915
2015-08-10,4.5659913695210745,4.699956753717845,4.549245297248141,4.688792705535889,191700,0.027763221068523837,0.24317760000118724,-0.4179557074591675
2015-08-11,4.6720488583344935,4.699958456570255,4.549246945495928,4.5771565437316895,720700,-0.024097167114054695,0.2450282833754955,1.9146208307131616
2015-08-12,4.571572613674356,4.621809763109968,4.549245050850872,4.6106462478637695,188600,0.007290067758170936,0.24893946095849578,-0.43197276961080633
2015-08-13,4.605063336334072,4.61064535904664,4.4543521832461215,4.521335124969482,204800,-0.019560699244106777,0.2524210372815789,-0.23890924045355297
2015-08-14,4.499009409230449,4.593901172556561,4.337134144413757,4.3706254959106445,611600,-0.0339011989175346,0.2688808545788946,1.6719557563002752
2015-08-17,4.381786441035093,4.426441547434797,4.314803781435537,4.342713356018066,74400,-0.006406782943332279,0.26094532482105837,-1.8171268335173252
2015-08-18,4.331551634130879,4.432025671191028,4.2707088497924,4.415279865264893,182400,0.016571871690732837,0.25809248113385447,-0.376865111955202
2015-08-19,4.409698240896125,4.409698240896125,4.225495700959983,4.26456880569458,112700,-0.03473014651300805,0.26613892973464215,-1.0706938577765697
2015-08-20,4.203167606228487,4.253404486858822,4.147348435937289,4.197585582733154,139200,-0.015831576435619363,0.26722911756365436,-0.7134644820667763
2015-08-21,4.192003662015272,4.192003662015272,3.9966371059417725,3.9966371059417725,206000,-0.04905621474011403,0.3013768189533684,-0.02292990021729219
2015-08-24,3.8403427518424493,3.8682520593522285,3.6226487159729,3.6226487159729004,340600,-0.0982478362204154,0.4319006841469117,0.9145652873768971
2015-08-25,3.790107268906686,3.8291806357592684,3.6170685291290283,3.6170685291290283,228200,-0.0015415485881571434,0.43307588667972424,0.22129810534573133
2015-08-26,3.6617229391557076,3.72870561255213,3.611485801025649,3.7119600772857666,181900,0.02589616063402502,0.45211342617723743,-0.15255799614919574
2015-08-27,3.7557491452515825,4.1374993324279785,3.7332932676350405,4.1374993324279785,621100,0.10853151953188787,0.6090823254215106,1.7960997205508151
2015-08-28,4.1150453312442865,4.2441668202655185,4.053291505791879,4.165571212768555,411100,0.0067618327815299325,0.6110371377374613,1.0290742089818992
2015-08-31,4.120655859386464,4.34521454298104,4.101006773800639,4.322758674621582,218200,0.03704036839958064,0.6284605744093432,0.012083894215972515
2015-09-01,4.232937242771995,4.261007225607286,4.126271682771166,4.1599555015563965,249600,-0.03838940306285615,0.6346527756945499,0.18564877961649415
2015-09-02,4.19363887833371,4.204866816745366,4.0757456588588985,4.1262712478637695,121800,-0.008130223865861083,0.6346898361196457,-0.9453406722287121
2015-09-03,4.131886979541394,4.266622293588535,4.131886979541394,4.238552570343018,70100,0.0268476824342354,0.6440338886032586,-1.6092701682940505
2015-09-04,4.193639730077226,4.255393537731345,4.182411789385133,4.24977970123291,159800,0.002645310545739222,0.6434723426655976,-0.3498088369845854
2015-09-08,4.261007753015848,4.283463634985491,4.2217098257213586,4.2666215896606445,71800,0.003955170689542139,0.6419869304597408,-1.5502488999709876
2015-09-09,4.28346305226701,4.311532767062871,4.199253372489043,4.221709251403809,101200,-0.010582235357654542,0.6323763626118084,-0.9674318655468422
2015-09-10,4.2217095950960015,4.463110446929932,4.2217095950960015,4.463110446929932,257900,0.0556058506597231,0.6616400363384982,0.5149404859989732
2015-09-11,4.423811107324476,4.4911787239367,4.418197005425902,4.435039043426514,89100,-0.006309513379285172,0.6611178199374588,-1.0983205074956623
2015-09-14,4.435040905184582,4.485566505006019,4.395742978483265,4.468724727630615,88000,0.007566652887652787,0.6586347195609681,-1.0265316529714115
2015-09-15,4.485566304279901,4.530478065531507,4.463110423654099,4.519250392913818,60600,0.011243065726282758,0.6483229128169632,-1.4882587546151869
2015-09-16,4.552934646606445,4.620302298848073,4.519251088180885,4.552934646606445,244500,0.007425864515465029,0.6479431568856938,0.6432445894685701
2015-09-17,4.552934248910994,4.558548353288368,4.463110720434842,4.513636589050293,328100,-0.008668834697091359,0.646812559391939,1.0444532846207042
2015-09-18,4.463110840540028,4.482198581780581,4.2778496742248535,4.2778496742248535,293900,-0.05365269685552094,0.6631172844122892,0.794271983777921
2015-09-21,4.311533353599931,4.367673326219268,4.261007753015848,4.2666215896606445,118400,-0.0026281534995716603,0.6606812019645465,-0.6140725654981943
2015-09-22,4.188025484391687,4.193639320341628,4.086974028035994,4.1599555015563965,497700,-0.025317939803655612,0.6430018533281394,1.467713385528517
2015-09-23,4.120659437056005,4.18802710062483,3.991537948034772,4.165571212768555,357100,0.0013490346632755487,0.5302005332707884,0.9737078963614259
2015-09-24,4.115043692711076,4.232937190861191,4.030834012933108,4.221709251403809,405200,0.013386669782725694,0.5298162650328357,1.0863337165768925
2015-09-25,4.261008759418982,4.303113481132926,4.165571104659066,4.232938766479492,291200,0.0026564137632661133,0.5256721495802598,0.5797488485353373
2015-09-28,4.1880266937277035,4.3115340649375815,4.182412588461436,4.238552570343018,182400,0.001325340359107092,0.3713986967146335,0.0030800845332363378
2015-09-29,4.244165850139844,4.294691720114978,4.148728214718029,4.2778496742248535,113700,0.009228634734853103,0.37196629197409486,-0.6425469264999378
2015-09-30,4.289077425651654,4.328375352524873,4.227323884744743,4.300305366516113,65600,0.005235564868963491,0.3490349730996394,-1.3514536551709928
2015-10-01,4.356445385234446,4.356445385234446,4.23293776670618,4.2666215896606445,84100,-0.007863718368535055,0.3219736676086316,-0.8926064799236823
2015-10-02,4.294691800773762,4.36767355484291,4.176798280414445,4.350831508636475,161900,0.01954466096580733,0.32610880473609416,0.05872932240562565
2015-10-05,4.468724889958399,4.536092537297615,4.440654903052776,4.502408981323242,125300,0.034245604477493384,0.33397366564611064,-0.37638856191570397
2015-10-06,4.513634678456418,4.575388194296273,4.4911788058428135,4.569774627685547,457400,0.0148513053634787,0.336534342956953,1.4525049673103083
2015-10-07,4.569777508624168,4.687671048017131,4.558549297543613,4.625916957855225,235300,0.012210724385983078,0.3379006598977107,0.4206140054739772
2015-10-08,4.637146299138817,4.659602191382487,4.6203039784130375,4.631532192230225,339900,0.0012131279303004452,0.3340007596457636,0.8864282115317222
2015-10-09,4.631531236014196,4.7595297418377465,4.631531236014196,4.71574068069458,226100,0.018018253631775467,0.2828763767704765,0.28359387995045976
2015-10-12,4.704511642456055,4.755037508791416,4.631529895015026,4.704511642456055,58600,-0.0023840218227146135,0.28163884825962116,-1.6524170679226218
2015-10-13,4.670826573339417,4.710124758573889,4.581003067758324,4.592231273651123,271800,-0.02415594999040896,0.2959609411324294,0.5009566780546266
2015-10-14,4.5922327171957775,4.682056251012434,4.569776833741613,4.6764421463012695,127600,0.018171573442494874,0.2998420928724711,-0.7211362357068712
2015-10-15,4.659600382768306,4.659600382768306,4.592232732185909,4.648372173309326,108100,-0.006020507608266303,0.30018393925811426,-0.9053145331861973
2015-10-16,4.6652144874977965,4.6652144874977965,4.597846301524905,4.648372173309326,117400,0.0,0.2981654435908816,-0.7038317904739986
2015-10-19,4.625915692038776,4.625915692038776,4.5024086162920725,4.519250392913818,95200,-0.028170950239224894,0.24767418002170002,-0.9394388547088527
2015-10-20,4.51363638796896,4.575389927197595,4.485566402723058,4.564162254333496,236400,0.00988884445849955,0.24813112147263636,0.42398905541451615
2015-10-21,4.552934646606445,4.597846414767531,4.479953157192309,4.552934646606445,175800,-0.002462979943034593,0.22673033911281504,0.04199990402264623
2015-10-22,4.575388964811925,4.637143026441669,4.552933088416652,4.592231273651123,170900,0.00859401988953112,0.2269317902532341,0.05567783586156379
2015-10-23,4.558546651028882,4.659598350524902,4.558546651028882,4.659598350524902,196800,0.014563231328341848,0.22753874298267637,0.38616978354815484
2015-10-26,4.63714430938373,4.670827865600586,4.592232544167607,4.670827865600586,146400,0.0024070755692322176,0.2275685893615487,-0.10724340074433818
2015-10-27,4.625917737315103,4.6483736278694225,4.552935959165899,4.620303630828857,270500,-0.010875905224908231,0.23368292545338792,1.0129688734893367
2015-10-28,4.653986804681818,4.68767090147994,4.625916813248475,4.665215015411377,130900,0.009673500536543235,0.2338108331488321,-0.36492179113429307
2015-10-29,4.60907391541703,4.6371439000468895,4.513636288909761,4.519250392913818,233600,-0.03178778661420511,0.2647313754251491,0.6585194658856368
2015-10-30,4.530479216094664,4.6090750859404395,4.457497719373988,4.496795654296875,145400,-0.004981071508846528,0.2635135521814724,-0.37163336195804275
2015-11-02,4.491179863096057,4.620301027172695,4.491179863096057,4.558547496795654,172500,0.013638975073690905,0.25946402105218447,-0.014242578536725718
2015-11-03,4.564162557059912,4.687670179099487,4.564162557059912,4.670827865600586,223800,0.02433228773772562,0.24596864103437172,0.4846703667617325
2015-11-04,4.676441467401331,4.704511451491614,4.555740910586403,4.586617946624756,93500,-0.01819340743914307,0.2503860224731364,-1.316627906737111
2015-11-05,4.56977539725585,4.6259148205488705,4.547319520860577,4.592231273651123,91600,0.0012231005415690398,0.24659561808302022,-1.2306722732168018
2015-11-06,4.609074692109174,4.653986460929027,4.508022944569247,4.5417070388793945,129900,-0.011063081083847166,0.24926873568458618,-0.37000402675021893
2015-11-09,4.541706641756834,4.552934315284802,4.446269007511995,4.502408981323242,135900,-0.008690358414567199,0.2407074792213735,-0.20570380985512815
2015-11-10,4.491181104564664,4.5360928727790695,4.435041394296657,4.44065523147583,70200,-0.013810642508883513,0.24404632934074608,-1.9758300094661057
2015-11-11,4.463110682604951,4.496794773193227,4.384515095854504,4.406970977783203,60400,-0.007614339856078428,0.2322035198562811,-2.0640459854886806
2015-11-12,4.367673326219268,4.367673326219268,4.261007753015848,4.2666215896606445,57200,-0.0323652830783388,0.24274864696900908,-1.8972376731604692
2015-11-13,4.261009013476852,4.261009013476852,4.103817525494867,4.176799297332764,104600,-0.021277082395173657,0.24971108880250856,-0.5396732868063038
2015-11-16,4.16557080805318,4.255394350751273,4.1627637554200465,4.238552570343018,33300,0.014676601159892241,0.25850423439356923,-2.4568611080838028
2015-11-17,4.227324825198448,4.255394549756659,4.075747455959196,4.081361293792725,82700,-0.03779125283655117,0.27147574701626975,-0.7525031046868877
2015-11-18,4.109430711026645,4.137500431657149,4.008378967210137,4.036448955535889,62000,-0.011065249157356452,0.26680250248950593,-1.1658009247800982
2015-11-19,4.0364474938727986,4.103815120225395,3.9971495779862076,4.0420613288879395,219200,0.001389457723611807,0.26775096307295865,1.1166544002780519
2015-11-20,4.047675431598231,4.103815120225395,4.008377515711641,4.0420613288879395,149700,0.0,0.26360625931310344,0.44256214704215213
2015-11-23,4.03083470782056,4.070132636543682,3.9690811640066763,4.02522087097168,98700,-0.004175007632254948,0.2528941614322302,-0.26035000560375254
2015-11-24,4.04206380825123,4.148729415918082,4.04206380825123,4.109431743621826,124600,0.020704972916053183,0.26888026696283207,0.18770433758573665
2015-11-25,4.0701321656001905,4.075746269494718,3.9634666008610364,3.997150421142578,554600,-0.02770304452474571,0.2787841472854331,2.5488190631671843
2015-11-27,3.991537491922373,4.013993377212618,3.937643206608625,3.9746954441070557,140400,-0.005633585195545313,0.2722859454008742,0.29771101627134156
2015-11-30,3.98030767881895,3.98030767881895,3.828730390492587,3.9129397869110107,228100,-0.01565917218680219,0.2596953022619117,1.0939716535216266
2015-12-01,3.907328387436088,4.0083798867387195,3.806276888133456,3.9578542709350586,130500,0.01141307248873859,0.26728833938558294,0.18948859017942707
2015-12-02,3.8455723739589818,3.963465856655555,3.811888560002126,3.8848702907562256,171800,-0.018612431568721076,0.26057482906084223,0.6407675544830371
2015-12-03,3.9129418787173607,3.9353980331548617,3.828732437281696,3.8624162673950195,138100,-0.005796632424957677,0.23353017804733295,0.3296070736886863
2015-12-04,3.8455722671382566,3.8455722671382566,3.6603111616740787,3.6659252643585205,191000,-0.05221220058909056,0.276156397792814,0.8075120652278486
2015-12-07,3.649083308893225,3.649083308893225,3.5311898267287543,3.5424177646636963,262500,-0.03427128466918548,0.2841531658311927,1.2092867221094787
2015-12-08,3.5255765079987795,3.548032387157768,3.3739991898280075,3.4245247840881348,34800,-0.033846765469993156,0.29364544426172523,-1.7676802242899354
2015-12-09,3.4469814272780575,3.5929449418598107,3.4469814272780575,3.5031211376190186,123600,0.022691611808494577,0.3190697359821579,0.09920857887076258
2015-12-10,3.5087346414260874,3.5873302224393733,3.497506701281332,3.5143487453460693,158300,0.003199904664963501,0.32323424289594205,0.40990200615179406
2015-12-11,3.4975083669449103,3.508736312436895,3.407684803009033,3.407684803009033,137600,-0.03082111207987305,0.32997116349350736,0.14778133783416547
2015-12-14,3.413296876534589,3.45820863527396,3.402068936849746,3.4189109802246094,50500,0.00328895622114536,0.32566587549481124,-1.355627796060882
2015-12-15,3.4469795490570228,3.598556818232467,3.4469795490570228,3.5592591762542725,137300,0.040230353120042785,0.36718622415250823,0.13231529149156218
2015-12-16,3.5648739822224473,3.7108374570622744,3.5227692778545183,3.6996095180511475,210200,0.038674851767989404,0.393979611111538,0.7137187331690176
2015-12-17,3.744521774074748,3.7501356104822956,3.6490841458894807,3.72767972946167,122100,0.007558705234701302,0.3796203573091298,-0.2319433206652638
2015-12-18,3.6996086873356906,3.778204242765617,3.6322408007006315,3.6546969413757324,473800,-0.019772810066012853,0.38275628875650214,1.8342793848399455
2015-12-21,3.6659261238722283,3.8175034518540536,3.6603120198715025,3.677154064178467,163400,0.006125927276669196,0.3840600536610934,0.11952708728806646
2015-12-22,3.6996113878638974,3.6996113878638974,3.575542371544586,3.598559617996216,91100,-0.02160544157830987,0.38813735912549324,-0.7904287367926386
2015-12-23,3.649084916386921,3.800662279129028,3.5985590395744604,3.8006622791290283,181500,0.05464167624187972,0.44065656976867,0.28169492169833305
2015-12-24,3.8006612301612583,3.9129406279832986,3.7810124024662013,3.8960988521575928,78000,0.024800422660820078,0.4436197302434332,-1.0354711199443347
2015-12-28,3.87364411354065,3.87364411354065,3.7894344065232985,3.8736441135406494,40800,-0.005780062797994929,0.4343541194743656,-1.914079235250895
2015-12-29,3.9035404421030426,3.999436708816585,3.7512346858467294,3.9148223400115967,304700,0.010574253714912036,0.43603360115963996,1.25030068600874
2015-12-30,3.892259757272065,3.926105461546218,3.7230309669195525,3.7737996578216553,110000,-0.03668758840633242,0.45093976584853873,-0.29199125932874037
2015-12-31,3.773798243933672,3.8809764018040878,3.6722611691530056,3.6779019832611084,62500,-0.02573988433915371,0.4556435226945811,-1.0966690717555574
2016-01-04,3.6835418966356785,3.6835418966356785,3.60456837234725,3.660977840423584,154400,-0.004612195115729608,0.4523593524372082,0.3004620759187583
2016-01-05,3.6553400017779967,3.745595224124042,3.6271351103039673,3.728672504425049,105200,0.018321992127898794,0.4580440448105488,-0.2700401031321006
2016-01-06,3.61585087370823,3.6271327692197377,3.5030319185931553,3.553800582885742,95100,-0.048034655825972154,0.4524310324603321,-0.3769506527712633
2016-01-07,3.4635464137874554,3.5481607954934624,3.452264514158768,3.4691874980926514,87800,-0.024097201410716963,0.4444418086078825,-0.4344238324020453
2016-01-08,3.5030329192962935,3.5899035126528576,3.4297004430319764,3.4409823417663574,67000,-0.008163421049206044,0.42916386098828546,-0.9947473685524625
2016-01-11,3.469187100108807,3.519955508122915,3.153293677763033,3.1814982891082764,147000,-0.0784047491585381,0.49959897821269994,0.35474986824017496
2016-01-12,3.232267239281184,3.5425198731717775,3.232267239281184,3.508673906326294,147600,0.09788591569828206,0.6129941527800807,0.3685253915277175
2016-01-13,3.536878895864775,3.5763656790560328,3.435341799206589,3.4691874980926514,114900,-0.011317745490537795,0.604331134625446,-0.05145119157725305
2016-01-14,3.497392270034976,3.6440572407886505,3.4635465696260628,3.6158523559570312,85700,0.041407194796530766,0.6204782245372875,-0.6363585221225814
2016-01-15,3.5199531735189855,3.5255942534356004,3.412775344918259,3.4579029083251953,170700,-0.04466530147271994,0.6253946072375574,0.5998170147591837
2016-01-19,3.508674083128745,3.5255970674042376,3.384573184708068,3.4184188842773438,173500,-0.011484179824106459,0.6088393297005575,0.655220120396102
2016-01-20,3.3563659941724304,3.424057615776844,3.288674641549542,3.367647886276245,188200,-0.01496358555082406,0.6085605138979617,0.7553764920659405
2016-01-21,3.3620077702381765,3.486108609053785,3.3450847940907122,3.4804677963256836,293400,0.032952164899187876,0.6195642579673885,1.7630754901700714
2016-01-22,3.587646654086786,3.666619931134832,3.52277554620395,3.593287467956543,76600,0.031900803727991915,0.6303346485822772,-0.8364601576082304
2016-01-25,3.5481607954934624,3.5594426951221494,3.4466236988352765,3.4691874980926514,69200,-0.035147096576060015,0.6375893849847545,-0.9913264747806164
2016-01-26,3.5086731080571045,3.6327742409713837,3.480468500745048,3.593287467956543,100700,0.03514709657606002,0.6191774541054468,-0.21428821236747425
2016-01-27,3.5779791062287676,3.6233417144880113,3.515605384681071,3.6063308715820312,43400,0.0036233637064255657,0.61163833664674,-1.7009371998081568
2016-01-28,3.606328826728817,3.7480870323507416,3.606328826728817,3.663032054901123,82000,0.01560035833695396,0.615187421261909,-0.6403915781555211
2016-01-29,3.6687023420566987,3.7254058421496534,3.6063289245661716,3.7197353839874268,63100,0.015361297663101021,0.6167068206228471,-1.1043442091909634
2016-02-01,3.668701977018077,3.6800426218318,3.5439548840671264,3.674372434616089,70900,-0.012270180426495405,0.6053140074567243,-0.7913820913287585
2016-02-02,3.5893195622443543,3.5893195622443543,3.453231744899762,3.4759130477905273,77800,-0.05552515992147236,0.6288217167073464,-0.6269357498077542
2016-02-03,3.5099336308243085,3.6403512066843584,3.4418897487362003,3.63468074798584,74700,0.04466408781905784,0.6497440940774066,-0.6462875094753242
2016-02-04,3.6460209512582713,3.674372700535584,3.572306889825433,3.663032054901123,77900,0.007769954865808909,0.6469468483824364,-0.518435565749414
2016-02-05,3.6403530822305123,3.6630343879455163,3.6006606620380097,3.6460232734680176,57300,-0.0046541752310553,0.6241284178728568,-1.1028586365309434
2016-02-08,3.600659041687686,3.600659041687686,3.521274507409398,3.5439558029174805,91200,-0.028393497819097276,0.6264972355494314,-0.11952351260209916
2016-02-09,3.515602179655149,3.5552945608873574,3.481580254477067,3.5326132774353027,125900,-0.003205659428066167,0.6258170491595774,0.5066507819002606
2016-02-10,3.526943133082828,3.572305974378208,3.4815805621696985,3.498591661453247,31300,-0.009677397201025947,0.5571080912999922,-2.0796518915157507
2016-02-11,3.43054852422221,3.492921937111845,3.390856131161464,3.447559356689453,84400,-0.014693957224959853,0.444512974595195,-0.1246453088244915
2016-02-12,3.4985945417750908,3.6063308715820312,3.49122310441384,3.6063308715820312,65300,0.04502432856725049,0.46989764553021923,-0.5740898344951727
2016-02-16,3.6687011505861187,3.6687011505861187,3.487250874441049,3.5666353702545166,51000,-0.011068198351933546,0.44892443870279464,-0.9837852128385618
2016-02-17,3.589320306697706,3.6913864612579346,3.5496281535976304,3.6913864612579346,73800,0.0343794441737985,0.4345571661165569,-0.21223150464595744
2016-02-18,3.691384790134242,3.7934506281058162,3.5609671953127,3.742417573928833,172800,0.013729690494737873,0.4326602715493394,1.4902832822118615
2016-02-19,3.7083957241858623,3.7424176710593913,3.651692479396647,3.668703317642212,239300,-0.019893532543874735,0.4357536792284754,2.028695494348059
2016-02-22,3.697054189389876,3.810460651795383,3.697054189389876,3.7764387130737305,124600,0.028943145949816805,0.43261644543958067,1.00171110179828
2016-02-23,3.765100020053454,3.7821111334302993,3.685715455187282,3.714067220687866,47700,-0.016653864104257864,0.4256405512424001,-1.065716524820664
2016-02-24,3.6516936653747814,3.7424188865027928,3.6460232038630376,3.736748695373535,233700,0.006088338513250212,0.40424721504857963,2.0105085344535993
2016-02-25,3.7418736764777942,3.8386951391259854,3.7418736764777942,3.810218334197998,89000,0.019470592510759,0.3922724685824387,0.1573038741059209
2016-02-26,3.8728689382176533,3.8785641923349217,3.7646563942134197,3.7703516483306885,75400,-0.010518220531168826,0.3949443127396748,-0.22394574959378932
2016-02-29,3.793130355396662,3.8700182649896577,3.793130355396662,3.844388961791992,53400,0.019446400190182525,0.3968188894341426,-0.8617171408764295
2016-03-01,3.8614762838790067,3.9696885037747665,3.8500855095964277,3.9582977294921875,98700,0.029199393838036627,0.40536094126836425,0.3129973253295097
2016-03-02,3.9412116306085005,4.11776876449585,3.9412116306085005,4.11776876449585,82400,0.03949738809065216,0.42024701082224547,-0.06028419873814339
2016-03-03,4.106379234512,4.180419424192992,4.038034569380725,4.140551567077637,257400,0.005517553077583913,0.35716048591148325,1.891822136256537
2016-03-04,4.12915815992637,4.214589072723083,4.12915815992637,4.1747212409973145,50100,0.00821857972452364,0.33186524683952195,-0.9937182961553345
2016-03-07,4.157638388561771,4.300023261162138,4.157638388561771,4.294327735900879,68000,0.028247433243933674,0.3402528663108678,-0.44401520430301195
2016-03-08,4.300021142666121,4.300021142666121,4.115490234462735,4.134854793548584,58700,-0.03784280926840502,0.3731151517217881,-0.7044056398166676
2016-03-09,4.1690271536762,4.220285498379448,4.134854833348213,4.191808700561523,53200,0.013680100143600472,0.35213723777233985,-0.8172045076271742
2016-03-10,4.180419921875,4.180419921875,4.075055149359477,4.180419921875,113200,-0.002720610299798758,0.3519468039483444,0.49399166029191793
2016-03-11,4.191808826400842,4.24306717264288,4.174722529935183,4.237371921539307,24400,0.013531545974683135,0.3463828883391963,-2.0571575531813107
2016-03-14,4.203199474004186,4.2487625677748335,4.157636380233537,4.191808700561523,104100,-0.010810935674884413,0.3432659326327434,0.3373466876318682
2016-03-15,4.129159450531006,4.160484010663697,4.106377902874963,4.129159450531006,278000,-0.015058448183923864,0.3272201520174498,1.711540099564412
2016-03-16,4.140551027070748,4.225981983131793,4.049424818780312,4.208895683288574,141800,0.019126441892560426,0.32355272837352295,0.6119977627166397
2016-03-17,4.225983062231324,4.334195597996915,4.225983062231324,4.294327735900879,25600,0.02009471541616806,0.312406052212934,-1.7963998856388423
2016-03-18,4.311410755787531,4.322801526055267,4.06650878766513,4.1747212409973145,163500,-0.02824743324393359,0.33442474164993086,0.8402167919139579
2016-03-21,4.169028282165527,4.237372941321307,4.060815769380111,4.169028282165527,127800,-0.0013646046539172562,0.32286264882882626,0.5564158476733289
2016-03-22,4.186115112936853,4.356977065129209,4.174724334229202,4.288632392883301,281500,0.028284909781666836,0.32228306780436683,1.5726043050408425
2016-03-23,4.265848592150096,4.3284979818734675,4.1690271536762,4.191808700561523,80000,-0.022835581008620775,0.3284246380550308,-0.22559124138218029
2016-03-24,4.146245924352223,4.208895047296435,4.015251883940034,4.106378078460693,113100,-0.020590917703536233,0.3408589450807624,0.3323646150379387
2016-03-28,4.123462693254367,4.248761439425347,4.123462693254367,4.231675148010254,422300,0.030056536876699874,0.34860497113300337,1.9553492685605571
2016-03-29,4.112072759730914,4.2430667819820655,4.0892912142591875,4.225980758666992,135300,-0.0013465646430958292,0.34489008662427356,0.3997038825006506
2016-03-30,4.260154656015951,4.328499317764926,4.260154656015951,4.311413288116455,208400,0.020014393341475034,0.34518636963951016,0.8867871768074999
2016-03-31,4.311412575788205,4.419625074800736,4.311412575788205,4.402538776397705,46400,0.020915609721687576,0.3391479962945767,-1.0322953784493838
2016-04-01,4.334488777572475,4.39167195286943,4.328198532855,4.3630805015563965,78400,-0.009003024227294461,0.3180650167063506,-0.35124941583794295
2016-04-04,4.3802363450406565,4.3802363450406565,4.260151512419927,4.283024787902832,45600,-0.018518858809458923,0.32622899933255445,-0.957101282559139
2016-04-05,4.29446164945413,4.317334924676789,4.22012336864501,4.27730655670166,117900,-0.001335983812190391,0.3254687238768837,0.2362066488243908
2016-04-06,4.317334973798142,4.340208249281048,4.265869967626129,4.283024787902832,19700,0.0013359838121904247,0.3102386878796406,-1.8774359101022877
2016-04-07,4.254434811567875,4.271589637819053,4.168659862298839,4.248716354370117,39400,-0.00804258307696773,0.2803217453363295,-0.997634012053457
2016-04-08,4.323053009237673,4.345926283942295,4.277306459828429,4.305898189544678,57200,0.013368851755071152,0.28015047753835637,-0.5607450329279872
2016-04-11,4.363084245677081,4.403112366399085,4.31733766618272,4.397394180297852,68200,0.02102637893122726,0.28785068885567205,-0.3223940979806079
2016-04-12,4.425984098568287,4.471730934634691,4.374519351083999,4.466012477874756,91900,0.01548381364988973,0.2888787392526784,-0.04590432600412962
2016-04-13,4.483166295571165,4.597532671408817,4.4660112028600425,4.54034948348999,97500,0.01650804044771048,0.28851578681006385,0.03323644258610881
2016-04-14,4.534633159637451,4.546069802596431,4.51175987371949,4.534633159637451,38600,-0.0012597984664787989,0.2810114463191673,-1.0476908029165772
2016-04-15,4.506039541605334,4.506039541605334,4.443137898965835,4.488884449005127,20100,-0.010139970818975552,0.28005244187382317,-1.6593911811237079
2016-04-18,4.454576544667417,4.517478215663958,4.431703259336142,4.5117597579956055,45100,0.0050830491057187056,0.27329843336054754,-0.7371702057555127
2016-04-19,4.551786818864494,4.654716845568545,4.551786818864494,4.631843566894531,105300,0.026267699787915703,0.26137689930614283,0.3645647102906525
2016-04-20,4.614688065860235,4.689026355743408,4.586096877348369,4.689026355743408,72100,0.012269993410589222,0.2614952411850117,-0.08726826733864876
2016-04-21,4.689026490908574,4.689026490908574,4.597533376212521,4.631843566894531,11300,-0.012269993410589332,0.25481313679114814,-2.1565476642707746
2016-04-22,4.620406860593221,4.671871876236537,4.557505205103723,4.574660301208496,78000,-0.01242252257224706,0.24346795967310975,0.20213628958469382
2016-04-25,4.563224739536278,4.574661382084647,4.494604884246065,4.506041526794434,72900,-0.015113387012491184,0.23710748856436747,0.14671264651790303
2016-04-26,4.54738028729172,4.593313377259061,4.421064016098721,4.570346832275391,128300,0.0141700374469792,0.22132850046959907,1.0467483734933072
2016-04-27,4.578419031750587,4.653380342913864,4.578419031750587,4.641848087310791,130700,0.015523486315688336,0.224210651023518,1.078156473835539
2016-04-28,4.624551335335552,4.751408948836252,4.624551335335552,4.670681476593018,33900,0.006192405880945926,0.21713707018785983,-0.7632460577244622
2016-04-29,4.705275454334929,4.774470616908764,4.66491174697876,4.66491174697876,155500,-0.0012360714976970952,0.20853995784383558,1.391984873966741
2016-05-02,4.687977432736034,4.786004063733717,4.687977432736034,4.745639801025391,146300,0.017157343856301552,0.20963991914849106,1.2162303752754577
2016-05-03,4.699512402442938,4.699512402442938,4.555355848492023,4.670681476593018,59200,-0.015921272358604403,0.20629020774003146,-0.06173668158103998
2016-05-04,4.630315471941886,4.647614680928556,4.520756564598592,4.572652816772461,67900,-0.0212114659395019,0.22367779583079433,0.1704126414920543
2016-05-05,4.630315890168381,4.630315890168381,4.4976919087782505,4.532289505004883,47600,-0.008866300248453715,0.2274967371546201,-0.4247523462379465
2016-05-06,4.526523101488484,4.555354569155972,4.468860441110764,4.532289505004883,11900,0.0,0.22439921364097468,-2.162517543994374
2016-05-09,4.538055127483281,4.538055127483281,4.440028478294392,4.509223937988281,20400,-0.005102158438175627,0.22284177109478312,-1.3082719416225057
2016-05-10,4.520756564598592,4.6072504098741165,4.514990161603036,4.572652816772461,70100,0.013968458686629463,0.21658083879066367,0.27450912563647095
2016-05-11,4.549587754704691,4.636081874937443,4.549587754704691,4.572652816772461,3175600,0.0,0.2108761115889526,3.2885652250343824
2016-05-12,4.607250083813678,4.61301648640114,4.520756244659424,4.520756244659424,1075700,-0.011414230945773457,0.20736323860451178,2.0171132177636846
2016-05-13,4.486159099953032,4.532289225409457,4.440028699539372,4.497691631317139,159700,-0.005114996271295281,0.20803905141000503,0.5201535380010935
2016-05-16,4.509226552212039,4.555356702113767,4.457329996093904,4.468862533569336,320400,-0.006430384863013565,0.20623746440286259,0.9528194061929655
2016-05-17,4.4630920882631955,4.526521124453607,4.4630920882631955,4.486157417297363,355000,0.003862616795036398,0.20588562284546313,0.9408530220476456
2016-05-18,4.451560359134006,4.451560359134006,4.3362350680776265,4.3650665283203125,87800,-0.027363095789427968,0.2025761714830062,-0.09965914240825213
2016-05-19,4.393897691626466,4.405430220674416,4.330468919341335,4.336235046386719,457500,-0.006626959702756867,0.1952793828872503,1.0419453205218945
2016-05-20,4.365066975552483,4.4054306940791745,4.330469384690799,4.342001914978027,81800,0.0013290417087807825,0.1934549142569979,-0.30331716003137454
2016-05-23,4.313171173006553,4.376600237671176,4.313171173006553,4.318937301635742,63200,-0.005326135489375636,0.19067742194744017,-0.4964199503259484
2016-05-24,4.330468897389282,4.359300082384414,4.2958710354636365,4.307403564453125,40400,-0.0026740756560631558,0.18529913781132817,-0.8134968417824857
2016-05-25,4.3247041809712545,4.359301781424151,4.2958727097818645,4.3535356521606445,156700,0.010653007216401252,0.18176372803758628,0.22572181121139548
2016-05-26,4.372065385306764,4.424182531942268,4.348902147662635,4.389437675476074,81500,0.008212818173000336,0.17433635407817222,-0.2607872376541649
2016-05-27,4.401019898829055,4.406810847099328,4.279412746429443,4.279412746429443,152800,-0.02538533533434777,0.18791667593423883,0.17192550972855647
2016-05-31,4.29099408949706,4.29099408949706,4.204132080078125,4.204132080078125,183800,-0.0177479211643593,0.19330072099466591,0.31068365171362333
2016-06-01,4.1751782824269075,4.262040576078299,4.169387333990592,4.244668006896973,149700,0.00959573843401666,0.1839517093931099,0.1483796197821747
2016-06-02,4.250454857170016,4.296781295483474,4.227291638013288,4.290990352630615,74000,0.010853949055672574,0.18783788185850056,-0.41595098937199904
2016-06-03,4.285204074166927,4.429974480212245,4.285204074166927,4.406811237335205,45700,0.026633794752550958,0.20505226885977978,-0.7741721692770356
2016-06-06,4.418392139411188,4.429973758964095,4.267830809095823,4.325738906860352,57500,-0.018568381171179905,0.21192838822004684,-0.6045440414684005
2016-06-07,4.337322280530285,4.545791792920243,4.337322280530285,4.528419494628906,233200,0.045790009874906404,0.26951317330996366,0.42252030219403247
2016-06-08,4.545792001015777,4.626863374384576,4.528419701929178,4.597909450531006,184800,0.015228751734469238,0.2738691440028718,0.14200841972161993
2016-06-09,4.563160598051851,4.62106867140226,4.5573696526530725,4.609487056732178,71700,0.0025148503801030605,0.26984160969639764,-0.7447036097469808
2016-06-10,4.539998844651568,4.545789515805401,4.4936723709106445,4.4936723709106445,57100,-0.025446315861390113,0.2843055804065887,-0.9892201982115775
2016-06-13,4.482090476347849,4.516835607781106,4.435764002606925,4.4936723709106445,56500,0.0,0.2816887521490772,-0.9920904820867612
2016-06-14,4.5168370461844995,4.528418668307941,4.4473470373162,4.482091903686523,205500,-0.0025803872061365145,0.2812778249935221,0.8051318511937475
2016-06-15,4.487880682342441,4.597906177367428,4.487880682342441,4.545788764953613,118500,0.014111377986292464,0.28449555968969403,0.10852202792954813
2016-06-16,4.528419494628906,4.540001118865698,4.4647204232626985,4.528419494628906,130700,-0.0038282770333382047,0.28470409493241655,0.3511723931447148
2016-06-17,4.551579711278491,4.574742944322959,4.516834861711787,4.545788764953613,121400,0.0038282770333381948,0.2662184696257396,0.20832002675729766
2016-06-20,4.615280119297481,4.655815929726705,4.522627153890817,4.53420877456665,54600,-0.0025506607495696643,0.26493865101005465,-1.0477587533113148
2016-06-21,4.516836869104748,4.597908220790485,4.516836869104748,4.586326599121094,48500,0.011428800987975883,0.26685901926532324,-1.1779118446606085
2016-06-22,4.545788132175064,4.690558732742052,4.545788132175064,4.644232273101807,73100,0.012546679871124768,0.26734623460814805,-0.46332083261281676
2016-06-23,4.707934140665903,4.7368883352153395,4.6731889967555125,4.7137250900268555,38200,0.014852406716224589,0.2691687757603386,-1.6101579725174502
2016-06-24,4.516835728685062,4.574743822411266,4.476299925012933,4.5226263999938965,166300,-0.04138559800368739,0.31081678405771784,0.9980840463559627
2016-06-27,4.470508451749923,4.557370720186171,4.412600364834939,4.441554546356201,66500,-0.01808844882000793,0.3172812661263994,-0.6034016128472216
2016-06-28,4.49505536292882,4.588096523394923,4.442719571524371,4.582281589508057,116300,0.031192599513265896,0.3195078869183724,0.4079468416513635
2016-06-29,4.652057973434951,4.6869486522458645,4.621819569988335,4.675318241119385,129500,0.02010019565867981,0.31502674103879613,0.6486191137650381
2016-06-30,4.716025795147108,4.716025795147108,4.617169749506861,4.681135654449463,172800,0.0012435083087326553,0.3148396298072364,1.1507018898457337
2016-07-01,4.721841951721372,4.744521046841302,4.622985608943812,4.663691520690918,115000,-0.003733435342087746,0.31527905926767275,0.3741323386595323
2016-07-05,4.652062238345524,4.652062238345524,4.529945582406192,4.547390937805176,74800,-0.025253658125163597,0.3194827439574391,-0.4674391529350166
2016-07-06,4.541573919724221,4.564834199477439,4.500868291513886,4.55320405960083,90500,0.0012775258294498012,0.31106484068970336,-0.15187495925018382
2016-07-07,4.57064962387085,4.593909904722352,4.489238363606173,4.57064962387085,164700,0.0038241703858867618,0.2684231651447794,1.0908303033474527
2016-07-08,4.617169318944589,4.649152129791218,4.593909042458972,4.646244525909424,101200,0.01640392000738858,0.26926838979250506,0.1673761787115116
2016-07-11,4.6520611525681215,4.675321436148206,4.611355517660748,4.628800868988037,100500,-0.003761421479936626,0.26955365343901405,0.11929206504949826
2016-07-12,4.6753230019434096,4.6927680818287145,4.634617353403457,4.6578779220581055,67800,0.006262119912526233,0.25344078016289745,-0.7567238168156023
2016-07-13,4.663691669141968,4.669506324231872,4.593910539658415,4.634615898132324,125200,-0.005006637177743342,0.254457560429601,0.515853556594258
2016-07-14,4.71021245250995,4.71021245250995,4.640431319837717,4.652061462402344,282600,0.0037571208979198644,0.25413313625574674,2.165792683591789
2016-07-15,4.646246040165507,4.669506324231872,4.61717082372478,4.634615898132324,171000,-0.0037571208979198215,0.2507169367569567,1.0428459580896825
2016-07-18,4.646245315721275,4.686951222417222,4.634615175501469,4.669505596160889,47500,0.007499872307063383,0.25108361644333294,-1.4148437673623737
2016-07-19,4.657876616097814,4.663691825952162,4.5939106941223145,4.5939106941223145,102500,-0.01632153361600375,0.2582887866395345,0.10355580987963625
2016-07-20,4.617169004279586,4.7392853088645275,4.605538866829384,4.692764759063721,61200,0.021290245236656475,0.26776871360017995,-0.9294532061434672
2016-07-21,4.727655934422489,4.727655934422489,4.620077082634285,4.622984409332275,169000,-0.014981437050395938,0.2712067406422471,0.9947220837220334
2016-07-22,4.611354690127038,4.739286226859463,4.611354690127038,4.727656364440918,344500,0.02238912391971864,0.2788072825098714,2.0536591781673095
2016-07-25,4.739287277104131,4.739287277104131,4.51249964128182,4.535759925842285,84400,-0.041436957883408856,0.30966105684760364,-0.6414947198343479
2016-07-26,4.541574098801431,4.541574098801431,4.454347907645273,4.460163116455078,147000,-0.016807300063791435,0.2804301273715696,0.4935901974715712
2016-07-27,4.478850893672354,4.537245242795639,4.449653579887602,4.484690189361572,124400,0.005484077500009423,0.2737834702486412,0.09679707390700086
2016-07-28,4.548922522953783,4.548922522953783,4.426294293425436,4.461330890655518,115800,-0.005222288565066841,0.2503361856831288,-0.05341178397887973
2016-07-29,4.4730090267125275,4.548921780883709,4.419286197367702,4.502206325531006,232600,0.009120443689275419,0.24124862350336027,1.2946916211485942
2016-08-01,4.478851596672057,4.4846908932778105,4.414617663331188,4.4379754066467285,96000,-0.014369288228284408,0.24480580814097141,-0.43117715764583864
2016-08-02,4.461331964420062,4.484689701528581,4.408777195148988,4.443813800811768,64400,0.0013146889370134274,0.24512013611435812,-1.142917628774988
2016-08-03,4.455491373337801,4.490527968809018,4.385418182395367,4.467170238494873,80300,0.005242180003280245,0.23152505964098052,-0.7219520723009764
2016-08-04,4.461331196627055,4.502207368755289,4.443813036033627,4.473010063171387,30400,0.001306422311418688,0.23152842314024122,-2.198908369723641
2016-08-05,4.490531209757329,4.548925577687621,4.484691633741144,4.5372467041015625,31000,0.014258801038243252,0.23693895390357522,-1.8594670943044806
2016-08-08,4.583958933042758,4.618995528842462,4.560601202509622,4.595637798309326,72000,0.01278717360901711,0.2340301635132557,-0.5109825137136778
2016-08-09,4.595640798737236,4.683232763093201,4.595640798737236,4.671553611755371,370000,0.016384146677795544,0.24082243283401242,1.7712401612260003
2016-08-10,4.689070506643844,4.75914372493616,4.672720144731548,4.747465133666992,36700,0.016119123999264646,0.24618714545596604,-1.4080569549565356
2016-08-11,4.759142471393735,4.83505524377168,4.759142471393735,4.823376655578613,60500,0.015863414209792974,0.25044877952132266,-0.6741455367101732
2016-08-12,4.8175351114398195,4.846732405311807,4.747461940282288,4.770819664001465,135200,-0.010956106286377115,0.25423244889874425,0.47810700125973515
2016-08-15,4.8058556325092034,4.934323382358754,4.8058556325092034,4.875929355621338,72400,0.021792595876629635,0.263202778152194,-0.35139844635770534
2016-08-16,4.864255056310598,4.864255056310598,4.794181820364185,4.835057735443115,123900,-0.008417653350989115,0.26509860691776066,0.36066482451514337
2016-08-17,4.858413561284856,5.0335968603853365,4.764982616935893,5.010239124298096,358600,0.03559057337816042,0.2812361164625115,1.6870275239559356
2016-08-18,4.8992888654792885,5.016077518463135,4.8992888654792885,5.016077518463135,381200,0.0011646140916867723,0.27432040583274986,1.5626592475032857
2016-08-19,4.981041934011103,5.062794290716476,4.940166034104602,4.992721080780029,299500,-0.004667189543001599,0.267973297199432,1.1826948931230286
2016-08-22,4.9868797997891825,5.010237528436516,4.9343247711096385,4.9460039138793945,111700,-0.009401107486194849,0.26255671409442405,0.029177352142309012
2016-08-23,4.969361498528582,5.0803105671653785,4.899288314617107,4.951842784881592,129800,0.0011798266546667164,0.20957191219139518,0.19851007595798045
2016-08-24,4.992718074141852,4.992718074141852,4.9168053365359485,4.9693603515625,71200,0.0035313428511076113,0.19526372961370778,-0.5379997876589451
2016-08-25,4.957684197365621,5.03359698068653,4.957684197365621,4.992721080780029,177800,0.004689937980420489,0.19526588078751558,0.6235613531519778
2016-08-26,5.021918390809974,5.0686338641009385,4.9635237707500846,4.992721080780029,106800,0.0,0.19260393291208233,-0.027808146206427353
2016-08-29,5.034921237498868,5.034921237498868,4.935277817323731,4.952861785888672,88200,-0.008015519821011403,0.1974729744540667,-0.2200491625816301
2016-08-30,4.982170072231662,4.982170072231662,4.859081142205386,4.876665115356445,544100,-0.01550393983110656,0.1988762963173516,1.8720977922040443
2016-08-31,4.900110141494181,4.9352786434955975,4.870803708641439,4.929417133331299,141100,0.010759144276703114,0.19966655074318398,0.22070834367691433
2016-09-01,4.9528615355897365,4.9528615355897365,4.8121886762107176,4.947000026702881,158200,0.003560585111514648,0.19971928892505217,0.32056532736309484
2016-09-02,4.976308364260176,5.081813316953202,4.935278908872624,5.0290608406066895,306900,0.016451917426493125,0.20318651461063414,1.039344825718582
2016-09-06,5.093534651406101,5.187317121364575,5.053091579612871,5.181455612182617,116200,0.029852767939544004,0.2182051049559195,-0.30369843147531506
2016-09-07,5.222486845277073,5.257655353416872,5.209005816733681,5.240070819854736,197700,0.011248990471673012,0.21769534262465784,0.38309319109889906
2016-09-08,5.2224872020480095,5.298685175735929,5.216625690460205,5.216625690460205,76000,-0.004484240057729741,0.21745618796998464,-0.9012271879231686
2016-09-09,5.204902624881239,5.222486598628443,5.05250669511362,5.05836820602417,81500,-0.030806831062736587,0.24670786301937245,-0.9353003900547615
2016-09-12,5.046642765769345,5.046642765769345,4.982167853604068,5.005613327026367,72900,-0.01048399423877621,0.24630868970583145,-1.1510054834682364
2016-09-13,4.982169711827217,4.982169711827217,4.876664762584107,4.900110244750977,54700,-0.021302244329577162,0.2554788045552674,-1.4622807854110833
2016-09-14,4.929415251663429,4.970444689182916,4.864940341420784,4.94113826751709,63000,0.008338019391031848,0.24593607908813603,-1.2190130629617941
2016-09-15,4.964587307479377,4.964587307479377,4.9059733040630755,4.923557281494141,128400,-0.003564429241570386,0.24425466383285255,-0.13453890151318104
2016-09-16,4.894249655119959,4.894249655119959,4.771160724901839,4.7946062088012695,108200,-0.02653971435912826,0.22718091406075663,-0.3260916159216579
2016-09-19,4.823914411119764,4.95286489928493,4.823914411119764,4.853221416473389,152200,0.01215111445939024,0.23229727381643905,0.3193191496222194
2016-09-20,4.894248326251758,4.894248326251758,4.759436411195342,4.818050384521484,129800,-0.007273332344517062,0.23290947440077403,0.11787350921262521
2016-09-21,4.847358560266725,4.87666499513454,4.7946060831295965,4.812190055847168,192900,-0.0012170681373930034,0.2312172976786668,0.7936043092395955
2016-09-22,4.864942581813309,5.040783987707171,4.864942581813309,5.011476993560791,235500,0.0405783871830138,0.2730503869415113,1.0731005634446995
2016-09-23,4.993893238515218,4.993893238515218,4.900110741358845,4.911833763122559,80800,-0.020083333483436484,0.2819328099738102,-0.8449511182280578
2016-09-26,4.905972975653171,4.952863951653465,4.905972975653171,4.917695999145508,244300,0.0011927807046236318,0.281372866357639,1.0867571966308898
2016-09-27,4.917695274004415,4.952863221326666,4.864942794036594,4.911833763122559,199400,-0.0011927807046237158,0.28136469367496875,0.6730315029687561
2016-09-28,4.964585112746775,5.116980448086357,4.935278123994592,5.105257987976074,283600,0.03862363941230417,0.311066036525496,1.1624534728263276
2016-09-29,5.12870465999743,5.146288633744633,5.040784232276967,5.05836820602417,263300,-0.00922704431134134,0.307496706678863,1.2300104751071252
2016-09-30,5.111118932062561,5.204900838506676,5.064227978840504,5.175593852996826,456100,0.022910144409350346,0.31478099989387803,1.944693584183398
2016-10-03,5.140427027371046,5.140427027371046,4.900110141494181,4.929417133331299,199400,-0.04873333423810848,0.3609278476500035,0.5085563553022315
2016-10-04,4.952862488096201,4.952862488096201,4.823912062707625,4.8649420738220215,127700,-0.013165943681720318,0.35831516297361876,-0.1847746939326613
2016-10-05,4.929415251663429,4.946999216459758,4.864940341420784,4.94113826751709,82500,0.015540914333157107,0.34570396436994144,-0.9115509793029037
2016-10-06,4.941139326506805,4.976307263636688,4.917693848758789,4.952861785888672,96600,0.0023698249029664685,0.34268685314967956,-0.5788713807947564
2016-10-07,4.952863221326666,4.954621786388112,4.88252676769772,4.911833763122559,82400,-0.008318200826607714,0.3431975770495401,-0.8675446763028869
2016-10-10,4.982167067320754,5.075948946209337,4.972202616917421,5.040781021118164,217100,0.025913687325445234,0.3412549563542181,0.7500512658474594
2016-10-11,4.966056429344658,5.048431979064395,4.913101320029317,4.971940517425537,179900,-0.013750824518740842,0.34268417434538534,0.35543011276307257
2016-10-12,4.966056409530808,4.966056409530808,4.8895655093346635,4.942520618438721,79000,-0.00593476235056059,0.33487506682559387,-1.238432927667538
2016-10-13,4.883683521599522,4.889567612187491,4.842495448621501,4.871915340423584,108600,-0.01438829421951893,0.33734099102921494,-0.7233076783491533
2016-10-14,4.907219563512223,4.913103654388806,4.866032049651722,4.889567852020264,92200,0.003616772265327333,0.33748232305543463,-1.0028204129264504
2016-10-17,4.8248440479417445,4.8719156533938355,4.801308245215698,4.866032123565674,267300,-0.00482507978505092,0.32436147727251396,1.0253897150691207
2016-10-18,4.930754852542605,5.042549761869825,4.901334962360368,5.024898052215576,163100,0.03212631964648287,0.3402360778996317,0.0455993865284054
2016-10-19,5.048433852133819,5.113157161624554,5.024898052215576,5.024898052215576,81700,0.0,0.3387608063176954,-1.2270951609727596
2016-10-20,5.030778462296978,5.030778462296978,4.989590421717183,5.007242679595947,43700,-0.0035197653858604844,0.33913019880666145,-2.028497108439553
2016-10-21,4.989592220530651,4.99547630861153,4.942520638158665,4.971940517425537,105200,-0.00707519017081942,0.3095196095397202,-0.4856097862262817
2016-10-24,5.001360396692409,5.02254277710106,4.966056429344658,4.971940517425537,98400,0.0,0.30111323499325865,-0.6240141814688064
2016-10-25,4.989593796953753,4.989593796953753,4.924870491027832,4.924870491027832,113100,-0.009512232026053218,0.30311519281961835,-0.3264170389538907
2016-10-26,4.918986283544065,4.918986283544065,4.813075472845007,4.836611270904541,274500,-0.018083653171240027,0.30957986903599116,1.183815741779278
2016-10-27,4.879735819187087,4.897458672394004,4.814751085096151,4.826566696166992,253400,-0.0020789389141929724,0.27449925006401554,1.0671668725980716
2016-10-28,4.844288349151611,4.897457458998512,4.826565500335713,4.844288349151611,31900,0.0036649650393806165,0.2742536351760504,-2.1389211668998853
2016-10-31,4.850198334404263,4.915182518219376,4.808844814103689,4.838382720947266,110200,-0.0012198346703894748,0.25888002984411557,-0.09299578027445059
2016-11-01,4.879735664539961,4.879735664539961,4.761582374572754,4.761582374572754,83800,-0.01600047169074702,0.20572791385717337,-0.516325920656379
2016-11-02,4.785213032566196,4.785213032566196,4.73204391123112,4.761582374572754,78400,0.0,0.2014526056102855,-0.59044416315365
2016-11-03,4.785212824238272,4.802935676111943,4.691280638849138,4.755674362182617,55700,-0.0012415369916861049,0.19224451219329583,-1.1386810229882056
2016-11-04,4.732043832236391,4.732043832236391,4.6788747117888985,4.690690040588379,94100,-0.013758805816398436,0.19589769329536139,-0.21965109205224384
2016-11-07,4.755675927101417,4.82066011428833,4.678876125844435,4.82066011428833,73800,0.02733117003210915,0.22018231085728698,-0.631813683740504
2016-11-08,4.797030079070878,4.897460558248189,4.797030079070878,4.850199222564697,103800,0.0061089090660936965,0.19952117952260573,0.023209430063063904
2016-11-09,4.820658722646666,4.844289380565548,4.761582359549122,4.797028064727783,46800,-0.011023207945577982,0.19768397730253906,-1.2830728625870733
2016-11-10,4.779306233549639,4.779306233549639,4.513460852597472,4.525276184082031,124700,-0.058317962532077765,0.278549697158416,0.4247853674601683
2016-11-11,4.513460183596449,4.513460183596449,4.312599578131212,4.359860897064209,110800,-0.03723845793665284,0.2995367187901283,0.21262796085982874
2016-11-14,4.395307629722579,4.430753624917955,4.306692500884274,4.34804630279541,48800,-0.0027135340896810504,0.2979640992404673,-1.150834589679312
2016-11-15,4.3598620194062425,4.466200014379655,4.3598620194062425,4.395308017730713,82600,0.010810993932400393,0.30334404343460225,-0.1652033260559455
2016-11-16,4.377583491837462,4.418937284307195,4.348045310101651,4.371675968170166,52800,-0.005391160024141169,0.2719454561960724,-0.914472778830876
2016-11-17,4.377584491275027,4.430753624917955,4.330323164347858,4.34804630279541,52300,-0.0054198339082591595,0.27092640222983017,-0.8742998185982782
2016-11-18,4.348046347452623,4.401215199941902,4.324415683746338,4.324415683746338,97700,-0.0054495891864621065,0.2707063590316577,0.22522669885701038
2016-11-21,4.383492788671377,4.4307541208888965,4.348046789508237,4.353954315185547,163700,0.0068074409167127575,0.274885127388753,1.144894173338341
2016-11-22,4.359861735119916,4.3953077311331175,4.294877268245843,4.306692600250244,248400,-0.010914238751338342,0.2743227297420044,1.699202218537385
2016-11-23,4.300784975868242,4.359861634527203,4.241708035509553,4.34804630279541,68300,0.009556387021087796,0.2798789396072908,-0.48622106603982584
2016-11-25,4.371676792108804,4.371676792108804,4.312600135803223,4.312600135803223,65100,-0.00818561643493614,0.27654452365760923,-0.4979945987392877
2016-11-28,4.290642279512934,4.373725176426431,4.290642279512934,4.320314884185791,101900,0.0017872874732044128,0.2774630082247088,0.49294448251808
2016-11-29,4.367791640207858,4.396277153582863,4.284708444814033,4.338119029998779,240800,0.004112561482397875,0.2776490230428818,2.1044226953814054
2016-11-30,4.379659813774575,4.581432563570077,4.379659813774575,4.498349666595459,332300,0.036269737813969485,0.31267710163348256,2.289808275904281
2016-12-01,4.516153681937235,4.57549861355042,4.456808750324049,4.563629627227783,89000,0.014407689038886192,0.3150570130329944,-0.10465684324980447
2016-12-02,4.563626691258833,4.61110260600617,4.4568058830773225,4.599233627319336,109000,0.007771409065844586,0.3168306240871083,0.23515568736042203
2016-12-05,4.617038984843928,4.801008365629817,4.591520515367649,4.783205032348633,167000,0.039221143813675995,0.34705451964385026,0.9188725499781478
2016-12-06,4.759468120192779,4.884092046722577,4.759468120192779,4.812878131866455,309200,0.006184438710306449,0.3437538847010484,1.7727840977241829
2016-12-07,4.830682181212165,4.872223491312357,4.7713369673908295,4.795074939727783,279500,-0.0037059324461023425,0.3306167779518062,1.4302104282483028
2016-12-08,4.801009509614089,4.878158060159185,4.765402268609469,4.818812847137451,55200,0.004938263515483865,0.3303576982363316,-1.0702789905908228
2016-12-09,4.79507452576861,4.8484851004052905,4.723860614905652,4.771336555480957,119200,-0.00990113449001879,0.3299217543881527,0.051877012443942
2016-12-12,4.777271270751953,4.806943875605392,4.753533300060775,4.777271270751953,73500,0.0012430536771814013,0.2535167360636908,-0.6824792781869367
2016-12-13,4.789140568825533,4.860354489757155,4.735730269616301,4.836616516113281,53700,0.01234588970945286,0.2098075207259906,-1.0936961780853776
2016-12-14,4.81881289611799,4.866288840634786,4.754126737777538,4.765402317047119,104000,-0.014833444107281326,0.21936264675613937,-0.13049936951052418
2016-12-15,4.759467934223036,4.78913997311861,4.717926061045077,4.777271270751953,222400,0.0024875543978283544,0.2181723596983686,1.0009526034824643
2016-12-16,4.783206220709344,4.836616233822313,4.741664344788721,4.765402317047119,49200,-0.0024875543978282594,0.21683062105051873,-1.3722235264673852
2016-12-19,4.759468493736442,4.771930887367525,4.706057628934021,4.711992263793945,72900,-0.011271160702797194,0.22097750622441817,-0.8008519295357523
2016-12-20,4.717926372530323,4.812878261563915,4.717926372530323,4.765402317047119,58400,0.011271160702797113,0.21972005972573846,-1.0873405426018605
2016-12-21,4.771335469829926,4.818811399602743,4.593300450202999,4.628907680511475,146300,-0.029061047112913463,0.24847926408781582,0.3635124565926885
2016-12-22,4.617039587407198,4.706056831388391,4.605170602677777,4.652646541595459,109300,0.005115288297374067,0.24338989671373035,-0.035584556770675645
2016-12-23,4.652647937521316,4.768370502608475,4.622975325305684,4.664516925811768,76100,0.002548069630926123,0.24246668982236572,-0.6412315089087981
2016-12-27,4.628907455225753,4.747597273881245,4.628907455225753,4.7238593101501465,52800,0.012641839902284742,0.2407141637522125,-1.2055447594164472
2016-12-28,4.743525158795265,4.76736194579167,4.677973852476693,4.761402606964111,85500,0.00791617420764975,0.24083232782312097,-0.40989706701660716
2016-12-29,4.7673622430420135,4.826954498405585,4.7673622430420135,4.815035820007324,48300,0.011201194309653434,0.24189026215797904,-1.2117894516335077
2016-12-30,4.83887396914227,4.83887396914227,4.725649049933256,4.7316083908081055,31000,-0.017478299433067432,0.2253415747317041,-1.7746734707108662
2017-01-03,4.77928198187797,4.886547269693247,4.77928198187797,4.862710475921631,57700,0.02733080850114715,0.23809865060617041,-0.7095586833625469
2017-01-04,4.862711214281026,4.969977086697662,4.85675187285475,4.946140289306641,211100,0.017011539347243285,0.242530944928853,1.287727587012623
2017-01-05,4.952098613294791,5.035527102865448,4.952098613294791,5.0176496505737305,150600,0.014354094076689156,0.2093650376178659,0.7756656646949989
2017-01-06,5.029569452341463,5.029569452341463,4.934818411881294,4.9521002769470215,35400,-0.013149842003653859,0.2154448388616282,-1.3989072033295105
2017-01-09,4.958057329803771,4.969976010074432,4.826955256710236,4.898465633392334,35000,-0.010889764927761314,0.21898057432862555,-1.3438933892082856
2017-01-10,4.928262740068751,4.952099537008634,4.850793007935617,4.868670463562012,137600,-0.006101125643885031,0.2198265694532664,0.977259076207171
2017-01-11,4.8627106578838015,4.880588111802989,4.7912002738930415,4.838873863220215,171000,-0.006138873625368368,0.21796419029430794,1.283541557594294
2017-01-12,4.83291426650468,4.9878537077687675,4.83291426650468,4.964016914367676,54400,0.025533253975801057,0.23439229701922673,-0.6106845667246291
2017-01-13,4.9759370675463845,4.9759370675463845,4.898467323991957,4.904426097869873,36300,-0.012077192063916971,0.23584527982022507,-1.216118249478312
2017-01-17,4.880584734230538,4.951499476059246,4.880584734230538,4.940176963806152,88600,0.007263070511537198,0.229898146143714,0.23874120658088335
2017-01-18,4.969975706947851,4.969975706947851,4.856750524538177,4.87462854385376,64700,-0.0133572477768647,0.23570629566490264,-0.19162141277015268
2017-01-19,4.916342785628944,4.916342785628944,4.8507917530802365,4.87462854385376,42900,0.0,0.23540508771637927,-0.897400103820807
2017-01-20,4.886546655083561,4.886546655083561,4.79715883176133,4.87462854385376,100500,0.0,0.2311539055260805,0.560813670847197
2017-01-23,4.898465454735758,4.92230224609375,4.8388731921838115,4.92230224609375,168900,0.009732451839956979,0.230404320394687,1.3151483599687157
2017-01-24,4.928262233734131,4.934221006121341,4.880588076438389,4.928262233734131,99900,0.0012100805755549675,0.20183359074007057,0.48508128683498536
2017-01-25,4.969977086697662,4.969977086697662,4.916344150489343,4.946140289306641,318500,0.0036210950619110015,0.20170111951045713,2.1024417806366023
2017-01-26,4.958057385182722,5.0176496505737305,4.9163431403973945,5.0176496505737305,351600,0.014354094076689156,0.2055416765107568,1.9227851297053078
2017-01-27,5.049357961480159,5.049357961480159,4.965601199884254,5.0014967918396,164800,-0.0032244009650432615,0.203968394191614,0.8172162279690557
2017-01-30,4.977563628633824,5.031407559225752,4.941668055272439,5.019442558288574,318300,0.003581657368910955,0.20312788786252872,1.517871200222928
2017-01-31,5.007478656686881,5.025426449352771,4.8997907595914505,4.977565288543701,251300,-0.008378009767921161,0.20389812705246724,1.1057514068216603
2017-02-01,5.001494973647255,5.0134605469826266,4.965599394741022,5.007477760314941,106000,0.005991473668640524,0.1921252497423088,-0.04460657645988922
2017-02-02,5.007476380794889,5.073285304359775,4.995511381305721,5.0613203048706055,84400,0.010695031806560704,0.17293547515863078,-0.37655634511836983
2017-02-03,5.085254717480962,5.139098682248206,5.079271927940109,5.11516809463501,141300,0.010582882860423545,0.16719904859975224,0.3488391465222725
2017-02-06,5.11516809463501,5.1331158927073535,5.079271927940109,5.11516809463501,42600,0.0,0.16066921830950925,-1.1717809774198207
2017-02-07,5.109181585391461,5.139094940767307,5.073285444830486,5.121147155761719,95000,0.0011682058749506853,0.1523131461880461,-0.18072736923203592
2017-02-08,5.109182062241887,5.109182062241887,4.9955119858643675,5.019442558288574,90500,-0.020059584442654314,0.1646028037383883,-0.3336979076911904
2017-02-09,5.037389735342486,5.073285304359775,5.025424165303534,5.0613203048706055,22300,0.008308495707280122,0.16415972110200858,-2.0394064969836747
2017-02-10,5.067303089890082,5.079268089379251,5.037389735342486,5.0613203048706055,125100,0.0,0.16175626154793066,0.2712811260765418
2017-02-13,5.055340444918377,5.055340444918377,4.983548694794639,5.013462066650391,115100,-0.009500671367287614,0.14227078119161385,0.11394542813166914
2017-02-14,4.977566626415478,4.995514994455579,4.768173848957633,4.792104721069336,590600,-0.045156993826148746,0.2093642201728604,2.033347314308863
2017-02-15,4.798087442206071,4.833983036675587,4.702364810945351,4.77415657043457,928200,-0.003752390018973992,0.20728496317271927,2.156162102909199
2017-02-16,4.845947923591289,4.887826301345623,4.8130431578985355,4.851930141448975,299200,0.016159269223447695,0.2114171248963269,0.807875162802715
2017-02-17,4.8459465838040305,4.863894373515171,4.738258704437291,4.857911586761475,195000,0.001232037809995068,0.21147651423199884,0.26018422459768503
2017-02-21,4.839964867903771,4.857912661585903,4.696381092071533,4.696381092071533,303200,-0.0338163991819371,0.24146531837553012,0.7134714737602931
2017-02-22,4.702365833167175,4.726296424865723,4.666469945619353,4.726296424865723,402700,0.006349667226022387,0.239712217516364,0.9721011666807534
2017-02-23,4.78013707550663,4.798085435786092,4.744241210772628,4.768171787261963,1031900,0.008821059377085803,0.24240520255788028,1.7713610946695915
2017-02-24,4.787997370898678,4.806020072212367,4.67385464626942,4.679862022399902,242900,-0.018694331219880993,0.24862699641818733,0.2630502941784642
2017-02-27,4.727924650251877,4.769977451005658,4.685872135959366,4.745947360992432,371000,0.014022439613987229,0.24834393913724828,0.7075879432203663
2017-02-28,4.73393111602592,4.7399384937758375,4.655833200048611,4.697885990142822,129500,-0.010178448516610287,0.24971084284621972,-0.3915772139894007
2017-03-01,4.727922519876353,4.727922519876353,4.649824619293213,4.649824619293213,101800,-0.010283115592175924,0.24973776965846442,-0.5873673965253015
2017-03-02,4.655829669549287,4.655829669549287,4.463588857487106,4.487618923187256,425200,-0.0355072481549029,0.27283413557609476,0.8757704466116679
2017-03-03,4.499637339729653,4.598761793359816,4.499637339729653,4.595757961273193,69700,0.02381144123935727,0.28836679285421085,-0.9587864263183531
2017-03-06,4.643816337010857,4.643816337010857,4.5537034144103785,4.619786262512207,139100,0.005214744806548115,0.285437470951672,-0.28346074240065766
2017-03-07,4.601762663048508,4.601762663048508,4.511650044540123,4.541687488555908,49500,-0.01704980399110936,0.28326890356059803,-1.2461472265061986
2017-03-08,4.5416899297964735,4.553704971153296,4.45758464029872,4.51165246963501,6386100,-0.0066351488513629545,0.28252925251360017,2.7379667097010603
2017-03-09,4.517659361507048,4.54769710490112,4.50564432144165,4.50564432144165,97100,-0.0013325831946442302,0.2818642341219308,-0.6711095632666114
2017-03-10,4.523666200647283,4.541688614231475,4.517658538478486,4.5296735763549805,76400,0.005318974237997476,0.2797266456665497,-0.8551673586625634
2017-03-13,4.553701379578585,4.607769166270776,4.541686347698205,4.589746475219727,80000,0.0131749096912269,0.28310711220493073,-0.9354722226050711
2017-03-14,4.565720139217718,4.59575788667397,4.52967501414693,4.535682678222656,69300,-0.011849180711794239,0.2836261928985269,-1.0158550088947482
2017-03-15,4.57172717641343,4.649824793460716,4.553704473118733,4.637809753417969,65300,0.022266611214571328,0.2985433333295596,-1.0236678310286331
2017-03-16,4.685871064953751,4.7399386118951625,4.643818273811584,4.715908527374268,106900,0.01669936736309757,0.2653940159909745,-0.5467496427111116
2017-03-17,4.757960049974895,4.775982465329926,4.685869815632518,4.703892230987549,174700,-0.002551286001235473,0.26525614149723914,-0.06510916615757488
2017-03-20,4.703892715802623,4.76997558065798,4.643817514325551,4.709900379180908,70700,0.0012764566329296295,0.2582508723923744,-0.7977967568818456
2017-03-21,4.751952430693616,4.769975132674672,4.631802039023676,4.667847156524658,224500,-0.008968785817582777,0.2593488160654016,0.2099703453281455
2017-03-22,4.631801835201391,4.7399371829458445,4.631801835201391,4.721914768218994,93600,0.011516417497918843,0.2355043112465428,-0.5074431268337712
2017-03-23,4.7399380048360324,4.82404328988753,4.481614486090137,4.691877841949463,642100,-0.006381493505811682,0.23548454917698702,1.1375532916015172
2017-03-24,4.727922830972375,4.824043154038691,4.715907790589085,4.806020736694336,93000,0.024036556994020627,0.2484890843298841,-0.45081369752388634
2017-03-27,4.72792352459777,4.800013777473742,4.72792352459777,4.757961273193359,97400,-0.010050179512164826,0.24184547176445942,-0.36926275166244465
2017-03-28,4.7159096052452645,4.787999875284942,4.682267593811256,4.745947360992432,112300,-0.002528205828273227,0.2371847391437376,-0.19049701375268344
2017-03-29,4.775982442677358,4.890125742869761,4.760963858773108,4.88411808013916,268000,0.028697666173125913,0.2538133664710256,0.5826116737986218
2017-03-30,4.908147802829142,4.9201625544983205,4.848072325716618,4.902140140533447,115600,0.003683140248523932,0.2499824337920471,-0.199938739401708
2017-03-31,4.920164475598676,4.920164475598676,4.848074218669008,4.908149719238281,111400,0.001225158388271885,0.20853225258775673,-0.1798550020600319
2017-04-03,4.974231206846554,4.974231206846554,4.875107053966503,4.878110885620117,94400,-0.006139000210859323,0.19874028422294374,-0.35333754348505153
2017-04-04,4.8841203572884835,4.980240714103789,4.866097933616243,4.968225955963135,250400,0.01830479456129671,0.20576077069818025,0.5486138198477628
2017-04-05,5.0102744498185325,5.0102744498185325,4.9141541701066656,4.926168918609619,191700,-0.008501235533528925,0.19696591240722297,0.239835401193727
2017-04-06,4.934616721532569,4.964778954058004,4.904453913699425,4.946681499481201,133800,0.004155357271466613,0.19322607007704512,0.12601261472216096
2017-04-07,4.946682242509622,4.9949425121686195,4.946682242509622,4.952714920043945,41900,0.0012189473083225207,0.19247571796740717,-1.7211249844117313
2017-04-10,4.934616781674683,5.000974499470187,4.910486650175617,4.988909721374512,114300,0.007281498257534822,0.19270022217032326,-0.10916856514129548
2017-04-11,4.982879626124133,5.02510723429718,4.964781586643101,5.013042449951172,66100,0.004825613039117622,0.19017202394055396,-0.9911872134444624
2017-04-12,4.976846946297122,5.069144761479934,4.976846946297122,5.013042449951172,179500,0.0,0.1818177704757032,0.5810072392605606
2017-04-13,5.0070054432493585,5.0070054432493585,4.904452276045006,4.922549724578857,58200,-0.01821637325004399,0.18673414977233344,-1.2681132069362129
2017-04-17,4.946680990249264,5.061299533154358,4.946680990249264,5.055266857147217,91500,0.026604008841478653,0.19876313156504222,-0.5095653596743951
2017-04-18,5.055269453550125,5.06130213265567,5.025106633330343,5.04923677444458,62800,-0.0011935437183926445,0.19831387658041694,-1.024481185927966
2017-04-19,5.049236631314334,5.055269310248872,4.982878888958206,5.007009029388428,77500,-0.008398361392885394,0.20239300310120875,-0.6983142996121292
2017-04-20,5.031137307670949,5.031137307670949,4.976844367971121,4.988909721374512,48600,-0.0036213435192741163,0.19926098310027432,-1.3077607084378484
2017-04-21,4.994940567053071,4.994940567053071,4.880322615074097,4.892387390136719,136400,-0.01953698999129618,0.21152628563775655,0.2956644514964256
2017-04-24,4.9165191104626365,4.976844731267772,4.9165191104626365,4.964779376983643,255800,0.014688457668399033,0.2139757638702608,1.622490626909804
2017-04-25,4.988909660570686,4.988909660570686,4.922551368276228,4.946681499481201,131900,-0.0036519132429599405,0.20023092418083271,0.34069771221124356
2017-04-26,4.952715673501008,4.952715673501008,4.862227797951408,4.898422718048096,135500,-0.009803688592442553,0.2000554720855116,0.3610950895638325
2017-04-27,4.852382822265065,4.864498333791156,4.79180353145381,4.797861576080322,152800,-0.020742945357848916,0.2140091479252846,0.5550738093425487
2017-04-28,4.834207534790039,4.840265288745536,4.7615127541437845,4.834207534790039,63700,0.007546900006699475,0.19012749250081287,-0.9949480642151692
2017-05-01,4.852381999017022,4.925076789021077,4.852381999017022,4.919018745422363,57500,0.017391854955244437,0.19961201642067633,-1.094763514033238
2017-05-02,4.906902928155955,4.906902928155955,4.816034013055704,4.822092056274414,259200,-0.019901198158355927,0.21127166383979035,1.568542051267265
2017-05-03,4.809975941241287,4.8523813743832935,4.797860144466911,4.834207534790039,130400,0.0025093432031114697,0.21066299486927656,0.3264007872228372
2017-05-04,4.82815029378387,4.82815029378387,4.700934550957848,4.7191081047058105,308500,-0.024097392795752934,0.2143243031207295,1.7754630420930422
2017-05-05,4.737281033120392,4.882670879364014,4.737281033120392,4.882670879364014,95400,0.03407256061521596,0.24737170503327358,-0.18305808302013557
2017-05-08,4.8947869967639805,4.8947869967639805,4.8523818483434,4.870555400848389,65000,-0.002484405549345782,0.24689238088231916,-0.7865804738859481
2017-05-09,4.888727016163714,4.888727016163714,4.816032257222708,4.840263843536377,85200,-0.006238743570462758,0.24749824004371526,-0.4003765789790706
2017-05-10,4.8644954783279735,4.882669601539283,4.803916511940092,4.858438014984131,179200,0.0037477577897041736,0.246291326489036,0.9130044482414102
2017-05-11,4.864497508487614,4.955366429287809,4.858440042615736,4.919018745422363,92000,0.012392078465885612,0.25001434953760104,-0.32606113036839157
2017-05-12,4.937191670851883,5.046234130859375,4.894786526505308,5.046234130859375,139000,0.025533179815088014,0.2662904928685189,0.46333930012144825
2017-05-15,5.088638958350961,5.18556590439268,5.063195873327285,5.167391777038574,67500,0.02372582091196912,0.2691367326101353,-0.9142779246290521
2017-05-16,5.197682238584693,5.197682238584693,5.094697811432225,5.179508686065674,221700,0.0023421341703908213,0.254255423253153,1.2164049374649533
2017-05-17,5.197680107739375,5.197680107739375,5.022000964805585,5.028059005737305,81600,-0.029676177434942528,0.27580333779359817,-0.6471928305702309
2017-05-18,5.028059626226073,5.028059626226073,4.919017186905045,4.931133270263672,74000,-0.019465192185745123,0.28253058276999676,-0.8228439682955757
2017-05-19,4.985654686809166,5.143160328582743,4.89478635840804,5.112870693206787,158100,0.03619219206665497,0.309743736414468,0.5182176739285558
2017-05-22,5.149217110783383,5.149217110783383,5.052290763487245,5.076522350311279,169000,-0.007134575518729357,0.3021847665621573,0.624751476289024
2017-05-23,5.118930334686551,5.118930334686551,5.052293578227354,5.0886406898498535,163800,0.002384289407182842,0.2985355507519515,0.6341481341399672
2017-05-24,5.106811046600342,5.124984588971185,5.064405344099711,5.106811046600342,105000,0.003564408220068763,0.29811220198104665,-0.2610264247980472
2017-05-25,5.149218578125605,5.161334663853571,5.0159445237518,5.03411865234375,63300,-0.014336681450831907,0.30068363128830017,-1.1858202537635676
2017-05-26,5.085214218057467,5.115628295960859,5.0517592544539935,5.091297149658203,83100,0.011294174230656814,0.2914277800760802,-0.5866614610139501
2017-05-30,5.1277941322529195,5.1277941322529195,5.0365518990215605,5.060883045196533,132400,-0.005991657923054402,0.29243681296083957,0.278314087315353
2017-05-31,5.1156258170104385,5.12779167431653,5.038374479436774,5.085211753845215,465100,0.004795688539832374,0.2873940038363785,2.3605897153733912
2017-06-01,5.0730482790211795,5.18253871327638,5.0730482790211795,5.133875846862793,53200,0.009524228146821606,0.2775880889060372,-1.443916661610901
2017-06-02,5.115627272857263,5.194703627551034,5.115627272857263,5.170372486114502,86100,0.007083833908329902,0.27794172378042364,-0.5358557319086181
2017-06-05,5.133875846862793,5.176455782462155,5.11562763452033,5.133875846862793,74800,-0.00708383390833003,0.26271856432746077,-0.7183565947103486
2017-06-06,5.109544422665958,5.17827991280545,5.109544422665958,5.176455497741699,64800,0.008259655587695097,0.2397132214909062,-0.9388402277658756
2017-06-07,5.146039131089786,5.182536117595353,5.091293941381397,5.127790927886963,100200,-0.009445607114399528,0.24283291564781678,-0.15847044936058077
2017-06-08,5.139956993015478,5.15820519902192,5.042632454181104,5.115625858306885,107600,-0.0023751987355717253,0.24145583933806455,-0.0425784157601621
2017-06-09,5.127792788272222,5.158206277944432,5.097378718499882,5.152123928070068,61400,0.007109293515397344,0.24193139935744187,-1.0287387532243808
2017-06-12,5.146039131089786,5.146039131089786,5.1095421445842195,5.127790927886963,64100,-0.004734094779825597,0.24064186707119,-0.8943050462920512
2017-06-13,5.139958777677018,5.139958777677018,5.103462352992092,5.133875846862793,42100,0.0011859515267045664,0.22487883150801596,-1.5000540907143638
2017-06-14,5.139957904815674,5.164289043840478,5.1217096955720995,5.139957904815674,61800,0.0011839900879046174,0.20894093828712773,-0.7985006415022531
2017-06-15,5.115627321172075,5.158206674063106,5.097379109947371,5.146041393280029,47000,0.0011828678959377368,0.20879802521193871,-1.1825666263604422
2017-06-16,5.1521253054649865,5.170373520166907,4.987889632846842,5.091297149658203,159400,-0.010695116747441957,0.1840457702934636,0.9673461888021793
2017-06-19,5.085211753845215,5.121708745663484,4.951390804078239,5.085211753845215,56900,-0.0011959693832220874,0.16924107214595516,-0.8355495977761319
2017-06-20,5.066965869580151,5.066965869580151,4.872316704297926,4.890564918518066,131400,-0.039028849400664416,0.17525246250835588,0.660078239687678
2017-06-21,4.91489465946674,4.9209775891683325,4.805404535288539,4.823652744293213,244000,-0.013776350253576,0.17911621704706984,1.6563487092789337
2017-06-22,4.82973668411445,4.890564543602014,4.817571112216937,4.841902256011963,233100,0.003776199794878376,0.17965200643094992,1.494117963129685
2017-06-23,4.866233374262852,4.89664744887204,4.781074371427284,4.854067802429199,179300,0.002509403953991169,0.17924985842034172,0.9951264805217732
2017-06-26,4.87231622411447,4.92097851063919,4.8114880759084615,4.847984790802002,64700,-0.0012539640175794758,0.17393873793325618,-0.6392365392322237
2017-06-27,4.866232382054206,4.9453087278745995,4.817570104641672,4.823652744293213,63100,-0.005031639731289958,0.16753636012968268,-0.6519425940196486
2017-06-28,4.854066264112773,4.980588113076327,4.835817767120423,4.914894104003906,110600,0.01873873607478174,0.18241729111097774,0.2538483562524702
2017-06-29,4.972315232120645,5.057833790876917,4.935664005116894,5.04561710357666,267100,0.02624975826713587,0.2052942264273564,1.8904001770659937
2017-06-30,5.057834148406982,5.082268107286184,5.027291554170097,5.057834148406982,163400,0.002418391593135211,0.20243395355287686,0.9271858796974793
2017-07-03,5.033399800125954,5.063942391999954,4.923447284951632,5.002857208251953,63100,-0.010929166881161986,0.20331014815920448,-0.7262151549662544
2017-07-05,5.0211852887338155,5.088378553932237,4.996751321156959,5.076161861419678,190700,0.014546246062386796,0.20962580145968487,1.1024618528235415
2017-07-06,5.100594651307629,5.1555706287482135,5.051726727437152,5.1433539390563965,117500,0.013149947060082648,0.21287128026564742,0.23205061050802356
2017-07-07,5.143354162566352,5.143354162566352,5.027292401416676,5.094486236572266,61800,-0.009546559192638339,0.21292617655047952,-0.8224354018069828
2017-07-10,5.106702704877736,5.167787900991635,5.0395094551937305,5.1433539390563965,128300,0.009546559192638339,0.21545936939757424,0.40024878269582476
2017-07-11,5.161680456662807,5.173897731727104,5.070053223887529,5.076161861419678,196100,-0.013149947060082618,0.218746132994076,1.0145067311368339
2017-07-12,5.14335337161027,5.210546613881107,5.14335337161027,5.198329925537109,136500,0.023781968899628542,0.23391066188968557,0.3534133893950267
2017-07-13,5.222764621459861,5.265523910522461,5.204439295083264,5.265523910522461,78900,0.012843242970836456,0.23770186354023523,-0.6726941663578626
2017-07-14,5.296064718430198,5.34493262727546,5.25941349552054,5.271630764007568,73400,0.0011591087646456906,0.23770190780313466,-0.8314627582722773
2017-07-17,5.283849236899058,5.302175145827277,5.25330722045527,5.265523910522461,84200,-0.001159108764645651,0.2378430006173656,-0.6721075167409809
2017-07-18,5.271632546831867,5.302175145827277,5.25330722045527,5.265523910522461,35700,0.0,0.23401885271868916,-1.9939113887825388
2017-07-19,5.3021739654548705,5.34493324499838,5.271631373258867,5.296065330505371,124600,0.005783505572385381,0.234216172273562,0.15492291935750793
2017-07-20,5.344932489518464,5.344932489518464,5.19222013267508,5.247196674346924,51900,-0.009270187177687463,0.18645342503507872,-1.3088316782872824
2017-07-21,5.265522731794585,5.30217395889474,5.231925822165399,5.277740001678467,105500,0.005804008900614275,0.17582418991471116,0.004185123162479543
2017-07-24,5.277739262225882,5.308281267553431,5.234979406174776,5.247196674346924,22200,-0.005804008900614336,0.1792711161835992,-2.3794803240093203
2017-07-25,5.283846760488323,5.308280711722726,5.259412809253919,5.302172660827637,36100,0.010422705361047665,0.18062847301690987,-1.4166858019381479
2017-07-26,5.320501327514648,5.326609964806065,5.259416119703921,5.320501327514648,56400,0.0034508608465143313,0.17956914227589227,-0.6850146906302748
2017-07-27,5.335214677933589,5.365876948894105,5.316817549290949,5.347479820251465,32500,0.005057854879291249,0.1762421335855292,-1.4394238117873854
2017-07-28,5.353612453734507,5.414937003068606,5.347480466668494,5.359745025634766,28500,0.002291015818681784,0.16904298987982735,-1.45881845780914
2017-07-31,5.378144708601106,5.451733843819564,5.347482422718133,5.427204132080078,48400,0.012507704433123512,0.15225049123959963,-0.6282386506642536
2017-08-01,5.433336980660668,5.476264421619504,5.4149398401551965,5.463999271392822,28300,0.006756880381538803,0.15261366875343693,-1.3254515034680001
2017-08-02,5.482395677356262,5.519190538271911,5.445601401275089,5.488528251647949,267800,0.004479152636417552,0.14306652383335947,1.849076199848967
2017-08-03,5.494661139027829,5.506925703475569,5.463998850656718,5.476263999938965,65900,-0.0022370249325405715,0.13986416704299973,-0.045305508526062854
2017-08-04,5.506925618567571,5.506925618567571,5.408806765160456,5.457866191864014,79900,-0.0033652106047033607,0.13735275581764853,0.2700504393965417
2017-08-07,5.463999503644365,5.463999503644365,5.433337211608887,5.433337211608887,15100,-0.004504373083406984,0.1326601980847018,-1.9111580236402426
2017-08-08,5.439467932527485,5.445600505810743,5.384275942646918,5.390408515930176,61900,-0.007932359435797306,0.13568558567580769,0.037086604337119994
2017-08-09,5.378143983506174,5.396541118621826,5.335216555123813,5.396541118621826,46000,0.0011370412507951436,0.12377903316083709,-0.2986876453583971
2017-08-10,5.39654038273137,5.39654038273137,5.365878105163575,5.365878105163574,49200,-0.005698179152418951,0.10123092731797126,-0.13266742760810984
2017-08-11,5.267761796807929,5.439469814300537,5.010199478151728,5.439469814300537,35600,0.013621559911761104,0.10235840816868405,-0.5781963330714605
2017-08-14,5.46400081236196,5.46400081236196,5.292292754604801,5.3045573234558105,282800,-0.025115272081951336,0.13790804505200419,2.2169442755718984
2017-08-15,5.3229525242947195,5.341349661245504,5.2554953807511104,5.298422813415527,77900,-0.00115712953256104,0.13790778199953313,0.47759248387732367
2017-08-16,5.329082750967717,5.378142741335543,5.297807570011189,5.359745025634766,113900,0.011507210209743038,0.14325340891084154,0.9064447798347312
2017-08-17,5.335217192976623,5.41493890112143,5.322952629711358,5.353614330291748,67400,-0.0011444955421619552,0.14225061196347247,0.24913955015490047
2017-08-18,5.359746263556142,5.421070827054155,5.335216555123813,5.396541118621826,34300,0.007986306187589148,0.13983419955154974,-0.6465621019648302
2017-08-21,5.4026748671082565,5.433336570692302,5.372012578689703,5.421072006225586,48700,0.004535368268354914,0.13939185129784193,-0.12154980220079217
2017-08-22,5.463998766410582,5.4823959052157925,5.421071914253594,5.457866191864014,97400,0.006764323000053934,0.13814215654341622,0.7627013561137944
2017-08-23,5.476264681894814,5.482396672465044,5.40267553154084,5.439469814300537,157000,-0.0033763105090669158,0.1356307055557159,1.297056728941681
2017-08-24,5.482395288788687,5.4946604365027625,5.418005017793089,5.451733589172363,139400,0.002252052339990012,0.1354454152431044,1.0433737108006702
2017-08-25,5.47626380464571,5.666368933065003,5.470131230223285,5.660236358642578,124000,0.037532002968947466,0.18490502855371535,0.8053522148179836
2017-08-28,5.684766792637674,5.684766792637674,5.4701313613823,5.519190788269043,132000,-0.02523439760603613,0.20873421160535516,0.8071133499145339
2017-08-29,5.515498024229049,5.564743495128676,5.490875288779236,5.509342193603516,60300,-0.001786021277661292,0.2049859057971428,-0.281860097928218
2017-08-30,5.546276888728227,5.570899625502895,5.484719753265381,5.484719753265381,73200,-0.004479232812196859,0.20450806406740424,-0.08085333485947117
2017-08-31,5.515496779610267,5.564742239397237,5.447784419166231,5.533963680267334,81800,0.008938319202032098,0.2062649546735432,0.1769756049952604
2017-09-01,5.558586768156524,5.632454962594392,5.515497134830824,5.620143890380859,136800,0.01545294852164319,0.21243401083679364,0.9167569031219541
2017-09-05,5.607834092890768,5.663235403875211,5.52165479762823,5.601678848266602,147500,-0.0032909197033734808,0.21241389566141466,0.9640393987146015
2017-09-06,5.6201423677658635,5.774034544581845,5.6201423677658635,5.6693878173828125,138900,0.012014796049982466,0.21448449554845977,0.8508624196945297
2017-09-07,5.644768565385355,5.681702381794695,5.5770561772666145,5.583211421966553,83900,-0.015317008702146757,0.220252162297774,-0.0858743979156576
2017-09-08,5.583211421966553,5.644768565385355,5.570900345514249,5.583211421966553,210600,0.0,0.2203222639757324,1.4317056212831911
2017-09-11,5.601677389082223,5.613988462176057,5.533964432383195,5.546276092529297,81300,-0.006637406257633177,0.22073894173105027,-0.3237846887986914
2017-09-12,5.577054517285331,5.589365590073308,5.5401201248168945,5.5401201248168945,151500,-0.001110544531225484,0.21646634529341255,0.7616510975723237
2017-09-13,5.546274324782043,5.583208119344019,5.540118496671021,5.552430152893066,228300,0.0022195136053466315,0.19473633376677563,1.674022279803361
2017-09-14,5.564741889207455,5.583208788702398,5.538272294798341,5.577053546905518,234600,0.004424901433576474,0.19449284034567096,1.5315180402373365
2017-09-15,5.564742691467965,5.6570777893066415,5.564742691467965,5.657077789306641,24200,0.014246868505750332,0.1963249623343159,-2.3690472113086503
2017-09-18,5.669388921775843,5.675544750940129,5.613987633401627,5.638610363006592,85500,-0.0032698216354938225,0.1969687550024196,-0.2912410122276488
2017-09-19,5.675544750940129,5.675544750940129,5.564742174191697,5.638610363006592,71800,0.0,0.19609140443469295,-0.6993296391914062
2017-09-20,5.650922173211992,5.650922173211992,5.589365054019051,5.607831954956055,85500,-0.0054734615659994615,0.19757797225491833,-0.4513966313362025
2017-09-21,5.626300834062969,5.6324560778624075,5.558587868798087,5.589366436004639,28100,-0.003298242122052579,0.1973469877427965,-2.152370952750473
2017-09-22,5.6016789034830605,5.6016789034830605,5.521654852055883,5.527810096740723,228400,-0.011074209027334404,0.20132513994595008,1.2766182223387121
2017-09-25,5.54627759195252,5.54627759195252,5.509343188581351,5.527810096740723,68100,0.0,0.20126699197031495,-0.6246539699557676
2017-09-26,5.527807324214653,5.546274810163902,5.466250798873552,5.515496253967285,170100,-0.0022301016535816332,0.15011554740779723,0.814704823275033
2017-09-27,5.55243113128602,5.55243113128602,5.4724071128979475,5.478562355041504,97900,-0.006718908673075506,0.12429795880050419,-0.0404477435906573
2017-09-28,5.4995743497741945,5.555188119646453,5.4872160616379775,5.524291515350342,107700,0.008312284094352761,0.12770561428854163,0.06890733456370546
2017-09-29,5.530470161044882,5.561366760910666,5.481035836981077,5.5428290367126465,134900,0.0033500201993370378,0.12702398102361945,0.38895924383574015
2017-10-02,5.5181106570976075,5.561365533783247,5.4872140640492235,5.530468940734863,49800,-0.002232415516350343,0.12352178192602249,-1.1601126678580207
2017-10-03,5.499574177744703,5.54282965812769,5.481036451468391,5.4933953285217285,99700,-0.006726090067133202,0.11183425240551105,-0.0399527328446196
2017-10-04,5.4933935005196,5.567544970253624,5.4587890098675915,5.530468940734863,170400,0.006726090067133254,0.11469288546348153,0.7938036239663013
2017-10-05,5.524289746526606,5.604620656253837,5.524289746526606,5.586082935333252,73300,0.010005703062667156,0.11208814404287486,-0.48686718967582326
2017-10-06,5.561366831839965,5.579904556274414,5.4933947827112295,5.579904556274414,55000,-0.0011066427745893385,0.0987641171935106,-0.8901484446681417
2017-10-09,5.592262328473473,5.592262328473473,5.499572545986179,5.511931419372559,49900,-0.012256580061339095,0.10746311935029462,-0.9477591348892609
2017-10-10,5.5490058823896815,5.595351060112385,5.542827036089613,5.555185317993164,59400,0.00781669153469391,0.10890642038747285,-0.6447929013851141
2017-10-11,5.542826277714549,5.592260577171929,5.518109127985859,5.536646842956543,132500,-0.0033427286006074844,0.10948592953886818,0.6136178682176714
2017-10-12,5.524290723210999,5.5737256365784305,5.518111874680744,5.5428290367126465,60500,0.0011159723555251866,0.10926677878263691,-0.5394820110281584
2017-10-13,5.549004150979694,5.616976742802245,5.549004150979694,5.573721885681152,50700,0.005558006023839333,0.10992424197057096,-0.7586178445305233
2017-10-16,5.579901707655917,5.579901707655917,5.499570823711841,5.536646842956543,85000,-0.006673978379364558,0.09904288924022464,0.05033255498794733
2017-10-17,5.524288729279166,5.579902471103678,5.499571576168651,5.555185317993164,233900,0.0033427286006075148,0.0998002143844335,1.797365007617073
2017-10-18,5.536649261525441,5.6231596180177545,5.536649261525441,5.610800743103027,61500,0.00996166119494788,0.1064381684304335,-0.6114316446680474
2017-10-19,5.567542654114529,5.6416940930010036,5.561363220214844,5.561363220214844,189600,-0.008850182603107529,0.10914042194827386,1.2909150173834631
2017-10-20,5.542825507819038,5.592259800410021,5.518108361523547,5.561363220214844,68700,0.0,0.10863227010641495,-0.5929434616649181
2017-10-23,5.549007862438926,5.579904462177739,5.44396036621276,5.474856376647949,143900,-0.015677218919041794,0.11537782046069414,0.9241112233702089
2017-10-24,5.499573368043085,5.499573368043085,5.431601322168326,5.450139045715332,131300,-0.004524921457774913,0.11621305363233245,0.6716525323919321
2017-10-25,5.431600093841553,5.468676121854628,5.382165782693101,5.431600093841553,104400,-0.0034073542055269752,0.11648293525338035,0.2616968401618362
2017-10-26,5.437778291914064,5.442721368321319,5.406881707155366,5.413061141967773,194500,-0.0034190039744077198,0.11489523461543906,1.425950676236326
2017-10-27,5.413061966616664,5.413061966616664,5.295655044508007,5.308013916015625,416500,-0.019597024972500085,0.12766788247925706,2.3708671634675076
2017-10-30,5.30987633162473,5.328485544738054,5.185813333332653,5.1920166015625,148300,-0.022095561248434852,0.14387917931103578,0.6245952783947012
2017-10-31,5.185811771968239,5.210624245840774,5.12378088307492,5.160999298095703,546900,-0.005991953759149675,0.144178210701428,2.3103257190791693
2017-11-01,5.167204620790723,5.241642072031344,5.142392137043849,5.229236125946045,501100,0.0131349880201437,0.15428024461483697,1.870165920807362
2017-11-02,5.254047265486032,5.254047265486032,5.123781611248324,5.223031520843506,125600,-0.0011872267417934426,0.15081306095292896,0.04104107765760914
2017-11-03,5.223032877566077,5.266454576399054,5.148595426033995,5.235438823699951,52900,0.00237268133262227,0.14489732825153653,-1.0781617276346689
2017-11-06,5.247843770603243,5.247843770603243,5.080359111744368,5.111374855041504,91900,-0.023982245881073703,0.16165744498207532,-0.3924022734893009
2017-11-07,5.086561876478097,5.266452459947989,5.0369369287330255,5.160999298095703,782500,0.009661803270101153,0.1656353001472242,2.1145181097427717
2017-11-08,5.154797989844005,5.2540479116452525,5.154797989844005,5.204422950744629,126900,0.008378608345792175,0.16611407867682948,-0.17124494339339755
2017-11-09,5.161000759021147,5.254048006064087,5.161000759021147,5.1982197761535645,224200,-0.0011926152784758285,0.16624237872855532,0.5141526473673168
2017-11-10,5.198220610867282,5.254048849742526,5.154798910220451,5.167204856872559,156000,-0.005984320553781814,0.16584455865431363,0.0013548350622500879
2017-11-13,5.1485948989788595,5.1485948989788595,5.036938437322728,5.09896993637085,67600,-0.013293349608191314,0.16595516463616714,-1.1331109145352252
2017-11-14,5.080358610115953,5.192015038330382,5.049343461457314,5.160999298095703,128100,0.012091677094656608,0.17497299849813702,-0.3108400664334757
2017-11-15,5.1361858567169545,5.247842263898604,5.1299831830992515,5.210623264312744,224800,0.009569253912325345,0.17924912832674864,0.4549179216259929
2017-11-16,5.210623402055935,5.291264076977098,5.1982174629166495,5.241639137268066,116600,0.005934784795774486,0.17608105024458987,-0.4973904234428987
2017-11-17,5.2416430103056015,5.3284870147532075,5.2416430103056015,5.322283744812012,80500,0.015268224708784636,0.18594537861509755,-0.9416401304371156
2017-11-20,5.285061244891334,5.31607638759852,5.235435715092796,5.260248184204102,73000,-0.01172427763657202,0.18869811722700908,-1.08586498805754
2017-11-21,5.254047138526704,5.303672092125152,5.24784387143287,5.278859615325928,43400,0.0035318834995778886,0.18365490468829285,-1.6077694562097113
2017-11-22,5.254049173152367,5.334689901871921,5.2416426341602795,5.316080093383789,52600,0.007026114768142899,0.18579134607427003,-1.2497512285680217
2017-11-24,5.309876275973316,5.334688757056434,5.291266471478817,5.328485488891602,37600,0.0023308421613429846,0.18599012363634101,-1.5121692902590405
2017-11-27,5.328488201618896,5.353300695334027,5.198222461720329,5.216831684112549,118600,-0.021176788819371645,0.19874092239146926,-0.14533684378994854
2017-11-28,5.235438296018996,5.260250777362168,5.129985693992681,5.1920166015625,131800,-0.004768083630855032,0.18833636615613075,0.04446227201317724
2017-11-29,5.218794376518345,5.218794376518345,5.066216332658894,5.100468158721924,298700,-0.017789845578993733,0.18278338043429834,0.9837722926442287
2017-11-30,5.10669717935751,5.137835696300469,5.075558662414551,5.075558662414551,251200,-0.004895731211824906,0.18243371396750602,0.8737575372828527
2017-12-01,5.075557852889851,5.181428437259425,5.063102804449868,5.1316070556640625,279100,0.010982276203077639,0.18050483337439113,1.102885487933253
2017-12-04,5.112924629636695,5.1876567085134075,5.112924629636695,5.1502909660339355,101100,0.003634335002312943,0.1811787924964955,-0.25181126665923886
2017-12-05,5.13160786137176,5.168974200393985,5.112924988819553,5.125380039215088,79800,-0.0048485350703065516,0.18137863015695022,-0.6113275968088501
2017-12-06,5.100468369321196,5.156517570179291,5.094241142272949,5.094241142272949,114600,-0.0060939623405942426,0.16242946246261084,-0.12718636137227793
2017-12-07,5.09424286273232,5.237479229817509,5.09424286273232,5.187657833099365,102900,0.018171596823880722,0.17134339830650908,-0.17490398209736124
2017-12-08,5.206342289737755,5.262391526549258,5.156520877887103,5.193887233734131,33400,0.001200091381832749,0.1688361213738619,-1.803718386616686
2017-12-11,5.187657751399403,5.212568449366159,5.144064178437053,5.168974876403809,298800,-0.004808016367902277,0.1695946776169194,1.5236343006772832
2017-12-12,5.181428166113728,5.193883807819619,5.088013228990284,5.175200939178467,178700,0.0012037814587651102,0.16836580537415025,0.7358731924450527
2017-12-13,5.181429289147824,5.268617018233263,5.181429289147824,5.2125678062438965,243500,0.007194428208055507,0.16273526731231797,1.0869149636284348
2017-12-14,5.206341241611869,5.2873011680500746,5.206341241611869,5.256162643432617,59900,0.008328629607612268,0.16001735082213858,-0.8984140870792273
2017-12-15,5.262387901984922,5.274843543327577,5.206338703778313,5.26861572265625,223700,0.002366431786381858,0.15700037478611442,0.9950707725570701
2017-12-18,5.26861833255332,5.35642850941365,5.262390508796938,5.293529033660889,89900,0.004717480735672247,0.15652799050979466,-0.2964771326836963
2017-12-19,5.305983479194935,5.374487743242801,5.2873000121582026,5.318438529968262,95100,0.004694613304683246,0.14798419909184463,-0.22816278523835049
2017-12-20,5.324666811265093,5.405626726982326,5.293528290771099,5.368260383605957,260900,0.009324154259199014,0.14496626825711617,1.1108877610633865
2017-12-21,5.355805331759087,5.42430960171157,5.355805331759087,5.368260383605957,38100,0.0,0.14469521439088154,-1.5642021094717913
2017-12-22,5.386941669507284,5.4305358229083405,5.33089306185056,5.4118523597717285,111300,0.0080875246500224,0.14531608728930454,-0.13097516415591795
2017-12-26,5.430535554254045,5.461674064023573,5.424307733516605,5.455446243286133,30100,0.0080229906153224,0.14737011695177418,-1.935399969962788
2017-12-27,5.467903385801649,5.467903385801649,5.374488414619972,5.442992687225342,55700,-0.0022853844592947894,0.12403736499030533,-1.0000028931505434
2017-12-28,5.469870305872905,5.523006212690984,5.344844818115234,5.344844818115234,58900,-0.01819652496998561,0.14087764958217702,-0.8558680783334132
2017-12-29,5.338598509110424,5.351101367948318,5.307341958184813,5.31359338760376,42800,-0.005864183751148982,0.12566497108263638,-1.1690965707328203
2018-01-02,5.3510984634598255,5.463621151079785,5.34484703743405,5.413610935211182,59300,0.01864799867477064,0.13558090293197106,-0.6567619061706444
2018-01-03,5.426114206267719,5.507380962371825,5.426114206267719,5.507380962371826,31500,0.0171728598432691,0.14169095035263554,-1.3985975737246128
2018-01-04,5.526132823648026,5.62615323013002,5.507379146474814,5.6011481285095215,32800,0.01688241394597068,0.14923906349109012,-1.2187433456951924
2018-01-05,5.569891602441736,5.657409756197805,5.551137925268524,5.6011481285095215,113100,0.0,0.1465391794514289,0.415967457579033
2018-01-08,5.6074006690663944,5.6074006690663944,5.494877391292941,5.532385349273682,25300,-0.012352530078293324,0.1535302788284594,-1.4127519285120702
2018-01-09,5.444866975462374,5.538635972671379,5.31359002166852,5.5136308670043945,107900,-0.0033957039213533134,0.14633016530239093,0.4237024282309587
2018-01-10,5.5136308670043945,5.601149034923213,5.451118400921306,5.5136308670043945,134400,0.0,0.14656489410535753,0.6304225547070256
2018-01-11,5.526132763705685,5.563640117645264,5.501127662356418,5.563640117645264,71400,0.009029225784590594,0.14529408490289072,-0.10708873789660009
2018-01-12,5.563639850838332,5.582394123077393,5.457368026158102,5.582394123077393,121300,0.0033651472308373594,0.14505571170004364,0.6764021582044827
2018-01-16,5.563643044384376,5.594899586555538,5.507381983879032,5.551140785217285,97600,-0.0056142851682077265,0.14782372751798398,0.46002092781317716
2018-01-17,5.551137687384401,5.6199015648518555,5.544886263205007,5.57614278793335,105400,0.004493827199944586,0.14667331682059734,0.5343542902335633
2018-01-18,5.576143587194045,5.6824154288017885,5.561140405480458,5.644907474517822,72600,0.01225652604830114,0.15025064875168684,0.04782079804107985
2018-01-19,5.644907205616992,5.669912308558923,5.563640472013545,5.663661479949951,77600,0.0033167808765946073,0.15016071297143602,0.1710373295948648
2018-01-22,5.688666582891882,5.688666582891882,5.623027815063887,5.663661479949951,29200,0.0,0.15045951210220967,-1.314325823463205
2018-01-23,5.651160287541521,5.6886682510375985,5.651160287541521,5.688668251037598,57300,0.004405582312512771,0.14880813927572184,-0.13476548050128584
2018-01-24,5.719922593636493,5.938717694534175,5.719922593636493,5.907461166381836,162600,0.03773998648460001,0.19133764471065967,1.5927313773798863
2018-01-25,5.913712203308863,5.944968729410786,5.8824556772069405,5.901209354400635,203800,-0.0010588512151826087,0.1918342775335813,1.8075079297286047
2018-01-26,5.913714334313335,5.913714334313335,5.851201259582929,5.869955539703369,72200,-0.0053102455740782865,0.19396657184680519,0.03290742797598668
2018-01-29,5.876204645152677,5.876204645152677,5.726174025247115,5.757430553436279,110700,-0.019355768945511498,0.20881343526424886,0.7090416769198625
2018-01-30,5.740492223667537,5.859694041560686,5.69030217349545,5.721671104431152,85800,-0.00623037686145012,0.19755443259802935,0.24215045677028105
2018-01-31,5.721670824222443,5.7530397536219064,5.665206870965919,5.709123611450195,117500,-0.002195385068570285,0.19582433436185445,0.7073630289480599
2018-02-01,5.690299871897915,5.790679931640625,5.690299871897915,5.790679931640625,104000,0.014184187972949227,0.19202392432090737,0.44929711407343853
2018-02-02,5.796955888384294,5.796955888384294,5.577374579493827,5.596195697784424,50300,-0.034162689548592744,0.22456490490953676,-0.8983358764074403
2018-02-05,5.596195402955061,5.6150165202540885,5.401708529823342,5.451898574829102,140500,-0.026123116838950633,0.2348458275114433,0.9087328789571542
2018-02-06,5.263687979312055,5.627566227403328,5.263687979312055,5.58992338180542,86600,0.02500167041204653,0.25192032430176237,-0.00668356931507675
2018-02-07,5.596195256832977,5.621290278680601,5.539731308097692,5.571100234985352,109800,-0.0033730176214388937,0.24831002562832968,0.3833153968274082
2018-02-08,5.583645212614597,5.583645212614597,5.4079801299686565,5.420527935028076,76000,-0.027399347460920365,0.2661331777242883,-0.4365625428862287
2018-02-09,5.420531882079391,5.420531882079391,5.2887828245815784,5.3452467918396,71300,-0.013985499815982193,0.2699781260686857,-0.5223876624023065
2018-02-12,5.395435187742772,5.520910299438819,5.395435187742772,5.495815277099609,33300,0.027779228050625,0.2864805429324298,-2.002226010280281
2018-02-13,5.495814320949638,5.621289410815798,5.4017075548157,5.615015506744385,432800,0.021457405921405735,0.296309989324663,2.6555635936159345
2018-02-14,5.596193394902738,5.740489572939135,5.508360548502984,5.68402624130249,683400,0.012215477069848473,0.29827369278084465,2.62066818677821
2018-02-15,5.696574109556273,5.702848013236512,5.621289060330571,5.633836269378662,59500,-0.008869219056873807,0.2999601682889346,-0.6623040448423019
2018-02-16,5.621292320084888,5.684030196643825,5.58992338180542,5.58992338180542,51800,-0.007825027086663962,0.298095449609249,-0.8161413169059429
2018-02-20,5.55855131149292,5.602468039663857,5.55855131149292,5.55855131149292,19000,-0.005628061951958585,0.29827557552889844,-1.8662259070059506
2018-02-21,5.564824216107118,5.658930961022979,5.564824216107118,5.627562046051025,99400,0.012338800421687,0.3017824435321404,0.05881661934707476
2018-02-22,5.646385228436397,5.65893303835626,5.62129020690918,5.62129020690918,78600,-0.001115107506207319,0.3013023527688365,-0.25979449058021187
2018-02-23,5.608742396989317,5.6526591333963285,5.602469090341894,5.62129020690918,66800,0.0,0.2672875913605494,-0.41651244091392015
2018-02-26,5.646384587427564,5.646384587427564,5.502088379605498,5.608741760253906,68900,-0.0022348025214119077,0.2672462509461098,-0.3181942533620813
2018-02-27,5.598037822820054,5.623225819526127,5.528770381481443,5.560255527496338,50500,-0.008682343829954909,0.2679600178263835,-0.6979072006503966
2018-02-28,5.560256226923529,5.560256226923529,5.390237377903086,5.402831077575684,70300,-0.028720975577286784,0.27715326654106215,-0.23826733941702555
2018-03-01,5.4091277024926105,5.415424851982149,5.308375712776906,5.390236854553223,48600,-0.002333762525688912,0.27691440453543337,-0.6770261085189327
2018-03-02,5.3776444675667525,5.446911334991455,5.308377600142051,5.446911334991455,72200,0.010459393213640922,0.2807300412005731,-0.13677703835235933
2018-03-05,5.409125824376702,5.409125824376702,5.333561858326675,5.383937835693359,37200,-0.011628674343497278,0.2759022419390927,-0.9157461147712287
2018-03-06,5.396533479736973,5.46580092404181,5.35875178332455,5.377642631530762,83200,-0.0011699405862963862,0.2523178074393485,0.07871476451994239
2018-03-07,5.333562743152972,5.440611862948645,5.333562743152972,5.41542387008667,34300,0.007001048843671204,0.237925524860112,-0.9616165908411359
2018-03-08,5.428018733540317,5.428018733540317,5.320969590723887,5.339860439300537,28200,-0.014051636745650166,0.22358593685899286,-1.1063841298393053
2018-03-09,5.365050911338266,5.415426925484493,5.3020805933907535,5.327268600463867,56200,-0.002360868540790023,0.22354533832813672,-0.2209763005702142
2018-03-12,5.314672762053153,5.390237361982706,5.308376212500094,5.365049362182617,22800,0.007066927692603574,0.20562320325478337,-1.2174980520594558
2018-03-13,5.339861387208388,5.46580200148712,5.32097053527832,5.32097053527832,75500,-0.008249858661692536,0.20180446413967681,0.20376260382392136
2018-03-14,5.333562302563801,5.46579940429775,5.333562302563801,5.453205108642578,78200,0.02454781098669834,0.1963939538145643,0.20013227292517927
2018-03-15,5.4720973958003105,5.4720973958003105,5.35245455814522,5.390236854553223,32900,-0.01161420185868757,0.18304034785236933,-0.8010785275712989
2018-03-16,5.4343158832422835,5.4343158832422835,5.26429644446469,5.339860439300537,104400,-0.009389809618131795,0.17718705552673972,1.4035081891628578
2018-03-19,5.327268600463867,5.365050911338266,5.232813724072057,5.327268600463867,28500,-0.002360868540790023,0.17588839645846865,-1.2073491136356458
2018-03-20,5.308374918780801,5.365048054651352,5.295780621685506,5.302077770233154,54200,-0.0047398732743173765,0.1750706342871731,0.0897232598671697
2018-03-21,5.339859460460762,5.339859460460762,5.289483473137859,5.302077770233154,150800,0.0,0.17489614375413673,1.9761854417831186
2018-03-22,5.251701856453999,5.333562987132367,5.251701856453999,5.289483547210693,46400,-0.0023781628752763636,0.1666655826213365,-0.3648139648246574
2018-03-23,5.302078753030023,5.352454749690653,5.2139204586092935,5.276890754699707,52100,-0.0023835609288849952,0.16654747985796428,-0.08106060068495209
2018-03-26,5.333565350938462,5.333565350938462,5.23281333022902,5.295783042907715,57100,0.0035737995283725396,0.16781676951476776,0.13112666627105302
2018-03-27,5.3209716422449365,5.365051106624458,5.176140746435101,5.201328754425049,84100,-0.017996728934882886,0.1757929102594153,0.9267790289577567
2018-03-28,5.232812887015626,5.264297440423561,5.15724827735437,5.25170373916626,63300,0.00963842306134044,0.18050039619095287,0.3034778651056982
2018-03-29,5.245405626744176,5.327266771763538,5.176138781202832,5.23281192779541,37900,-0.003603758612552642,0.15392404495574408,-0.7113588537965214
2018-04-02,5.251701782910252,5.352453757556057,5.176137801925898,5.302077770233154,314000,0.013149988761883885,0.16202795067940276,2.747261778544108
2018-04-03,5.270593416368903,5.415424851982149,5.270593416368903,5.390236854553223,227900,0.01649055143323941,0.16851877230645185,1.9235102020073023
2018-04-04,5.472096454054333,5.472096454054333,5.220216523113526,5.428017616271973,334400,0.006984660125448783,0.16533351891172862,2.0804402505999486
2018-04-05,5.484691516920481,5.566552656042185,5.484691516920481,5.5224738121032715,221900,0.01725192685264937,0.17516900161620058,1.4060369762694174
2018-04-06,5.5471121304849795,5.566066250971935,5.45866197829841,5.521840572357178,52100,-0.00011467253190087179,0.17396352189543152,-0.4245402040174431
2018-04-09,5.559749324833326,5.622927931551382,5.528159720213502,5.540795803070068,107200,0.003426895474071877,0.1653238200018624,0.42082696980267836
2018-04-10,5.578705579973105,5.622930686596705,5.572387535449193,5.597659111022949,64500,0.010210357252813385,0.16710250301448687,-0.2528219668593423
2018-04-11,5.559749014101286,5.774557590484619,5.559749014101286,5.774557590484619,143300,0.031113151305698195,0.19420498668570008,0.7213634702124176
2018-04-12,5.793514681168319,5.831421745934663,5.660838749442253,5.787196636199951,173900,0.002186355202201197,0.1895566502135285,0.9154543144190058
2018-04-13,5.818783232570239,5.8630083193065206,5.71011544621708,5.812465190887451,177700,0.004356781263771106,0.17426604942439974,0.8742659882393785
2018-04-16,5.844053940832315,5.844053940832315,5.692424577783454,5.71137809753418,49500,-0.017544439603320645,0.18160491730424178,-0.8870011145974495
2018-04-17,5.749285989731735,5.761921469274863,5.64188170226815,5.698742866516113,81100,-0.0022147418458773327,0.17720627386587298,-0.18954857642771933
2018-04-18,5.730331608220161,5.80614628962466,5.730331608220161,5.780874729156494,475100,0.014309407676450493,0.18012178620917468,1.9812731491932023
2018-04-19,5.806145866982551,5.806145866982551,5.705059632468174,5.717695713043213,72300,-0.010989131601432276,0.18512627593454936,-0.5370751874251589
2018-04-20,5.711379000618733,5.7303325233663935,5.667153913366983,5.705060958862305,56400,-0.0022122084355900105,0.1858246570944907,-0.7982305008850402
2018-04-23,5.717698722100332,5.717698722100332,5.585022818846404,5.616612434387207,193400,-0.015624955936319702,0.19645579853324122,0.7578612019227945
2018-04-24,5.660835309966359,5.679788830833531,5.5850206239761055,5.622927665710449,82000,0.0011237527392727075,0.19565087712409954,-0.4365070428443819
2018-04-25,5.622927342958324,5.622927342958324,5.515523060006672,5.528159141540527,45300,-0.016997590906107057,0.2075396761273934,-1.217725574785053
2018-04-26,5.521842103732028,5.597656799141155,5.521842103732028,5.534478187561035,69100,0.0011424123416097873,0.1944277938549772,-0.6290838200972857
2018-04-27,5.515526121202592,5.603976933466458,5.515526121202592,5.585023403167725,77100,0.009091336213955949,0.19419998856192816,-0.49849015089257076
2018-04-30,5.559034930069048,5.6477762592163065,5.559034930069048,5.616082668304443,134000,0.0055457638811896625,0.19290323620104552,0.17983337415278014
2018-05-01,5.609744433726044,5.704824601956668,5.482970070078589,5.616082668304443,47900,0.0,0.18985389974320996,-1.1897889139623112
2018-05-02,5.609742887588669,5.647774702596739,5.552694560571765,5.590726375579834,244500,-0.004525166065375726,0.18455914768245585,1.1806658218607142
2018-05-03,5.584387905329097,5.584387905329097,5.438597675316942,5.495645999908447,196600,-0.017153078340878543,0.19458388142638788,0.9482061361939433
2018-05-04,5.476629860311713,5.576781184589683,5.457613349920065,5.533677577972412,199300,0.006896475297231247,0.18655176542483015,0.9854761226759858
2018-05-07,5.571710720433311,5.571710720433311,5.463952898855143,5.482968807220459,62000,-0.009205910238737569,0.18931917518959357,-0.8400648018197759
2018-05-08,5.489306925373967,5.489306925373967,5.34985553846127,5.387887954711914,74000,-0.017493244414486325,0.1977615011327596,-0.5318759737643098
2018-05-09,5.387886301844118,5.457611671658105,5.387886301844118,5.451273441314697,90200,0.011695777345372249,0.198917500187097,-0.25276374310990934
2018-05-10,5.451275233139363,5.546355369093344,5.451275233139363,5.51466178894043,135000,0.011561084818894903,0.16794048933850048,0.38646353589508103
2018-05-11,5.514659472289214,5.514659472289214,5.381546975169962,5.394224643707275,66200,-0.02208145434560923,0.18053527745874232,-0.666781180263423
2018-05-14,5.400563477975932,5.4322564403102,5.343515178567037,5.394224643707275,27400,0.0,0.17881496569713218,-1.790921732829218
2018-05-15,5.356195218719322,5.356195218719322,5.2674539076678855,5.305485725402832,114700,-0.016587543011535488,0.17790015546942062,0.26705433270328455
2018-05-16,5.349853992462158,5.3625316623837005,5.289636873848556,5.349853992462158,217200,0.008327941607211469,0.18255540521821623,1.120891843766593
2018-05-17,5.337179309851849,5.343518147642622,5.235760323218868,5.305485725402832,131100,-0.008327941607211337,0.17203701766609705,0.5502080058191858
2018-05-18,5.280129316762256,5.318161727030901,5.19772626493407,5.311822891235352,147100,0.0011937425601698218,0.1710514461243607,0.6829896163742334
2018-05-21,5.343517304805521,5.343517304805521,5.229420660587546,5.286468982696533,167600,-0.004784536452996189,0.17103835190745148,0.8191824847462255
2018-05-22,5.305487448997652,5.4893095731144745,5.27379385425233,5.438600063323975,171300,0.028371152542257763,0.19794382876303845,0.874461607557917
2018-05-23,5.400567054748535,5.438598876539774,5.305486291260623,5.400567054748535,331600,-0.007017728253489212,0.1985748053972998,1.7376826904319933
2018-05-24,5.387886648905598,5.457612023210954,5.349854241872475,5.425919055938721,91700,0.00468333811533697,0.1919261928870394,-0.34997185257187857
2018-05-25,5.400564319418173,5.451273792459269,5.318161274600241,5.425919055938721,140600,0.0,0.19181461057922589,0.3042067677595726
2018-05-29,5.394226790123565,5.394226790123565,5.286468982696533,5.286468982696533,105800,-0.02603676240410559,0.20668254323969665,-0.2000428007603036
2018-05-30,5.298554215261672,5.432131237773061,5.298554215261672,5.425770282745361,131300,0.026009343043170017,0.2279291516131635,0.16795279162753587
2018-05-31,5.40032675300709,5.495739252993074,5.2794716476283385,5.444852828979492,127600,0.0035108504156699193,0.22857132982787834,0.04305741616436516
2018-06-01,5.4512136671820715,5.552986524360432,5.4512136671820715,5.514822006225586,56500,0.012768650335773065,0.2334614644869197,-1.300801776943876
2018-06-04,5.5466263253637145,5.654760140686077,5.463935725022256,5.559347629547119,48100,0.008041390861679185,0.22725354986545726,-1.4237892603142477
2018-06-05,5.533903887255674,5.597512221953915,5.451213294793575,5.552986145019531,142800,-0.0011449413510386433,0.2261279072213798,0.5166586479515947
2018-06-06,5.546626175747343,5.610233908176779,5.495739747158163,5.514822006225586,45400,-0.006896449510640645,0.22506090550345195,-1.456255039570111
2018-06-07,5.502100944519043,5.648399904241405,5.476657726299612,5.502100944519043,133500,-0.0023093684901060894,0.21591656177908275,0.36263092275022407
2018-06-08,5.527542932463042,5.572069009397426,5.4893784169353275,5.552986145019531,93100,0.009205818000746751,0.21453009733676695,-0.2675052856567758
2018-06-11,5.4957404546048085,5.559348195222237,5.432132107373223,5.527544021606445,46600,-0.004592229386496714,0.2116756129051711,-1.3244749977206933
2018-06-12,5.565707311931551,5.565707311931551,5.444852220068321,5.470295429229736,46200,-0.010410973850247956,0.19978543538054627,-1.2718245996909285
2018-06-13,5.483016198066708,5.5020984514312685,5.419408484646875,5.463933944702148,194000,-0.0011635909633489134,0.19987501366132787,0.9993174953489387
2018-06-14,5.5021000622156375,5.5021000622156375,5.374883991518539,5.400327205657959,144500,-0.011709487637188196,0.19524688813455698,0.44695568101229743
2018-06-15,5.400328445115523,5.413050358412143,5.336720698475065,5.349442005157471,187000,-0.009467288007788347,0.1963801645694819,0.9346400453351127
2018-06-18,5.355801634954415,5.432131275981515,5.304915207603015,5.3621625900268555,106500,0.0023751046327769644,0.19415106249196845,-0.07008438633392573
2018-06-19,5.349440750574814,5.349440750574814,5.228585635671656,5.260389804840088,100400,-0.019162230612010445,0.20570423419605513,-0.14528290057091633
2018-06-20,5.3049136151316825,5.3049136151316825,5.228583997017816,5.2349443435668945,74400,-0.004848918723222037,0.20572139552139013,-0.6274984208169242
2018-06-21,5.2476674275260535,5.2476674275260535,5.14907505783052,5.152255535125732,38900,-0.015921625883387393,0.1835092837351413,-1.6090772464534602
2018-06-22,5.22858383140034,5.234944177747951,5.171336467974803,5.190418720245361,202900,0.007379785416876793,0.18588014470235986,1.4382517295037438
2018-06-25,5.171337631798588,5.215863099321757,5.120451209882395,5.133172512054443,168000,-0.011090480757963298,0.18688042413171582,0.9978019961395469
2018-06-26,5.10773032664289,5.292193794779757,5.095009021916616,5.254029273986816,198200,0.023271371560017174,0.2072964667772763,1.2358542768501437
2018-06-27,5.215863146980348,5.285832432714938,5.1776986335014845,5.24766731262207,217100,-0.0012116065419626287,0.18718400502446378,1.2795403892317103
2018-06-28,5.254028267073216,5.30491468945437,5.241306358170925,5.24766731262207,88100,0.0,0.160867362596153,-0.23725948674814393
2018-06-29,5.272563186676981,5.317245729507706,5.25341300367468,5.291712760925293,121700,0.008358310340539488,0.16365604797714312,0.3236116630489488
2018-07-02,5.247028054906856,5.247028054906856,5.125746047575735,5.208728313446045,71700,-0.015806226538168867,0.16250784692786427,-0.6189327884479233
2018-07-03,5.259794294778384,5.33639316989608,5.247028119968975,5.32362699508667,123500,0.02181909678985008,0.1800632316079762,0.26824331888601166
2018-07-05,5.330013929924653,5.374696484590344,5.2023484444441355,5.342780113220215,101300,0.0035913008990897024,0.1811119578046158,-0.06620114265209963
2018-07-06,5.342777040691628,5.388736735135072,5.322350915663742,5.374693393707275,71400,0.005955391405988302,0.18205820245646617,-0.7926749794307653
2018-07-09,5.387460979290417,5.387460979290417,5.25341274855402,5.259796142578125,73500,-0.021609259520781937,0.19530005510076195,-0.6759106575445237
2018-07-10,5.266177686559962,5.342776561677657,5.240644728187397,5.32362699508667,165500,0.01206256721570382,0.1976288570111966,0.8257942074606445
2018-07-11,5.310861867535122,5.310861867535122,5.221496789742557,5.2406463623046875,59300,-0.015709994739794595,0.20313607721111912,-1.1839238629757378
2018-07-12,5.247027397155762,5.2789437429132136,5.237452310802428,5.247027397155762,21100,0.0012168638698768577,0.20144429760402227,-2.681433052762221
2018-07-13,5.2725632357852446,5.349162142245917,5.24703026696502,5.304479598999023,74000,0.010889964749270384,0.20633119609448855,-0.5118784774010708
2018-07-16,5.298095872743285,5.298095872743285,5.2342631503140815,5.25341272354126,47100,-0.009673762933123246,0.20516808754628035,-1.1639959435143574
2018-07-17,5.240645649016163,5.247029041919361,5.202345900350831,5.215112686157227,135600,-0.007317211693532872,0.20422444849865623,0.6429033323895167
2018-07-18,5.227878117413275,5.227878117413275,5.17042941574155,5.1831955909729,68000,-0.006138920787918074,0.20447022299429446,-0.49891007024378525
2018-07-19,5.1512797661239045,5.208729082419593,5.1512797661239045,5.195962905883789,55600,0.002460184292257694,0.19457130161781666,-0.7814270177197539
2018-07-20,5.215113653235516,5.323628917697276,5.157664323961177,5.164047718048096,58200,-0.006161246345216238,0.19498617473036864,-0.6784427758727577
2018-07-23,5.164048170494587,5.234263685340709,5.125748411371417,5.157664775848389,76700,-0.001236799226316802,0.1869644370082658,-0.28754716298812305
2018-07-24,5.170431565140785,5.202347320863737,5.1065988361868415,5.157664775848389,234100,0.0,0.1850570317675236,1.612533989943805
2018-07-25,5.138515468898444,5.221497777368706,4.959784366376113,5.081066131591797,2092800,-0.014962806241255523,0.18835834338234456,3.370189956583914
2018-07-26,5.0746810679054875,5.13213038632108,5.05553149801824,5.106597423553467,102100,0.005012208201360115,0.16896212417440806,0.028944059204610625
2018-07-27,5.125748453745722,5.195964577926336,5.068299423340058,5.112982273101807,220300,0.0012495328709397548,0.1692034271906026,0.8997767886223896
2018-07-30,5.2148430434493065,5.317345998736578,5.202029868555495,5.234062194824219,380800,0.02340483781795515,0.18956131089601636,1.3690348280729139
2018-07-31,5.246877118253429,5.246877118253429,4.964993864451577,5.016245365142822,13351200,-0.04250596825490604,0.23687048055985632,3.2767785211847973
2018-08-01,4.997025294910469,5.061089659105119,4.977805832910581,4.990618705749512,205600,-0.005121827424455433,0.2321791401063882,0.27215591519437604
2018-08-02,4.971401561393864,5.067497993839116,4.926556335565134,5.054685115814209,508700,0.012755667697424703,0.22236056289516912,0.854117818465305
2018-08-03,5.0482756151317885,5.163591749413297,5.0482756151317885,5.14437198638916,295500,0.01758774003461464,0.2322334831384806,0.4367288785361766
2018-08-06,5.131559465384046,5.169997769825593,5.067494810027023,5.086714267730713,64900,-0.011271203785844756,0.23264968859596594,-0.6171270361363708
2018-08-07,5.093120162677969,5.099526749919659,5.009836666916257,5.041868686676025,62000,-0.008855310621251897,0.2235519044504858,-0.6411064835578713
2018-08-08,5.035462404917229,5.137965662404009,5.022649535916743,5.041868686676025,140800,0.0,0.217812444440491,-0.06624409174270272
2018-08-09,5.016246481739486,5.093123749888932,5.003433603714579,5.054685115814209,215500,0.00253877437248212,0.21308386046428174,0.1886434204835245
2018-08-10,5.054680855394094,5.054680855394094,4.939365050365731,4.997023105621338,239800,-0.011473202653009534,0.21540163633464304,0.19306931520562115
2018-08-13,4.964993301027048,4.990619048464676,4.894522342832068,4.9265546798706055,109200,-0.014202460399835264,0.21353544369611255,-0.4083345165629118
2018-08-14,4.958585178336403,5.016243244985914,4.913740286927149,4.97139835357666,80000,0.009061263552947677,0.21657304642994013,-0.6716414763340351
2018-08-15,4.958586711426138,4.958586711426138,4.824051690120093,4.9265546798706055,132900,-0.00906126355294777,0.21713244793272052,-0.28419090016951476
2018-08-16,4.952178896199186,5.035462702363388,4.952178896199186,4.97139835357666,136900,0.009061263552947677,0.22046726389327007,-0.29121102106469676
2018-08-17,4.971397371170591,5.0290551209433465,4.971397371170591,4.997023105621338,256300,0.005141196846887469,0.22134250916724718,0.14077833774171863
2018-08-20,4.9265546798706055,4.964993301027048,4.878506174312799,4.9265546798706055,171700,-0.014202460399835264,0.2250338533939119,-0.22385293652582752
2018-08-21,4.900927598500354,5.176404461217172,4.900927598500354,5.137966156005859,294300,0.042017415818156385,0.27237285901047853,0.16653360344838433
2018-08-22,5.118746512063613,5.189217758207733,5.0739016179470715,5.099527359008789,144700,-0.007509450936750232,0.2735492528685031,-0.40316716094902605
2018-08-23,5.105936627913839,5.105936627913839,5.041872237789302,5.054685115814209,131100,-0.008832301828561345,0.27028133671464827,-0.41097257774257867
2018-08-24,5.118746289926308,5.157185205333689,5.035462787831428,5.086714267730713,59800,0.006316536248769824,0.27063870849288857,-1.0766773147944768
2018-08-27,5.118747350268138,5.227656920356052,5.118747350268138,5.176405429840088,87100,0.01747878777374846,0.277476093183371,-0.6948317318664938
2018-08-28,5.189217636931507,5.1956236138228284,5.105933522202945,5.137966156005859,75900,-0.0074535712572067645,0.265849654363767,-0.7442121101778914
2018-08-29,5.169997873360004,5.169997873360004,5.067494911508709,5.137966156005859,112100,0.0,0.21856812146787594,-0.4044970730459063
2018-08-30,5.14375267468315,5.150182512690448,5.073025989560623,5.092315196990967,66400,-0.008924732458621888,0.22033116482606785,-1.1772708975610324
2018-08-31,5.11803122354311,5.1244607515515375,5.024157845843794,5.085882663726807,143400,-0.0012639829189014422,0.2161880897888097,0.24031190059269625
2018-09-04,5.0730262006478934,5.0730262006478934,4.88656518295936,4.8994245529174805,122200,-0.037350836250710465,0.2429249247305958,0.013262392649989668
2018-09-05,4.87370461198836,4.976579546302155,4.828696981521818,4.9572906494140625,154100,0.011741591415836684,0.245312840917392,0.4288916157534295
2018-09-06,4.944434800066176,4.944434800066176,4.757973695679365,4.880137920379639,132900,-0.015685869617349177,0.24910094950198564,0.0298182722370911
2018-09-07,4.88656359269167,4.912282324238089,4.7836886665059914,4.905852794647217,105300,0.0052554583798645905,0.2501766086519543,-0.4773321321144607
2018-09-10,4.912284053132815,5.021588853971019,4.876920861458161,4.995870113372803,344100,0.018182653583011726,0.2589195799701394,2.0338675984163865
2018-09-11,4.970150016203286,4.976579546302155,4.867275081889492,4.9572906494140625,194700,-0.007752242345527143,0.25725849620295993,0.8634771073763834
2018-09-12,4.970150592004082,5.130892848787407,4.970150592004082,5.079455375671387,351300,0.02434469487362474,0.2656796840717003,1.8458932850345997
2018-09-13,5.085885358983669,5.130893305260105,5.079455827567921,5.092315196990967,237200,0.0025285328801504933,0.26428338083847114,0.9708299356937065
2018-09-14,5.098745258467224,5.118034467902855,5.002300131063815,5.066596984863281,211400,-0.005063193107646209,0.2626961938427922,0.6886558894741915
2018-09-17,5.047308815222334,5.066598028631732,4.9315744545408915,4.950863361358643,114500,-0.02310740829412737,0.27415991556475783,-0.5017404532573241
2018-09-18,4.970150541733191,5.008728646180006,4.91807014671872,4.931572437286377,156300,-0.003904087811516115,0.2737309753466688,0.1598973945917501
2018-09-19,4.912283469138558,4.934144365388963,4.8672758317381755,4.8865647315979,101800,-0.009168342260286714,0.271128531588979,-0.6520616643097211
2018-09-20,4.8994245529174805,4.9187137611504435,4.88656518295936,4.8994245529174805,95900,0.002628212303964521,0.22368891331509808,-0.697440354959343
2018-09-21,4.905854036621891,4.957291512736732,4.809408615610792,4.835127353668213,309900,-0.013210291529644055,0.22623068549526745,1.58221710757323
2018-09-24,4.847989327240517,4.918716048191562,4.8415597925677165,4.880137920379639,227600,0.009266013328131392,0.22855846159582913,0.9045448784865807
2018-09-25,4.892995021234202,4.925143292833722,4.841557541401719,4.8994245529174805,351700,0.003944278201512602,0.22765951360829728,1.5905267658094469
2018-09-26,4.899424362159173,4.944432308556,4.892994830726227,4.918713569641113,156000,0.00392926668987364,0.2178390941473228,-0.03858551541405753
2018-09-27,4.910326054464755,5.078089988002265,4.910326054464755,5.065185070037842,303900,0.029343649303729357,0.24299276537982908,1.1908934752362237
2018-09-28,5.05873168707414,5.071636602289025,4.985173393439591,5.0071120262146,158700,-0.011531369016726724,0.24585308026457517,-0.17676512640232422
2018-10-01,4.981303968455946,5.02647134441008,4.955494127247178,4.9683990478515625,118100,-0.00776164196992248,0.2454269628337436,-0.9340032788428196
2018-10-02,4.942589206642794,5.000661503201311,4.93613690017939,4.9683990478515625,148800,0.0,0.24546012059280337,-0.4093606082275784
2018-10-03,4.994207673572671,4.994207673572671,4.903873251327526,4.961945533752441,77100,-0.0012997565098809673,0.20718381881197856,-1.746632293853705
2018-10-04,4.968397686615446,4.968397686615446,4.871610962438873,4.942587852478027,68300,-0.003908857725445005,0.20364609444389037,-1.7628163329750923
2018-10-05,4.961945451831585,4.961945451831585,4.86515841861383,4.916778087615967,41000,-0.005235595062763838,0.19669431552053185,-2.2781019141230563
2018-10-08,4.936137557495916,4.95872109464151,4.884517868204487,4.897422790527344,58600,-0.003944350115290529,0.19638856524486048,-1.5427245972804968
2018-10-09,4.936135292053223,4.942587596414552,4.841929371564476,4.936135292053223,124500,0.007873589842847034,0.18734692856923535,-0.2730077738668053
2018-10-10,4.929682592183077,4.929682592183077,4.787728514310745,4.800633430480957,266500,-0.027834821585687182,0.20873899607188343,0.9540677978226915
2018-10-11,4.787730169565302,4.826444931460733,4.671585576201432,4.72320556640625,138600,-0.016260159383179384,0.192046448216805,-0.04669644894661783
2018-10-12,4.723202694481707,4.787727258406856,4.655451825440955,4.742559909820557,194500,0.004089340779533838,0.19273484470009528,0.5628751274340378
2018-10-15,4.71030064577444,4.768372634778798,4.671585576201432,4.72320556640625,95800,-0.004089340779533723,0.19265772439391388,-0.6137849192847403
2018-10-16,4.749014168591656,4.845801201916054,4.716751721591024,4.826443672180176,192900,0.02162218219940141,0.1970952336633234,0.5693062916167719
2018-10-17,4.787728024792879,4.85225259904667,4.787728024792879,4.819990158081055,47600,-0.0013380105385000986,0.19685391578163766,-1.6467756836746148
2018-10-18,4.781276159794818,4.781276159794818,4.707072964740615,4.716751575469971,77700,-0.021651549042996737,0.20775646460548586,-0.8212065271667816
2018-10-19,4.723203569878746,4.781275534335723,4.6715836014940075,4.678036212921143,63300,-0.00824192788167471,0.2083251456554052,-1.0885453584456306
2018-10-22,4.6844888754915015,4.703846094629346,4.658678737178626,4.671583652496338,109000,-0.0013802831649044848,0.20444306718750585,-0.17374825345497227
2018-10-23,4.607057839252377,4.639320272725299,4.458651199096197,4.594152927398682,251900,-0.016713733859633532,0.20677823105509263,1.1816517638351798
2018-10-24,4.619964095281258,4.619964095281258,4.4457475807295195,4.458652496337891,146900,-0.02993780270401382,0.225189065437739,0.40387645011616735
2018-10-25,4.465104004255049,4.561891001231855,4.407031744533489,4.419936656951904,205100,-0.008721224534743128,0.22348785675651492,0.952107311916405
2018-10-26,4.40058229782503,4.407034604382631,4.30379523804037,4.348962306976318,345700,-0.016188098457960085,0.1879191371799757,1.8105385702382795
2018-10-29,4.348960690788635,4.419937882610747,4.348960690788635,4.4070329666137695,181600,0.013264399820677524,0.20005596342306992,0.7013445407249748
2018-10-30,4.400580765079682,4.542534844356941,4.3941281530919785,4.523177623748779,206200,0.026013094605914805,0.22864599600097096,0.8540778979760065
2018-10-31,4.542536481745871,4.581251244594675,4.484464183633873,4.536084175109863,178100,0.002849362427062798,0.22955919843373954,0.59351486319902
2018-11-01,4.561891450367556,4.723203025318181,4.54253392599542,4.703845500946045,194100,0.03631624249404808,0.2693586790438286,0.6656744003925643
2018-11-02,4.72320433946487,4.761919091303414,4.6844895876263255,4.736109256744385,212700,0.006835600859238818,0.27123750853970563,0.7390128814795728
2018-11-05,4.742560788805255,4.815473574938175,4.6651312977443204,4.678036212921143,219800,-0.012337557485686854,0.2734014939592949,0.7341310703693751
2018-11-06,4.665130759879185,4.749012852696088,4.645773235507049,4.703845500946045,646600,0.005501956626448177,0.2746715446225998,2.333077348119037
2018-11-07,4.7296558827517865,4.8554790367266,4.723203578989653,4.768370628356934,730400,0.01362429332914462,0.27795796374941995,2.111983284500342
2018-11-08,4.7425627935151775,4.871612307510858,4.69739572514263,4.72320556640625,243100,-0.009516944691822633,0.2630558773081266,0.45565189247480287
2018-11-09,4.716750981977977,4.768370642942738,4.716750981977977,4.749013423919678,51300,0.005449181738808507,0.25764705348173916,-1.697647215434038
2018-11-12,4.75546659135415,4.794181344108806,4.626417415505294,4.632869720458984,87500,-0.02476041011686009,0.27126618637248195,-0.8765695824368599
2018-11-13,4.613513824710078,4.645775974111737,4.555441525038464,4.574799060821533,113800,-0.012613709498555843,0.2740372240104793,-0.5299224262127944
2018-11-14,4.600607121536375,4.665131703026039,4.4844625671775065,4.523177623748779,278900,-0.011348015681825578,0.2625127683213309,0.6820892545269708
2018-11-15,4.561891976329741,4.723203569878746,4.561891976329741,4.678036212921143,158400,0.03366364829466277,0.2918216760958799,-0.1883732569585362
2018-11-16,4.671585065345765,4.8425756296157525,4.645775226904549,4.832896709442139,346100,0.03256761145653499,0.3046283834649187,0.8933909684863249
2018-11-19,4.845801529834549,4.903873507616959,4.761919408098548,4.80708646774292,277000,-0.005354844069564532,0.303668505547544,0.48098367546373605
2018-11-20,4.781275951106796,4.781275951106796,4.55543976198814,4.61351203918457,184800,-0.0411017790421985,0.3373824009263644,-0.2349638267346312
2018-11-21,4.65222726426273,4.65222726426273,4.161839779249804,4.290889263153076,717600,-0.07249539868150687,0.4169210551896603,1.8096067088910426
2018-11-23,4.265077499304508,4.265077499304508,4.142480683487699,4.200552940368652,91400,-0.021277829814496767,0.41097373792590935,-1.3000923079385929
2018-11-26,4.213460350259027,4.252175108573993,4.168292978386126,4.187650203704834,194300,-0.003076403043282591,0.4104206564392919,-0.1687136377310492
2018-11-27,4.194102859959042,4.194102859959042,4.0392438251227025,4.077958583831787,336200,-0.026543249948702392,0.4162755237266167,0.6534458260922348
2018-11-28,4.071505204020704,4.155387319277321,4.026337840187718,4.110219955444336,404700,0.00788002811525465,0.41402619744360153,0.8583720369918574
2018-11-29,4.121234641742429,4.21195355486939,4.114754564882682,4.147154331207275,257200,0.008945851501116217,0.40286110917233564,0.17658087637198108
2018-11-30,4.127715987222395,4.179555385965032,4.0758765884797565,4.1082763671875,180100,-0.00941883055148507,0.4024233205214897,-0.34787488187354926
2018-12-03,4.186034679412842,4.2637937629282625,4.140675059535281,4.186034679412842,364400,0.0187503434424187,0.3840356514248023,0.6378531810533905
2018-12-04,4.173075049872366,4.244354367973756,4.160115201943672,4.211954593658447,525400,0.006172905372641661,0.3837730476811074,1.0744555021525943
2018-12-06,4.140675030903837,4.231394270031664,4.140675030903837,4.192514419555664,253900,-0.0046261599020026006,0.38299239244259303,0.03788398675020961
2018-12-07,4.218435026847043,4.30915396997651,4.147155702751732,4.244354724884033,254700,0.012289145857987642,0.38609516049293574,0.11046809105997707
2018-12-10,4.198994745729753,4.218434672116368,4.160115201943672,4.211954593658447,158300,-0.0076629859559850366,0.3802274135699593,-0.5249234874695604
2018-12-11,4.244354724884033,4.26379434391819,4.160115551770228,4.244354724884033,374600,0.007662985955985049,0.38282169926904586,0.8052483927905197
2018-12-12,4.283234554379108,4.283234554379108,4.1730756759643555,4.1730756759643555,345300,-0.016936463824833388,0.38291030464161097,0.6245455668844148
2018-12-13,4.160114956141837,4.198994497630707,4.121235414652966,4.192514419555664,140500,0.004647317966845761,0.3784324025652428,-1.144568945753478
2018-12-14,4.1536374114899175,4.1536374114899175,4.030518633854573,4.043478488922119,417300,-0.03619532045438352,0.393133173704315,0.9166797437990544
2018-12-17,4.030515221350296,4.088834674270753,3.972196077416893,4.024035453796387,378000,-0.004820090279990313,0.39263898477563164,0.675038426421094
2018-12-18,4.043474478817732,4.0499545544185676,3.8944364478426596,3.9138760566711426,456600,-0.02775704153724637,0.37244123652749545,0.9641481644018746
2018-12-19,3.9203592191463588,3.972198628823128,3.8166800908055656,3.823160171508789,756600,-0.023450851159245147,0.34410120832717317,1.7661814394874396
2018-12-20,3.823158124413667,3.855557583619856,3.7842785879739864,3.816678047180176,469700,-0.0016969275260908154,0.3451106492470951,0.8072722638952673
2018-12-21,3.7972385965536026,3.8620378267363393,3.6935595192741215,3.706519365310669,458900,-0.029287163331396904,0.3343802164795671,0.6909104517281343
2018-12-24,3.674118890089573,3.7129984174624715,3.6190394823978798,3.635239362716675,144200,-0.019418301532099724,0.2501851552933465,-1.3509422487392335
2018-12-26,3.6482011429439587,3.8101994142044844,3.622281444261249,3.77131986618042,153600,0.03675007906217448,0.2888449207034215,-1.4046056098716824
2018-12-27,3.7324397087930663,3.7907588668143055,3.693559858129399,3.7648391723632812,143900,-0.0017198934845992938,0.2890047912884433,-1.4565537481057569
2018-12-28,3.7759075164794917,3.847519329720683,3.7498668006772737,3.775907516479492,177500,0.0029356116898430055,0.2792826199684855,-0.9514907618079068
2018-12-31,3.7954374985251245,3.8540292581263698,3.760933538198339,3.8410089015960693,229500,0.01709431135599031,0.2858290934304176,-0.3963146582461502
2019-01-02,3.8084576285941116,3.964702208096773,3.8084576285941116,3.9516818523406982,137100,0.028406206813319037,0.30366382360934135,-1.297317694184094
2019-01-03,3.9516819327637887,4.016783712869087,3.9451715995383716,3.977722644805908,85000,0.006568182035199642,0.30399076935984604,-1.9428434049268917
2019-01-04,4.036314863374854,4.199069499969482,4.016784480824206,4.199069499969482,501400,0.05415349738765177,0.3543321326174122,1.0649911155162317
2019-01-07,4.205578804016113,4.316251979452815,4.169772904492963,4.205578804016113,117000,0.0015489774497862055,0.3537029750565479,-1.257011583965625
2019-01-08,4.238128809227505,4.270679534338523,4.153496365165432,4.2251081466674805,361200,0.004632926758423241,0.3536551672581792,0.594336068817015
2019-01-09,4.257660157715377,4.296721223056006,4.199068404489557,4.290211200714111,188800,0.015291105337895556,0.3550801140124664,-0.4543195636869791
2019-01-10,4.283701189792767,4.531088265966944,4.257660477609146,4.433435440063477,204200,0.032838815223827644,0.3707062990155329,-0.3491121055145771
2019-01-11,4.420415167169254,4.492027282236927,4.36182340843845,4.452966213226318,198900,0.004395661004841899,0.3702988704490382,-0.3456243865277833
2019-01-14,4.426926130932592,4.527833829304816,4.394375080240362,4.465987205505371,138200,0.0029198496546917925,0.3636407799266062,-0.8742725036572258
2019-01-15,4.479006841599701,4.52457793270615,4.400884705048838,4.433435440063477,139000,-0.0073155106595336646,0.36541039740333264,-0.8631728202873405
2019-01-16,4.433436154813141,4.531088996460004,4.433436154813141,4.465987205505371,83400,0.007315510659533519,0.337103133422568,-1.5221066020746283
2019-01-17,4.452965250630268,4.452965250630268,4.381353151042959,4.413904190063477,129200,-0.011730686869485153,0.34040442759865924,-0.7468581111162037
2019-01-18,4.4334345515832,4.4334345515832,4.374842805697214,4.3878631591796875,184800,-0.005917244988056276,0.32233352967779927,-0.10769914891148123
2019-01-22,4.36833333139537,4.3748433537372655,4.277190845600568,4.290211200714111,88200,-0.02250639402581982,0.3212816720679008,-1.3128273357577593
2019-01-23,4.316251586368081,4.335781962354876,4.244639483413798,4.264170169830322,144300,-0.006088368099800302,0.3228753640738532,-0.3140870123625249
2019-01-24,4.264171504291009,4.368334369964007,4.264171504291009,4.361824035644531,207600,0.022642732109328507,0.3022815332796259,0.5738477595392749
2019-01-25,4.342293029148037,4.492027282236927,4.342293029148037,4.452966213226318,167700,0.02068011221914131,0.2884673776434361,0.06451151557408176
2019-01-28,4.426925417232459,4.4529661294160805,4.361823326343631,4.433435440063477,123800,-0.004395661004841854,0.2746668543295758,-0.6081319815062312
2019-01-29,4.472496668622227,4.472496668622227,4.420415242388515,4.446455955505371,94400,0.0029325864908278003,0.2731244005716403,-1.1441824244202718
2019-01-30,4.477174775913025,4.496782978029233,4.411814621628664,4.464102745056152,120200,0.003960876801294466,0.27291147099926505,-0.5639127032894031
2019-01-31,4.457567271066847,4.5425353231559,4.457567271066847,4.529463291168213,268300,0.014535212525201867,0.27197612949058597,1.166559728318489
2019-02-01,4.522928279082628,4.522928279082628,4.457568106888752,4.496784210205078,174100,-0.0072409323456704075,0.26599740748013606,0.20665092307690197
2019-02-04,4.464102374354113,4.67325516235768,4.464102374354113,4.640574932098389,341800,0.031475744982759846,0.28010642999826746,1.5038754833806263
2019-02-05,4.627503164295844,4.738615579473524,4.627503164295844,4.6863274574279785,117400,0.009810951248278191,0.22303193913584038,-0.7357725474413702
2019-02-06,4.653646782416338,4.74515129894906,4.640574753149059,4.660182952880859,85500,-0.0055945099485798155,0.2258713493005435,-1.4266376585472678
2019-02-07,4.653648249935726,4.653648249935726,4.575216049598596,4.634040355682373,80400,-0.005625573063019772,0.2287937586921182,-1.4861332387014696
2019-02-08,4.620969462712988,4.66018557255979,4.555608967973046,4.614433288574219,32700,-0.004240071872901597,0.22707569703461347,-2.773605767768075
2019-02-11,4.601361251958618,4.640577361805421,4.594825389481786,4.614433288574219,43000,0.0,0.2004982414053775,-1.9115363250449862
2019-02-12,4.647112970450577,4.7451533889682995,4.647112970450577,4.666720867156982,47700,0.011267592564653069,0.2029715841957477,-1.5292504132546414
2019-02-13,4.6797927772332795,4.6797927772332795,4.601360569177969,4.647112846374512,155900,-0.004210521758052017,0.20416683246268752,0.5068150754141602
2019-02-14,4.627503834816664,4.69286399684422,4.620967974444826,4.6536478996276855,125300,0.001405273075416073,0.20142739063322626,0.13931677798991887
2019-02-15,4.679791744602042,4.719007839976371,4.660183852745789,4.699399948120117,125600,0.009783423364837136,0.20237954284020046,0.11068840594181975
2019-02-19,4.69939969747332,4.784368055416744,4.679791495001067,4.77129602432251,201400,0.015183141255197425,0.2001207339127826,0.8776142312404672
2019-02-20,4.771295727957186,4.790903617549707,4.738615496420606,4.751687526702881,50800,-0.0041181474747891906,0.19912505554699367,-1.3207989773529774
2019-02-21,4.673255345009231,4.777831587267431,4.673255345009231,4.751687526702881,112700,0.0,0.17553668091637883,-0.026592821495982064
2019-02-22,4.77129689944939,4.843192927823576,4.7386166598888595,4.823585033416748,183000,0.01501761072656452,0.17416350969370942,0.7489930770058834
2019-02-25,4.823584754853183,4.954305082222438,4.823584754853183,4.908553123474121,225700,0.01746178438338583,0.16871629384519965,1.0783973061424683
2019-02-26,4.915088854084136,5.0065930808237535,4.915088854084136,5.000057220458984,70700,0.018470137617369906,0.16638888253418785,-0.7385892200219583
2019-02-27,4.984969865318275,5.037443182937577,4.912818897208914,4.932496547698975,126600,-0.013604097455001922,0.17607755333872854,0.2021926403411102
2019-02-28,4.939057169006436,5.076799507635381,4.92593883614817,5.070240497589111,275800,0.027542992894571,0.19219745946041505,1.3172351782461782
2019-03-01,5.070239879171899,5.076798888418167,4.952174897847879,4.984970569610596,132500,-0.016960752292857588,0.20832689877055216,0.1773284331558751
2019-03-04,4.9849712937447475,4.991530616709534,4.939057284054179,4.952175617218018,53500,-0.006600500956644866,0.20932749165529543,-1.1154745959843724
2019-03-05,4.94561636044553,4.965294016837521,4.9324980271061145,4.939057350158691,34100,-0.0026525054649980608,0.20674165214108534,-1.6007694039008507
2019-03-06,5.004647967757021,5.057121290114966,4.963980923993642,5.0374436378479,218700,0.019724245508180985,0.19079057565348995,1.2257963762680721
2019-03-07,5.0243271913583785,5.030886515495675,4.925939831425251,4.96529483795166,91700,-0.014426059686399704,0.1996112619116261,-0.10195453184021468
2019-03-08,4.925938427161832,4.965293422469103,4.89970145085795,4.945615768432617,76600,-0.003971198240576997,0.19883355301927216,-0.3719343065990243
2019-03-11,4.97185302712436,4.99808969380319,4.9324980271061145,4.939057350158691,63000,-0.0013269875812041425,0.19707989456105818,-0.6505100923477881
2019-03-12,4.939056910012234,5.037444244907143,4.939056910012234,5.011207580566406,84300,0.014502426912443226,0.19904655421467415,-0.2945121983829578
2019-03-13,5.0177672830372115,5.070240615692567,4.939057284054179,4.952175617218018,160700,-0.011849921447445054,0.20610081989409912,0.6970115600814659
2019-03-14,4.93905608192631,5.030884391722885,4.932496760558012,5.004647731781006,135900,0.010540028379146894,0.205764393217125,0.33889752219566915
2019-03-15,5.004647556068703,5.116153513289561,5.004647556068703,5.024324893951416,131300,0.003924068427409633,0.20393011459579982,0.2932694350761009
2019-03-18,4.991529425346624,5.148949385740177,4.984970103947396,5.116153717041016,214100,0.018111834141448246,0.20967544870837013,1.1041889686554485
2019-03-19,5.1489491348052905,5.2670140993465395,5.1489491348052905,5.16862678527832,232800,0.010204111508849466,0.2098137315141237,1.1581210144856708
2019-03-20,5.1751857935922345,5.1883041229857065,5.0833574878379295,5.16862678527832,87100,0.0,0.20667087605166753,-0.459877826566477
2019-03-21,5.201423074768329,5.240778067657865,5.10959475802608,5.122713088989258,121500,-0.008922842210233619,0.2096417852128153,0.048439051566976615
2019-03-22,5.129270679720497,5.1489480131413075,5.011205428133332,5.0833563804626465,97300,-0.00771245066056412,0.21297720016516583,-0.3446959260155382
2019-03-25,5.0833586140132905,5.175186940111389,4.958734300783014,5.017766952514648,58400,-0.012986743675557076,0.21549837441156358,-1.155904224357261
2019-03-26,5.050562496230636,5.057121818593678,4.96529349487104,5.044003486633301,164200,0.005215104785169492,0.20839949038143357,0.746016156303037
2019-03-27,5.030884215089418,5.1030351837792045,5.011206564441059,5.024324893951416,162200,-0.003909013889112466,0.19938646336338964,0.6544028003582822
2019-03-28,5.089916854268847,5.089916854268847,4.958733246399631,5.024324893951416,209600,0.0,0.19295848624433626,1.0548143615892525
2019-03-29,5.050563118130725,5.1161550987749695,4.971853116676524,5.109595775604248,189800,0.016829201051218542,0.17723229381321484,0.9480275896308124
2019-04-01,5.1095952829256,5.180434214850783,5.096476950614798,5.129272937774658,152200,0.0038436251008206637,0.16589183246453593,0.5170524292624267
2019-04-02,5.130589846940773,5.163520587914535,5.097659105967012,5.124003887176514,171900,-0.0010277789533866288,0.16363070223642054,0.6710762715660195
2019-04-03,5.110832044498243,5.2096236468739425,5.104245770179412,5.137176513671875,91600,0.0025674694756022283,0.16290919623756125,-0.7879435517810687
2019-04-04,5.12400433048633,5.209623699134101,5.12400433048633,5.203037738800049,237000,0.012739023427534394,0.15486310657093663,1.4242004075042305
2019-04-05,5.229381869700432,5.288656765072984,5.209623361875696,5.255726337432861,302900,0.01007557756949904,0.14604220605127044,1.7369442873346792
2019-04-08,5.249141651920418,5.3874506204456765,5.203038976462921,5.3742780685424805,206300,0.022306039035319247,0.15872012677709993,0.8213133608209618
2019-04-09,5.37427668198032,5.598204981746448,5.37427668198032,5.565274238586426,267600,0.034922010520650984,0.19008431480220114,1.307734535669515
2019-04-10,5.558687456461501,5.604790743913952,5.532342989960798,5.545515537261963,61200,-0.0035566728471892015,0.18982259154776493,-1.9728203499951105
2019-04-11,5.552101252895318,5.558686897782381,5.4335508515063164,5.532342433929443,130600,-0.0023782773846573097,0.18201439531001845,-0.2878853017684304
2019-04-12,5.538931043304527,5.598206269002017,5.466483894175277,5.492828369140625,81700,-0.007168003957752522,0.18585707397772439,-1.2136686303926492
2019-04-15,5.5060001655132735,5.5060001655132735,5.426966742441042,5.440139293670654,135200,-0.00963864250049506,0.19215589549927656,-0.15591637550424692
2019-04-16,5.446725265653557,5.446725265653557,5.341346745996509,5.41379451751709,101900,-0.004854429434977413,0.1869823887956513,-0.6808645538439964
2019-04-17,5.43355145342028,5.49941293439936,5.380862519877668,5.486240386962891,189900,0.01329297325410475,0.1888427584166752,0.6710373257965381
2019-04-18,5.473068525073731,5.538929378642458,5.400620769615999,5.426965236663818,127200,-0.010863120379292228,0.19456381440148182,-0.23927472843563036
2019-04-22,5.440138990405908,5.459897188047076,5.387450044628273,5.41379451751709,97000,-0.002429852874812648,0.19110463148423076,-0.8046677009033564
2019-04-23,5.426965236663818,5.446724058025912,5.394034495828635,5.426965236663818,138100,0.002429852874812605,0.1873807656047477,-0.07044089574028911
2019-04-24,5.4335519615813626,5.440138235915564,5.288657066737386,5.30841588973999,36600,-0.022086624537540372,0.1994932983928161,-2.6503284051660287
2019-04-25,5.3018293073392755,5.334760048995127,5.268898565683423,5.282071113586426,70400,-0.004975187729674961,0.20098016242976638,-1.2261446616891427
2019-04-26,5.282072267822372,5.321588663963175,5.255727480310343,5.275485992431641,69400,-0.001247470781854024,0.2001713161636918,-1.1395319277210367
2019-04-29,5.295244190502042,5.315002388572444,5.22938300684921,5.275485992431641,137300,0.0,0.2001713161636918,0.16160416148094914
2019-04-30,5.290031343246005,5.290031343246005,5.151167995260962,5.197455883026123,243300,-0.014901553785222817,0.20137314601495399,1.1914433802360522
2019-05-01,5.1776180527853946,5.243743380569222,5.104880034567968,5.204068183898926,63400,0.0012714101743131583,0.2010821241043784,-1.1710186150760287
2019-05-02,5.171008032784433,5.24374576881964,5.081738563135892,5.1776204109191895,192200,-0.0050950921814748385,0.20201123320049352,0.7902302244642129
2019-05-03,5.177618039792584,5.250356057827481,5.177618039792584,5.190843105316162,143600,0.0025505614297567456,0.20200905677469455,0.23785878091112228
2019-05-06,5.151168812503303,5.1974567076121225,5.03875557817509,5.137943744659424,77400,-0.010243182273640659,0.20013651942886873,-0.7814462784913961
2019-05-07,5.085043366091534,5.111493501221724,4.979242825570774,5.1048808097839355,53400,-0.00645584614529198,0.19719768699244697,-1.3461065432286339
2019-05-08,5.118105877349031,5.1445563277897035,5.071818298526439,5.1048808097839355,90900,0.0,0.17759406534543057,-0.2882308106375499
2019-05-09,5.071818340838267,5.091655784696163,4.932954972591055,5.058593273162842,46200,-0.00910866821212545,0.1154915138035837,-1.4854476254757492
2019-05-10,5.04537008999348,5.085045307838926,4.9990821781851595,5.018919944763184,54500,-0.00787367528140212,0.11599285684922239,-1.1300626868552168
2019-05-13,5.032143327212091,5.032143327212091,4.866829817391948,4.899892330169678,110700,-0.024001528669477586,0.13331208794100607,0.2899380677238603
2019-05-14,4.893280393093271,4.899892770118326,4.8337674233151455,4.846992492675781,106900,-0.010854823438320865,0.1344027563587704,0.19510338457892987
2019-05-15,4.807315305579497,4.82715305910916,4.734577296384593,4.767640113830566,139000,-0.016506960569596083,0.13880745941421282,0.715389791616254
2019-05-16,4.774253293769016,4.794091050646219,4.688290521462335,4.6949028968811035,73000,-0.01537401722658567,0.1421851524985906,-0.5325195907698441
2019-05-17,4.675065885454416,4.7411912222783545,4.589102789928056,4.642003059387207,184600,-0.011331463287260417,0.1226141557581766,1.3105321839368107
2019-05-20,4.608940782161738,4.708128956864408,4.589103336407512,4.6353912353515625,83900,-0.001425362541464439,0.12414476331063182,-0.21772155838550164
2019-05-21,4.642002644549295,4.77425330637844,4.635390269113062,4.708127975463867,143300,0.015569767205339567,0.1469794990222309,0.8022624985113038
2019-05-22,4.708127612935541,4.813928449562586,4.708127612935541,4.741190433502197,105600,0.006997878900996901,0.15132299910225838,0.22988684047986535
2019-05-23,4.714742021231957,4.714742021231957,4.582491006083292,4.589103698730469,85600,-0.03260351808697602,0.16844743507371363,-0.2974093902637998
2019-05-24,4.602327446000551,4.747803174012611,4.5891023798176365,4.708127975463867,62000,0.02560563918597914,0.20274644676152404,-0.9827320519086716
2019-05-28,4.7411920454989085,4.7411920454989085,4.52959061561114,4.542815685272217,209400,-0.03574335677681149,0.22739514029419194,1.4809919910339113
2019-05-29,4.522976963845071,4.628777491318729,4.48330176604245,4.6155524253845215,165600,0.015884548127208197,0.23997191022302286,0.9603588348430744
2019-05-30,4.608940782161738,4.681678818985098,4.608940782161738,4.6353912353515625,65800,0.004289041444263771,0.2405763265176022,-0.8566508791416259
2019-05-31,4.610150061443245,4.656650247758083,4.576935597395989,4.603507041931152,131500,-0.006902190941877632,0.23936214077027995,0.5915790358722015
2019-06-03,4.6101489377209806,4.696506269788991,4.517148904516637,4.656649112701416,93200,0.011477701516572826,0.2467810171846772,-0.1021180469149513
2019-06-04,4.689862808991547,4.762934415129578,4.651334132418531,4.676577091217041,324800,0.004270336615383945,0.24751920433482416,2.3589911693100585
2019-06-05,4.66328985313169,4.736361435447159,4.610146999359131,4.610146999359131,87000,-0.014306708004359568,0.24900618136300945,-0.31862410606825786
2019-06-06,4.6167915258793215,4.663291699721846,4.6167915258793215,4.623434543609619,116800,0.002878093047826514,0.25048975336891793,0.21414006634971255
2019-06-07,4.650005770469294,4.729720079084349,4.650005770469294,4.709791660308838,274200,0.01850583695919987,0.2627822637368523,1.7607786699193941
2019-06-10,4.709790906934756,4.855933782685469,4.709790906934756,4.782862186431885,33300,0.01539547750633303,0.27019249481184165,-2.1897738900466956
2019-06-11,4.796147625800895,4.869219217840219,4.756290480167564,4.802790641784668,61500,0.004157981604700171,0.27048673112282196,-1.0870232894164964
2019-06-12,4.7762200794831156,4.869220102864473,4.756291344666007,4.81607723236084,518100,0.002762611816756874,0.258813894285973,2.3240101852584427
2019-06-13,4.855933277759168,4.9489332799302685,4.855933277759168,4.922361850738525,89100,0.02182872178202005,0.2674688391536128,-0.4359214880698792
2019-06-14,4.922362129973621,4.9323266540531066,4.885826491951491,4.929005146026611,61800,0.0013487054735213362,0.26001412064951296,-0.9295533246666593
2019-06-17,4.915719229617952,4.9555763740363705,4.8957904990305305,4.90907621383667,46000,-0.004051391469543933,0.25358792576036243,-1.3034879037854197
2019-06-18,4.922363652003411,5.0751495841438565,4.922363652003411,5.041935443878174,48900,0.026704244726544698,0.2622406511520637,-1.0995202354147122
2019-06-19,5.048577228511472,5.1150058137373176,5.048577228511472,5.061862945556641,72100,0.003944561589412635,0.26151626778677345,-0.5202574124464172
2019-06-20,5.115005337618203,5.208005665034134,5.101719621809706,5.168148517608643,149500,0.020779917395078222,0.2649725869251319,0.534781246746367
2019-06-21,5.16150590026664,5.2412202012788605,5.061862865623127,5.075148582458496,395000,-0.01815870216374166,0.2760120993132999,1.7050367988294988
2019-06-24,5.081791634356185,5.2212918204693874,5.081791634356185,5.2013630867004395,32600,0.024564921463551853,0.2525109524926507,-1.4750194938882928
2019-06-25,5.194719084490063,5.314290506862158,5.1814333708931635,5.234576225280762,139300,0.006365167470639124,0.2422405875805133,0.3087417331414421
2019-06-26,5.247864015387326,5.354150082974896,5.1947211399718025,5.208006858825684,126400,-0.005088668880973772,0.19607710991527633,0.21945390468305745
2019-06-27,5.208005350210687,5.267790909356668,5.208005350210687,5.2212910652160645,324300,0.0025474799303442544,0.19346595112663542,1.3404842135041468
2019-06-28,5.255975272662689,5.322675401899261,5.209285023171437,5.316005229949951,50500,0.017977422848959927,0.19781678347451406,-0.9400909217669284
2019-07-01,5.3560265393156214,5.402717117596467,5.32934648148489,5.336016654968262,43300,0.0037573051908544913,0.19206372846064426,-1.0348919422862488
2019-07-02,5.329345405594147,5.329345405594147,5.202615315508193,5.249305248260498,93900,-0.0163836956723843,0.20756165089918324,-0.11252539914946129
2019-07-03,5.242636314452471,5.329346341092433,5.209286084016923,5.262646198272705,94800,0.002538245585074692,0.20779906302743048,-0.03289763588672195
2019-07-05,5.282654496308593,5.49609487640914,5.282654496308593,5.489424705505371,81000,0.04218948073813197,0.23045461047150137,-0.2259267187409456
2019-07-08,5.469416082749345,5.502766308811156,5.329345642171864,5.356025695800781,75300,-0.024601235114820885,0.25677605496293987,-0.2909985501536375
2019-07-09,5.356024289209072,5.4293948944971,5.329344242586832,5.422724723815918,42400,0.012376180312736232,0.25418135120995,-0.9228645725154664
2019-07-10,5.449404770438158,5.482754987741581,5.396044677193677,5.422724723815918,50500,0.0,0.2531473171643808,-0.7432783974550363
2019-07-11,5.416054607281242,5.442734654170214,5.376034854999031,5.396044731140137,72900,-0.004932177706988168,0.2559146015242564,-0.27013487073439346
2019-07-12,5.396046944113095,5.402717117596467,5.32934648148489,5.336016654968262,59800,-0.011186798141749688,0.26230859391297195,-0.46638482069762305
2019-07-15,5.34935747000158,5.402717590332031,5.269316971454499,5.402717590332031,47200,0.01242265459317617,0.25661358307882604,-0.7763117155809797
2019-07-16,5.4093863959542245,5.45607697199934,5.336016399458649,5.442736625671387,76300,0.007379906119545216,0.2565504160866484,-0.05395480272867457
2019-07-17,5.449405612098823,5.502765713584771,5.412720303788763,5.476085662841797,66600,0.006108560060670169,0.25457958009007525,-0.2955293245744
2019-07-18,5.422724778029108,5.469414701059185,5.362694513503298,5.396044731140137,38400,-0.014724322631641553,0.250921215150543,-1.1202097376562266
2019-07-19,5.3960464483510995,5.422726503730599,5.356026047230502,5.409386157989502,161100,0.002469394097435193,0.2509204817476059,1.0013779906723697
2019-07-22,5.4093846856568595,5.456075246939715,5.38937480859422,5.4293951988220215,29600,0.003692124216500628,0.24264889657411154,-1.3789939330517134
2019-07-23,5.422725027766967,5.461410874901739,5.349355054468941,5.4293951988220215,29500,0.0,0.23119554905821957,-1.3660057864298512
2019-07-24,5.409385031003239,5.462745130645245,5.369365274323016,5.416055202484131,89400,-0.0024600182697333424,0.21834433685857213,0.3954676297957311
2019-07-25,5.4027143776191435,5.416054081717924,5.229293771617977,5.255973815917969,70800,-0.030002428621196297,0.24387944403660963,0.05423838240400058
2019-07-26,5.282654762268066,5.3360148599796595,5.242634688984372,5.282654762268066,23700,0.005063467823643284,0.24364404855631666,-1.661828633469275
2019-07-29,5.269314343275238,5.269314343275238,5.2159542495592355,5.242634296417236,31100,-0.007604666911473115,0.24519555475681876,-1.2532508502993653
2019-07-30,5.210488205482881,5.210488205482881,5.049753189086914,5.049753189086914,70100,-0.037484731686516774,0.2686612948536515,0.4087221304507466
2019-07-31,5.083238925472667,5.150211705123865,5.029660701751709,5.029660701751709,103000,-0.003986841728461675,0.26774578772841795,1.0975610828197209
2019-08-01,5.002872192829486,5.103331540501869,4.969385956506333,4.989477634429932,36400,-0.00802130511146246,0.2639464330873971,-0.9242125417686637
2019-08-02,5.002872325287772,5.076542558111575,4.88901873555286,4.949294090270996,64100,-0.008086263419816466,0.2639990158439004,0.2699279076055272
2019-08-05,4.909109826143498,4.909109826143498,4.688099473489507,4.734980583190918,78500,-0.044267332454268254,0.2471945245515141,0.6972102647614361
2019-08-06,4.728284557227252,4.875625049239869,4.728284557227252,4.808651924133301,141200,0.01543915365229407,0.2502490905779964,1.7266393535301285
2019-08-07,4.788559923185104,4.962689206551949,4.761770802667128,4.902413845062256,47000,0.01931092567667766,0.25741333734069843,-0.4172928289291888
2019-08-08,4.889017460317428,4.955990236619437,4.8622283497966245,4.929201126098633,69900,0.005449226276699376,0.2593791737413364,0.32562919112805133
2019-08-09,4.949294019008652,4.955991457965051,4.862229548035723,4.922504901885986,43100,-0.00135940419351382,0.2596069573772006,-0.5647316523369296
2019-08-12,4.909111377294965,4.909111377294965,4.714890077572495,4.875625133514404,57700,-0.00956919859843597,0.2591321053371632,0.004227922627444732
2019-08-13,4.822045832272744,4.982780863669294,4.721586796920321,4.955991744995117,75400,0.016348969362235472,0.2626570132126719,0.47878024061267965
2019-08-14,4.915807325548106,4.915807325548106,4.721586084778354,4.741677761077881,56300,-0.044206266994808285,0.2932338268363441,-0.05884789843564943
2019-08-15,4.748375546013335,4.822045456957618,4.674705315717593,4.781861782073975,59500,0.008438933716014016,0.29461089182184497,0.059392138975273866
2019-08-16,4.808652464045588,4.862231034016914,4.708193403809315,4.835441589355469,46200,0.011142491728013033,0.2990560983230134,-0.45662799021192974
2019-08-19,4.842137467567635,4.895715700895121,4.741678120402871,4.8019537925720215,29700,-0.006949581341294039,0.2977804236445355,-1.2613196094553683
2019-08-20,4.801954215942105,4.889019012451172,4.721586858865193,4.889019012451172,84000,0.017968797196371886,0.3073890456495278,0.8661370405607953
2019-08-21,5.022964944169516,5.056451504871251,4.935900141826215,5.002872943878174,119100,0.023020663785779487,0.3220923968845014,1.4748483387997737
2019-08-22,5.016267447587902,5.016267447587902,4.88232184499802,4.902413845062256,89700,-0.020284630937061513,0.3269726470700231,0.8593800770679914
2019-08-23,4.882320376739718,4.922504045432263,4.788558483123779,4.788558483123779,51700,-0.023498282109773703,0.32137036910300704,-0.3030803676072425
2019-08-26,4.835440304149591,4.855532302467556,4.741678390485873,4.8153486251831055,37600,0.005579023463101068,0.3215672688023112,-1.1313146458638548
2019-08-27,4.808651374563754,4.808651374563754,4.641219219635819,4.688100337982178,43600,-0.02678099141421497,0.33069903168332276,-0.8625742108873531
2019-08-28,4.694798654327612,4.815349713424819,4.6412200864884126,4.7550740242004395,86300,0.014184808332509048,0.3154721676359853,0.7931949162635388
2019-08-29,4.776601229719584,4.924608773401773,4.776601229719584,4.917881011962891,90400,0.03366548557443216,0.3398071549910189,0.937934651857042
2019-08-30,4.897698556802432,4.958246808084509,4.890970795105904,4.931336402893066,257100,0.0027322778519718615,0.3390765438706365,2.715030602061889
2019-09-03,4.897699687934976,5.005341333560775,4.897699687934976,4.944792747497559,100700,0.0027250257112990265,0.33811908828873444,0.746085783069459
2019-09-04,4.991884774365615,5.075979867408709,4.9447914067744465,4.985157012939453,41100,0.0081298473278326,0.2981213208481674,-0.9722265136363994
2019-09-05,4.991883661641919,5.045704457864917,4.951518064474669,5.018794059753418,72300,0.006724777706815819,0.2948483478482389,0.21239671121902423
2019-09-06,5.01206655547645,5.079342874983999,4.964973516777884,5.025521755218506,36100,0.0013396027355392125,0.2880765725795399,-1.1772035220338104
2019-09-09,5.065887482000786,5.065887482000786,4.978428526614956,5.01206636428833,49100,-0.002681002414026463,0.28793548405687364,-0.515483504820746
2019-09-10,5.02552428724865,5.092800640652316,4.951520811780503,4.978431224822998,157200,-0.006733451712135609,0.2890415496405347,1.612452796084029
2019-09-11,5.03224879265542,5.086069583892822,4.964972803608667,5.086069583892822,86900,0.021390522050732993,0.29523145285904107,0.4448674675438856
2019-09-12,5.065888301016967,5.160074710845947,5.0591605399162445,5.160074710845947,27700,0.014445709870934565,0.2941385035352198,-1.5331197436322732
2019-09-13,5.160075288480626,5.2004408972116964,5.106254476839199,5.133164882659912,90300,-0.005228653087970913,0.24380331993830692,0.5271211597127744
2019-09-16,5.207167178503675,5.254260538599742,4.998611419444984,5.186984539031982,273500,0.010430109503156594,0.2443798817905638,2.0779180729618094
2019-09-17,5.2004389256709125,5.2004389256709125,5.059159188274121,5.086069583892822,239600,-0.019647166286120198,0.2558452322473664,1.6418718300764858
2019-09-18,5.052432509107044,5.1600741077594945,5.025521788646663,5.139891147613525,63700,0.010526553371897741,0.2549537936005107,-0.36735552008372224
2019-09-19,5.126435883186957,5.18025668183502,5.119708443754582,5.146618843078613,140000,0.0013080620016793399,0.24929477636989336,0.7945612750407052
2019-09-20,5.146619806682564,5.186985413226282,5.059160832105846,5.079343795776367,101600,-0.013157884550477431,0.2430963924710926,0.32214792107815543
2019-09-23,5.072615747340568,5.106253911289493,5.025522381971535,5.092798709869385,312500,0.0026454450343044848,0.2307957447037949,1.7752159269504197
2019-09-24,5.11298160742781,5.119709368873139,5.045705596961126,5.099526405334473,115400,0.0013201494980051287,0.2117239623993722,0.3394898470295105
2019-09-25,5.1197089876931985,5.1197089876931985,4.958246253797291,5.072615623474121,68700,-0.005291087081967657,0.21339498104508395,-0.4467810496758443
2019-09-26,5.086071336468986,5.106254300536338,5.012067562618469,5.052433490753174,41900,-0.003986580059514393,0.18698993927496355,-1.1619393831335667
2019-09-27,5.059186629838756,5.086205280144917,4.991640809283048,5.011904716491699,186700,-0.008053980799731254,0.18694351267101814,0.9364745224215817
2019-09-30,4.998397661464351,5.0591887645734746,4.964624575893937,5.0389251708984375,22400,0.005376773819782174,0.14945668804919085,-1.8058684487422623
2019-10-01,5.018660463954632,5.025415208837444,4.9240962901830025,4.998396873474121,43300,-0.00807556388016934,0.15267681588342788,-0.868901197473032
2019-10-02,4.964622738013307,4.9983958110810836,4.944359151839757,4.984886646270752,87000,-0.002706571525112291,0.1529028601779598,0.07142416713844182
2019-10-03,4.951113977341713,5.0659420486444136,4.940982183427922,5.04567813873291,36900,0.012121398564474292,0.15604342683884778,-1.060258060258123
2019-10-04,5.08620544160205,5.140242099761963,5.08620544160205,5.140242099761963,35000,0.018568116721851203,0.16693787145968836,-1.0532818930155765
2019-10-07,5.126734044612822,5.14699763476575,5.0862065422230085,5.099715709686279,62300,-0.007915384501053788,0.16985061172175028,-0.3522888012170821
2019-10-08,5.092961400816521,5.119979738055549,4.957869714621382,4.991642475128174,71600,-0.021419786041148785,0.18616794061151928,-0.19438501116303886
2019-10-09,5.025415837165583,5.0794525146484375,4.984888329053441,5.0794525146484375,155500,0.01743847413884194,0.19413078630157882,0.8420032173277872
2019-10-10,5.072697189128239,5.092960778539636,5.011905776726155,5.025414943695068,29700,-0.010695456679838658,0.1830811201723874,-1.2467165421536068
2019-10-11,5.045678721625471,5.106470136298873,5.025415131456977,5.059187889099121,37900,0.006697947797350688,0.17693799770765353,-0.9764346577458615
2019-10-14,5.032168757008474,5.052432666050932,5.011905170049924,5.018659591674805,49100,-0.008043089754446538,0.17806251177142027,-0.5939353077277817
2019-10-15,5.018660731618731,5.052433813666111,4.957869634851018,4.971378803253174,100000,-0.009465657603432378,0.17518096692910476,0.421422870647127
2019-10-16,5.0119060411557825,5.032169631636293,4.98488770579246,4.998396873474121,63200,0.00542000888251424,0.16460509599011225,-0.14042597546862878
2019-10-17,5.018662077365029,5.045680421414267,5.011907652394752,5.032171249389648,25700,0.006734315174084154,0.16180951409073668,-1.3588669286902921
2019-10-18,5.032169210028527,5.09971536486161,5.018660043478697,5.065942287445068,40700,0.006688608488059599,0.16384088707896244,-0.6296689957285071
2019-10-21,5.059188390955195,5.106470642845204,5.0456792221414775,5.052433967590332,33500,-0.0026700584243087707,0.1577500469326702,-0.8323330983634635
2019-10-22,5.065942168227285,5.234806907168195,5.05243300199537,5.221297740936279,118000,0.032875879415646896,0.19508881504737108,1.2243272481511136
2019-10-23,5.187523864544614,5.226025127307533,5.133487207947881,5.180769443511963,215200,-0.007792393912360862,0.19754857065384912,2.0101671955159035
2019-10-24,5.194279490462965,5.295598399843592,5.167261157572655,5.2820892333984375,509300,0.019368121139141853,0.20631698321047248,2.5789412797744493
2019-10-25,5.28209023287408,5.376654415883571,5.2348079803273375,5.349636077880859,151100,0.012706828170345512,0.20838206503933696,0.9711875491299975
2019-10-28,5.336125779702383,5.410426354529099,5.336125779702383,5.39691686630249,27000,0.008799304062845245,0.20556012445100208,-1.0367543454746557
2019-10-29,5.36989882424658,5.525254726409912,5.356389657373762,5.525254726409912,143900,0.023501510837535024,0.21689423707937985,0.9458735288402856
2019-10-30,5.5116942520034,5.559150206514314,5.416781696442681,5.525252819061279,71500,-3.4520561616791214e-07,0.21281318475461397,0.03163431327809731
2019-10-31,5.504914645205015,5.545591639456434,5.450679083895715,5.525252819061279,56100,0.0,0.21181897514170325,-0.2511762215473502
2019-11-01,5.518475766726014,5.748976658713068,5.518475766726014,5.660844326019287,173100,0.024244049835065912,0.2209900142848186,1.076344715822297
2019-11-04,5.667622748921215,5.7489761112648825,5.654064178466797,5.654064178466797,199800,-0.0011984451065269657,0.2168060115312759,1.138795970110189
2019-11-05,5.674403188597731,5.857448765587567,5.626947215247394,5.7421979904174805,274700,0.015467452002633289,0.21500806277524576,1.376156249984579
2019-11-06,5.701520440764139,5.7760948450203955,5.6540644719022195,5.667623043060303,40500,-0.013072248741764287,0.2033967216637315,-0.8392176211326307
2019-11-07,5.694740062926084,5.7015196708591835,5.654063708405483,5.687961101531982,117400,0.0035820403352567476,0.19924063917882115,0.4159453852228045
2019-11-08,5.65406506960619,5.701521043484788,5.599829486162321,5.681182861328125,48600,-0.0011923925018644298,0.1921689500625445,-0.6630598943300487
2019-11-11,5.633726643889738,5.74897676882105,5.545593662968867,5.721858978271484,41700,0.007134287507374134,0.19219942215709618,-0.8574561614017094
2019-11-12,5.715079658461308,5.721858620770806,5.579490067645963,5.667623043060303,46900,-0.009523935340766572,0.193612520180121,-0.7111745027406762
2019-11-13,5.620167201986009,5.626946810988743,5.447291051650878,5.464240074157715,111800,-0.03654475471179816,0.238109314830319,0.33160209422542397
2019-11-14,5.437122821807861,5.504916978915149,5.423563602462905,5.437122821807861,43300,-0.004975030836062634,0.24031661254860148,-0.7807690867077329
2019-11-15,5.457459171030228,5.654063259715192,5.457459171030228,5.559150695800781,351800,0.022195316136253584,0.2483615458239211,1.545938956967518
2019-11-18,5.538813886212893,5.640505436064014,5.49813687834898,5.620167255401611,256300,0.010916080169559913,0.24920921426088033,1.065855191648386
2019-11-19,5.64728420037261,5.654063808425641,5.532033449627128,5.5659308433532715,203100,-0.00969718602158126,0.2530733108593594,0.7169616288574959
2019-11-20,5.579489884277846,5.579489884277846,5.491357558299032,5.498136520385742,109700,-0.012255017836280628,0.23736063455934,-0.02499242586895137
2019-11-21,5.477797190648539,5.491356405052501,5.396443843841553,5.396443843841553,313200,-0.01866903115664494,0.24610936497847993,1.1972019120629112
2019-11-22,5.355769122086035,5.5083067837513875,5.342210226010661,5.437122821807861,37100,0.007509838708693381,0.23885117949588622,-1.240401351573275
2019-11-25,5.389664236639572,5.4642386227835065,5.355767170438059,5.396443843841553,99900,-0.007509838708693399,0.2370287528830538,0.015465475280649827
2019-11-26,5.362549155182567,5.3727185711072964,5.247298360859312,5.260857582092285,203200,-0.025446137314982117,0.25103777715478903,0.8288105482816909
2019-11-27,5.294883056651897,5.430998168843863,5.2744656275610895,5.308494567871094,543200,0.009014234301222413,0.2377282586046718,1.858373120671505
2019-11-29,5.322108101562495,5.431000232696533,5.322108101562495,5.431000232696533,101000,0.022815035716581708,0.252698913216847,-0.18475253855862148
2019-12-02,5.437805828630337,5.47864070232975,5.376554167129514,5.431000232696533,334200,0.0,0.252698913216847,1.1456429278697786
2019-12-03,5.444611657949769,5.512669563293457,5.424194221441835,5.512669563293457,323200,0.014925678182327786,0.24292647224556593,1.0427102971395612
2019-12-04,5.5535042155860035,5.594339091751344,5.475238072738134,5.478641033172607,234400,-0.006191916522201362,0.24352486193406322,0.6565096554342309
2019-12-05,5.492251802261378,5.57392089924483,5.492251802261378,5.512669563293457,239400,0.006191916522201375,0.23742484807096048,0.6927561840806563
2019-12-06,5.539890573826569,5.614753723144531,5.531042750798709,5.614753723144531,434000,0.018348726621135184,0.2437319869276594,1.2649276496997803
2019-12-09,5.6079487800598145,5.66920075335228,5.59433759102158,5.6079487800598145,135000,-0.0012127103817921113,0.24329904052755047,-0.11497848988791906
2019-12-10,5.580724782891621,5.662393850069775,5.580724782891621,5.614753723144531,589400,0.0012127103817921158,0.24337718744928868,1.4620990745247247
2019-12-11,5.6351737238104675,5.6964257179358615,5.613395554322871,5.6555914878845215,1041800,0.007246972954909544,0.24342238443501688,1.8891142143042772
2019-12-12,5.669200956785877,5.7576759603778145,5.669200956785877,5.703229904174805,58600,0.008387964553264772,0.24301433351629473,-1.3978110206650287
2019-12-13,5.703229904174805,5.771287149904473,5.669200956785877,5.703229904174805,426300,0.0,0.20286070344203017,0.8070843322368753
2019-12-16,5.710033893585205,5.778091116312896,5.710033893585205,5.710033893585205,115200,0.0011922952692573967,0.20129302848072925,-0.8020277088877413
2019-12-17,5.730453014373779,5.778093151971883,5.703229985882263,5.730453014373779,120800,0.003569628222114519,0.18803923014510038,-0.6782125489213289
2019-12-18,5.744065313299282,5.846152176642028,5.744065313299282,5.784900188446045,210300,0.009456519285338217,0.18717897356438556,0.015842908629223246
2019-12-19,5.798509299479512,5.907401383198711,5.798509299479512,5.852955341339111,138500,0.01169561324665539,0.18589893546776026,-0.47382232110551276
2019-12-20,5.88698363071535,5.907401383198711,5.825732320409312,5.852955341339111,74700,0.0,0.1784278869747089,-1.1810527020033454
2019-12-23,5.852954287510431,5.989069367651811,5.846148371241387,5.961846351623535,128300,0.018433503409245336,0.1676785167629465,-0.4827287745545849
2019-12-24,5.995877137650073,6.002682406975184,5.886984390822992,5.92781925201416,24100,-0.00572382666491647,0.17115935081783581,-2.3342324756400297
2019-12-26,5.941430482044391,6.02990547438221,5.92781929424909,5.968654155731201,143300,0.006865070461413306,0.16602486923571044,-0.33128150960998315
2019-12-27,5.955042254770367,5.989071197464389,5.907402124427596,5.934625148773193,45500,-0.005717600804088667,0.13114167624874853,-1.475343334702397
2019-12-30,5.941455961802982,5.96877297525515,5.866334337631761,5.907309532165527,91400,-0.0046133787747943125,0.13528401135996584,-0.6475312815772197
2019-12-31,5.873162389628373,5.955113410949707,5.873162389628373,5.955113410949707,43200,0.008059759425264431,0.11968078897437386,-1.3738225935348676
2020-01-02,5.9551130177439955,6.023405205358149,5.941454189447897,6.00974702835083,137400,0.009132408586867922,0.11964402625837209,-0.09904849045298525
2020-01-03,6.016576290130615,6.071210299353857,5.9756004575688015,6.016576290130615,84900,0.0011357190943561684,0.11439189648204538,-0.5568512954422363
2020-01-06,6.016580761143219,6.0780435787267475,5.9824343171817596,6.0370683670043945,52000,0.00340014944842135,0.1081021455388633,-0.9957686675903215
2020-01-07,6.037065435032139,6.0575530309432715,5.955114400098676,5.982431411743164,185500,-0.009091448495975768,0.11783208250671014,0.38497056683906383
2020-01-08,6.002918945642075,6.057552968366662,5.961943102954173,6.050723552703857,613900,0.01135078446053448,0.109192600662432,1.6163957836989093
2020-01-09,6.057553903580892,6.093749291150753,5.975602856841745,6.043895721435547,432200,-0.001129069355370527,0.10914690224519198,1.1471075797324353
2020-01-10,6.0234095289041125,6.0780435787267475,6.009751342093077,6.0370683670043945,113700,-0.001130266609188211,0.11008089571881652,-0.13663513228969204
2020-01-13,6.043895721435547,6.064383320298077,6.014529750582871,6.043895721435547,190500,0.001130266609188177,0.10946242830840118,0.5852937821693682
2020-01-14,6.0575540898477165,6.064383506774903,6.0165788908626885,6.064383506774902,138200,0.0033840985173193604,0.1078124260190493,0.13761071983276818
2020-01-15,6.0916988382972495,6.0916988382972495,5.989260217879038,5.996088981628418,149900,-0.011325469246886226,0.11830966944655641,0.3249950234077056
2020-01-16,5.996090002484895,6.016578251087829,5.879992532224169,5.927797794342041,249800,-0.011454643149253336,0.12765767282298313,0.9454487112925236
2020-01-17,5.934626559254043,5.955114807856977,5.8526755187092325,5.927797794342041,534600,0.0,0.127626830490919,1.7112712709665285
2020-01-21,5.934624564033219,5.950332346272307,5.85267355104034,5.873161792755127,211000,-0.009259652414303638,0.1295856463863753,0.5772454355311193
2020-01-22,5.879991644556347,5.975601503069455,5.859504050335281,5.961942672729492,625100,0.01500325503523514,0.13356078725723897,1.6752844835316378
2020-01-23,5.927796039392724,5.989259464427065,5.9004790339651025,5.920966625213623,132300,-0.006896662913700391,0.13624221337060885,-0.10543936065120214
2020-01-24,5.927797848765724,5.927797848765724,5.763895114882321,5.839017391204834,490200,-0.013937189100053248,0.1286393520096491,1.2610118331546445
2020-01-27,5.757065684231762,5.757065684231762,5.668285236936344,5.681943416595459,118300,-0.02726920273112802,0.15712417347366398,-0.422727352893857
2020-01-28,5.709261798789941,5.7912128502991855,5.709261798789941,5.770725250244141,52200,0.01550444088260291,0.16588389920205143,-1.3077624664906369
2020-01-29,5.757067067303797,5.8048716845285915,5.743408233074391,5.770725250244141,68100,0.0,0.1652795503136646,-1.0494967223517764
2020-01-30,5.750163046753687,5.811844816319064,5.709041213434069,5.804991722106934,83500,0.005920423250717792,0.16666806738895693,-0.7943258186705489
2020-01-31,5.770724445258111,5.791285037994385,5.722749511003654,5.791285037994385,117000,-0.0023639812638689495,0.16354333202056023,-0.47485809046234184
2020-02-03,5.798137974285436,5.846112901817184,5.77757738443031,5.804991722106934,79500,0.0023639812638690206,0.15972452055759637,-0.9191250792079759
2020-02-04,5.839261491909195,5.9352113746489294,5.835834617009982,5.900943279266357,45500,0.0163940268191286,0.1713975316602885,-1.5144051947888497
2020-02-05,5.9626251873526455,5.969478936538551,5.907796501084398,5.948918342590332,134200,0.00809719589590439,0.173648217349193,-0.279765571290337
2020-02-06,5.969478316728286,5.969478316728286,5.866674704051784,5.935210227966309,204400,-0.002306962706146128,0.17108901378206734,0.24586413393298542
2020-02-07,5.928356847751919,5.928356847751919,5.846113821780029,5.859821319580078,130400,-0.012783337579278544,0.1706695562380483,-0.2459370943906926
2020-02-10,5.8598216790442095,5.8598216790442095,5.763871149386293,5.818699836730957,83900,-0.007042270548704741,0.17172201561857933,-0.7672545812957626
2020-02-11,5.832406977589448,5.900942505761289,5.832406977589448,5.859821319580078,57000,0.007042270548704831,0.17444068201609358,-1.219471032736556
2020-02-12,5.928356807476367,5.942064305183291,5.894089370427984,5.914649963378906,200500,0.009313206305608977,0.178209893365264,0.48533585305143917
2020-02-13,5.894088248603702,5.955770015716553,5.887234501054716,5.955770015716553,523200,0.006928182303430923,0.179732195460566,1.584454853804274
2020-02-14,5.976332685724456,5.983185781300865,5.907796501084398,5.948918342590332,58200,-0.0011510883236151522,0.1756779495989092,-1.0979411129345893
2020-02-18,5.962624838760529,6.010600426647579,5.914649904482939,5.996892929077148,111300,0.008032078075904081,0.17314513720724606,-0.260461986684449
2020-02-19,6.0105996066943375,6.065428282277532,6.003745858844096,6.044867038726807,257400,0.007967998630879169,0.17501514205183666,0.8697927856055274
2020-02-20,6.065428484174896,6.065428484174896,5.969477971905757,5.983184814453125,51900,-0.010256484715882815,0.1757789004314792,-1.1174833406230225
2020-02-21,5.976332046772012,5.9831851416157305,5.921503366365708,5.962624549865723,51700,-0.0034422589984752254,0.16857628591470877,-1.068887405751622
2020-02-24,5.907793998718262,5.918074618142554,5.78442918006363,5.907793998718262,171700,-0.009238248994010908,0.1699736447366896,0.6032948636123179
2020-02-25,5.948918874245781,5.95577197043465,5.8803826834806365,5.900943279266357,190400,-0.0011602798943187828,0.16247064774551087,0.9018417415332232
2020-02-26,5.914651048870263,5.962625992430212,5.784432411193848,5.784432411193848,348300,-0.01994197402396057,0.14803059517297548,1.6349970635795923
2020-02-27,5.701896020364774,5.7397254561480935,5.5987256666989555,5.653749942779541,231200,-0.022851210261250313,0.15938549502198138,0.9491057384586238
2020-02-28,5.557456135692051,5.612480401911497,5.454285472545339,5.591846466064453,451100,-0.011009483131589642,0.16305731604138066,1.684401367311559
2020-03-02,5.612479569429149,5.708772349000856,5.550577115128829,5.6262359619140625,206400,0.006131101959109691,0.16317969774669758,0.5553522219236047
2020-03-03,5.646870611215333,5.750040944179581,5.557456016540527,5.557456016540527,177900,-0.012300197944458132,0.16742563022455315,0.3234343342870013
2020-03-04,5.598724842071533,5.660626651588937,5.5595199035518,5.598724842071533,104600,0.007398412466859457,0.16995406965302773,-0.4275915693418529
2020-03-05,5.516186533269899,5.52994226753834,5.461161956344161,5.509308338165283,91300,-0.01609977821722446,0.1634615577214331,-0.7013225559037801
2020-03-06,5.399261267184368,5.433651597944405,5.296090602874756,5.296090602874756,129600,-0.03947016053987302,0.20061284867723567,-0.18423209773189697
2020-03-09,4.993456441711218,5.000334310125652,4.539505647392636,4.6701884269714355,215700,-0.1257695070272229,0.4616464553784866,0.5588812874448977
2020-03-10,4.677067279815674,4.732091546736011,4.53950628454433,4.677067279815674,184600,0.0014718446358675617,0.46375016864898433,0.30598280020155944
2020-03-11,4.628919923424522,4.628919923424522,4.257505870677747,4.291895866394043,304200,-0.08594270167321494,0.5314359026663025,0.9425828099087341
2020-03-12,4.133700832246099,4.133700832246099,3.54906736294844,3.5972137451171875,363200,-0.1765689761064056,0.7663801062586223,1.1043017787759428
2020-03-13,3.7347758397842954,4.092433929443359,3.659117631104675,4.092433929443359,350500,0.12898029971969344,0.9259250882514336,0.9860756282861995
2020-03-16,3.831067776279405,3.837945644618451,3.1501417562504,3.2258002758026123,390400,-0.23795881883073763,1.1941482675224053,1.1998255702961353
2020-03-17,3.273946870299235,3.4115075253662313,3.0194591664695833,3.1295080184936523,400200,-0.03030525739222573,1.189782868792776,1.1473788585655413
2020-03-18,2.9781906403575467,2.9781906403575467,2.5517523288726807,2.5517523288726807,350400,-0.20409549864957133,1.3225415605778275,0.8528120774506068
2020-03-19,2.531119115333195,2.6136555280143057,2.4760946762271794,2.5792653560638428,453700,0.01072430171595449,1.323853080458896,1.1763566321019017
2020-03-20,2.599899148519838,2.778728185275639,2.4073140446278414,2.4692163467407227,532800,-0.0436037809005237,1.3192680072417535,1.3618008599392841
2020-03-23,2.4692162904840997,2.5242407217605063,2.2835092243912003,2.2972652912139893,256500,-0.07218142008430882,1.3153427017455517,0.030965946455877833
2020-03-24,2.304143423201388,2.448582295005314,2.304143423201388,2.3935580253601074,504100,0.04106156075853399,1.344004430754299,1.2573135024323867
2020-03-25,2.4760948016277724,2.8543872041971206,2.4073144542435,2.8062407970428467,488500,0.15906482060505842,1.511106382011785,1.0849217299689888
2020-03-26,2.8062404328803088,3.294581327893066,2.8062404328803088,3.2464349269866943,411000,0.14571165566114608,1.636226919912716,0.7303036845159661
2020-03-27,3.177653741982062,3.198288002007853,3.0332149057128377,3.0813612937927246,187500,-0.052185970868100215,1.6383297435226578,-0.7398746413909938
2020-03-30,3.08823988317218,3.095118080777532,2.8199964080032043,2.9919474124908447,261400,-0.02944699392727109,1.6370370221123862,-0.06527138881492209
2020-03-31,3.0400934798957637,3.1570202026564433,2.9885079873993288,3.0125813484191895,353700,0.00687281815819499,1.6372440384102551,0.4694688722800957
2020-04-01,2.9300456197489186,2.9300456197489186,2.76841156462,2.8406310081481934,199100,-0.05877108861566738,1.6389184345906824,-0.656832957058094
2020-04-02,2.8131194405272937,2.9988265718108424,2.7856072972238506,2.895655870437622,244700,0.019185424732794325,1.6429884137628716,-0.36999604218261783
2020-04-03,2.8887775064871595,3.0676067557691438,2.8475092938768403,3.0400946140289307,238200,0.04867699977571503,1.6657530846760484,-0.635684816745625
2020-04-06,3.088239047477095,3.287702460439694,3.081361179703446,3.239556074142456,326000,0.06354766829372725,1.6950274597582182,0.07857421014209527
2020-04-07,3.3220921325435535,3.480287011615646,3.253311821636207,3.2808239459991455,271500,0.012658287634990993,1.6571008982045616,-0.5240126222586635
2020-04-08,3.2945814154413693,3.3427278176271558,3.246435013255583,3.2739474773406982,212200,-0.002098157429756106,1.656650600082234,-1.359357946688197
2020-04-09,3.3119752355957384,3.547063355520115,3.1806024820910603,3.2566604614257812,249500,-0.0052941644802293525,1.6378018052035475,-0.7934097974354432
2020-04-13,3.263576084461985,3.360377311706543,3.166775186919634,3.360377311706543,166500,0.03135099083285725,1.5313017738252415,-1.7949039113974254
2020-04-14,3.4710062383454923,3.512492329277652,3.2843186642997004,3.3188905715942383,1040400,-0.012422700920928472,1.4538444291097334,2.680925664077544
2020-04-15,3.2290038763901534,3.3811195431414074,3.1806032721182285,3.3188905715942383,153600,0.0,1.1941721235643443,-1.5285997279871377
2020-04-16,3.29123320807477,3.29123320807477,3.173689117828936,3.22900390625,229300,-0.027456860385048833,1.1932610272461808,-0.6013342475196212
2020-04-17,3.249748468399048,3.3603784321806223,3.215176872600438,3.249748468399048,341100,0.006403897492531295,0.9300774845526576,0.2613506620362765
2020-04-20,3.1944320771671983,3.346548078766867,3.125288589941055,3.2082607746124268,325100,-0.012848623463013612,0.9339065930082426,0.19546796635133648
2020-04-21,3.2082605094713816,3.2082605094713816,3.0492303371429443,3.0492303371429443,187400,-0.05083976524841925,0.9394975944326764,-0.9322691913178562
2020-04-22,3.0561456760406966,3.125289176237999,3.000830875882855,3.0768885612487793,397400,0.009029668698972738,0.8907953900281383,0.7101568605651398
2020-04-23,3.0768877630169675,3.0768877630169675,2.890200196065185,2.90402889251709,232700,-0.05781983286840468,0.9182596811021343,-0.41759081304043616
2020-04-24,2.980086503432448,2.980086503432448,2.7830275219872185,2.8003134727478027,274700,-0.03636768065942883,0.750656894430853,0.031898564589605896
2020-04-27,2.848713678143415,2.904028455629372,2.7795702062859693,2.786484718322754,383000,-0.004950521638558364,0.5312918844740872,0.8537112254498253
2020-04-28,2.8417993937617565,2.9178570452227315,2.821056188098356,2.8348848819732666,708500,0.01722048652042349,0.5113971736126152,2.0011866104819735
2020-04-29,2.904028753113811,3.035401527951633,2.883285874282748,2.9662580490112305,779300,0.04529991194575463,0.529701099386547,1.8921653527315048
2020-04-30,2.9273192217868798,2.9829451867000043,2.885599748102036,2.920365810394287,567200,-0.015592356329215767,0.5315224736778497,1.1689516444979868
2020-05-01,2.864740479679632,2.864740479679632,2.673526100070352,2.76739501953125,318000,-0.05380243440677908,0.5250133506533116,0.00546145002930532
2020-05-04,2.774348657579322,2.8438813046892406,2.7117694243810555,2.836927890777588,699200,0.02481528652389956,0.5281266020266848,1.3954847750875203
2020-05-05,2.892553875842713,2.9203668683752757,2.836927890777588,2.836927890777588,240700,0.0,0.49643136431731527,-0.6150288048674218
2020-05-06,2.8369277017322694,2.843881115180565,2.7722624818253285,2.795208215713501,423500,-0.014815138467631118,0.4337492621227338,0.42466352404412055
2020-05-07,2.8299748882214883,2.8925539574058226,2.774348735809326,2.774348735809326,592700,-0.007490569759398646,0.42780347474271163,0.965475610302041
2020-05-08,2.809114898245025,2.899507289754366,2.7952084019787438,2.836927890777588,513400,0.022305708227029767,0.44020731895198467,0.6318400477234094
2020-05-11,2.8021621842259634,2.8299751804144586,2.732629527976192,2.7395827770233154,829700,-0.034916100436851415,0.4507449985508871,1.3655456979045255
2020-05-12,2.739582079555768,2.823021046878608,2.7187223377250582,2.788254976272583,661200,0.01761030597444062,0.43786996930783545,0.8784259633339836
2020-05-13,2.7673946095176305,2.7778243958133064,2.683955490259904,2.697862148284912,620800,-0.032956281178605266,0.4456668327991956,0.8608516232897101
2020-05-14,2.663097184868451,2.7326298492942667,2.6144244358153674,2.635284185409546,451000,-0.023468636013802693,0.44653535834802555,0.13429934623737821
2020-05-15,2.621376698221493,2.6770026761852943,2.572703967503167,2.6700494289398193,365100,0.013105958524135373,0.44977601572408793,-0.4036323251797969
2020-05-18,2.6770033566219444,2.8369282496958306,2.6770033566219444,2.8021621704101562,516300,0.048294337950836486,0.48956230837144066,0.3603055387533826
2020-05-19,2.7813025030147878,2.8230220007731583,2.7465362548828125,2.7465362548828125,783000,-0.020050748795514,0.49126870053213656,1.2067449429415609
2020-05-20,2.774348519947141,2.889077357120167,2.774348519947141,2.816068172454834,1080000,0.025001072863434254,0.4768063197134,1.8074613654449772
2020-05-21,2.816068611565975,2.945399073748733,2.816068611565975,2.843881607055664,366200,0.009828235079354817,0.4770847511015768,-0.7292405886352497
2020-05-22,2.8438816260113655,2.850834709151603,2.772958254949983,2.829975128173828,1193100,-0.004901959065084625,0.43486738843777334,1.8451203991858445
2020-05-26,2.8786480230992453,2.9620873509068493,2.8786480230992453,2.941227436065674,834700,0.03855906649875668,0.4360419733258837,0.9320799521632827
2020-05-27,2.9829451914127123,3.0211879594616784,2.9238425207099157,2.996851682662964,1549600,0.018735309024852122,0.4387647419224643,2.060683340645846
2020-05-28,2.9877561136587736,3.1521877503694467,2.940875692494967,3.071721076965332,695000,0.024675717395627163,0.4424540489314299,0.29398843189463936
2020-05-29,3.036735842411152,3.1207008057177106,3.01574443476096,3.071721076965332,1356800,0.0,0.41598048087634204,1.6051048147725633
2020-06-01,3.0717210147608474,3.260642345198369,3.0717210147608474,3.1976687908172607,938800,0.040184025544306945,0.43141322883061295,0.7814330928188211
2020-06-02,3.218660334622791,3.295628394163285,3.218660334622791,3.27463698387146,371200,0.023784976875182086,0.38041364791634397,-1.147676709895823
2020-06-03,3.2956296065418704,3.3935887787637373,3.2956296065418704,3.3725976943969727,1585700,0.0294762583018457,0.38333878333594384,1.6583739954593668
2020-06-04,3.3446090422362382,3.4565623712994635,3.3446090422362382,3.4355709552764893,1017300,0.0184998522013619,0.38368716646204315,0.741787699225345
2020-06-05,3.4915474800096593,3.673471966100545,3.484550564046977,3.638486385345459,1417800,0.05738463813902819,0.4077084729461739,1.308438299625076
2020-06-08,3.701459128990416,3.701459128990416,3.5895058397444224,3.63148832321167,745500,-0.0019251963248259876,0.4047054472694716,-0.06457101027406893
2020-06-09,3.5685151338105596,3.5685151338105596,3.4705559864326347,3.5055415630340576,1331500,-0.03529755052599535,0.4357007023454826,1.0546913729135288
2020-06-10,3.498543556138069,3.498543556138069,3.351604700088501,3.351604700088501,509600,-0.04490577401778072,0.4498435875015206,-0.8874047421615354
2020-06-11,3.23965113614753,3.260642208847747,3.103207829007779,3.1416916847229004,871700,-0.0646778381564469,0.516728144120668,0.18590585072917049
2020-06-12,3.2886317071676863,3.3012265554912457,3.1976698034456352,3.2326550483703613,1819200,0.028542388038756524,0.5025046931871842,1.5044749780764413
2020-06-15,3.162684224873705,3.2396522975436293,3.0787192366777174,3.2326550483703613,1340900,0.0,0.49004868506411187,0.8289169114447811
2020-06-16,3.351604684541703,3.4075813277967195,3.2256572372179146,3.2466483116149902,255800,0.004319379483637954,0.49023103627404546,-2.261436488196221
2020-06-17,3.2676392456548364,3.2676392456548364,3.162682887953112,3.19067120552063,272500,-0.017391871545729697,0.47704653977740447,-1.9218946852326628
2020-06-18,3.162682887953112,3.2256567693035594,3.148688729169353,3.19067120552063,495700,0.0,0.46812659093692,-0.8491592495963426
2020-06-19,3.2326548274986266,3.2466489912418037,3.155687093734741,3.155687093734741,397900,-0.011025052321536952,0.46743944126831155,-1.1059552168318265
2020-06-22,3.141692357432461,3.141692357432461,2.959768242605685,3.0507304668426514,562000,-0.033825192326536156,0.4863332986273021,-0.5968268001486946
2020-06-23,3.0857163626925748,3.1696816902633707,3.0857163626925748,3.162684440612793,458300,0.03604011422553856,0.49812454254459637,-0.8563156722762497
2020-06-24,3.155687292909149,3.155687292909149,3.0367367267608643,3.0367367267608643,422500,-0.04063767977661028,0.5069541996989113,-0.9174009856686572
2020-06-25,3.008748618419584,3.183675855917299,3.0017513687690065,3.162684440612793,323300,0.04063767977661019,0.5217853778419616,-1.2297515341968133
2020-06-26,3.141692556701697,3.169681217482066,3.0577275753021245,3.057727575302124,315500,-0.03374915586205259,0.5297805028300191,-1.1644932696928632
2020-06-29,3.1048981931881667,3.1084185666191204,2.999289676029858,3.027451992034912,240600,-0.009950678610455664,0.5308493679933425,-1.4281823790741306
2020-06-30,3.0133715427164955,3.0978585106012857,3.006330794198746,3.0696961879730225,409900,0.013857256106877158,0.5128354042149607,-0.5522751586405208
2020-07-01,3.062655439455273,3.138693979128678,3.052094652400016,3.0696961879730225,195700,0.0,0.5043479232191793,-1.555941236247024
2020-07-02,3.1048987601762845,3.1893860593410306,3.1048987601762845,3.168264150619507,213900,0.03160525622377599,0.5061301760130876,-1.3071101176515887
2020-07-06,3.217548934201486,3.2527516738336497,3.1823458588479143,3.2245893478393555,177100,0.017621756783215835,0.5056696414909507,-1.421380406456147
2020-07-07,3.2175487697757292,3.2175487697757292,3.168264533943573,3.203467607498169,249700,-0.006571757688218771,0.45545127847608985,-0.8500035698234704
2020-07-08,3.2879541712042264,3.3020353317260738,3.217548368594988,3.302035331726074,428600,0.0303051950908871,0.47250673567189594,0.006208769292311712
2020-07-09,3.294996512443415,3.30555764080813,3.2105094998549664,3.259793758392334,526400,-0.01287511645892492,0.4603368641438112,0.42371889930981455
2020-07-10,3.2457110150633404,3.2985152883842455,3.238670266235816,3.2668325901031494,203000,0.002156959526704582,0.43512772206973616,-1.0648549808406063
2020-07-13,3.2668317179547404,3.33723750882679,3.2668317179547404,3.2809128761291504,143500,0.004300810959181892,0.3689529793558864,-1.4690839772263502
2020-07-14,3.259792008036701,3.3020354916481534,3.2386700983702927,3.287954330444336,148700,0.002143887763529495,0.3561949544439401,-1.436298295525639
2020-07-15,3.3372385501861572,3.3794823736125363,3.3090762250495023,3.3372385501861572,102600,0.014878096305056853,0.35948338983744316,-2.124547203547798
2020-07-16,3.3161171901495883,3.3794825936943003,3.290770894443136,3.351320266723633,70400,0.004210694030988929,0.3594729081931928,-2.3510511494698645
2020-07-17,3.379481963148347,3.379481963148347,3.3090758231366824,3.3161165714263916,209300,-0.010559986780911615,0.35570561059575895,-0.39425947918061843
2020-07-20,3.2809131114180548,3.3301973364235273,3.1964261563126586,3.2386696338653564,143800,-0.023631752234576225,0.36649907769781276,-0.9626169591004221
2020-07-21,3.2668320308647303,3.414684373718558,3.2668320308647303,3.386522054672241,160200,0.04464081352799385,0.39375464147956424,-0.6972007625665508
2020-07-22,3.3654015063973053,3.428766575655101,3.3654015063973053,3.400604248046875,58200,0.004149683667087859,0.3698122762213589,-2.1595417515707824
2020-07-23,3.4498884011851234,3.4498884011851234,3.386522997822907,3.393563747406006,102800,-0.002072513710487363,0.3529068514972923,-1.1040068729707986
2020-07-24,3.3724410532580924,3.393562961393744,3.33019757270813,3.33019757270813,51400,-0.01884898875917192,0.3257066363222467,-1.9678830327148746
2020-07-27,3.3301989009019786,3.3935643148598227,3.2738742377045496,3.3654019832611084,97900,0.010515782693301548,0.29909909213135466,-0.8632006625458435
2020-07-28,3.3513194808437814,3.3865222134414132,3.323156824755799,3.33019757270813,31500,-0.010515782693301471,0.27284825488418385,-2.2044946954569666
2020-07-29,3.344278573989868,3.3513193216076615,3.3020350954470814,3.344278573989868,244200,0.004219363995802101,0.2680502814918014,0.6723092863223384
2020-07-30,3.341446744595214,3.341446744595214,3.277732944400384,3.313129425048828,291000,-0.00935780900087802,0.2701558113253147,0.9691555799125772
2020-07-31,3.284812291977502,3.3060504516274953,3.2281776496696457,3.235257148742676,226400,-0.023784774012131325,0.28627067351619584,0.5931253512851727
2020-08-03,3.2423377657058627,3.2706550995712136,3.185703097975162,3.199861764907837,154900,-0.011000803952405878,0.2692326502184132,0.06985446416663624
2020-08-04,3.1715431857032854,3.2210986692938,3.1715431857032854,3.185701847076416,109100,-0.0044349855083230085,0.26228263772711835,-0.40330544337838464
2020-08-05,3.2210994936130115,3.2352581586095197,3.1857026623371407,3.192782163619995,80000,0.002220063400569101,0.2615181488957574,-0.7737675696104669
2020-08-06,3.192782163619995,3.2069408286165033,3.1857026623371407,3.192782163619995,62700,0.0,0.23695419959047606,-1.0425761464918055
2020-08-07,3.1857017896894027,3.1927812890329954,3.1219876458735,3.136146306991577,80000,-0.01789793288347733,0.24057619391864296,-0.6140437066227038
2020-08-10,3.1290671380805346,3.21755885425897,3.1290671380805346,3.1715431213378906,65400,0.011223503096341162,0.24449307136821913,-0.8756764973983404
2020-08-11,3.221098280141412,3.2918915784542735,3.221098280141412,3.2564947605133057,52000,0.026433131559727326,0.2623735081312533,-1.1564867792025046
2020-08-12,3.3272897673019144,3.3272897673019144,3.192782600226123,3.199861764907837,101800,-0.017543779664837215,0.2687954163103671,0.012512144762970622
2020-08-13,3.228177441188161,3.2564947605133057,3.1927809608162674,3.2564947605133057,104400,0.01754377966483715,0.2709659741106855,0.054268363492195715
2020-08-14,3.263574337271971,3.28481215848981,3.17862203969337,3.206939697265625,68000,-0.015334273008803516,0.27451462657534653,-0.6755570707142888
2020-08-17,3.1927821191167967,3.199861282731776,3.107829792752671,3.1432266235351562,133900,-0.020067257635291373,0.28012590970922485,0.5369424369062292
2020-08-18,3.1573848968449116,3.2069403862820844,3.1573848968449116,3.1786227226257324,184900,0.011198137454973686,0.27299087654466125,1.0661921184049805
2020-08-19,3.206940386589837,3.2777337018146246,3.199860886282781,3.2706542015075684,199800,0.028542029640598536,0.24323286459666646,1.160426260130511
2020-08-20,3.313130190642441,3.313130190642441,3.214019549327739,3.2706542015075684,90000,0.0,0.24240785142277427,-0.2387138177434242
2020-08-21,3.3131294364772277,3.3131294364772277,3.2317172268928123,3.249415636062622,86200,-0.006514850636120704,0.24294584885125736,-0.2985476966590109
2020-08-24,3.3131300286576066,3.362685515676679,3.249416216854957,3.341447353363037,161800,0.02792887656799482,0.25592572574277017,0.7188109790027839
2020-08-25,3.4122415201315976,3.4264001846313477,3.302511617081645,3.4264001846313477,169200,0.025106148749471736,0.2680669514832281,0.7417483010805707
2020-08-26,3.483034842630347,3.483034842630347,3.3910033545973786,3.4264001846313477,170400,0.0,0.2649028896272048,0.7018396868625544
2020-08-27,3.468876076424274,3.468876076424274,3.3626859270050167,3.419320583343506,94500,-0.002068329706006033,0.264942034655778,-0.41498892402204257
2020-08-28,3.4243027110558537,3.5382087230682373,3.4243027110558537,3.5382087230682373,136100,0.0341787171485453,0.2855056059790969,0.484752160776488
2020-08-31,3.595163249347403,3.6165204638810065,3.459899645922965,3.4670186042785645,209600,-0.02032555585516479,0.2816217914710641,1.5357032118400644
2020-09-01,3.474139102826121,3.630759974915162,3.474139102826121,3.623641014099121,108300,0.04418429256317044,0.3097990653947978,-0.006106912600067845
2020-09-02,3.673474289487726,3.7660231445557506,3.630759511640994,3.6948318481445312,195800,0.019455720065496073,0.31078769720395094,1.3074882198387632
2020-09-03,3.694831188224176,3.730426660338769,3.602282349685962,3.6449971199035645,123900,-0.013579470109605158,0.31860877890461586,0.19699064748681544
2020-09-04,3.666355797396132,3.666355797396132,3.538211108038177,3.623641014099121,88800,-0.005876249955891034,0.32071791312362397,-0.6572217572117504
2020-09-08,3.5595671438352245,3.588043653828564,3.516852378845215,3.516852378845215,51700,-0.029912946344594744,0.3344197077802465,-1.8069919029721526
2020-09-09,3.5168532918031383,3.5880445852673994,3.5168532918031383,3.5453298091888428,106500,0.008064811678804532,0.3339119116252699,-0.20853512149253595
2020-09-10,3.5738049275809836,3.602281433819339,3.4954943656921387,3.4954943656921387,151500,-0.014156375594766853,0.3311444109547113,0.5687442167435569
2020-09-11,3.4954943656921387,3.5239708719304947,3.488375408865916,3.4954943656921387,72100,0.0,0.3226497431039381,-1.3021774725670547
2020-09-14,3.559567421123594,3.559567421123594,3.467018586702348,3.4883761405944824,89600,-0.0020384763881755577,0.319567785969951,-0.7228480582291995
2020-09-15,3.509733652592903,3.509733652592903,3.4314234071047407,3.438542366027832,76600,-0.014388687925593507,0.3188900320023172,-1.1543047202563432
2020-09-16,3.4670186042785645,3.5097333728125757,3.4100655795665493,3.4670186042785645,96400,0.008247382011155876,0.30760955082543706,-0.5208888702278156
2020-09-17,3.45278000831604,3.4812565178697037,3.4100652439855446,3.45278000831604,35800,-0.004115326718296774,0.3080876532823471,-2.447343039160704
2020-09-18,3.431422710418701,3.4741374736853117,3.410065159052014,3.431422710418701,431200,-0.006204746515819141,0.29641814921368226,2.5128071920244195
2020-09-21,3.381588935852051,3.3958271914769664,3.324635913352387,3.381588935852051,111300,-0.014629261159867518,0.3021163410158254,-0.054186213373059976
2020-09-22,3.402947047881806,3.402947047881806,3.3175171606355445,3.324636459350586,77600,-0.016985365800756706,0.3077790666571906,-0.7219947967214155
2020-09-23,3.31751627212894,3.3317545262788464,3.25700360712515,3.2676825523376465,100300,-0.017279298524633262,0.2977867645844322,-0.19923937571450326
2020-09-24,3.246324821677025,3.3317543418474562,3.2320865683152866,3.3175160884857178,299200,0.015135302721731848,0.2886079878586209,1.7071811681254865
2020-09-25,3.296160003432459,3.303278962810258,3.2748024463653564,3.2748024463653564,133500,-0.012958791246407204,0.291217352789456,0.29722389069165317
2020-09-28,3.303278902672309,3.402947047881806,3.303278902672309,3.324636459350586,91000,0.01510278704930863,0.2972930684623926,-0.3875126079708048
2020-09-29,3.3289305716903885,3.343248538695556,3.300294637680054,3.3002946376800537,87700,-0.007348583964280651,0.2681610930759483,-0.41557092616093194
2020-09-30,3.2358636154731704,3.3289305716903885,3.2358636154731704,3.3002946376800537,453500,0.0,0.2610649064192859,2.2025131893912078
2020-10-01,3.3360901268884997,3.3360901268884997,3.3002953720938155,3.3146133422851562,100900,0.004329229374668259,0.2012028433301861,-0.20042939234458382
2020-10-02,3.3002957532859263,3.3217725403698903,3.2931365966796875,3.2931365966796875,69600,-0.006500494549988544,0.18183765202507524,-0.7205582319434362
2020-10-05,3.29313548349384,3.321771417504175,3.2852608235297174,3.3002946376800537,714000,0.002171265175320244,0.18118334666599056,2.414778811233371
2020-10-06,3.3432477061436483,3.3432477061436483,3.2788166999816895,3.2788166999816895,238500,-0.006529153527303262,0.18124946653265653,0.8644338816006513
2020-10-07,3.3074534504990076,3.321771417504175,3.29313548349384,3.3002946376800537,66600,0.006529153527303234,0.1602819867063979,-0.852302610942337
2020-10-08,3.3289305373979876,3.3432485042556612,3.3074534164278493,3.3217713832855225,122300,0.006486441191714233,0.1589938917984125,-0.043971924809959
2020-10-09,3.3504073170008692,3.3575664711133344,3.3002946036826413,3.3217713832855225,417400,0.0,0.15407853547491157,1.457412324324563
2020-10-12,3.3289319817729286,3.336090797624242,3.271660089492798,3.271660089492798,68900,-0.015200661109249253,0.15994706057232497,-0.8275304493066503
2020-10-13,3.257342024065903,3.2931367850423774,3.243024051401834,3.250182867050171,317100,-0.006586267171380387,0.1603237869757059,1.0104341667723715
2020-10-14,3.2501832232459287,3.2716603552794625,3.2000701427459717,3.2000701427459717,443500,-0.015538532369832058,0.16136580413793705,1.2838771781722096
2020-10-15,3.207226882783499,3.2931346634213274,3.15353460522665,3.2788166999816895,527700,0.024309865931444,0.18400728751901488,1.3392956801218943
2020-10-16,3.2859774019024743,3.321772156697159,3.277386551514202,3.3146133422851562,84900,0.010858382901971615,0.18973460853646568,-0.8791985329097467
2020-10-19,3.314612101153705,3.3504068425453193,3.2859761714935303,3.2859761714935303,59900,-0.008677209941773309,0.19062530076002135,-1.190471428358995
2020-10-20,3.28597767389647,3.3575675307789647,3.2788185175245386,3.343249559402466,103400,0.017279487918358677,0.19608935656774118,-0.5111847139590191
2020-10-21,3.343248301741406,3.4219972853720892,3.343248301741406,3.407679319381714,567700,0.01908825213060269,0.1977869178714811,1.4180898953392984
2020-10-22,3.3862021997125327,3.4363152513624646,3.379043046033727,3.407679319381714,95800,0.0,0.18619056172102025,-0.692719763164549
2020-10-23,3.421998609136852,3.4363165806659866,3.3718855381011963,3.3718855381011963,54800,-0.010559413360545467,0.18461533250249454,-1.2229991838163101
2020-10-26,3.364726345783532,3.364726345783532,3.314613616649468,3.343249559402466,42500,-0.008528838770057183,0.18106697092472765,-1.3798953277705828
2020-10-27,3.364726455905194,3.364726455905194,3.278818624834586,3.2931365966796875,64400,-0.01510277252657384,0.18162490216326493,-0.8949927834709528
2020-10-28,3.27166018887674,3.27166018887674,3.2000699799844603,3.2072291374206543,121800,-0.026433116149402844,0.20167889157451113,-0.2256876920247096
2020-10-29,3.2000688891544744,3.2287051677703857,3.149956169653052,3.2287051677703857,269800,0.006673812703095855,0.2035630933121582,0.683822521043293
2020-10-30,3.204938884715353,3.2697579860687256,3.1977369531335196,3.2697579860687256,92000,0.012634791783036399,0.20830363574644586,-0.5114686040694432
2020-11-02,3.284160684558104,3.34897975614634,3.284160684558104,3.320171356201172,19000,0.015300423116359527,0.21419371595252523,-1.9927772745878471
2020-11-03,3.34898168258291,3.392194307357884,3.320173266066261,3.3453805446624756,105900,0.007564057419808892,0.21556923864030594,-0.18079989785923437
2020-11-04,3.348980737522162,3.413799484681484,3.334576533328611,3.37058687210083,36200,0.007506422896706139,0.21516550165342022,-1.2200343871395052
2020-11-05,3.356182271605328,3.4714162349700923,3.356182271605328,3.4714162349700928,660700,0.02947577234595913,0.2358604785487467,1.6338813114333652
2020-11-06,3.4930223669974834,3.5117478645803026,3.438286534894587,3.4714162349700928,59100,0.0,0.2355170145145308,-0.7186960481224205
2020-11-09,3.5650433890097766,3.7126868942343627,3.5650433890097766,3.6082563400268555,195600,0.0386619997833379,0.2671346529106393,0.5048367452760888
2020-11-10,3.637064882953748,3.7090858983400685,3.637064882953748,3.6658732891082764,98300,0.015841937664025436,0.26067587301397954,-0.20967489437424214
2020-11-11,3.673074817661396,3.7306916236759666,3.6658728886212018,3.687479019165039,35400,0.005876446911876787,0.2569937947624438,-1.13341409920687
2020-11-12,3.6874800270655648,3.6874800270655648,3.586650588980312,3.5938525199890137,26500,-0.025718279473877687,0.2698470686737032,-1.3022120320185364
2020-11-13,3.6082570688531113,3.6514696851753623,3.5902517261963363,3.5938525199890137,138900,0.0,0.2615379378735439,0.4882201722772838
2020-11-16,3.673075583596663,3.680277857561979,3.5866503565528176,3.6586713790893555,244200,0.017875317873077223,0.2648405098211198,1.0263642486311313
2020-11-17,3.622660542558123,3.6730750797059195,3.601054067049583,3.6082563400268555,489300,-0.013875422975101618,0.2687330803431386,1.5641578778633298
2020-11-18,3.5866512042419587,3.7162890754470634,3.5650447206627383,3.644268035888672,122700,0.009930884739790284,0.2655007414467397,0.16076214765656915
2020-11-19,3.6730764517120287,3.730693283358742,3.6370661036445355,3.644268035888672,115200,0.0,0.2601073694236416,0.18855526572312808
2020-11-20,3.6442659003060602,3.73069109712995,3.629861700835412,3.7162868976593018,61300,0.019569491919620163,0.26584793424529246,-0.4754233638913973
2020-11-23,3.745096901648768,3.8891393015111677,3.745096901648768,3.881937026977539,205300,0.04360923880126306,0.2929788832081562,0.7656736602640545
2020-11-24,3.8891386802250896,4.072792530413868,3.7955111867849323,4.0331807136535645,142600,0.038221060812057416,0.3067785998246981,0.3161202562908343
2020-11-25,3.989969073478278,4.040383969144386,3.953958384656289,3.961160659790039,103400,-0.018018245399874577,0.30980813740612645,-0.06398158269031297
2020-11-27,3.958986827246475,4.103739757501481,3.9083235950070008,4.038600921630859,116500,0.019361247239340455,0.2837121786982243,0.07110799589541822
2020-11-30,4.0603163220808565,4.1037421226501465,4.002415254655136,4.1037421226501465,117700,0.016000944814575195,0.28376997612125143,0.12991156698267026
2020-12-01,4.1037405804155345,4.270929970566692,4.1037405804155345,4.248493194580078,92000,0.03466510733687893,0.29499809504816527,-0.1516944839171051
2020-12-02,4.270207488451846,4.394694841490796,4.255732222868656,4.37153434753418,207100,0.028549679139072536,0.30012623684899226,0.712621634240652
2020-12-03,4.386010505632443,4.465624655099556,4.339689508293291,4.436674118041992,96900,0.014790966477453754,0.2994901025184254,-0.2398297717260565
2020-12-04,4.501811772674279,4.653802235034562,4.451148515299223,4.624851703643799,224900,0.041539283137237544,0.31384851802325264,0.7452420927702943
2020-12-07,4.581425985476453,4.733416450454895,4.523524921697534,4.639327049255371,164800,0.0031250168585604697,0.31187126398395737,0.4833838692144579
2020-12-08,4.588663791007599,4.661040120731247,4.588663791007599,4.639327049255371,74500,0.0,0.31187126398395737,-0.7449184966527186
2020-12-09,4.632089330607339,4.849218307673555,4.632089330607339,4.740653991699219,236000,0.02160577589005123,0.3001212862711911,0.999424743050192
2020-12-10,4.73341666000378,4.878169325859293,4.73341666000378,4.827506065368652,168000,0.01815489261805129,0.30050418902844295,0.4442277609763019
2020-12-11,4.805791713519061,4.834742238982867,4.711702678320435,4.769603729248047,311200,-0.012066765920033114,0.3121474959469425,1.296282450164786
2020-12-14,4.76960450262191,4.834743022918701,4.76960450262191,4.834743022918701,700800,0.013564752328210257,0.27993677730006,2.453298913874934
2020-12-15,4.885404951848887,4.943305992355715,4.813028651215351,4.936068534851074,155600,0.020741193052848623,0.2759432525706026,-0.08056348605080012
2020-12-16,4.921593694736718,5.0229205242709725,4.914355891496973,5.0084452629089355,184300,0.014556368969778164,0.2757638781170912,0.22885140824638256
2020-12-17,5.022922276630522,5.073585881631516,4.9794964773943455,5.066348075866699,255900,0.01149471727317905,0.2556134981915197,0.9098291412287729
2020-12-18,5.0663460601788985,5.088059123717051,5.041014440315584,5.059108257293701,48600,-0.001430023411992505,0.26205143117592977,-1.8778872983014223
2020-12-21,5.001208165703658,5.008445969965184,4.762366146953339,4.965020179748535,552600,-0.018772872142574892,0.2833545227175023,1.8716779887122983
2020-12-22,4.957782582156109,4.975876748446691,4.860074636374992,4.928832054138184,157000,-0.007315307755736708,0.2927154841698144,-0.11287630742676212
2020-12-23,4.928831848675911,4.986732902298108,4.878168254197735,4.965020179748535,64700,0.0073153077557366756,0.2718498059634057,-1.381395550740163
2020-12-24,4.965020179748535,4.979495443154085,4.899881321864811,4.965020179748535,38600,0.0,0.25672119556634354,-1.8769531930580028
2020-12-28,4.972258407875347,4.972258407875347,4.841981017077399,4.943307876586914,54600,-0.00438264413361003,0.2419594199498448,-1.302114530249939
2020-12-29,4.928831152859009,5.0518710469950445,4.899880630134936,5.0084452629089355,118000,0.013090822414998633,0.2400489096143693,-0.2776340442194782
2020-12-30,5.0004529075824875,5.0804017584422825,5.0004529075824875,5.029525279998779,70800,0.004200061753172725,0.23996678417805045,-0.9069311017433809
2020-12-31,5.00771852759576,5.00771852759576,4.961202961034079,5.000450611114502,38000,-0.005797571327710962,0.22751175999563622,-1.566133164123389
2021-01-04,5.014988342252245,5.109473711730772,4.964111524863046,4.978647708892822,88800,-0.004369720833563272,0.21798971799364714,-0.47484815050587903
2021-01-05,4.993182596498224,4.993182596498224,4.796943989762439,4.855088710784912,75100,-0.025130936139991636,0.24082020029772963,-0.6605895554925815
2021-01-06,4.8550895853899485,5.000451760701825,4.8550895853899485,4.949574947357178,132200,0.01927433005017184,0.20747111025664933,0.060585257768264934
2021-01-07,4.935036622272649,5.007717505094158,4.905964269144045,4.927768707275391,89900,-0.004415412943374942,0.2091572500512724,-0.3794176111672546
2021-01-08,4.9423070292050495,4.949574947357178,4.84782166723782,4.949574947357178,45400,0.004415412943374973,0.20895242646053158,-1.1612674909032659
2021-01-11,4.927767942937416,4.927767942937416,4.695188807413765,4.782405853271484,128300,-0.034357967206803605,0.23477919901535077,0.12291286166692698
2021-01-12,4.760604535052335,4.905966362727395,4.760604535052335,4.876893997192383,49600,0.019564804777011054,0.2361680130006814,-0.949163969147183
2021-01-13,4.876893119120188,4.876893119120188,4.8042122183686695,4.84782075881958,31600,-0.005979265350217236,0.23301194306864711,-1.349279333194031
2021-01-14,4.847819562886836,4.964108975401253,4.847819562886836,4.927768707275391,37400,0.01635701483663486,0.23513423289136148,-1.1246384380003565
2021-01-15,4.891429501087515,4.8986974181776,4.818748597337232,4.862357139587402,40300,-0.013362962249955243,0.2284725271605304,-0.9302345646544662
2021-01-19,4.898698013760864,4.898698013760864,4.818749183200325,4.840553283691406,26400,-0.004494299472149868,0.2218618839840645,-1.3560104131076012
2021-01-20,4.826016275363457,5.014986962323136,4.789675998573427,4.884160995483398,67100,0.008968490555977827,0.2201457485433021,-0.0294652921113355
2021-01-21,4.86962489104053,4.891429334708896,4.855088710784912,4.855088710784912,47200,-0.0059701459406695774,0.22062544646040783,-0.5347098939498418
2021-01-22,4.8260169481156705,4.8260169481156705,4.71699540940812,4.789676666259766,45700,-0.01356446630289271,0.21632016829651116,-0.5621663534657202
2021-01-25,4.760601765091921,4.795488514121063,4.644312024045229,4.782405853271484,298900,-0.0015191708537390294,0.2153581685028893,2.692922673201521
2021-01-26,4.789677433175888,4.8114815364666885,4.644315242767334,4.644315242767334,116700,-0.02929979320142065,0.23322133242096438,0.9970542428561254
2021-01-27,4.622510513328216,4.651582878157896,4.528025154346792,4.593438148498535,94000,-0.011015147631116938,0.2344473688217684,0.5694009085832757
2021-01-28,4.599277111203456,4.789088360773938,4.599277111203456,4.774487495422363,71300,0.03865784173721861,0.2765131723992767,0.07920640180289885
2021-01-29,4.76718669558951,4.78908781707442,4.672280907522767,4.679581165313721,69500,-0.020078026037141417,0.27809442803905243,0.08045087127123875
2021-02-01,4.701483138191548,4.774487464476243,4.701483138191548,4.716084003448486,42900,0.007770183618960657,0.2795680479905962,-0.7090983928295632
2021-02-02,4.716083955212016,4.883994078005463,4.716083955212016,4.84749174118042,25600,0.02748260945305961,0.29859121270061467,-1.5024066367206734
2021-02-03,4.891295316112169,4.927797660247754,4.862093580048562,4.883995056152344,18100,0.007502139588515541,0.2999721558442581,-1.7921738259536972
2021-02-04,4.891295069719399,4.891295069719399,4.818290733237882,4.876694202423096,30800,-0.001495971216254113,0.2868153074906039,-0.9041594185173886
2021-02-05,4.891294843370818,4.920496576612091,4.862093110129545,4.905895709991455,23100,0.005970115187035373,0.2792774652040693,-1.2135964634046417
2021-02-08,4.9643008649222224,4.9643008649222224,4.920497905121616,4.957000255584717,101400,0.010363082633890687,0.2812997800940191,0.9823539396782689
2021-02-09,4.986202233035631,4.986202233035631,4.913197876761539,4.927798748016357,168500,-0.005908383672199062,0.28166131269540734,1.5393713116729235
2021-02-10,4.964299906723268,5.033653941481931,4.927797563305774,4.935098171234131,81200,0.0014801786149130952,0.2527959302762538,0.5707643727970553
2021-02-11,4.978900774467836,4.978900774467836,4.927797563305774,4.935098171234131,41300,0.0,0.24411256443659063,-0.38185846227578907
2021-02-12,4.95699943315725,4.993501777564161,4.927797696876584,4.978900909423828,50000,0.00883660021810787,0.2445029943586934,-0.14277974808147095
2021-02-16,5.037305456483611,5.037305456483611,4.9204981383328334,4.927798748016357,69000,-0.01031677883302082,0.24120269988167226,0.2825962658423173
2021-02-17,4.9569991466088315,4.9569991466088315,4.847492467830489,4.876694202423096,97700,-0.010424814148726879,0.23935935741282288,0.7220918251362402
2021-02-18,4.89859676361084,4.964300855069127,4.883995893077022,4.89859676361084,53400,0.0044812165523253405,0.2391889946193764,-0.20642373512123802
2021-02-19,4.964299754313052,4.964299754313052,4.847492467830489,4.876694202423096,40000,-0.0044812165523253145,0.23777042993403558,-0.5969094787513531
2021-02-22,4.854793533022978,4.854793533022978,4.818291187286377,4.818291187286377,22800,-0.012048233033628756,0.2405854737339378,-1.3195862308883592
2021-02-23,4.825591314203751,4.847492440970785,4.789088972109182,4.796389579772949,42600,-0.004555875733480128,0.23634321312452142,-0.4266857097201224
2021-02-24,4.8255906175750605,4.876693471395621,4.781788022252259,4.84749174118042,1195900,0.010597940394847374,0.23903087984654156,3.281070866518176
2021-02-25,4.888536995064565,4.939840757265054,4.610029559333716,4.632017135620117,132900,-0.04546896474190644,0.2692098353437487,0.8404345968976211
2021-02-26,4.6320172463924765,4.763941658823784,4.5660548654364845,4.602700710296631,173500,-0.006349197516799677,0.2673104042346466,1.073578764015436
2021-03-01,4.617359216535278,4.756612595433722,4.617359216535278,4.741954326629639,38500,0.029806113781775875,0.25257341836570213,-0.5051816348851177
2021-03-02,4.719966472601237,4.73462473946258,4.654004096984863,4.654004096984863,34200,-0.018721410734214114,0.25127702965615534,-0.5901111059944572
2021-03-03,4.690650206409629,4.690650206409629,4.610029559333716,4.632017135620117,60400,-0.00473550553076219,0.24997176547178565,-0.006984299981558825
2021-03-04,4.6466747389055225,4.690649535709852,4.580712368958719,4.617358207702637,95600,-0.003169714634050282,0.22775084505532617,0.42027122868693517
2021-03-05,4.661333782488323,4.690650318584169,4.595371401532331,4.602700710296631,85100,-0.0031794828827494638,0.2249372391118939,0.22661306748426066
2021-03-08,4.632015617383342,4.654002836982318,4.551394996732467,4.588040828704834,95200,-0.0031901438991420138,0.22488769045071427,0.29899374250816046
2021-03-09,4.580712161514758,4.683320016078119,4.580712161514758,4.675991058349609,82200,0.018988033116777374,0.23562620970855286,0.061975956137938035
2021-03-10,4.719966198200869,4.778599262237549,4.69064966618253,4.778599262237549,205700,0.021706330820914124,0.24633179238642255,1.1030267916206808
2021-03-11,4.815245151519775,4.844561683839601,4.771270353040038,4.815245151519775,182600,0.007639495895195734,0.2479125268810094,0.9537899506760394
2021-03-12,4.844561393609686,4.851157490668263,4.719965963974426,4.727294921875,43900,-0.018433817296595007,0.25480282584281627,-0.6786040764207981
2021-03-15,4.763940202431606,4.800586036088694,4.690648884598004,4.785927772521973,38300,0.012326757180388694,0.2595846978774479,-0.8299932244050812
2021-03-16,4.785927905019155,4.837231654182723,4.727294499648451,4.763940334320068,136700,-0.004604770831920456,0.2570292653321776,0.5855167064576988
2021-03-17,4.778598456365946,4.778598456365946,4.683319568634033,4.683319568634033,262500,-0.01706795910689784,0.2607846375221059,1.2166466727662795
2021-03-18,4.675991005739435,4.722164382507174,4.639345169067383,4.639345169067383,110300,-0.00943393910303082,0.2604238969403458,0.24733327689736484
2021-03-19,4.63201647330408,4.672326616337894,4.558724795816245,4.617358207702637,203200,-0.0047505038929403125,0.25932231287663376,0.8449968491574065
2021-03-22,4.64667528222439,4.64667528222439,4.434130231411033,4.551396369934082,187800,-0.014388644658269311,0.26237723909465394,0.685376042428447
2021-03-23,4.551396228955455,4.705308205739892,4.51475038706177,4.654004096984863,316300,0.022293864823081655,0.2746133381568839,1.1707060754702823
2021-03-24,4.690650206409629,4.7199667418043845,4.617358867922739,4.632017135620117,54200,-0.00473550553076219,0.2746379757358758,-0.891725968442768
2021-03-25,4.580713200477823,4.588042509349315,4.536738395690918,4.536738395690918,100400,-0.02078410084025267,0.2784774265359093,-0.040526603624840424
2021-03-26,4.573381772045731,4.60269864446394,4.558723510576886,4.595369338989258,144000,0.012840792206528853,0.23700946481019128,0.4939565789003838
2021-03-29,4.617358972270901,4.617358972270901,4.48543421053245,4.492763519287109,25400,-0.022581135470439367,0.24855096104148935,-1.8174266845092355
2021-03-30,4.492763300672558,4.551396369934082,4.456117457643775,4.551396369934082,77800,0.012966084811843663,0.22813001176218312,-0.327854711218313
2021-03-31,4.514750082600007,4.573383146091339,4.514750082600007,4.558724880218506,24400,0.0016088725196942522,0.22002808452898165,-1.894776004093092
2021-04-01,4.5550448214520545,4.58521547283263,4.510892571675163,4.532968521118164,27500,-0.0056659253380883425,0.22025140791164016,-1.5810135573545054
2021-04-05,4.532970067550057,4.628633483481201,4.532970067550057,4.621274948120117,79100,0.019293602266490604,0.2309854032513269,-0.19342821658006076
2021-04-06,4.577121092754059,4.680143367035461,4.577121092754059,4.643349647521973,45800,0.004765382762841374,0.2312294470609675,-0.8495185169786083
2021-04-07,4.63599158780511,4.643350121925068,4.599197864532471,4.599197864532471,40700,-0.009554101568307733,0.23352047825357528,-0.9270729049190253
2021-04-08,4.59919816524498,4.672785265710704,4.59919816524498,4.665426731109619,138100,0.014297394151998632,0.22927068436557851,0.5614341738072328
2021-04-09,4.709578668758366,4.709578668758366,4.591838965188016,4.63599157333374,65500,-0.006329197348973653,0.21583656334459556,-0.3021852564226227
2021-04-12,4.6359899814098355,4.6359899814098355,4.540326614761599,4.547685146331787,36800,-0.01923176336393578,0.22158545720412282,-0.9414772987236631
2021-04-13,4.547686090643856,4.591838341905535,4.540327557545693,4.584479808807373,31800,0.008058299814973894,0.21687111810150309,-1.0879809665017102
2021-04-14,4.665425623286068,4.665425623286068,4.5624033562061195,4.613914489746094,122600,0.006399982530235709,0.2130618857505366,0.5393603187571537
2021-04-15,4.672784166202885,4.672784166202885,4.62127338344287,4.658066749572754,85100,0.009523874654066228,0.21626808596851124,0.10643013588556756
2021-04-16,4.650708839692659,4.720616490327598,4.650708839692659,4.709578514099121,37100,0.010997915119289627,0.21191895456535476,-0.8792293201482655
2021-04-19,4.709579353366201,4.709579353366201,4.577122211456299,4.577122211456299,110700,-0.0285279540426747,0.2322758105170208,0.5899970344322646
2021-04-20,4.577120772804556,4.635990790089194,4.532968523009246,4.613914489746094,240900,0.00800616426931894,0.23363306347829402,1.5967498924322636
2021-04-21,4.577120772804556,4.6727841561398415,4.5624033562061195,4.613914489746094,95400,0.0,0.2277376866170903,0.4319793083313038
2021-04-22,4.591838189402993,4.643349322942967,4.577120772804556,4.613914489746094,28900,0.0,0.2137026237865779,-1.1543688779176513
2021-04-23,4.591838979521563,4.629368521117103,4.575649923744895,4.599197864532471,67200,-0.0031947157842990392,0.2133762543071955,0.10207951225517595
2021-04-26,4.569762239950783,4.621273373490757,4.5624033562061195,4.613914489746094,92200,0.003194715784298961,0.20018667023663875,0.5877468538014429
2021-04-27,4.643349322942967,4.643349322942967,4.577120772804556,4.613914489746094,186700,0.0,0.19534106350193328,1.592923592835627
2021-04-28,4.591839476358146,4.610236339985005,4.48881753129512,4.518252372741699,462900,-0.020951350918666914,0.19301478855490764,2.3960903874595014
2021-04-29,4.535982194182191,4.572920301643237,4.476881504058838,4.476881504058838,59500,-0.009198564681874272,0.18989008119295528,-0.24276792055328691
2021-04-30,4.476882713782142,4.476882713782142,4.3512935371999175,4.3734564781188965,75500,-0.02337305863991623,0.20503581463941245,-0.004669365718253323
2021-05-03,4.403006523980886,4.4177816994733865,4.0956826623760865,4.1370530128479,282900,-0.05556995083921963,0.2767045522895005,1.6126925659117743
2021-05-04,4.247866331025311,4.314354786323615,3.9375873426571184,3.9745254516601562,145300,-0.04007834396923589,0.28894244763876054,0.6753210792211828
2021-05-05,3.9523629196472356,4.123755016125767,3.9523629196472356,4.033626556396484,372900,0.014760503475685442,0.2961336832087043,1.6822915890772565
2021-05-06,4.026238355717883,4.170296557184218,4.026238355717883,4.107501983642578,212700,0.01814919263593416,0.3080822074826832,0.8953303715483301
2021-05-07,4.240479369052883,4.247867133155697,4.114890549716862,4.225704193115234,96800,0.028370865986410306,0.3229109504165509,-0.07115072060011536
2021-05-10,4.262641045647558,4.417780523143553,4.225702940617892,4.410392761230469,65800,0.04277782714909117,0.3622300954304648,-0.5572655655652244
2021-05-11,4.336517810821533,4.410393684070939,4.329130399630568,4.336517810821533,135200,-0.016892068674405333,0.36094664987833186,0.2831182178910175
2021-05-12,4.321742100086071,4.358680208262804,4.262641408817625,4.284804344177246,125700,-0.01199678795026738,0.3604055074416923,0.10906985456358591
2021-05-13,4.262641244642179,4.358680040388427,4.262641244642179,4.329129695892334,29700,0.01029163742029764,0.36196299969813334,-1.693349733256614
2021-05-14,4.380843217981065,4.447331678266972,4.329130284219086,4.439944267272949,40200,0.025275296157201615,0.3727990035720746,-1.2063675359392272
2021-05-17,4.439943301569672,4.439943301569672,4.292191238878467,4.321741580963135,52400,-0.02698335919246782,0.37891657614855734,-0.9160296957410271
2021-05-18,4.358680850636919,4.4399444892414675,4.284804975663675,4.351293087005615,71300,0.006814597550902633,0.3698699912228684,-0.48924008184694484
2021-05-19,4.329129342618234,4.410392607217139,4.306966409920801,4.321741580963135,32900,-0.006814597550902651,0.3681706559783519,-1.333621824208139
2021-05-20,4.314353480907266,4.314353480907266,4.114888527633419,4.2921905517578125,170800,-0.006861244012665061,0.36820637146740726,0.6931863835482696
2021-05-21,4.306967461521771,4.351292985471415,4.303273579792313,4.336517810821533,39500,0.010274457577900962,0.37112513221411697,-1.1732543775848643
2021-05-24,4.351293927504389,4.351293927504389,4.247867682563966,4.262642860412598,22700,-0.017182320634798975,0.37438888579541,-1.6838625037794823
2021-05-25,4.314355601009106,4.314355601009106,4.166603489364641,4.225704193115234,43900,-0.00870343783988698,0.37392906080038457,-0.8452104760089142
2021-05-26,4.255254795956846,4.255254795956846,4.144440802928558,4.210928916931152,26000,-0.0035026511399286306,0.37363183042841175,-1.3068800124551587
2021-05-27,4.1775378529684914,4.444662570953369,4.170117545003477,4.444662570953369,102900,0.05402068533041433,0.41915327223641397,0.3634602180221769
2021-05-28,4.355620332589662,4.355620332589662,4.281419033379048,4.288839340209961,51500,-0.035687807770871174,0.43557771701234377,-0.4954878035121329
2021-06-01,4.318519911081106,4.4001411642703765,4.29032331090095,4.355620384216309,65300,0.015450907213679817,0.4323740784236417,-0.18956004042679694
2021-06-02,4.355621201126862,4.426112714798157,4.333360983834708,4.370461463928223,46100,0.003401548204592502,0.3826051441167771,-0.553420700575777
2021-06-03,4.31110021196093,4.452082878918383,4.31110021196093,4.444662570953369,67300,0.016835352352598844,0.35217454540941895,0.002191111713573469
2021-06-04,4.452082730532373,4.578225131175283,4.392721684069767,4.474343299865723,65200,0.006655638286909759,0.35055354501794017,0.08636903637746031
2021-06-07,4.481763360736071,4.481763360736071,4.348201003007293,4.3778815269470215,107100,-0.02179465458916371,0.35879733387937707,1.039645229890227
2021-06-08,4.407561681125844,4.437242202575602,4.377881159676085,4.385301113128662,90100,0.001693354631375683,0.3467616656116217,0.7407423124797242
2021-06-09,4.429822515133667,4.429822515133667,4.370461463928223,4.370461463928223,84700,-0.0033896906817207327,0.31321898858718844,0.6028236033507012
2021-06-10,4.377881772238791,4.437242823444235,4.370461463928223,4.370461463928223,25400,0.0,0.3074475298396314,-1.4030450391229645
2021-06-11,4.303679856051689,4.414981634578421,4.2665790273296285,4.385301113128662,1480000,0.003389690681720838,0.30425206978197034,3.5259936096181184
2021-06-14,4.422402729032792,4.425370923233993,4.318520885467801,4.3333611488342285,50000,-0.011914804632467779,0.3055247869778641,-0.2846258637801286
2021-06-15,4.340779781341553,4.340779781341553,4.229477663087732,4.340779781341553,377500,0.0017105173586343136,0.29159443897608744,1.7425202657491967
2021-06-16,4.340781472576047,4.422403104939169,4.303680987916315,4.414982795715332,391700,0.016949932174906528,0.28196802390642484,1.5723742952479423
2021-06-17,4.407561770259667,4.443920285933993,4.281419374637362,4.303679943084717,226400,-0.02553347983985884,0.29552708806882877,0.9577310485617344
2021-06-18,4.259160132324218,4.496604736474705,4.236899910765641,4.281420707702637,97900,-0.005185561862771925,0.29514379956750614,0.10882146803022515
2021-06-21,4.259159703084384,4.311100804519488,4.244319438934326,4.244319438934326,109400,-0.008703409282852004,0.29571672364990836,0.2402708077008613
2021-06-22,4.24431795279869,4.311099295000559,4.1478564465089365,4.177536964416504,184000,-0.015859656380383946,0.29753318933649564,0.6826822451293816
2021-06-23,4.199798646484154,4.333361377654478,4.199798646484154,4.244319438934326,99400,0.01585965638038385,0.29799531446226074,0.00450072444221804
2021-06-24,4.22947828414002,4.348200726159695,4.22947828414002,4.303679943084717,59200,0.01388897114562402,0.3001464375782656,-0.5568642078436058
2021-06-25,4.363040898951206,4.385301113128662,4.281419288054507,4.385301113128662,84600,0.01878783493878558,0.3059308380644598,-0.25313900376497417
2021-06-28,4.400140816725009,4.409787002665804,4.281418745958097,4.340779781341553,143400,-0.010204287273833412,0.2424626515533151,0.31607284116875173
2021-06-29,4.343760019174235,4.366112285664405,4.231999397277832,4.231999397277832,49800,-0.025379452957388988,0.22602033731813315,-0.8554920810228117
2021-06-30,4.224551020114036,4.284156620599735,4.224551020114036,4.246902942657471,27500,0.00351544578077152,0.21898937106150462,-1.4019135933776798
2021-07-01,4.246902463475632,4.2916070140732545,4.209649145014097,4.217099666595459,32800,-0.007042388953043696,0.21921044714842297,-1.1765853725527764
2021-07-02,4.224550548086358,4.328860337281338,4.209649149629932,4.276705265045166,202400,0.014035306296979296,0.21642402067032687,0.6566481789739071
2021-07-06,4.299055841471119,4.299055841471119,4.209647486064885,4.231999397277832,111600,-0.010508363124707048,0.21610738015875283,0.015416689569521913
2021-07-07,4.231999383088464,4.246900775606208,4.179844686914975,4.2021965980529785,28000,-0.0070671640266611315,0.20542784189248214,-1.2952249660788895
2021-07-08,4.15004402152479,4.217100144465104,4.128436760407906,4.187297344207764,100900,-0.0035518875421373074,0.20505882692767216,-0.027303335278179318
2021-07-09,4.202198268155373,4.254353340334356,4.202198268155373,4.217099666595459,189600,0.00709210839652614,0.2074929600556207,0.5573837984565836
2021-07-12,4.209649561033925,4.299057960510254,4.202198683438865,4.299057960510254,70200,0.01924831078357019,0.21982807057375975,-0.49477639319015126
2021-07-13,4.291606721993721,4.306508119419643,4.261803571864537,4.28415584564209,70100,-0.0034723892887264254,0.21947125961832362,-0.43446602873132173
2021-07-14,4.28415369019116,4.313956470048578,4.261801427659517,4.269252300262451,150900,-0.003484823875534618,0.21616043800547063,0.5034744551870101
2021-07-15,4.24690094767023,4.280429171012861,4.172393982062851,4.179844856262207,44100,-0.021164576461738364,0.22717703288411553,-1.0428982776468716
2021-07-16,4.209648896779632,4.232000815483033,4.142592430114746,4.142592430114746,30800,-0.008952347410600879,0.21776681113403284,-1.4590969085238614
2021-07-19,4.068085247918767,4.142592232165438,4.0457329750061035,4.0457329750061035,51300,-0.023659043422633228,0.2154105235706374,-0.6304798313442574
2021-07-20,4.082985463120721,4.127689640730991,4.045731804140219,4.090435981750488,24500,0.010988822090782176,0.22051543657847023,-1.5736194754579012
2021-07-21,4.082985463120721,4.13514051463798,4.075534589213732,4.090435981750488,46700,0.0,0.21932570591046632,-0.5726686889920587
2021-07-22,4.090437148413565,4.10533890047778,3.874366717364979,3.956324577331543,120300,-0.03333610413563953,0.2407884772947714,0.8725511757987181
2021-07-23,4.008480072021484,4.082987063916847,3.963775876884267,4.008480072021484,102000,0.013096677815149007,0.23829823707046915,0.6195495697433091
2021-07-26,4.008477980178714,4.030829888444195,3.9712243260333437,4.0010271072387695,45800,-0.001861030090111888,0.2305857028414288,-0.5711970311715433
2021-07-27,3.971226205577438,4.023381275010026,3.896719217300415,3.896719217300415,59700,-0.026416132195118264,0.22876425313907597,-0.14790921786003022
2021-07-28,3.933971705098099,4.001027796727352,3.911619437703523,3.9414222240448,68000,0.01140665597244433,0.23546459155032273,0.10590615432351788
2021-07-29,3.9436682351582077,4.025983991130498,3.9436682351582077,3.9810845851898193,120900,0.010012662268833008,0.22789968999253937,0.9229782709920172
2021-07-30,3.9810836358935573,3.9810836358935573,3.9062509536743164,3.9062509536743164,27600,-0.0189762123710495,0.23316648762804626,-1.3468112871489157
2021-08-02,3.9361838083133294,3.966116735181758,3.883801007879262,3.8987674713134766,41700,-0.0019176084530649624,0.23299458610880572,-0.7427385062450115
2021-08-03,3.9137342952803156,3.9361841709140335,3.8538684360286246,3.861351490020752,97000,-0.009643221045120547,0.2245207017913596,0.6792077431072154
2021-08-04,3.8613522952067854,3.9062516990081733,3.8613522952067854,3.8838021755218506,180000,0.005797366805145877,0.2264535223904405,1.598954380845879
2021-08-05,4.003532861743496,4.003532861743496,3.8688346859102842,3.8763177394866943,65500,-0.001928949149711642,0.226301425725229,-0.08741428396704115
2021-08-06,3.8613524553744663,3.8838023366207453,3.8014865811560647,3.8239364624023438,195000,-0.013605287229860865,0.2288038624935835,1.5979754972321867
2021-08-09,3.8239365007619157,3.8538694381713867,3.7940035633524447,3.8538694381713867,47700,0.007797312881351666,0.22925973964659502,-0.5630934939966944
2021-08-10,3.928700760093238,3.981083565352802,3.8314185603949067,3.861351490020752,89900,0.0019395566930748864,0.21421626080185327,0.48067231084582956
2021-08-11,3.89876761387322,3.89876761387322,3.850126516726287,3.8763177394866943,365600,0.0038684176554341213,0.21642273343396567,2.293700299504757
2021-08-12,3.943667196564776,4.0110164661532535,3.943667196564776,3.9586336612701416,1233400,0.021013263894895735,0.23415848586719226,2.94716677776392
2021-08-13,4.003532981691353,4.037207615865727,3.9586335884017405,4.025982856750488,460200,0.01687013837871599,0.23526988335617238,1.6491613540805197
2021-08-16,4.018500877397199,4.198098871352015,4.018500877397199,4.078366756439209,210100,0.012927534404375881,0.23905085959614847,0.775614281279974
2021-08-17,4.093331505812177,4.130747842902102,4.040949062080644,4.123264789581299,574100,0.010948670736032154,0.22700914018075843,1.5932352600893591
2021-08-18,4.1232663876169005,4.272931080324196,4.1232663876169005,4.257964611053467,436900,0.03214598105591102,0.24956265599450383,1.2186474509408693
2021-08-19,4.228030180610973,4.2654461621708215,4.1756473782328065,4.250479698181152,136000,-0.0017594085431100355,0.24980674937341252,0.016631310785468097
2021-08-20,4.272930572293234,4.2953800951158,4.250480692641935,4.280413627624512,669500,0.007017800165275705,0.21490931253311837,1.4604891969376002
2021-08-23,4.310347982252311,4.37769692415519,4.295381154241872,4.317831039428711,380600,0.008703555075729424,0.2130323538863636,0.8471014659787226
2021-08-24,4.34027862704787,4.426335701579849,4.32531216378889,4.377694606781006,547700,0.013769038367912214,0.21491162561858831,1.0823307499957548
2021-08-25,4.377696547146093,4.403888137079911,4.33279713746799,4.3552470207214355,433200,-0.005140910464285758,0.18750736508250174,0.7806515275161325
2021-08-26,4.377695523751844,4.37994068996672,4.310346603393555,4.310346603393555,212000,-0.010363010568823895,0.19363508621222805,0.048210039894839414
2021-08-27,4.362730077253392,4.366471783933764,4.317830667575289,4.3552470207214355,782000,0.010363010568823947,0.19376997057291778,1.200032657159177
2021-08-30,4.3958235208036625,4.410851963197785,4.365766636015417,4.388309478759766,154000,0.0075627384861342095,0.17449055292587867,-0.4661813033039012
2021-08-31,4.388310020528116,4.493509130274559,4.377038418611216,4.4183669090271,395700,0.00682608186225841,0.1723974736914552,0.4585206776937636
2021-09-01,4.418366061398831,4.493508268230857,4.418366061398831,4.463451385498047,280400,0.010152169792349612,0.1632201072040021,0.0004570805275727978
2021-09-02,4.478479062587693,4.531078777546838,4.455936225231991,4.516050338745117,121700,0.01171547296757538,0.16400186749750323,-0.9649239990188344
2021-09-03,4.531080069001485,4.531080069001485,4.440909052184249,4.478480339050293,45400,-0.00835401413144835,0.1699034073650907,-2.028695551965262
2021-09-07,4.493508008020661,4.51605084791801,4.365766084650346,4.380794525146484,136900,-0.022053672475821677,0.18461891476162914,-0.7461758118211078
2021-09-08,4.380794010324264,4.392065249795222,4.343223092652321,4.365765571594238,84500,-0.003436543778766106,0.18768020579115402,-1.394147480195478
2021-09-09,4.380795044029605,4.380795044029605,4.313166874633626,4.373281002044678,111900,0.0017199661862062818,0.18774069644987612,-1.0899329309501038
2021-09-10,4.365766455383029,4.380794897155353,4.313166730026734,4.335709571838379,101600,-0.008628247550898851,0.1943432229795009,-1.0996630412391293
2021-09-13,4.320681495859824,4.358252782624621,4.275596166725874,4.313167095184326,138800,-0.005212822096656223,0.18883893242177974,-0.6661180609773435
2021-09-14,4.305650234222412,4.328193063185426,4.132823073193006,4.305650234222412,120500,-0.0017442910275256836,0.1839036457865297,-0.7681967674943952
2021-09-15,4.298137418156002,4.373279970112373,4.298137418156002,4.365765571594238,83200,0.01386539448887453,0.18455636865875621,-1.1444855055628391
2021-09-16,4.33570818109028,4.37327945262266,4.313165346509612,4.350736618041992,95700,-0.0034483943486146107,0.18371878172253248,-0.8847482999863869
2021-09-17,4.328195162563143,4.400331533622092,4.305652322665795,4.380794525146484,142500,0.006884938127380782,0.1502478593604409,-0.3233082620249719
2021-09-20,4.328195388614815,4.330449493569134,4.24553878241595,4.275595664978027,262700,-0.02430667685370478,0.17448241576925197,0.42789741388912866
2021-09-21,4.290622547607972,4.290622547607972,4.207965971435697,4.230508804321289,92400,-0.010601158985127934,0.17657271224971055,-0.8488635496363468
2021-09-22,4.238023832702803,4.283109150695718,4.238023832702803,4.268080711364746,33600,0.00884197354309643,0.1766648234234677,-1.9241574601816658
2021-09-23,4.260567223696988,4.2981381477464335,4.24553878241595,4.275595664978027,76800,0.001759185442031611,0.16913634931225058,-0.8003676697220021
2021-09-24,4.253051441042028,4.298136750225851,4.23050896560321,4.290622711181641,293400,0.0035084470084663865,0.1692017916950187,1.0615001091226792
2021-09-27,4.260567723681224,4.3432243395799714,4.260567723681224,4.313167095184326,91800,0.0052405826051234745,0.16660127524518592,-0.5007278068956678
2021-09-28,4.313167095184326,4.373281225669271,4.290624609770524,4.313167095184326,168400,0.0,0.16231618927461042,0.5409813694037081
2021-09-29,4.338823314124081,4.3539148590851235,4.316185816777111,4.34636926651001,59600,0.007668386075379987,0.16238240213884236,-1.1011340078957588
2021-09-30,4.338822240311234,4.384096863989369,4.338822240311234,4.361459732055664,74300,0.0034659570496326057,0.1608937807437755,-0.6775670810512661
2021-10-01,4.384096262658767,4.455026460711191,4.384096262658767,4.429370880126953,212400,0.015450758198993659,0.16631805899680877,1.3081266303561336
2021-10-04,4.452008368766384,4.467099907922446,4.406733751298198,4.429370880126953,571300,0.0,0.16044379314245386,2.4980957489353113
2021-10-05,4.429370523959232,4.474645137786865,4.391641859008193,4.474645137786865,372400,0.010169489307113916,0.16245261253363708,1.6452811082648695
2021-10-06,4.467099307666502,4.467099307666502,4.406733159153814,4.45200777053833,167200,-0.0050718709482107825,0.1429377817064062,0.4079012536035524
2021-10-07,4.48219167918255,4.557649378870331,4.436917059369881,4.519920349121094,74400,0.015139192997295785,0.1503455609458586,-0.807218452918455
2021-10-08,4.527465701586276,4.550103188410891,4.497282625693885,4.542557239532471,51600,0.004995750283510626,0.1507916867646903,-1.2501868813966481
2021-10-11,4.535012248869344,4.580286868682013,4.519920349121094,4.519920349121094,97900,-0.004995750283510722,0.1481253281176847,-0.32091378874574095
2021-10-12,4.535011769388802,4.542557358654449,4.4897367945523,4.5274658203125,122500,0.001667989582739239,0.14581429838690965,0.011723365574182985
2021-10-13,4.519920349121094,4.548594382945659,4.497283219120106,4.519920349121094,55700,-0.001667989582739167,0.14578781067341964,-1.0441325933343322
2021-10-14,4.542558918653333,4.542558918653333,4.501057263913201,4.512375831604004,57700,-0.0016705650746452324,0.14009824289976544,-0.9524985261799787
2021-10-15,4.5274653498340385,4.606696007848559,4.51237381306035,4.595377445220947,73100,0.018227088290099128,0.1500756843616501,-0.6036859895982688
2021-10-18,4.602924246204777,4.61801578695388,4.489737510681152,4.489737510681152,57600,-0.023256655855997507,0.17370670918073186,-0.8559951907824006
2021-10-19,4.565195328744457,4.594623885594295,4.512374759057662,4.519920349121094,80300,0.006700132640543711,0.14766365228270334,-0.3450725670427023
2021-10-20,4.580286264303282,4.580286264303282,4.519919752707855,4.542557239532471,128500,0.004995750283510626,0.1397030181583739,0.28767168599333515
2021-10-21,4.5501037888069,4.5501037888069,4.467100139244994,4.519920349121094,80400,-0.004995750283510722,0.141114122342161,-0.4506832162592938
2021-10-22,4.542558918653333,4.542558918653333,4.489738336411618,4.512375831604004,55400,-0.0016705650746452324,0.1419093426700358,-0.9630019886054159
2021-10-25,4.5199196314420345,4.550103066335273,4.489736556359432,4.4972825050354,164600,-0.0033504801456615634,0.14331790269449898,0.6966932906158366
2021-10-26,4.519919401541885,4.602923033702482,4.516146787206426,4.595377445220947,170600,0.021577568435760714,0.15804453188951145,0.6979220186405295
2021-10-27,4.580286026000977,4.6331062261592155,4.55764854035414,4.580286026000977,21300,-0.003289447760440812,0.15924225483149723,-2.0508350646452085
2021-10-28,4.565196147059547,4.640653860273185,4.565196147059547,4.602924823760986,74500,0.004930485424369353,0.15848151028638244,-0.37872218325440615
2021-10-29,4.612770609746906,4.61958737904357,4.544601472090358,4.567324638366699,45100,-0.007764317510980868,0.1625479132187416,-1.0051762966923832
2021-11-01,4.544601472090358,4.6051961005973,4.544601472090358,4.567324638366699,52300,0.0,0.15532470397229783,-0.7311942917279166
2021-11-02,4.537026519046658,4.582472847152957,4.46885774923209,4.484006404876709,67300,-0.018410681587880517,0.1699140663883565,-0.308129587265054
2021-11-03,4.468859113350073,4.5446024146937924,4.468859113350073,4.529453754425049,33800,0.010084414618446006,0.16985383768769222,-1.4402857064781884
2021-11-04,4.506730773536196,4.533241201004159,4.385541486274302,4.393115997314453,88600,-0.030562578532919216,0.2006938828924969,0.4670398068902039
2021-11-05,4.393114010566541,4.453708626794096,4.393114010566541,4.415836811065674,54200,0.005158584596995946,0.19366522540108932,-0.4901913741494957
2021-11-08,4.430986439839538,4.4355310731735615,4.39311497695265,4.400689125061035,59500,-0.003436206283310631,0.19251530685914076,-0.31892561595473506
2021-11-09,4.400688185863982,4.430985494176418,4.347667715731017,4.385539531707764,58300,-0.0034484894391963593,0.19223681749817076,-0.3133224654778427
2021-11-10,4.3855405443891655,4.3855405443891655,4.287074089050293,4.287074089050293,55700,-0.022708188826651744,0.20537259058055632,-0.34194563780709947
2021-11-11,4.3097949421691775,4.34009224121092,4.249200344085693,4.249200344085693,134000,-0.008873658826593493,0.2064753931428968,1.3571490599564806
2021-11-12,4.256776791653345,4.302222764807324,4.256776791653345,4.271925449371338,34600,0.0053338396154678685,0.20843487101798014,-1.2666863294586466
2021-11-15,4.271926582186541,4.271926582186541,4.128014115117138,4.1886091232299805,126200,-0.019695923186240222,0.20197053582598798,1.1432251596495044
2021-11-16,4.203754831878626,4.268136689318327,4.128011215239686,4.143159866333008,281700,-0.01090997788410659,0.1917252554492379,2.174299770855759
2021-11-17,4.150734941906064,4.165883595077633,4.052268515704676,4.105288982391357,120900,-0.009182611359545506,0.18860773858483917,0.7586917229476909
2021-11-18,4.196181791483302,4.218904956646713,4.090141196789786,4.128012657165527,296000,0.00551995626250477,0.18895157099033524,1.942272925403863
2021-11-19,4.090143713839071,4.12801519752069,4.037123203277588,4.037123203277588,262800,-0.02226373442019871,0.1986753147051492,1.572954461298671
2021-11-22,4.082567319035496,4.120439146437375,3.938654880549874,3.953803539276123,130100,-0.020854322990775564,0.20517124277422202,0.5597217705882768
2021-11-23,3.991674920312478,4.006823577344742,3.915931635151159,3.9235057830810547,95100,-0.007692450393357802,0.20493790618824104,0.17200798677493653
2021-11-24,3.9159318914187407,3.923506039844306,3.8780600657734254,3.9083573818206787,86500,-0.0038684077676549287,0.1782287056777536,0.08750663550245802
2021-11-26,3.900783233395114,3.9159318914187407,3.8477627497261717,3.9083573818206787,77800,0.0,0.17961583551897412,-0.16840226565880323
2021-11-29,3.933464536079661,3.9638975010838333,3.9106396309317515,3.925856113433838,142800,0.004467266746005392,0.1792168651090419,0.7350473000052681
2021-11-30,3.91063997459856,4.070413236306109,3.8802070069199397,4.06280517578125,243200,0.03428921950438431,0.23052482473249672,1.4078848312863024
2021-12-01,4.093237587896264,4.169319996766363,4.001938697252146,4.009546756744385,141100,-0.013195458339774254,0.23103601372985832,0.5131175689180841
2021-12-02,4.0323710132595725,4.108453409911935,4.024762592199594,4.085628509521484,118800,0.018797367690040593,0.2419583739014125,0.20603631348193965
2021-12-03,4.116062508522759,4.154103897858695,4.0780214819764,4.131278991699219,107400,0.011111467874090784,0.24275952112444135,-0.04194351009116541
2021-12-06,4.184536457061768,4.237794324392243,4.093237566886273,4.184536457061768,85100,0.012808892607426152,0.22997922854627076,-0.43683145563410586
2021-12-07,4.275834992708941,4.275834992708941,4.146494727623058,4.1693196296691895,71800,-0.0036430707123409046,0.2283902960595041,-0.7688739563714203
2021-12-08,4.169320640782432,4.169320640782432,4.078021736035786,4.108454704284668,56900,-0.014705890696885071,0.23213187684450484,-1.167672656768197
2021-12-09,4.108454704284668,4.146495733200971,4.078021736035786,4.108454704284668,129000,0.0,0.23240607764297794,0.20138089735669423
2021-12-10,4.123670842588795,4.123670842588795,4.055196488376424,4.09323787689209,45300,-0.0037106596478713155,0.2212691924353454,-1.624523096133457
2021-12-13,4.085628892044601,4.108453794572068,4.039979449779186,4.047587871551514,59300,-0.011215197386806068,0.22230485534545755,-1.0535470782651954
2021-12-14,4.032371584769777,4.0666083960236294,3.9334642737087764,3.9562888145446777,132900,-0.022814698609078515,0.23130511944871643,0.2408323006769821
2021-12-15,3.948681018581747,3.9867220434421826,3.9182480535775746,3.925856113433838,86600,-0.007721972283185919,0.2244601644474553,-0.5397981047847239
2021-12-16,3.94868136559163,4.131279171663349,3.9410729422771795,4.06280517578125,143300,0.03428921950438431,0.2568757117009267,0.5145075915875673
2021-12-17,4.062805981663192,4.062805981663192,3.963898635694016,3.9867231845855713,122500,-0.018904028537384987,0.2629453982260442,0.1922629742528743
2021-12-20,3.9410722630725172,3.9410722630725172,3.864989856988015,3.88781476020813,141200,-0.025122395005606504,0.2739847856108423,0.6179094762756229
2021-12-21,3.895424051800109,3.9943313923956096,3.8573830181177464,3.9638984203338623,161300,0.019380749109157498,0.27479117578233464,1.0672485991800327
2021-12-22,3.8878147232130713,3.9791136096457067,3.8878147232130713,3.9410722255706787,62100,-0.005775165836347889,0.2657921103831951,-1.1894797048141643
2021-12-23,3.9486821488364243,4.026286122973241,3.941073724012797,3.9867231845855713,55400,0.011516811732797014,0.26725274373783287,-1.336846513261316
2021-12-27,4.017156030337532,4.017156030337532,3.9661804609418136,3.994331121444702,50500,0.0019064997860719882,0.2667405024721982,-1.4143019564124153
2021-12-28,3.9715058708126616,4.006503819577094,3.9638978103627873,3.979114294052124,46800,-0.003816880927525517,0.2672545233277763,-1.4494199489497497
2021-12-29,4.001938621795552,4.00954668114434,3.948680755195889,3.9562888145446777,39100,-0.005752837542359915,0.26785798663560945,-1.6070250358089144
2021-12-30,3.9730987128467423,4.018178115400751,3.9501771926879887,3.9501771926879883,97600,-0.0015459809903335003,0.23775012858797062,0.311106069978444
2021-12-31,3.9730980275707752,3.980738775859821,3.8737708501297043,3.9043331146240234,63400,-0.01167344541269392,0.2368505017389225,-0.5701017379214287
2022-01-03,3.9348970973744426,3.9746281314326404,3.8584914027744817,3.9272563457489014,85500,0.00585405981909264,0.22707781463972349,0.14415585623088797
2022-01-04,3.9730987784990948,3.9883799136344376,3.9119742379577245,3.965458393096924,38700,0.009680407043366798,0.22609800453621381,-1.4930299734595842
2022-01-05,3.9501766257380573,4.0036604079862075,3.9348954930484514,3.942535877227783,37100,-0.005797318330178392,0.21989578120032519,-1.4194567854263074
2022-01-06,4.03422421799459,4.03422421799459,3.8814124820592597,3.9196155071258545,88900,-0.005830575859981097,0.22012729306220025,0.37114562904916787
2022-01-07,3.9119734985821375,3.9425357630764566,3.8737708501297043,3.9043331146240234,60200,-0.003906572672300001,0.21599485154865566,-0.44158803744777664
2022-01-10,3.9272555009409023,3.9272555009409023,3.873771708391592,3.896693229675293,73000,-0.001958687755700611,0.21582408521010546,0.014836792628568008
2022-01-11,3.9119737452035603,3.9730982780456543,3.896692611993037,3.9730982780456543,112100,0.019417909362334996,0.22870330844790188,0.8502764297138169
2022-01-12,3.965458674018644,4.02658321889021,3.965458674018644,4.018942832946777,130200,0.011472678158344,0.22995872175563822,1.0679064666326306
2022-01-13,4.034223918748576,4.141191870937028,4.034223918748576,4.133551120758057,233700,0.028117981893231246,0.2348659295134409,2.051914281252481
2022-01-14,4.148833152676847,4.148833152676847,4.0571463167166195,4.1182708740234375,84700,-0.003703488565163126,0.2331575720338236,0.09488797879453431
2022-01-18,4.2634401992468005,4.332205481276896,4.217596799337056,4.278721332550049,193400,0.03822082638512056,0.24024872852352502,1.5985628322533882
2022-01-19,4.271081235079357,4.33984615739948,4.271081235079357,4.332205772399902,58600,0.012422617683898352,0.22940311330275362,-0.5580894538030187
2022-01-20,4.339844991115611,4.347485738392806,4.286361217498779,4.286361217498779,55400,-0.010638656599983481,0.21101957483081749,-0.5930912532563652
2022-01-21,4.294003839032594,4.301644590293131,4.21759814808258,4.263441562652588,76800,-0.005361459284643729,0.20661305332563767,0.10537661921434256
2022-01-24,4.21759630239569,4.240518181815253,4.148831028467913,4.179393291473389,83600,-0.019910622258498777,0.21995358445299304,0.24901301345861612
2022-01-25,4.148832214979942,4.232878644446641,4.148832214979942,4.209957122802734,129500,0.007286372613503308,0.21832229538967599,1.0347924392426395
2022-01-26,4.423892487037342,4.423892487037342,4.267260772304791,4.3245649337768555,356500,0.026859078942600773,0.23388807425876107,2.4268303376709377
2022-01-27,4.3092835991565455,4.332205481276896,4.278721332550049,4.278721332550049,93500,-0.010657331096876416,0.23785527645062626,0.11789338351459394
2022-01-28,4.304039893222353,4.319384048966157,4.242663270247141,4.31171178817749,33300,0.0076807810156510285,0.2358451406784184,-1.6220414674404404
2022-01-31,4.300202305693743,4.418352228302278,4.288694284243795,4.373086929321289,168400,0.01413415898336364,0.23736833310024685,1.051276168915833
2022-02-01,4.3654170586549546,4.411449531606471,4.219647378058364,4.250335693359375,107700,-0.02847118438990232,0.2583046078090782,0.2750633745215209
2022-02-02,4.296367645263672,4.311711801053296,4.242663282916752,4.296367645263672,29500,0.010771965561536728,0.25929886188456347,-1.6546347369945664
2022-02-03,4.265677504441394,4.281021653651013,4.219645056812535,4.273349761962891,41500,-0.005371924781254448,0.2605865941022202,-1.143338131603854
2022-02-04,4.281023109801964,4.281023109801964,4.219646492086788,4.2426629066467285,26500,-0.007206891142907299,0.2612692620012187,-1.7418833388594441
2022-02-07,4.28869483667393,4.28869483667393,4.204301814892299,4.234990119934082,89900,-0.0018101209812678215,0.2598286091301691,0.07145319646448585
2022-02-08,4.21964602760913,4.227318286895752,4.196629615582722,4.227318286895752,46800,-0.0018131778638493948,0.2591582629111189,-0.8688554371755397
2022-02-09,4.234991140125476,4.27335171358533,4.150598098013919,4.158270359039307,40400,-0.016468608546099047,0.2679357490560367,-1.015737321801819
2022-02-10,4.150598084783868,4.258007543795678,4.150598084783868,4.173614501953125,51100,0.003683238670884844,0.2613193674482967,-0.6237159889991174
2022-02-11,4.204302814289773,4.242663387627354,4.150598084783868,4.173614501953125,48100,0.0,0.2592840963620731,-0.6437108702835188
2022-02-14,4.150598102442975,4.173614519710156,4.073877321274938,4.089221477508545,38200,-0.020427843268032927,0.25161529357982865,-0.8936446463249529
2022-02-15,4.073877330009442,4.1582703723919945,4.073877330009442,4.142926216125488,92400,0.013047749511199304,0.25559907128621456,0.4224377411448353
2022-02-16,4.112237803412196,4.227319155524205,4.096893647519496,4.196630477905273,51900,0.012879582485337117,0.22093154489848657,-0.3680557057124443
2022-02-17,4.204302814289773,4.211974709457166,4.150598084783868,4.173614501953125,29100,-0.005499488728503539,0.2159583875437635,-1.1890697524191585
2022-02-18,4.1505975610084755,4.211974177936487,4.127581512577218,4.1659417152404785,39200,-0.001840095246747136,0.21354606720612487,-0.6993913963214091
2022-02-22,4.135253418052816,4.227318709529378,4.096893215284951,4.15059757232666,42900,-0.003690034951845568,0.21322939986394499,-0.5186982042476115
2022-02-23,4.142926189616476,4.219646970458097,4.142926189616476,4.173614501953125,36300,0.0055301301985927614,0.20319360327846284,-0.7054898631356704
2022-02-24,4.142925712505071,4.165941761190192,4.027844371578972,4.104565143585205,90900,-0.016682643467000415,0.20914324929742742,0.7103994355547805
2022-02-25,4.123060642837282,4.207833956722273,4.123060642837282,4.200127124786377,45500,0.02301498869766218,0.20297636750261167,-0.2619917173527411
2022-02-28,4.153887284149247,4.1770074127450885,4.092234097869641,4.138473987579346,72100,-0.014787674784721462,0.2058365278437665,0.7006431323271508
2022-03-01,4.130767368813848,4.177007256797195,4.099940776824951,4.099940776824951,89600,-0.009354588923724975,0.2046278140237158,1.0407925142606083
2022-03-02,4.123060911278486,4.230953993031841,4.123060911278486,4.223247528076172,64200,0.02963185957826767,0.2262990793144397,0.5350911195435684
2022-03-03,4.238659584869414,4.4313259296362055,4.238659584869414,4.40049934387207,108400,0.0411136332213145,0.24960332209534147,1.780642534163619
2022-03-04,4.392793772365918,4.392793772365918,4.24636763177145,4.2540740966796875,46100,-0.03384088698298244,0.2755611260502091,-0.3195024651337765
2022-03-07,4.261780002658992,4.284899759840007,4.184713165437168,4.207833290100098,35000,-0.01092927746672513,0.27747231150414386,-0.9693473523447945
2022-03-08,4.2232477860892415,4.308021110672692,4.2232477860892415,4.261781215667725,47200,0.012739341355696729,0.28020065749256806,-0.3275004567155664
2022-03-09,4.32343391283059,4.338847209396679,4.2617807265662355,4.277194023132324,45900,0.0036099938861381894,0.2803363306052529,-0.3326962560405159
2022-03-10,4.27719528668007,4.27719528668007,4.1076486068844815,4.161595344543457,46300,-0.027398695479053537,0.29650867039804346,-0.3070892586417088
2022-03-11,4.15388851024271,4.184715112481529,4.1230619080038915,4.161595344543457,51300,0.0,0.2909416006906064,-0.05511264124349924
2022-03-14,4.192421178193567,4.254074371368439,4.138474450424543,4.153887748718262,23100,-0.0018537944088270713,0.29069966710914524,-1.9558194504685855
2022-03-15,4.1538890424699675,4.1538890424699675,4.061409223904307,4.115355968475342,48200,-0.009319367147953,0.2923961702318036,-0.11104417026138377
2022-03-16,4.123061237356997,4.123061237356997,4.038287911248221,4.061408042907715,84700,-0.013195613397571984,0.2872667054189164,1.1781856602601395
2022-03-17,4.084527417529451,4.125372669655827,4.015167402888375,4.038287162780762,78900,-0.005709089623588602,0.28358960132986166,1.0477700586821697
2022-03-18,4.038288419881291,4.061408554452827,3.9612219171129595,3.976635217666626,206800,-0.01538459343560708,0.2827864819273918,2.630828838812743
2022-03-21,3.9535154505771626,4.015168652791828,3.9535154505771626,3.976635217666626,35000,0.0,0.2827088935267203,-0.9581501095740235
2022-03-22,3.9843410218803297,4.19242070931499,3.9843410218803297,4.138473987579346,417700,0.03989107882461689,0.3182894606625703,2.91997551399957
2022-03-23,4.084528838946411,4.207835247901685,4.084528838946411,4.161595344543457,247600,0.005571379188930928,0.31866875818870666,1.8216981947516329
2022-03-24,4.153887064688568,4.1847136561997225,3.9458073882472995,4.038287162780762,248900,-0.030077864577940566,0.33453803160291684,1.6130732585578293
2022-03-25,4.038288195022843,4.0829868743842015,4.007461595631986,4.069115161895752,29000,0.007604938415194519,0.33127699374392955,-1.1526002824441657
2022-03-28,4.084528189014063,4.084528189014063,4.03058145993912,4.045994758605957,30700,-0.0056981275851168845,0.3204464361661278,-1.0334945799450914
2022-03-29,4.053701134521718,4.069114431450311,3.4140483932801575,3.5296483039855957,1305800,-0.13652920791112214,0.5660767854844556,2.7526712988030027
2022-03-30,3.4602890310491796,3.6221288674772594,3.421755964150439,3.537355899810791,513300,0.002181291721076851,0.5670302086387577,1.6264381745528345
2022-03-31,3.5527677830204283,3.5681810771286373,3.4757013124793827,3.506527900695801,184900,-0.0087531812903068,0.5511286330967109,0.6419276555876366
2022-04-01,3.506527578237891,3.560473918914795,3.467994162769916,3.560473918914795,116400,0.015267313480956488,0.5284056298252181,0.2197610858071169
2022-04-04,3.5835947874451555,3.599008083343506,3.5373548997501034,3.599008083343506,104900,0.010764615796962623,0.5257256094003292,0.09111918512876072
2022-04-05,3.606714788628559,3.606714788628559,3.5142350070570028,3.5296483039855957,74300,-0.019460039708689383,0.5271607171762058,-0.2621170564772566
2022-04-06,3.5373544889122193,3.5450609522253647,3.4911146065875918,3.506527900695801,57300,-0.006571889569229864,0.5216332658394601,-0.5158615007442235
2022-04-07,3.475702196769253,3.521942090858257,3.437168767954077,3.514235258102417,262300,0.0021955905158665755,0.5212154313855423,0.8292020369879899
2022-04-08,3.4911152833694197,3.529648342368938,3.437168559791706,3.4834084510803223,129900,-0.008810681915769936,0.5170688136228347,0.12930974570557557
2022-04-11,3.5219421667923254,3.529648632232307,3.460288605862373,3.4911155700683594,135500,0.0022100783083549708,0.5175814380929761,0.12732406877859725
2022-04-12,3.4911148162330696,3.52194140630066,3.4448745636497433,3.4679946899414062,71100,-0.006644804963628815,0.5170878069438781,-0.5795018960928701
2022-04-13,3.4371687888268108,3.4448752541474374,3.414048657900902,3.42946195602417,74300,-0.011173143017870568,0.5171604552790441,-0.5652118971157053
2022-04-14,3.406341827663872,3.4140482921589164,3.3138620488314894,3.3601019382476807,124700,-0.020432072461396104,0.5185618863643879,-0.045409610781715876
2022-04-18,3.3755156993865967,3.4525821923557376,3.3755156993865967,3.3755156993865967,101100,0.004576800190948201,0.5206111172051187,-0.27873732500056114
2022-04-19,3.3755157092255166,3.3755157092255166,3.2984492160317433,3.3061556816101074,97100,-0.020762023553770294,0.521834160623133,-0.28441192365057993
2022-04-20,3.3061559668727907,3.3662679469951406,3.2445027669981927,3.3138628005981445,89200,0.0023284292908897423,0.5223905468245804,-0.4409037681779275
2022-04-21,3.2445018554832936,3.3446884608739786,3.2445018554832936,3.2830352783203125,117500,-0.009346133988414882,0.49164535302425766,-0.07257708296233686
2022-04-22,3.267622742583292,3.2753295768024615,3.2252362568241035,3.2367961406707764,467300,-0.014184389116715481,0.48799119624461434,1.4287528239775806
2022-04-25,3.2367959494844665,3.2367959494844665,3.1520229829733353,3.190556049346924,161500,-0.014388783355422268,0.48366198619115486,0.27588001469408785
2022-04-26,3.175142025330087,3.236795211455801,3.1597287287986586,3.2059686183929443,157600,0.004819053993890217,0.48239034111555773,0.17045033083394384
2022-04-27,3.1905560181600663,3.267622517635999,3.1828495519535016,3.2213826179504395,123800,0.004796386113351772,0.48530148886895763,-0.2227344194885231
2022-04-28,3.244503517308701,3.252209985334163,3.198263606709502,3.2290902137756348,54200,0.0023897781432345084,0.16473596070502217,-1.4235874847195578
2022-04-29,3.198262851848688,3.259916051429434,3.198262851848688,3.2213826179504395,206500,-0.002389778143234532,0.1632459175409178,1.0555053193290813
2022-05-02,3.2290895317082624,3.2290895317082624,3.136609730043994,3.1443161964416504,43300,-0.024214210956558922,0.17661297233153594,-1.7438847737776964
2022-05-03,3.1366093298814137,3.1520226281923924,3.0595426545855084,3.1211960315704346,142200,-0.007380169081165977,0.1602205714297148,0.4110342847485748
2022-05-04,3.1366088130309797,3.144315277175589,3.0980753898620605,3.0980753898620605,162200,-0.007435195107190413,0.1477585617020884,0.6071867366574539
2022-05-05,3.090369692590598,3.090369692590598,3.02871631046567,3.0441296100616455,67100,-0.017566058752070554,0.14590229946650077,-0.9682554254000161
2022-05-06,3.028716052389176,3.0980758946609246,3.028716052389176,3.067249298095703,117000,0.007566147893958553,0.15445160312563258,-0.03580315907289871
2022-05-09,3.0595424337813872,3.0595424337813872,2.974769115447998,2.974769115447998,137900,-0.030614738117679067,0.1723030635575898,0.3476208538326567
2022-05-10,2.9978897264122693,3.036422975596792,2.9824762429974347,3.0287163257598877,102800,0.017972447156334666,0.19418035081476262,-0.2112305554679159
2022-05-11,3.0133032550617873,3.0826631088644634,3.0133032550617873,3.0364232063293457,58500,0.002541370953341531,0.19437433763946116,-1.2024009432271954
2022-05-12,3.021009905484307,3.067249808019424,2.997889954216748,3.0364232063293457,100500,0.0,0.19573253634791402,-0.2054895324793586
2022-05-13,3.0749562092535974,3.0749562092535974,3.0210096606676817,3.0441296100616455,80700,0.0025347721140443484,0.19721192071367058,-0.6425350754378116
2022-05-16,3.036423203161679,3.105783240633037,3.036423203161679,3.090369939804077,421100,0.015075787406171876,0.2020351668238876,2.1503789477349904
2022-05-17,3.1057831294892377,3.1712893800565456,3.0980762956095163,3.1443161964416504,176100,0.01730563553425525,0.2133278204188239,0.6182914761432049
2022-05-18,3.136609324108461,3.175142386073979,3.067249298095703,3.067249298095703,33600,-0.0248152750464685,0.21790244718396284,-1.8908507933250416
2022-05-19,3.1057822214886275,3.109635269819953,3.0595421504341203,3.0980753898620605,49400,0.009999910858111956,0.2220997743443465,-1.215193424604718
2022-05-20,3.1057831453468125,3.1289029121398926,3.090369844990737,3.1289029121398926,76500,0.009901359097536413,0.22537941880668433,-0.5374532677222331
2022-05-23,3.1597295128520435,3.1674363467711153,3.098076311427741,3.1289029121398926,73300,0.0,0.22126582921165208,-0.5337205238140031
2022-05-24,3.1443166370082913,3.1982633792789072,3.0364235199491763,3.175143241882324,124900,0.014670311073996464,0.22301831041816272,0.37309931448380634
2022-05-25,3.175141895041454,3.175141895041454,3.0595421757992534,3.136608839035034,86300,-0.012210518135569283,0.22594293660993253,-0.2011127804238423
2022-05-26,3.1520230464150396,3.1520230464150396,3.0749563608936277,3.1289029121398926,244800,-0.0024597929384271157,0.22497675595227698,1.4377400787043626
2022-05-27,3.1520222757546916,3.3292753702527254,3.082662257369642,3.259915351867676,431300,0.04101879355026954,0.2686959550041368,2.000285134760572
2022-05-31,3.6991940882277747,3.7993803115166447,3.5450607868538415,3.7839670181274414,1062500,0.14907170565522357,0.5802036775736774,2.6248010348920188
2022-06-01,3.7856005511262536,3.7856005511262536,3.5277881048301563,3.581634998321533,192300,-0.054953535414860505,0.6104667922006185,0.501051401790299
2022-06-02,3.589793775436538,3.6876971465493327,3.5490005096228328,3.6795387268066406,194300,0.02696799875081682,0.6124309583279819,0.49246856561368224
2022-06-03,3.6713784670345335,3.6713784670345335,3.6224268008247313,3.6550612449645996,87300,-0.0066745487983038004,0.6121975867762678,-0.45891856867702685
2022-06-06,3.606110361465507,3.663220456589463,3.573475910242291,3.6142687797546387,112700,-0.011223288325812101,0.6092639328527001,-0.17736793862868244
2022-06-07,3.6305858519640632,3.720330783552612,3.61508481896634,3.695855140686035,140900,0.022322398250219002,0.6112193590112893,0.09109413486349244
2022-06-08,3.7366483853584573,3.7521498089530048,3.5816345384463477,3.6061105728149414,147300,-0.02458217159813917,0.6066482889996245,0.14271417029488145
2022-06-09,3.6142692309297355,3.6142692309297355,3.496785036247076,3.5000486373901367,36300,-0.029852923079887735,0.6203664364562342,-1.4622017003896368
2022-06-10,3.467414224370967,3.495969275845687,3.4103037323881273,3.4266209602355957,67900,-0.021202231978691626,0.6278694858122718,-0.7356833108593069
2022-06-13,3.3858279600419214,3.389091172070814,3.2495789374843413,3.3287174701690674,83100,-0.028987547105360306,0.639146887612721,-0.4823450649946349
2022-06-14,3.377668250489557,3.377668250489557,3.2716064962214073,3.3042409420013428,53000,-0.007380308377515457,0.6404284722157031,-0.9736708718571541
2022-06-15,3.2716067343879334,3.402144527010569,3.2716067343879334,3.3858273029327393,64400,0.024391501807268852,0.6432826562701701,-0.6727683285566276
2022-06-16,3.320559008550478,3.320559008550478,3.1573863491600096,3.2960829734802246,113700,-0.026863493418545006,0.6502313734588977,0.045348029032919616
2022-06-17,3.2634485907738555,3.3197428891164114,3.247131363381322,3.2716073989868164,110600,-0.007453362266511501,0.6438779332021416,-0.06176086942148521
2022-06-21,3.07579965717648,3.2063376443478466,2.9371030579641935,3.124751329421997,308700,-0.04592671801946205,0.6650921742094092,1.157437661254464
2022-06-22,3.1165927173810775,3.165544584143249,3.092116881258319,3.124751329421997,46900,0.0,0.6641952887883604,-1.221576566323057
2022-06-23,3.149226627572743,3.149226627572743,2.9044681136397936,2.9371025562286377,196300,-0.061931135128045205,0.6979128127559594,0.5257411538027134
2022-06-24,2.9697381905140685,3.035007097607778,2.8963104755169593,3.0186898708343506,115000,0.02739934934704492,0.7033482254089608,-0.1459326704372264
2022-06-27,3.0023726440609235,3.0921173913147735,2.9697381905140685,3.0186898708343506,59500,0.0,0.7024749415392337,-0.9409934812788662
2022-06-28,3.018689683880396,3.0839585869318618,2.969738006591797,2.969738006591797,78000,-0.016349184001344497,0.704278571385856,-0.5420061843034083
2022-06-29,2.994214053428971,3.0105312803264024,2.8555174302841166,2.8881518840789795,245800,-0.027856924567045423,0.6909591704906158,0.9785954329134356
2022-06-30,2.888151240968078,2.9623947429811106,2.879992629336058,2.8963098526000977,126600,0.0028206510134451746,0.4042756799228091,0.31858684349175964
2022-07-01,2.9126274121798645,2.9126274121798645,2.8310412864390657,2.879992961883545,91600,-0.005649611746800934,0.3743643485674643,-0.19446098510993054
2022-07-05,2.847358816835401,2.904469110976411,2.806565749591823,2.8881518840789795,70800,0.0028289607333555943,0.3527329898675383,-0.5903960317743663
2022-07-06,2.839199709670985,2.8881513818509474,2.773930813431035,2.831041097640991,86200,-0.0199722880584543,0.353432874114624,-0.22243543754469164
2022-07-07,2.847358321700979,2.9044686059109353,2.814723873581004,2.831041097640991,48200,0.0,0.3559392210444904,-1.1862282389543783
2022-07-08,2.8391998054212735,2.8702024543741333,2.7984067438955833,2.8147239685058594,75000,-0.005780323614762563,0.3348502300694433,-0.34186399454661254
2022-07-11,2.8228826738649855,2.928944637328024,2.7576137732723462,2.879992961883545,321000,0.022923650939861154,0.35398244817011126,2.021304349145954
2022-07-12,2.8310412422558926,2.8310412422558926,2.7249790859314658,2.7657723426818848,116500,-0.040467926109468,0.36301139811846,0.2807906206832544
2022-07-13,2.7820892324565167,2.7820892324565167,2.684185700371892,2.733137369155884,100500,-0.011869755424281791,0.3612104442740757,-0.011957348117922097
2022-07-14,2.716820699127576,2.716820699127576,2.643393181008367,2.65971040725708,95600,-0.027232921406009702,0.3601448546167528,-0.11309988424279047
2022-07-15,2.684186360780145,2.7412966550793616,2.6678691338375113,2.7005035877227783,49200,0.015221022175441192,0.3711009910919601,-1.2817951787755197
2022-07-18,2.7412963108249677,2.8473584671493946,2.7412963108249677,2.7657723426818848,47700,0.023881654654850086,0.37051617234457696,-1.275916141866589
2022-07-19,2.7820896847762384,2.8310413615189276,2.7453758299608855,2.806565523147583,97200,0.014641577808532983,0.37407446293178837,-0.03703633165797222
2022-07-20,2.839199711828078,2.9615790868876166,2.7576135914661553,2.9126272201538086,276500,0.03709399662385077,0.40493535855949186,1.5777040991577882
2022-07-21,2.9126271208401473,2.9126271208401473,2.7706671206375764,2.847358226776123,222000,-0.022663872242746515,0.3831288663906124,1.3026595829764394
2022-07-22,2.879992965205637,2.879992965205637,2.741296356769624,2.7984068393707275,184600,-0.017341357126397165,0.38530750462781654,0.905934782543477
2022-07-25,2.814723802041503,2.839199637509402,2.7086616538306236,2.8228824138641357,117700,0.008708226195937665,0.3277907205683193,0.1785377044453848
2022-07-26,2.814724858691842,2.871835162889535,2.8065662438064574,2.8636765480041504,105600,0.01434781006698799,0.31600320795884934,-0.005920910024867331
2022-07-27,2.896310212196389,2.896310212196389,2.814724085746726,2.8555171489715576,55600,-0.0028533408731219474,0.3158721638991773,-1.1266845069249964
2022-07-28,2.8881512192296372,2.920785665512085,2.8147237150941296,2.920785665512085,60200,0.022599678922617553,0.3233106018725943,-0.9494012041489049
2022-07-29,2.928944444226193,2.95342028033477,2.871834159972847,2.9126272201538086,53300,-0.0027971449432776965,0.30817795764885586,-1.0657821014995732
2022-08-01,2.9044688248413553,2.9216020475574527,2.7984068604567938,2.8555171489715576,104800,-0.01980253397933995,0.3158106749238986,0.15461459759555804
2022-08-02,2.8799930382616163,2.8799930382616163,2.7739310719857904,2.806565523147583,65800,-0.01729146264451076,0.32065880147964454,-0.6431531805604673
2022-08-03,2.8473584422211355,2.8473584422211355,2.733137674449946,2.790248155593872,60100,-0.005830965518263034,0.3206809149471614,-0.782394998025091
2022-08-04,2.7657723426818848,2.8228826298091416,2.7412963108249677,2.7657723426818848,74900,-0.00881061229026993,0.31492136302360413,-0.38329113604228715
2022-08-05,2.7902484915928705,2.7902484915928705,2.733138003571755,2.7739312648773193,21900,0.0029456189979759364,0.3152174351167441,-2.207056413162138
2022-08-08,2.8147240372472617,2.9207859998043086,2.795959209035502,2.9044687747955322,63000,0.045984964519847585,0.35389734899106695,-0.5386895510105075
2022-08-09,2.8636760437328324,2.9615795996341086,2.8636760437328324,2.8881518840789795,41100,-0.005633696674999751,0.34584429454870547,-1.1400883754654667
2022-08-10,2.8963109263017324,2.9615800380706787,2.8881523116452033,2.9615800380706787,41200,0.025106111474930377,0.32266586359147525,-1.0329697437201808
2022-08-11,3.0023719757348477,3.018689198876072,2.871833996088413,2.920785665512085,48800,-0.013870278942092711,0.32391956886619755,-0.6904481379206376
2022-08-12,2.961579307872788,2.961579307872788,2.749454990070327,2.8555171489715576,303200,-0.022599678922617654,0.318798755093047,1.9871747480287782
2022-08-15,2.7984067725895376,2.8963101212550626,2.529172174726018,2.7412962913513184,262800,-0.040822057140765096,0.35014769613474517,1.568301422861451
2022-08-16,2.7168201462278865,2.8391995127045075,2.6923443118358907,2.733137369155884,419100,-0.002980738736560364,0.3399698358458601,1.8988174106302327
2022-08-17,2.692344636144462,2.7657723426818848,2.6760274112509594,2.7657723426818848,115600,0.011869755424281703,0.3385402356502091,0.24887801910365712
2022-08-18,2.7739310074467243,2.7739310074467243,2.692344686923781,2.749454975128174,63100,-0.00591722307137127,0.3095930010266523,-0.4509845900632373
2022-08-19,2.749454592083881,2.7820892324565167,2.6515512545158972,2.733137369155884,100200,-0.005952532352910492,0.3013484012038422,0.2229063083873789
2022-08-22,2.7168206267359403,2.7168206267359403,2.6107586589454024,2.6515517234802246,52100,-0.0303051441633159,0.3128192322177092,-0.6110772789286613
2022-08-23,2.6678690910339355,2.6841863177147736,2.6107587976510023,2.6678690910339355,54300,0.006135035863108959,0.31177587772397647,-0.5011609000283358
2022-08-24,2.651552090025662,2.6678693180952533,2.6107590198516846,2.6107590198516846,53300,-0.021639069259835955,0.31192033480769954,-0.48091780380616744
2022-08-25,2.6107589929440813,2.684186518500465,2.529172658920288,2.529172658920288,185200,-0.0317487542858588,0.32586062569492796,1.159910096392308
2022-08-26,2.5944417650426628,2.5944417650426628,2.496538203117451,2.529172658920288,100100,0.0,0.310083941486989,0.285428053027408
2022-08-29,2.5128548861247,2.5699653659123767,2.4802204373984043,2.5210134983062744,181500,-0.0032312344373295284,0.3100159996763851,1.0025201949373193
2022-08-30,2.5291726466984463,2.5454898745210146,2.4312692797630375,2.472062349319458,104000,-0.01960824104347282,0.30991463669674746,0.25370740654930823
2022-08-31,2.4965378108670473,2.4965378108670473,2.366000008165504,2.3741586208343506,123200,-0.04040965168586504,0.32944460074556975,0.44078313651431705
2022-09-01,2.390476114260051,2.431269182179159,2.317048397488964,2.3496830463409424,73700,-0.010362664645819553,0.3294483054436214,-0.26403120604326946
2022-09-02,2.349682712210202,2.398634386752082,2.3007308431516584,2.365999937057495,129600,0.006920293790982136,0.33355218387224683,0.4613136234811193
2022-09-06,2.3660006208802584,2.4067936947885276,2.3088901228919614,2.3904764652252197,242700,0.010291964955830558,0.33738151686307777,1.231544891270562
2022-09-07,2.3904764652252197,2.439428153915143,2.325207352455269,2.3904764652252197,164800,0.0,0.27875395519691115,0.6106793980098588
2022-09-08,2.3904756310592963,2.394554839768307,2.3007307052612305,2.3007307052612305,423200,-0.038265933489641656,0.2957844382076919,1.7518707904665127
2022-09-09,2.333365407583103,2.427189552326917,2.3170481819334547,2.4067931175231934,102800,0.04506843434402655,0.33218532302097276,-0.302074054838601
2022-09-12,2.4312695768221886,2.4655358372430065,2.3578420426490556,2.4231109619140625,135600,0.0067570312819475245,0.3367156753720938,0.03848860802756944
2022-09-13,2.423110640731429,2.423110640731429,2.3252070802942852,2.357841730117798,47800,-0.02730555657402929,0.3395119600000221,-1.4407759195357766
2022-09-14,2.3741582359046673,2.3741582359046673,2.2925719279273764,2.308889150619507,53900,-0.02098015777873141,0.3227087302578058,-1.1421881984893187
2022-09-15,2.2925720933265565,2.3823170191246223,2.2762548694572087,2.3007307052612305,67800,-0.0035397512732134482,0.3226011616289761,-0.726344480272322
2022-09-16,2.2925724713932034,2.341524151073837,2.24362079171257,2.3170483112335205,93400,0.0070673255831540365,0.3192479727462378,-0.15272771608263913
2022-09-19,2.3088895008112704,2.398634433746338,2.3088895008112704,2.398634433746338,76300,0.03460549347832722,0.3524062010102518,-0.5255175761524953
2022-09-20,2.374158549481142,2.398634386752082,2.3252066804225984,2.365999937057495,130100,-0.01369885052766998,0.3532751014327562,0.3883671491927301
2022-09-21,2.382317113845233,2.4312687873995884,2.3741585015861735,2.4149515628814697,71100,0.020478491172260565,0.35462473886073326,-0.7133588759093317
2022-09-22,2.3986350800068736,2.4312695391334893,2.3007315081103075,2.3904764652252197,161100,-0.010186526216429995,0.3529893140933339,0.68122620389328
2022-09-23,2.3660006618438945,2.3660006618438945,2.2028281688690186,2.2028281688690186,175200,-0.08175063782863391,0.43911500462217834,0.7581269421706641
2022-09-26,2.1865101098836353,2.2354617808582735,2.1130824089050293,2.1130824089050293,127200,-0.041594327305492985,0.44705149832383917,0.18341840311644597
2022-09-27,2.1294004349447415,2.1636666953455514,2.096765975331293,2.1457178592681885,63900,0.01532642394221267,0.4538498009922393,-1.084404581614408
2022-09-28,2.170193703978275,2.170193703978275,2.096765975331293,2.1457178592681885,199700,0.0,0.45439998933762443,1.05424270958842
2022-09-29,2.1375587555098075,2.1701934051462413,2.0518934080788425,2.0886070728302,108700,-0.026976791261932517,0.4575441457299498,-0.0907995533040579
2022-09-30,2.07228961488196,2.135926912000542,1.98254487328012,2.0070207118988037,100200,-0.03984598186431123,0.45704537128233863,-0.22498823107654947
2022-10-03,2.0396556593695294,2.1294004227944314,2.0396556593695294,2.121241807937622,61600,0.05535028606459174,0.5067500646553506,-1.1037442670391608
2022-10-04,2.1212416239768674,2.2109865741355264,2.1212416239768674,2.178352117538452,169000,0.026567005915869146,0.5169768806701779,0.7270368651847664
2022-10-05,2.1375582218170166,2.178351475048369,2.1212409983311344,2.1375582218170166,47000,-0.01890452183661972,0.5167464620072757,-1.4558263206113746
2022-10-06,2.1212416286996674,2.1294002428671,2.0559727153602023,2.0722899436950684,121200,-0.031009910911665765,0.5238367389400614,0.2928966030789224
2022-10-07,2.047813919786615,2.088606987010116,2.007020852563114,2.0233380794525146,122200,-0.023905586729407655,0.515260430463993,0.5150877124361527
2022-10-10,2.0314961624994674,2.072289219072421,1.9833602973883908,1.9907031059265137,77000,-0.016260766198911033,0.4811653886732413,-0.5012666241208675
2022-10-11,1.9907024476583148,2.006203862385155,1.9499094045744503,1.9580680131912231,44100,-0.01652961633705071,0.47828672442675163,-1.5574474206774362
2022-10-12,1.966227365580284,2.0314962592039794,1.9254341125488281,1.9254341125488281,47200,-0.016806824229865923,0.47491194239921697,-1.407667691980105
2022-10-13,1.9172747755907857,1.9907024476583148,1.90095755835724,1.9580680131912231,90100,0.016806824229866003,0.4815435631081935,-0.07750420190742818
2022-10-14,1.958068753877322,1.966227365580284,1.8764824423310567,1.9254341125488281,43500,-0.016806824229865923,0.4822406081923189,-1.5572223427518355
2022-10-17,1.9417520676062516,2.0314968211643682,1.9221712384893024,1.9825451374053955,173000,0.02922998686180741,0.497124983321525,1.2270205833151082
2022-10-18,2.0070211244193135,2.015179738969119,1.9254347844045436,1.9458314180374146,170000,-0.018692092169528374,0.47409968348935044,1.0850221998430396
2022-10-19,1.949910283088684,1.966227507673806,1.9009584148166576,1.949910283088684,33900,0.002094012824586419,0.47568524054351297,-1.7926800728642291
2022-10-20,1.9335931324598452,1.94175194040189,1.884641451907702,1.9172759056091309,82500,-0.016877983415530266,0.46376065606746,-0.20361824907786308
2022-10-21,1.9254346473770998,1.9254346473770998,1.8683243495928306,1.8764829635620117,118300,-0.021506118714689146,0.46516939890516884,0.48557331710896556
2022-10-24,1.8846415071138456,1.9074857420840265,1.8193725977990887,1.8683242797851562,129300,-0.004357338658760226,0.38897783420381093,0.6953892310637257
2022-10-25,1.8764823630504757,1.8764823630504757,1.8275306949008914,1.8356893062591553,130800,-0.017621867347726874,0.3712282860370737,0.7134747200235035
2022-10-26,1.8601648632357837,1.9172751342362404,1.8520062530928614,1.8846406936645508,55400,0.026317134582318925,0.38126227538221896,-0.8935149185375452
2022-10-27,1.9335925659368718,1.9335925659368718,1.8193720114473326,1.8275306224822998,179700,-0.030771520300696076,0.38978573020975954,1.343440998814546
2022-10-28,1.8112140400449892,1.8479278999262043,1.7948968122126046,1.8193726539611816,226100,-0.004473922947883479,0.3834657164490729,1.6010869509029377
2022-10-31,1.843848181875941,1.8675082165608312,1.7622620566004565,1.811213731765747,197600,-0.004494555459355338,0.36386816415591117,1.250165104871324
2022-11-01,1.8356897171702524,1.868324169908388,1.7785794248785156,1.7867380380630493,144200,-0.013605558288598376,0.291175421794787,0.6462757564556468
2022-11-02,1.7948965334930707,1.811213758791644,1.688834374535676,1.745944857597351,278800,-0.02309575750725045,0.26627805185252085,1.6424357611491387
2022-11-03,1.6643585183476655,1.7622620635828223,1.5990896178686722,1.7214688062667847,192900,-0.014117991243313545,0.2648954738256162,0.9533391108142423
2022-11-04,1.7459448639451625,1.763077892215955,1.6969929933547974,1.6969929933547974,152400,-0.014320026141897627,0.25456961707478637,0.54273274587877
2022-11-07,1.729627437782109,1.7704206955452109,1.7051515998342492,1.745944857597351,264500,0.02843801738521129,0.28053649564104305,1.3219982656637344
2022-11-08,1.7541032805664527,1.786737727634669,1.7377860570323447,1.7785791158676147,209200,0.018518921234042234,0.29175085516161015,0.8716931301993586
2022-11-09,1.7785794465555613,1.8112138996914404,1.7704208332715916,1.8030552864074707,89800,0.01366781129531301,0.2959146409752381,-0.5184039443181699
2022-11-10,1.8275311262593799,1.8683241926792287,1.8030552864074707,1.8030552864074707,285700,0.0,0.2924042824554359,1.271539207166436
2022-11-11,1.8356897978940034,1.909117319783755,1.828346987350021,1.8928000926971436,131100,0.04857465589960005,0.33699953499416146,-0.07013578880930378
2022-11-14,1.9254337443791627,1.9254337443791627,1.819371812521172,1.8846406936645508,106100,-0.004320073925171588,0.3326547039391838,-0.5571857796412232
2022-11-15,1.966226989610384,1.966226989610384,1.8772980806975472,1.8846406936645508,209700,0.0,0.31405421419449325,0.7044873982296393
2022-11-16,1.933593116219806,1.933593116219806,1.8275311425809653,1.8601655960083008,95300,-0.013071675416212411,0.31097145120868763,-0.7103273853978006
2022-11-17,1.8438481891815641,1.8438481891815641,1.7214688062667847,1.7214688062667847,190500,-0.07748763033088475,0.4052196441810725,0.5194769061241717
2022-11-18,1.7133103983939388,1.770420887652643,1.7051517848593656,1.754103660583496,133400,0.018780108194903472,0.41185738066301564,-0.36950338399666466
2022-11-21,1.770421028137207,1.7948968706831083,1.729627762710666,1.770421028137207,162400,0.009259395565290483,0.4093837070083193,0.07008378852083018
2022-11-22,1.7541037540242919,1.9091174194387373,1.7541037540242919,1.8764829635620117,144400,0.05818187341107128,0.4604651129860033,-0.23096497802981908
2022-11-23,1.8764824423310567,1.958068753877322,1.8675080278127925,1.9254341125488281,70000,0.0257521946133537,0.46380585503893096,-1.7784454198777948
2022-11-25,1.9499101421743603,1.9499101421743603,1.8846410540340186,1.9254341125488281,32000,0.0,0.45550087468901357,-2.9902193069965
2022-11-28,1.8928001792069125,1.9564374844632322,1.8193726539611816,1.8193726539611816,119800,-0.056659709286101444,0.4860694145681045,-0.39755439299552003
2022-11-29,1.8275309080574367,1.9009584188461304,1.8275309080574367,1.9009584188461304,97600,0.043866443919720575,0.50903287002511,-0.7198239549971469
2022-11-30,1.9009586787584163,1.9335931324598452,1.884641451907702,1.9172759056091309,76300,0.00854718946771624,0.5089124184103333,-1.0872209420421637
2022-12-01,1.9335932613462812,1.9499106838013445,1.8601657356236492,1.8764829635620117,87300,-0.021506118714689146,0.5128247170976652,-0.7733948901236477
2022-12-02,1.8601653572968562,1.9091170311559853,1.8438481326771463,1.9009584188461304,65000,0.012958929246972945,0.5054540834366371,-1.2131810509012166
2022-12-05,1.9009581217970035,1.9009581217970035,1.7785789562724972,1.8275306224822998,108400,-0.03939252097183721,0.5241386739858808,-0.19279270441067928
2022-12-06,1.8275306224822998,1.860165066622168,1.754103123167596,1.8275306224822998,89400,0.0,0.5205642331394906,-0.5159719626467298
2022-12-07,1.8275313083592795,1.9335932916191738,1.8275313083592795,1.8520071506500244,125200,0.013304328268993016,0.5140388269379288,0.218523959131442
2022-12-08,1.8764829929407691,1.8928002211345991,1.754103781487045,1.8520071506500244,155600,0.0,0.5109007088446164,0.7201877459426232
2022-12-09,1.8520069982062732,1.9172759056091309,1.843848384780916,1.9172759056091309,144800,0.034635382170560496,0.522014503717344,0.5169867449796609
2022-12-12,1.9580688995317754,1.9580688995317754,1.8520067449870012,1.9009584188461304,139600,-0.008547189467716224,0.5234556198474623,0.5683651814276119
2022-12-13,1.9009587062404494,1.9335931604136722,1.8732194590965479,1.8928000926971436,95100,-0.00430092674596952,0.4961720387731836,-0.30581248852028114
2022-12-14,1.8846411942264207,1.9335928680855499,1.8683239696067109,1.9009584188461304,204000,0.004300926745969529,0.49612500361698225,1.3615408284970563
2022-12-15,1.8764820835216285,1.9074849187746992,1.843847642949939,1.8846406936645508,105800,-0.008621000671141058,0.49711272869229434,-0.04937608025947337
2022-12-16,1.8764826076382055,1.9091170573249574,1.7867378709996378,1.7948964834213257,234100,-0.04878983841622971,0.5236375617941077,1.6230924368024677
2022-12-19,1.8030552864074707,1.8764828059631984,1.7704208332715916,1.8030552864074707,129200,0.004535256441801242,0.44528626942083044,0.3556627240511748
2022-12-20,1.8193726657777425,1.8928001915003745,1.8193726657777425,1.8764829635620117,103100,0.039916653398596624,0.4609441315971481,-0.13514300004051744
2022-12-21,1.8764828656105321,1.9172759333270608,1.8683242520672263,1.8928000926971436,188500,0.008658002501003542,0.46084940693993226,1.2183615471594704
2022-12-22,1.8764820835216285,1.9172751342362404,1.8764820835216285,1.8846406936645508,89200,-0.004320073925171588,0.41549240430804174,-0.42715246370064364
2022-12-23,1.8601653572968562,1.925434255775695,1.8601653572968562,1.9009584188461304,57800,0.008621000671141042,0.40635879368625427,-1.359843785368402
2022-12-27,1.9091173134054087,1.9499105755023376,1.8846414728572651,1.9335931539535522,78800,0.01702181986920758,0.4109327134901667,-0.9469682178811722
2022-12-28,1.9254341125488281,1.9833603918015101,1.8927996657369803,1.9254341125488281,185900,-0.004228554502826795,0.35598519749860813,1.2904614127276228
2022-12-29,1.9335919928243317,2.0886057510595895,1.9091161669740129,1.9580680131912231,708300,0.016806824229866003,0.3277793940670909,3.156328473764318
2022-12-30,1.9417516029675457,2.0886066191037562,1.9417516029675457,2.0641307830810547,150200,0.052750929950014756,0.3726095339737076,0.28224747192920496
2023-01-03,2.0886064417016024,2.0886064417016024,1.9580686606681506,1.9907031059265137,241500,-0.036221313612963914,0.38821967387927236,1.055886606334177
2023-01-04,1.9907041278747861,2.015179974383484,1.9499110503602899,1.9988627433776855,159800,0.004090494623592,0.38651133581422664,0.23520433184143813
2023-01-05,1.974386119966367,1.9825447322589282,1.9172756394017796,1.949910283088684,73900,-0.02479502767364312,0.36956398587578954,-1.1701132231606122
2023-01-06,1.9662278025344335,1.9662278025344335,1.9172759269214565,1.9335931539535522,67100,-0.008403353014038896,0.3715892341209143,-1.2877828606918706
2023-01-09,1.94175194040189,1.9499105538272472,1.9009586787584163,1.9172759056091309,113800,-0.008474630401491323,0.37140678352732015,-0.3247462192760344
2023-01-10,1.8683237821639433,1.9580687030851955,1.8683237821639433,1.941751480102539,87300,0.012685011139959816,0.3732916991993743,-0.7430744858664174
2023-01-11,1.9580687030851955,1.974385926067852,1.9254340626032411,1.941751480102539,67600,0.0,0.3542295817183415,-1.097734008849776
2023-01-12,1.9417524348573907,2.015179974383484,1.9417524348573907,1.9988627433776855,117100,0.02898799994921353,0.3656900973195707,-0.13683652175554792
2023-01-13,1.9988620990259092,2.039655163390382,1.9988620990259092,2.0070207118988037,64000,0.0040729990725515705,0.3649088604484074,-1.114464530389853
2023-01-17,2.047812707975725,2.0722885338260437,1.9499094045744503,1.9580680131912231,106600,-0.02469311003319423,0.37701791975037413,-0.2108296629273982
2023-01-18,1.9662282813660885,2.0396558208921816,1.9662282813660885,1.9988627433776855,119700,0.020620110960642805,0.3808041059307946,-0.023183202412637258
2023-01-19,1.990703643082577,1.998862256598625,1.9172759269214565,1.9335931539535522,87300,-0.03319838068768198,0.35729291498588306,-0.4956057731431372
2023-01-20,1.9499099394271522,2.039654658828281,1.9499099394271522,2.031496047973633,105300,0.0493924812394866,0.3910554010958749,-0.14938095120531011
2023-01-23,2.055972126101285,2.1497962593943325,2.055972126101285,2.1130824089050293,188100,0.03937524770477784,0.39046222023148947,0.8061008058536872
2023-01-24,2.162034894053538,2.162034894053538,2.064131329527635,2.0722899436950684,99100,-0.01949348995185577,0.3998002258336841,-0.2523426986500616
2023-01-25,2.0641312314903963,2.1294001417298727,2.023338162590724,2.0886070728302,144700,0.007843122632136042,0.3987092238228554,0.37228370192605104
2023-01-26,2.1212407273001834,2.1212407273001834,2.0412864202417835,2.0804476737976074,259600,-0.0039142731128996786,0.3995961914673188,1.2712985687059917
2023-01-27,2.080448007096189,2.1090032463810013,2.0396549470583527,2.0641307830810547,54900,-0.007873888834591182,0.3989124175068861,-1.375826234638421
2023-01-30,2.0559725332313152,2.0804483735654156,2.0151794660078144,2.0233380794525146,74200,-0.019960547414052905,0.4062151753869197,-0.7880368198032879
2023-01-31,2.039654993548906,2.0886066667100818,1.9335928405163667,1.9743860960006714,265500,-0.024491149528624787,0.41284857407783954,1.8182536417083974
2023-02-01,1.9825450122290138,2.0233380794525146,1.9580691718949135,2.0233380794525146,87600,0.024491149528624773,0.3778126260725819,-0.48729504695076503
2023-02-02,2.0396540993589523,2.0396540993589523,1.9417507959576774,1.9580680131912231,154000,-0.0327903825359618,0.3739440338636621,0.8116196312050228
2023-02-03,1.9825447081942007,1.99070332038773,1.9254342283228376,1.9743860960006714,155700,0.00829923300733708,0.37491868920091653,0.8415277494557188
2023-02-06,1.9580688003273126,1.9825446360168226,1.9254341582246481,1.966227412223816,80500,-0.004140824984493785,0.3648055476314482,-0.6751500282217453
2023-02-07,1.9907037513652242,1.998862365325053,1.9499106815660803,1.9825451374053955,73500,0.008264754609098377,0.3643083899801581,-0.9032710842463325
2023-02-08,1.9743868968689877,2.011100569373666,1.9499110503602899,1.9988627433776855,123000,0.008196948328701152,0.36331161782746146,0.2815701882606138
2023-02-09,1.9988610562750877,1.9988610562750877,1.9417507959576774,1.9580680131912231,136800,-0.0206201109606428,0.36922245858373814,0.47861329890829946
2023-02-10,1.9825447081942007,1.99070332038773,1.9490942620390699,1.9743860960006714,59200,0.00829923300733708,0.3702275174431882,-1.419115523318905
2023-02-13,1.9825451374053955,1.998862365325053,1.9327774560887496,1.9825451374053955,161800,0.004123929624604625,0.35611968481817036,0.8157247042576748
2023-02-14,1.9499100915938672,1.974385926067852,1.9335926740945693,1.941751480102539,107200,-0.020791051620512226,0.3625510657472564,-0.16509451351183502
2023-02-15,1.9580688505653214,1.9580688505653214,1.89279975920204,1.9091169834136963,110700,-0.016949567758798016,0.3572834865568401,-0.09449686590456628
2023-02-16,1.9172755955195244,1.9172755955195244,1.8764825349903838,1.9091169834136963,98400,0.0,0.34844301795527427,-0.34626127694153935
2023-02-17,1.9009583713078682,1.9172755955195244,1.8805619383016259,1.9091169834136963,58400,0.0,0.3296884157121562,-1.4438481357727955
2023-02-21,1.8928001915003745,1.8928001915003745,1.8275312797469239,1.8764829635620117,172000,-0.017241562095850975,0.27931738479828,0.8799794141121535
2023-02-22,1.8764820835216285,1.8846406936645508,1.8275304226640943,1.8846406936645508,52500,0.004337928575831915,0.23376556071091986,-1.5143165252501272
2023-02-23,1.909116524093318,1.909116524093318,1.8601648632357837,1.8846406936645508,76800,0.0,0.2287065833419916,-0.6816243521410104
2023-02-24,1.8764820835216285,1.8846406936645508,1.8356890328070166,1.8846406936645508,55400,0.0,0.2249474906283481,-1.2271187450963992
2023-02-27,1.9091168396205844,1.941751480102539,1.8846410051465998,1.941751480102539,118000,0.0298532012788172,0.25518113310794005,0.4105510454391974
2023-02-28,1.9335932916191738,1.9384884989806634,1.8356899224561944,1.8520071506500244,120100,-0.047320393310520334,0.29723889407117804,0.3825936242640635
2023-03-01,1.8520070524564671,1.876482893449501,1.8438484387921226,1.8683242797851562,126400,0.008771924797110968,0.295878170235609,0.4463818054450053
2023-03-02,1.8683242250569876,1.925434519034488,1.8601656116316303,1.9172759056091309,120900,0.02586345737344935,0.3028358418563172,0.49335134162966615
2023-03-03,1.9172754511119128,1.9662273145765237,1.892799616637928,1.941751480102539,162400,0.012685011139959816,0.2927112004104888,1.167226181149908
2023-03-06,1.9662277167159299,2.055972461475433,1.909117230079565,2.015179395675659,182100,0.03711783097850691,0.30002019619714765,1.4065096239323578
2023-03-07,2.015179181429172,2.015179181429172,1.9254342516943406,1.949910283088684,99900,-0.0329248587029365,0.32125662800091864,-0.06069575243349815
2023-03-08,1.958068895381245,1.966227507673806,1.9335928639869016,1.949910283088684,74600,0.0,0.32100073529980927,-0.8049938175879077
2023-03-09,1.9335931604136722,1.9988622632768085,1.8552704314945991,1.8928000926971436,176400,-0.02972609962921597,0.33476678415337474,1.2764427213314162
2023-03-10,1.8438484387921226,1.900958734442535,1.8438484387921226,1.8683242797851562,143600,-0.013015341159763672,0.33452576578330856,0.7322632768024516
2023-03-13,1.8520070524564671,1.8683242797851565,1.811213984134744,1.8683242797851562,82900,0.0,0.3285819910732029,-0.5769675007589454
2023-03-14,1.8846416070376841,1.9417521002327922,1.8112140801654497,1.8520071506500244,192000,-0.00877192479711099,0.3270043497274053,1.3808999023725386
2023-03-15,1.827531066935285,1.827531066935285,1.6929138548612963,1.7051516771316528,260800,-0.08261593028538915,0.4260785066243077,1.9224443408696845
2023-03-16,1.7214688251328223,1.7867379208437841,1.7214688251328223,1.745944857597351,150000,0.023641807813308657,0.4358796068635891,0.6078185311588293
2023-03-17,1.7459451601645681,1.7867382304803214,1.6725174390795092,1.6888346672058105,187600,-0.0332571297298745,0.44504788474436263,1.0304210925296167
2023-03-20,1.6969932607549665,1.7051518747194923,1.6480415769678118,1.6725174188613892,113800,-0.009708817225889793,0.44471380448692005,-0.09215704500353
2023-03-21,1.7214690924501743,1.8275312678773739,1.7051518646177897,1.8193726539611816,148600,0.08416181821096842,0.5441796929552452,0.42911731364767075
2023-03-22,1.811213731765747,1.8520067944034893,1.7867378941831018,1.811213731765747,74600,-0.004494555459355338,0.5415528293358939,-1.0932828133381565
2023-03-23,1.8112134361660943,1.8438478809501733,1.7377859354019165,1.7377859354019165,136600,-0.04138533852751402,0.5580556955353788,0.23576800677792611
2023-03-24,1.7296272507486425,1.794896339401723,1.7133100272145345,1.7785791158676147,78600,0.023202943965707518,0.5658140106152131,-1.2045670729959495
2023-03-27,1.7867381982964123,1.8683243374583356,1.7867381982964123,1.8193726539611816,124800,0.02267695002116187,0.5726190943518741,-0.1165526848729077
2023-03-28,1.8112140801654497,1.8601657647469394,1.8112140801654497,1.8520071506500244,88800,0.017778251216876435,0.5657274810675896,-1.0581841251316308
2023-03-29,1.8601656385239207,1.9172759333270608,1.8601656385239207,1.8928000926971436,44900,0.021787265956874732,0.5466929365309553,-2.4137145682397003
2023-03-30,1.876482963562012,1.941752069832163,1.876482963562012,1.8764829635620117,143200,-0.008658002501003412,0.5469200734156532,0.3671471032050654
2023-03-31,1.8764825349903838,1.9172755955195244,1.8683239228845556,1.9091169834136963,96800,0.017241562095851082,0.5426226082050793,-0.5441592780366662
2023-04-03,1.9091170271092186,2.015179181429172,1.8764825779389747,1.949910283088684,137900,0.021142540034368395,0.5459345075958945,0.3213572206041897
2023-04-04,1.974386119966367,1.9825447322589282,1.93440886137782,1.949910283088684,35400,0.0,0.5291929391601815,-2.3801436693220057
2023-04-05,1.9580691672526043,1.9580691672526043,1.9172759056091309,1.9172759056091309,29900,-0.016877983415530266,0.5200528885601834,-2.2429634916032843
2023-04-06,1.9172759056091309,1.9458311498562249,1.9009586787584163,1.9172759056091309,45800,0.0,0.5200528885601834,-1.3819570831959658
2023-04-10,1.9335928639869016,1.958068895381245,1.9172756394017796,1.949910283088684,41900,0.01687798341553019,0.5123974835905297,-1.375579486064676
2023-04-11,1.9580685502818003,2.031496047973633,1.9580685502818003,2.031496047973633,82600,0.04098912822544774,0.5271715289347018,-0.21022903244566737
2023-04-12,2.0446343421936035,2.0446343421936035,2.02000021707978,2.0446343421936035,35700,0.006446476663606066,0.5270301557452152,-1.4594906703695312
2023-04-13,2.0364234140621846,2.1431713129819494,2.0364234140621846,2.1349599361419678,121500,0.04322891349762689,0.5413758189461041,0.5251521064603872
2023-04-14,2.1595942920694227,2.198187744169431,2.1267485884841366,2.1760170459747314,85600,0.01904828135967205,0.43371988111973575,0.044604426986652505
2023-04-17,2.1595947537282085,2.176017511144227,2.102114906997434,2.118537664413452,103400,-0.02677009285256273,0.4509170953255556,0.4234190680345287
2023-04-18,2.1267485593019857,2.167805639276562,2.077480298262094,2.1349599361419678,54100,0.007721811492890583,0.4238183754042304,-0.686786968202051
2023-04-19,2.093902584986826,2.143170835039546,2.0610570849516794,2.1267480850219727,41700,-0.0038537887825880494,0.42065891281431866,-1.0775986486670845
2023-04-20,2.1267485593019857,2.1636998529692377,2.110325805622022,2.1349599361419678,50800,0.003853788782587916,0.3273791802266873,-0.6308188794857882
2023-04-21,2.1595937808317425,2.1595937808317425,2.1267480850219727,2.1267480850219727,26900,-0.0038537887825880494,0.3270878874695511,-1.652755733113926
2023-04-24,2.0856919356771133,2.2006514215739412,2.0856919356771133,2.1678059101104736,68700,0.0191214622641711,0.2759629250437882,0.11863566147859748
2023-04-25,2.1595937808317425,2.1842279058581022,2.1267480850219727,2.1267480850219727,56300,-0.019121462264171114,0.2900583028443995,-0.2310938193189642
2023-04-26,2.1431718095606818,2.1431718095606818,2.0856921583626167,2.1021149158477783,69300,-0.011650151722592948,0.2932948210875945,0.22936147709443125
2023-04-27,2.0939028455339272,2.1185369736255444,2.003577709197998,2.003577709197998,49600,-0.048009503662142135,0.346248927788012,-0.38716606159779493
2023-04-28,1.9994470701281228,2.0655444288147824,1.966398390784793,2.02423357963562,106600,0.010256712660777729,0.34094206648106756,1.051383718803994
2023-05-01,2.0159710115605294,2.0159710115605294,1.8507274505007825,1.9333491325378418,164900,-0.04593734887168425,0.37954631781115244,1.8550704218263068
2023-05-02,1.9250867293372962,2.0077085982742675,1.9250867293372962,1.966397762298584,219900,0.016949521007200426,0.3793942608419797,2.088226308059074
2023-05-03,1.9746607150780615,2.0242337379706448,1.9003009837535039,1.999447226524353,99800,0.016667433759862574,0.37676886495828316,0.7740505251287708
2023-05-04,1.9994470701281228,2.040757919307285,1.9250873446199637,2.02423357963562,111900,0.012320394104621232,0.37868902684578687,0.8885332016899776
2023-05-05,2.0572821732423914,2.0985930206999375,2.0440626626588445,2.082068681716919,61700,0.028170808260441015,0.3828518073503711,-0.2559290695506567
2023-05-08,2.0572822589789497,2.0655444288147824,2.015971409799788,2.02423357963562,31000,-0.028170808260440983,0.398605170319181,-1.4677452068217798
2023-05-09,2.0324957745688113,2.0324957745688113,1.9994470948173948,2.007709264755249,17300,-0.008196746846770438,0.3967360760258634,-2.176872968779577
2023-05-10,2.0077093970064506,2.0490202494169365,1.9746607150780615,1.999447226524353,26800,-0.004123647257850836,0.36987113070746835,-1.3213760719730527
2023-05-11,1.9829218319346131,1.9969674945924472,1.9333486383970644,1.9498729705810547,69500,-0.025106528458295994,0.3781849255952888,0.10604481847981562
2023-05-12,1.9250864723050694,2.017622811329646,1.9250864723050694,1.9498729705810547,57700,0.0,0.3404332289838779,-0.13521623028086766
2023-05-15,1.9746607150780615,2.0490202494169365,1.9498740066460873,1.999447226524353,45600,0.02510652845829606,0.34626945027443207,-0.4683940216122233
2023-05-16,2.0159713358233793,2.0490200139539825,1.8837764263153076,1.8837764263153076,106800,-0.05959225619192032,0.3894085230574867,0.9072414506095587
2023-05-17,1.883776378779409,1.9449165893667182,1.883776378779409,1.9168250560760498,79200,0.017391701251195553,0.39497542401236,0.39289102676919196
2023-05-18,1.941611152903685,1.9812696754531771,1.8507273095829835,1.8589894771575928,72300,-0.03063715244168326,0.40466142510924163,0.20559424791466255
2023-05-19,1.8507278854926923,1.8994747484476249,1.7928926944732666,1.7928926944732666,167700,-0.036202702325301685,0.41550810046389836,1.409109988366521
2023-05-22,1.8011548646188988,1.8176792049101633,1.7763683541820021,1.7928926944732666,77000,0.0,0.4162432776494973,0.13453716920494413
2023-05-23,1.8011545681135461,1.8589897496121672,1.7928923993280288,1.8342032432556152,113400,0.022779841441220014,0.41944196617015667,0.7188745216734637
2023-05-24,1.8342035452014278,1.8507278854926923,1.7763683541820021,1.7928926944732666,69200,-0.02277984144122007,0.4208579282655432,-0.09439919251336085
2023-05-25,1.8259410972639007,1.8259410972639007,1.7424930535985184,1.8176789283752441,129400,0.013730027191545266,0.4273182010247992,0.8549916830995941
2023-05-26,1.8424656180584944,1.8424656180584944,1.7598439209648837,1.776368260383606,107300,-0.022989396209359376,0.40522538806616126,0.5015416989545459
2023-05-30,1.7988540521940797,1.832166131179139,1.7572137549071027,1.790526032447815,116400,0.007938472661617905,0.404151054390893,0.6224820759783538
2023-05-31,1.7572136508142133,1.8155099841403928,1.7322295930554112,1.7488856315612793,80800,-0.02353064641766921,0.3830443783328593,0.0991810412460965
2023-06-01,1.7572133481400538,1.8321657070618067,1.7405573125031324,1.7988536357879639,151400,0.028170789869527087,0.3929086036937862,1.2224879318093445
2023-06-02,1.832165728701963,1.8904618541197376,1.8155096928683132,1.8654778003692627,172800,0.03636762050316444,0.4115993786524534,1.346505331806437
2023-06-05,1.8571498667358677,1.9737421228627476,1.8571498667358677,1.9570860862731934,153600,0.04793946283297287,0.44571496249699766,1.1010776633365722
2023-06-06,1.973742123600248,2.0486944868368666,1.973742123600248,2.032038450241089,101700,0.03758277555559275,0.4547388869913466,0.3936749917999853
2023-06-07,2.0403664112091064,2.0636847823657525,2.0070543389535476,2.0403664112091064,78000,0.004089953165427692,0.4442027416600194,-0.11498480657838685
2023-06-08,2.0486944868368666,2.0570225051347557,1.990398358751644,2.032038450241089,89700,-0.004089953165427588,0.44343100099625965,-0.011158746067726377
2023-06-09,2.0486948457511884,2.065350885264966,1.9987267272098552,2.015382766723633,50700,-0.008230315869390048,0.4442066361602215,-1.5858340271445064
2023-06-12,2.0403668857589183,2.0403668857589183,1.9404304471933496,2.0070548057556152,103600,-0.004140759286947125,0.4348906284179615,0.23793838249028515
2023-06-13,2.015381803456895,2.0403658507862503,1.9987257719039917,1.9987257719039917,103900,-0.0041585132750729835,0.43529486032500414,0.17948302949795872
2023-06-14,1.998725898043022,2.0403659795531746,1.9570856179772989,1.9737416505813599,67100,-0.012578807120876213,0.42871897371522255,-1.195067126707408
2023-06-15,1.9987263770495332,2.0570225051347557,1.9829030827168586,2.032038450241089,68500,0.029108395552286413,0.38260549408146255,-1.0380938642407016
2023-06-16,2.048694226296808,2.057022243535592,1.9737418725921587,1.9820700883865356,45300,-0.02489765416202496,0.39135419333096155,-1.9712487388864997
2023-06-20,2.032038621184083,2.0403666401825573,1.9237741756482818,1.9903985261917114,69400,0.004193085366179342,0.3733978565963961,-0.8203912775595865
2023-06-21,1.998725898043022,2.0070539143450525,1.9487576016752683,1.9737416505813599,80000,-0.008403826756440691,0.34793633432258,-0.3697139011592692
2023-06-22,1.9820701555257212,1.9820701555257212,1.9287706845476018,1.9487578868865967,36200,-0.012738867814447578,0.35281169889431185,-2.1906462835577267
2023-06-23,1.9570860862731934,1.9654141045679705,1.9237740130940848,1.9570860862731934,34900,0.004264487811141024,0.34614058942817977,-1.9394459901094625
2023-06-26,1.9487578239612593,1.9820700915247316,1.9404298067092896,1.9404298067092896,32100,-0.008547177957515287,0.33610462249286926,-1.8582224860086638
2023-06-27,1.9404298067092896,1.9820700915247316,1.9404298067092896,1.9404298067092896,70300,0.0,0.33433642909709693,-0.2120214454940846
2023-06-28,1.915446047115375,1.9820703938489033,1.915446047115375,1.932102084159851,57000,-0.004300925400369816,0.3219931381565212,-0.5873946490081543
2023-06-29,1.957086135536568,1.9737421725453848,1.9154460430145264,1.9154460430145264,33700,-0.00865805684144525,0.3245588850075251,-1.4984798244380426
2023-06-30,1.9464892148971558,1.9800493427349126,1.9297091509782776,1.9464892148971558,22200,0.01607683114105839,0.31220499016532693,-1.9753000770934181
2023-07-03,1.9297088722939568,1.9884390875283422,1.9297088722939568,1.9632689952850342,16000,0.008583591368470912,0.301142764527816,-2.178912371632847
2023-07-05,1.9632689568607236,2.0052193098126465,1.8961487121922191,1.9548789262771606,52800,-0.004282677427999535,0.2784388350527212,-0.1326246972840709
2023-07-06,1.9464892148971558,1.9716593107754734,1.9464892148971558,1.9464892148971558,32400,-0.004300913940471292,0.2238327845435869,-0.9362782979487273
2023-07-07,1.9548790352357195,2.01360945262821,1.9380989731333276,1.9968293905258179,83500,0.025533270611575027,0.200880513320335,0.9159948215405646
2023-07-10,2.005219630446124,2.0169656351344702,1.9632692707863626,1.9716593027114868,39700,-0.012685144030905388,0.20408091624828567,-0.4816528548042776
2023-07-11,1.9800486169251423,2.0471690480310243,1.954878530273212,2.013608932495117,79200,0.021053127044574186,0.21835108439672218,0.9075546901058154
2023-07-12,2.021999694296373,2.0555598219968703,1.9716593027114868,1.9716593027114868,41900,-0.021053127044574127,0.22840665411297592,-0.3485602643385659
2023-07-13,1.9716594408560262,2.0555599660199095,1.9716594408560262,2.0219998359680176,52500,0.025211565607889914,0.24539364530790764,0.17642128359928405
2023-07-14,2.038779727976612,2.068144739262932,1.9884393371366669,2.0639498233795166,70700,0.020534497471028073,0.2544159173566262,0.8912967429615081
2023-07-17,2.055559314934749,2.0891194343566895,2.0219991955128087,2.0891194343566895,85300,0.012121116975146468,0.251529676753664,1.2507899247516723
2023-07-18,2.0891195353876357,2.231750249862671,2.0765343899787387,2.231750249862671,475100,0.06604348911468975,0.3228198243776631,3.246985014049915
2023-07-19,2.2233608597796573,2.231750892456653,2.156240398329532,2.214970827102661,208700,-0.00754691023342304,0.30819978890683525,1.7638937864112183
2023-07-20,2.214970882655015,2.214970882655015,2.181410551071167,2.181410551071167,23000,-0.015267523466600172,0.31633811350451174,-1.1097257467759984
2023-07-21,2.189800187169743,2.189800187169743,2.156240061701107,2.173020124435425,20300,-0.0038537469741076196,0.31441102915064206,-1.1537748220029733
2023-07-24,2.181409871196674,2.2233602225933833,2.1646298106516304,2.20658016204834,34100,0.015325916662362304,0.30993092913097564,-0.4895296285054096
2023-07-25,2.2317508092654927,2.2317508092654927,2.1814104150458573,2.223360776901245,57700,0.007576035593345449,0.30992078716072285,0.14870438414201276
2023-07-26,2.2317502528659054,2.2317502528659054,2.1981899317417177,2.20658016204834,16400,-0.0075760355933455325,0.30936124510986396,-1.3584922887280233
2023-07-27,2.223360596454186,2.223360596454186,2.156240142953525,2.164630174636841,54500,-0.01919435218986347,0.3210701151654078,0.1273559052792699
2023-07-28,2.1629401515402966,2.2389811468638134,2.1375932202456256,2.2136340141296387,74400,0.022385988516979573,0.3244046261999794,0.49179598793253193
2023-07-31,2.2389812853963944,2.2558792406383694,2.202650661482196,2.222083330154419,78100,0.003809677483107351,0.3199192224202852,0.5018759978181919
2023-08-01,2.2389811849857213,2.2389811849857213,2.1528015365407045,2.1967360973358154,87100,-0.011472526202264688,0.3243513419485731,0.5671010123885424
2023-08-02,2.1967361893147905,2.1967361893147905,2.103797435760498,2.103797435760498,109700,-0.04322865217027754,0.36569154873094795,0.7791849898425224
2023-08-03,2.0953487772387285,2.103797756121161,2.0531038828265658,2.0700018405914307,56700,-0.016194518009935623,0.3710886443468528,-0.09158745467965386
2023-08-04,2.0953487136175504,2.146042585372925,2.0531038204880714,2.146042585372925,26500,0.0360759916295256,0.3874553456727246,-1.0647251401382927
2023-08-07,2.179838667418856,2.2389817237854004,2.162940708868288,2.2389817237854004,157500,0.04239568683386751,0.40299972175551596,1.1694023415368744
2023-08-08,2.188287636615521,2.188287636615521,2.146042740433668,2.1798386573791504,146200,-0.026770311229321737,0.4137954302492594,0.9805853364036861
2023-08-09,2.205185037031415,2.222083192667366,2.129144243147402,2.2136340141296387,68900,0.015384651665298983,0.4114458188261705,0.0606060887394921
2023-08-10,2.23053240776062,2.255879341759777,2.2009608840418404,2.23053240776062,14000,0.007604789500149556,0.40085148855866687,-1.7099846705538118
2023-08-11,2.1882870828349676,2.222083192667366,2.1375932202456256,2.2136340141296387,108500,-0.007604789500149545,0.3970058843001096,0.5918217887212425
2023-08-14,2.213634414380091,2.213634414380091,2.1122466708693417,2.146042585372925,71100,-0.031010027269844732,0.4103946287637227,0.1111988599254033
2023-08-15,2.0953487772387285,2.128299855312079,2.0700018405914307,2.0700018405914307,44700,-0.03607599162952571,0.42875777487434447,-0.3807930672982164
2023-08-16,2.1037974513829245,2.1037974513829245,1.993960540381798,2.044654607772827,93400,-0.012320617175857211,0.35530109522656417,0.6330261739153256
2023-08-17,1.985511976161765,2.0784509511981883,1.9432670790722812,2.0024099349975586,64100,-0.020877456607585016,0.3598693072206102,0.22729503550103392
2023-08-18,1.9601646468404916,2.044654625602632,1.9601646468404916,1.968613624572754,58100,-0.017021871533803263,0.3605626588966878,0.02428066002514971
2023-08-21,1.9686134866201843,2.0150829616109904,1.9517155323398012,1.977062463760376,41200,0.004282587780398912,0.3619555663327442,-0.57221924738978
2023-08-22,1.9855122033765924,2.086900169433384,1.9517162818375227,1.96016526222229,48700,-0.008583351766379223,0.3548607030988149,-0.3399860159642336
2023-08-23,1.9517153383631012,1.9855112435649669,1.8925725042598365,1.9010214805603027,87500,-0.03063742409491829,0.36155734764678416,0.5677986093585639
2023-08-24,1.9010218187814132,1.9601646634071026,1.8841238631740733,1.909470796585083,36200,0.004434770763511641,0.36389456610661836,-1.0039538056594708
2023-08-25,1.9010217962045488,1.9094707739078771,1.8587769076879068,1.8672258853912354,56800,-0.022372288149834916,0.3654122380021012,-0.20727072278888972
2023-08-28,1.892573019202955,1.925524096172155,1.8587771048056854,1.8841240406036377,77800,0.009009167281454102,0.35461910173151995,0.34797379524566513
2023-08-29,1.9010223995289177,1.99396118376136,1.8883488282319756,1.96016526222229,53000,0.03956577419978752,0.3891592116287711,-0.301268724103458
2023-08-30,1.9840066658209545,2.035097122192383,1.949946496916416,2.035097122192383,101100,0.03751475650051631,0.4164755820132933,0.8264949165153189
2023-08-31,2.026582061427738,2.1117324829101562,1.9925216898201523,2.1117324829101562,96300,0.03696514888376111,0.4130609484292705,0.7592871886850399
2023-09-01,2.0776718103752203,2.094701890541036,1.9840061664486641,2.0095512866973877,69800,-0.04959723583247277,0.4447368406762071,0.16917061825001736
2023-09-05,2.0180668313310735,2.035097118769318,1.8903411981538902,1.9073712825775146,87300,-0.05218545444525945,0.4559528185387237,0.4956635696330038
2023-09-06,1.9244017392610167,1.9244017392610167,1.8690538526703284,1.8818265199661255,64900,-0.013483143891796117,0.4216126841491472,0.015761260260911694
2023-09-07,1.8647963467779562,1.898856520652771,1.8477662598405489,1.898856520652771,47700,0.00900901540088926,0.4200514562589,-0.5396038854614174
2023-09-08,1.9244013249465677,1.9244013249465677,1.8733110727921864,1.9158862829208374,90600,0.008928452729485715,0.4163787370607217,0.8209203483958707
2023-09-11,1.9244014301524306,1.9840067275911275,1.9244014301524306,1.9669766426086426,94200,0.026317338216008644,0.42942170647137934,1.0132985152511225
2023-09-12,1.9244014715673434,2.0265821866759035,1.9244014715673434,1.9584616422653198,248400,-0.0043383760389548495,0.4294158016040993,2.9894599776530315
2023-09-13,1.9584620310593213,2.0180673416136297,1.9584620310593213,1.9754921197891235,54900,0.008658253220589,0.4220331996209424,-0.5581634509790513
2023-09-14,2.035097122192383,2.0606422488707867,2.0010367502732236,2.035097122192383,64300,0.029726001757749157,0.42046163273433346,-0.23342722368850133
2023-09-15,2.0180668899389134,2.1372776873809736,2.0180668899389134,2.1202476024627686,207200,0.040989331829814415,0.4420719932327304,2.192806102271066
2023-09-18,2.145792815776726,2.162822901376967,2.086187516175882,2.103217601776123,30800,-0.008064512034754308,0.4360028323046742,-1.6426160204323663
2023-09-19,2.111732238005743,2.1968826496129927,2.069157032202118,2.1628224849700928,64600,0.0279457112596149,0.43866179542232686,-0.1970129674730867
2023-09-20,2.1457930478762592,2.179853222760858,2.1245053370660574,2.12876296043396,60200,-0.015873033443508617,0.44429667894086483,-0.3822820498371158
2023-09-21,2.128762414322618,2.128762414322618,2.0350969574188484,2.069157123565674,66200,-0.02839970358892326,0.4562412519524943,-0.22286440074792205
2023-09-22,2.0810787488300795,2.1372780799865723,2.0521276397539054,2.1372780799865723,77800,0.03239175653935344,0.45063611026066336,0.12184002656885082
2023-09-25,2.103217289712499,2.103217289712499,2.069157123565674,2.069157123565674,26900,-0.0323917565393534,0.46947666120437204,-1.9425845926447307
2023-09-26,2.0691571192481155,2.1372774513996244,2.060642077729177,2.0947022438049316,21900,0.012270078539988039,0.46036936987213917,-2.01446488393778
2023-09-27,2.128762409880686,2.1372774513996244,2.060642077729177,2.0947022438049316,41000,0.0,0.4605555165678096,-0.846352257333507
2023-09-28,2.08355612595971,2.10927901585707,2.0749818293272564,2.092130422592163,27500,-0.001228528456308606,0.44338891398413005,-1.4071591453784307
2023-09-29,2.0835555067000286,2.1092783889522146,2.074981212615967,2.074981212615967,29800,-0.008230788274006811,0.4266563585742645,-1.154421344883938
2023-10-02,2.1007046210807556,2.109278917312622,2.0406845474576905,2.109278917312622,36900,0.016394044249564848,0.41040268950741626,-0.7387994722604925
2023-10-03,2.032110134177867,2.1350018978118896,2.014961540976756,2.1350018978118896,61500,0.012121391854801771,0.3702535465259857,0.08811300611420718
2023-10-04,2.1435762106949783,2.1435762106949783,2.024393425713741,2.0492589473724365,36500,-0.040989296874288615,0.3507913510618584,-0.6806818794859896
2023-10-05,2.1007039229463587,2.1007039229463587,1.972089317783963,1.989237904548645,19600,-0.029726635861618923,0.36488152702566523,-1.4915964302173699
2023-10-06,2.0321095457351084,2.0321095457351084,1.9720894869113699,2.0235352516174316,16800,0.017094503443551314,0.367722826914827,-1.5433643705810645
2023-10-09,2.040684715599105,2.0655500336211423,1.989238729541687,2.0321102142333984,12700,0.004228661240725323,0.3671326060800625,-1.6953001293177468
2023-10-10,2.0321096328073676,2.1007041931152344,2.0235353383222976,2.1007041931152344,7500,0.033197851040265465,0.3734050268992361,-2.0269417316687677
2023-10-11,2.10070472736655,2.10070472736655,2.039827077941032,2.0492589473724365,7600,-0.024794379862923124,0.3851021650948387,-1.8855135281826045
2023-10-12,2.0492588709046586,2.074124187208151,2.007244757482342,2.0149614810943604,14400,-0.016878159577042157,0.3898024882529264,-0.9893175158943043
2023-10-13,1.9806644326033447,2.083556200290816,1.9806644326033447,2.0321102142333984,13700,0.008474688399699799,0.376763357808967,-0.9550917565062799
2023-10-16,2.074982115834148,2.0912731385860717,2.0406849245686884,2.0835564136505127,14000,0.02500148036651939,0.3584347017792135,-0.8987790670431862
2023-10-17,2.0664075326948033,2.1049917653271644,2.0406846427974434,2.092130422592163,7000,0.004106639854751814,0.35781915616107973,-1.6545098911524398
2023-10-18,2.10070472736655,2.10070472736655,2.025250794052102,2.0492589473724365,11000,-0.020704649043928797,0.34909473502832955,-0.9656071309978893
2023-10-19,2.1178533206979213,2.1178533206979213,2.023535852948022,2.0492589473724365,18700,0.0,0.34578707653915397,-0.18487453013499558
2023-10-20,2.023535834313694,2.0912728386770416,1.997812944553514,2.048401355743408,9900,-0.0004185762499139183,0.3319890782693756,-0.9989055521731797
2023-10-23,2.0578330496500437,2.0578330496500437,1.9292184073866638,1.9720898866653442,145700,-0.03796582584591854,0.33367183130651273,2.6392993924490966
2023-10-24,2.032109786044599,2.032967358656888,1.8863467688067168,1.9377925395965576,36000,-0.01754437758827254,0.32139679194650034,0.7514286368312163
2023-10-25,1.9377927032424,1.9892384783768164,1.9377927032424,1.9720898866653442,22500,0.017544377588272528,0.32507799504196033,0.1309002351424407
2023-10-26,1.972089317783963,2.057832456034653,1.9549407310192808,1.989237904548645,16300,0.00865776623421345,0.3274169275697941,-0.24065999759953222
2023-10-27,2.0149613701833764,2.0149613701833764,1.912069819698066,1.9292184114456177,16800,-0.030636650117001223,0.3415659201435618,-0.16930790957761901
2023-10-30,1.9534204074774035,2.117646067106827,1.9534204074774035,1.9707072973251343,31100,0.021277559755595234,0.3519464540763294,0.6588490622516026
2023-10-31,2.007873590411529,2.0312108648139477,1.9707067666398446,1.979350209236145,21600,0.004376101203329591,0.34625270828031673,0.20570226094101335
2023-11-01,1.95342046340563,2.0191106879229745,1.95342046340563,1.9620639085769653,11400,-0.008771679899516908,0.34227650973499574,-0.6023734314798981
2023-11-02,2.013924013866477,2.0484977848395776,1.9966371283799267,2.0312108993530273,20000,0.034635183569798535,0.33960682004430826,0.27550519060010936
2023-11-03,2.022568032380535,2.0917158000871776,2.022568032380535,2.0571420192718506,27700,0.012685532866795982,0.3249570511754393,0.7355906293929534
2023-11-06,2.03985405651871,2.1090017948602253,2.03985405651871,2.08307147026062,20800,0.0125258226769579,0.32258871525340427,0.2902083778167965
2023-11-07,2.0830716824902593,2.100358567317903,1.9966370522761197,2.0052804946899414,35300,-0.03805952433036679,0.34998305292707765,0.9876603499926606
2023-11-08,2.0225672191931716,2.045040208902909,1.9015590349917177,1.9534196853637695,32300,-0.026202427106942084,0.33791722047423906,0.7778886771082194
2023-11-09,1.9102031623770608,1.9836725464801754,1.9102031623770608,1.918846607208252,45800,-0.01785724134828501,0.3332209549784292,1.1940823079225347
2023-11-10,1.9620639085769653,1.9620639085769653,1.9257613564269624,1.9620639085769653,41600,0.022272653672041422,0.34039216140049655,0.9543344077279081
2023-11-13,1.9793504165613858,1.9793504165613858,1.9188463120498358,1.9257609844207764,25800,-0.018675727586602686,0.3435804413791876,0.19096104572724973
2023-11-14,1.979350209236145,2.0312108648139477,1.9447764388509432,1.979350209236145,24700,0.027447407486119568,0.346147524179159,0.08433015177281464
2023-11-15,2.0052810770205953,2.0312114117921913,1.9534204074774035,1.9707072973251343,19400,-0.00437610120332951,0.34537148090156383,-0.40244956590153275
2023-11-16,1.936132801906419,1.968113515694927,1.8583418263483413,1.9534196853637695,67600,-0.008810991019943874,0.34003929093911106,1.556600435063691
2023-11-17,1.9447769417018255,1.9447769417018255,1.8946448380353287,1.918846607208252,34500,-0.01785724134828501,0.34413213787396596,0.37934682731219427
2023-11-20,1.8929158338663086,1.9966371477941396,1.87562894821167,1.87562894821167,75700,-0.022780237898017638,0.35056937609093286,1.5694357348249606
2023-11-21,1.9015594075487012,1.9447766246592737,1.8669856338602435,1.892915964126587,39100,0.009174436060219577,0.33083073152566417,0.6803869563014286
2023-11-22,1.9188463500700665,1.9188463500700665,1.8756291317055058,1.884272575378418,24300,-0.004576633516962304,0.32614609295289565,-0.3067848575516904
2023-11-24,1.9102035221641913,1.936133861541748,1.89291662924582,1.936133861541748,12700,0.02715128505767778,0.3347372934365422,-1.5544226909229488
2023-11-27,1.944776877433002,1.944776877433002,1.8669858765230325,1.9102030992507935,67800,-0.013483558730748553,0.33557758620409167,1.640421781600035
2023-11-28,1.88427256593195,1.8972376283383439,1.8669856786727905,1.8669856786727905,67800,-0.02288437733131688,0.328215703726374,1.4681517264557544
2023-11-29,1.891390230573866,1.895748164366607,1.8652420043945312,1.8652420043945312,82200,-0.0009343880133756028,0.31758791224286437,1.619853961331177
2023-11-30,1.856525967949447,1.9436867237091064,1.856525967949447,1.9436867237091064,44300,0.04119573694974238,0.3515975922667478,0.4796015854664725
2023-12-01,1.9436875806233698,1.9436875806233698,1.8390944197921193,1.873958945274353,214300,-0.03653326665817739,0.3720217956984441,2.663121119221568
2023-12-04,1.856526255607605,1.9001066402399667,1.830377817020522,1.856526255607605,97100,-0.009346138973209758,0.3475636806914351,1.2897127692300865
2023-12-05,1.8565259290014198,1.9210248453489192,1.830377495014456,1.8652420043945312,47700,0.004683668681644785,0.3437257478948577,0.16178787981103002
2023-12-06,1.847809645800679,1.891390230573866,1.830377495014456,1.8652420043945312,64900,0.0,0.3385327492775856,0.5691576438894429
2023-12-07,1.891390531749541,1.9175387620925903,1.830377786474763,1.9175387620925903,49400,0.027651663219352442,0.3348222134726946,0.11054558338850817
2023-12-08,1.891390230573866,1.9175384567532006,1.847809645800679,1.8652420043945312,101300,-0.02765166321935236,0.33616995878205286,1.1383812700391358
2023-12-11,1.882674486387022,1.882674486387022,1.830377817020522,1.856526255607605,30400,-0.004683668681644753,0.3315038658790621,-0.6918948601800815
2023-12-12,1.8478099708734668,1.8739584094605497,1.830377817020522,1.856526255607605,21300,0.0,0.3201003268988182,-1.1480879529698222
2023-12-13,1.926254838873607,1.926254838873607,1.8321210849540313,1.9175387620925903,69800,0.03233533190099697,0.3362543336383789,0.5466430419619649
2023-12-14,1.908822685311574,1.9184103074283934,1.8652423014064914,1.9175387620925903,54100,0.0,0.3209076101487985,0.1115963304847163
2023-12-15,1.9175384969812086,1.9436867237091064,1.9088224214052425,1.9436867237091064,29900,0.013544073730390143,0.3248712597111366,-0.8678227523858646
2023-12-18,1.9698353716061092,1.9698353716061092,1.9436871392874764,1.961119294166565,55300,0.008928836000482806,0.32507345947090777,0.1342482046852235
2023-12-19,1.934971570968628,1.969835889900142,1.9088233317699923,1.934971570968628,50600,-0.013422744329278936,0.322323227427784,-0.038634773776766974
2023-12-20,1.9611195796153968,2.030848209281033,1.900107028657965,2.013416051864624,98500,0.0397401734299177,0.33805245352477625,1.0077183527409113
2023-12-21,1.9785514490456535,2.0482800685620077,1.961119294166565,1.961119294166565,78400,-0.02631742910063878,0.3524331580561988,0.5876049450393299
2023-12-22,1.9872677044254274,2.0264901603192,1.9785516262054443,1.9785516262054443,37600,0.008849696414710203,0.35249617316892745,-0.6388200412212519
2023-12-26,1.9611195796153968,2.0221321305728286,1.9611195796153968,2.013416051864624,23500,0.01746773268592867,0.3454280513482281,-1.6329949004065774
2023-12-27,2.004699614933079,2.0918605942478825,2.004699614933079,2.0482800006866455,83300,0.01716760911947773,0.3445867490588023,0.6737882583080647
2023-12-28,2.07287375529392,2.1782742293118265,2.0289569783746715,2.134357452392578,183700,0.041165225399276174,0.3544963001661374,1.8445196300076259
2023-12-29,2.143140807776428,2.1519241631602775,2.1255740970087285,2.134357452392578,37000,0.0,0.35426830435393364,-0.7431675328157015
2024-01-02,2.134357552727326,2.2397578222883197,2.108007485337078,2.2134077548980713,95400,0.036367656139276706,0.3486465437355738,0.7475736354351299
2024-01-03,2.230973972366391,2.230973972366391,2.134357080001249,2.2221906185150146,46400,0.003960175992511402,0.31246893353509814,-0.34858425063681175
2024-01-04,2.2221909753965754,2.2309743306585497,2.1519241333007812,2.1519241333007812,55200,-0.0321310868126876,0.3374806932561993,0.021780303009812436
2024-01-05,2.125573638861467,2.3275909785587965,2.125573638861467,2.2836740016937256,119100,0.05942316266349394,0.38289932615295763,1.3323788361892122
2024-01-08,2.3100242584409565,2.327590965322422,2.2573239283848974,2.292457342147827,69400,0.0038387671070494343,0.38191149762423093,0.3495074452413726
2024-01-09,2.3012402395023064,2.3012402395023064,2.195840019102944,2.274890184402466,79700,-0.007692536760726623,0.3807431139373284,0.5546478839201018
2024-01-10,2.2661080681097414,2.304755004187838,2.1431410772729462,2.2485413551330566,198800,-0.011650061265356717,0.36552190606407287,1.9594801820863892
2024-01-11,2.2661069251783124,2.2748902772366923,2.178273404594514,2.2046234607696533,95400,-0.019724991154411602,0.37612467106213426,0.677164375571713
2024-01-12,2.2046236619706074,2.283673837710396,2.2046236619706074,2.230973720550537,110000,0.01188140793093759,0.3751181204903927,0.8498906360483185
2024-01-16,2.23975774617207,2.290701333708975,2.21779946213229,2.257324457168579,82100,0.011742107292121691,0.3654620568944242,0.3023788081451364
2024-01-17,2.2748906352663623,2.3012406955885596,2.2309738680626996,2.292457342147827,68700,0.015444073957435718,0.36524147334209695,-0.0422194312549255
2024-01-18,2.3012406955885596,2.3100242584409565,2.2415139759562446,2.292457342147827,23400,0.0,0.3658994003784279,-1.91349839652941
2024-01-19,2.283673953591223,2.3758992680066053,2.2573238936742084,2.336374282836914,67800,0.01897595854243271,0.367919272553282,-0.06060952888722741
2024-01-22,2.336373855713717,2.336373855713717,2.274890184402466,2.274890184402466,32500,-0.026668495303159317,0.3804383844533356,-1.2750162393330664
2024-01-23,2.266107131990443,2.274012212387917,2.2046236619706074,2.230973720550537,24600,-0.019493644488830866,0.3728550386556927,-1.5460524975639995
2024-01-24,2.2221906185150146,2.2529324617006696,2.2046239108122614,2.2221906185150146,17500,-0.003944661708298294,0.3569805157038451,-1.806384216512268
2024-01-25,2.1958401087112738,2.2573235731199324,2.1958401087112738,2.2046234607696533,15600,-0.007936746222639153,0.359986729778555,-1.7708668964289105
2024-01-26,2.1958412162030014,2.2494198373701066,2.1958412162030014,2.2485413551330566,17000,0.019724991154411602,0.3610431330211076,-1.584265838526507
2024-01-29,2.2661068327025187,2.2836735361024125,2.231851698249239,2.274890184402466,68500,0.01165006126535673,0.3592516252673966,0.26645470310461783
2024-01-30,2.299656502256684,2.3261911869049072,2.249241023179564,2.3261911869049072,12500,0.022300465646980006,0.3407903601100552,-1.7794383771374602
2024-01-31,2.3173458576202393,2.3350357154352355,2.290811387213583,2.3173458576202393,15000,-0.003809742400406278,0.3416221730191728,-1.4123293258167076
2024-02-01,2.326191343256788,2.326191343256788,2.2731221812706197,2.3085014820098877,19100,-0.0038238989478098823,0.3212835644930394,-1.012682014319955
2024-02-02,2.2731218338012695,2.2996563052996617,2.264277009968472,2.2731218338012695,43700,-0.015444461069832683,0.32677914390684004,0.002506933852537079
2024-02-05,2.290811387213583,2.3173458576202393,2.2403959145286585,2.3173458576202393,26200,0.019268360017642497,0.30898453882792704,-0.575733396967225
2024-02-06,2.3438809096192816,2.3438809096192816,2.268699792804274,2.2819669246673584,49900,-0.015384746568055685,0.23927460187417762,0.26801741399452456
2024-02-07,2.264276830878032,2.299656123410936,2.24658718461158,2.29081130027771,118600,0.0038682770971570375,0.2392806443046242,1.28869237714981
2024-02-08,2.2731220997995494,2.308501399270786,2.2465876251961214,2.2819669246673584,99100,-0.003868277097157026,0.23810225211152836,1.043059447385212
2024-02-09,2.299656574402977,2.299656574402977,2.26427727493174,2.2819669246673584,70000,0.0,0.23421721720541158,0.745638246175709
2024-02-12,2.299655760761195,2.299655760761195,2.2200523651154094,2.255431652069092,24100,-0.011696382701579288,0.22693229017606145,-0.5934020606583332
2024-02-13,2.2731212955459332,2.2731212955459332,2.2023627216385684,2.255431652069092,145100,0.0,0.2235166773649611,1.773131992314807
2024-02-14,2.2377431129228174,2.273122417336255,2.2023638085093795,2.228898286819458,42100,-0.011833953014288546,0.22352171419627515,0.18911414610160415
2024-02-15,2.1846725526713273,2.2554311095587765,2.1846725526713273,2.237741470336914,25500,0.00395966343943123,0.21656496419884433,-0.43234250278738207
2024-02-16,2.255432450063931,2.2819669246673584,2.2377428003283124,2.2819669246673584,61600,0.019570672276436673,0.22817503415532361,0.7125890898606173
2024-02-20,2.255432099953569,2.2819665704380547,2.2112079824794257,2.2465872764587402,113700,-0.015625458580104088,0.22292219675960864,1.4571530105676038
2024-02-21,2.264277009968472,2.281966657634067,2.2465873623028774,2.2731218338012695,50700,0.011741845130517285,0.2083057999826566,0.3677714393810237
2024-02-22,2.2731225231244836,2.28196734963947,2.2510105622756664,2.264277696609497,91900,-0.0038983335423121005,0.19663007374705851,1.0429666804910944
2024-02-23,2.2819661172843535,2.2819661172843535,2.237742008592251,2.255431652069092,42600,-0.003914435709680333,0.19662109444450554,0.002118159218066249
2024-02-26,2.23774233576346,2.2642768048582185,2.202363043637115,2.211207866668701,133200,-0.019802462390738053,0.20720528243923694,1.3723539081883105
2024-02-27,2.1935183354897685,2.2465872764587402,2.1935183354897685,2.2465872764587402,23300,0.015873386512213157,0.20300570076264915,-0.9726757738152004
2024-02-28,2.2626214027404785,2.2626214027404785,2.204719622088847,2.2626214027404785,18300,0.007111755078251602,0.20030319878924532,-1.1767912920084849
2024-02-29,2.2358974701952237,2.2599489128422787,2.226989520608082,2.253713369369507,110000,-0.003944811610455149,0.1829418750850093,1.0895111499885175
2024-03-01,2.253713933996506,2.2893457412719727,2.200266223083306,2.2893457412719727,40200,0.01568683203235262,0.19208825646776803,-0.3863733541425483
2024-03-04,2.316069102242471,2.316069102242471,2.24925958405612,2.2626214027404785,38500,-0.011742020421897474,0.19569813174786435,-0.5275928840141452
2024-03-05,2.2893451677180727,2.2893451677180727,2.218081571020941,2.253713369369507,35700,-0.003944811610455149,0.1889074217587467,-0.625771690256407
2024-03-06,2.2358975529894822,2.280437302574476,2.1913578034044883,2.2626214027404785,82000,0.00394481161045513,0.17579967862370893,0.5931652284127656
2024-03-07,2.262621529746276,2.280437430580318,2.2358976784952125,2.2492597103118896,61600,-0.005922909383204037,0.16906471683656835,0.12313778427314781
2024-03-08,2.271529197692871,2.271529197692871,2.209173552527806,2.271529197692871,50600,0.009852115621703272,0.1723355043522404,-0.12956758579702468
2024-03-11,2.2804376931688695,2.2804376931688695,2.1824502272985455,2.226989984512329,23500,-0.01980236909583188,0.18476446992923923,-1.2579641618291852
2024-03-12,2.226989553719842,2.226989553719842,2.1468180062435462,2.1557259559631348,121400,-0.03252335362074717,0.2141946789795506,1.3047376903270158
2024-03-13,2.1824505682678703,2.1824505682678703,2.0042912991961845,2.031015157699585,275300,-0.0595917916030684,0.29026407516561703,2.1665407935419108
2024-03-14,2.0310150005069514,2.05773885694203,1.9864752397818206,2.0399229526519775,55800,0.004376293093984718,0.29160495332992176,-0.013189388432616685
2024-03-15,2.0755548207604977,2.0755548207604977,1.879579655566881,1.9152116775512695,1085200,-0.06308388573084132,0.3544844852157708,3.0027507654498997
2024-03-18,1.9597514484987701,2.013199163145799,1.9419355436164272,1.9686594009399414,114700,0.027524650858541642,0.3727781314273508,0.5302731106119539
2024-03-19,2.013199648650274,2.013199648650274,1.9686598757031777,1.9953837394714355,76000,0.013483578494337397,0.3680629250343263,0.06957578143063846
2024-03-20,2.004290809447175,2.004290809447175,1.9597510561581415,1.9775669574737549,33400,-0.008969102712591132,0.366678244721085,-0.7590940629159254
2024-03-21,1.9330280573455003,2.004291694060855,1.9330280573455003,1.9953837394714355,123800,0.00896910271259123,0.3651032371163198,0.6105690305888329
2024-03-22,1.995383105826022,2.0131990093473178,1.9775672023047264,2.00429105758667,49800,0.0044540285361885845,0.36691027669552667,-0.3377177318723627
2024-03-25,2.0131990093473178,2.0131990093473178,1.941935395262135,2.00429105758667,57600,0.0,0.36741502548316685,-0.1978374609763238
2024-03-26,1.9864752292633057,2.0131990855568795,1.9686593250675897,1.9864752292633057,64400,-0.008928584336212245,0.36404230088652023,-0.040268976511132794
2024-03-27,2.0221068036058694,2.031014754672676,1.977567048271836,2.0131988525390625,71300,0.013363099294185438,0.36231950359125176,0.013385796114288875
2024-03-28,2.040041415885811,2.0668840408325195,1.977408624343492,2.0668840408325195,37900,0.026317252948560993,0.37639273913572374,-0.7818737219520614
2024-04-01,2.048989126011388,2.0758317531652124,1.9953038717037395,2.057936668395996,114500,-0.004338315335594577,0.3763904145719851,0.5353052398721357
2024-04-02,2.0758318557722912,2.111622027079809,2.0131990559841344,2.1026744842529297,59400,0.021506234800507448,0.380803355451661,-0.2726408652110363
2024-04-03,2.1116224393828347,2.1178859125782425,2.0847798056610607,2.0937273502349854,39200,-0.0042641996301928916,0.37977989694894226,-0.7757447597880214
2024-04-04,2.1026740666637735,2.19214969048904,2.1026740666637735,2.169780731201172,77100,0.03568021818300019,0.4035148515392905,-0.0033377452077478194
2024-04-05,2.147412710162334,2.192150430514408,2.1295176220215044,2.138465166091919,64300,-0.014537757309976133,0.40527076849010396,-0.21272824088939576
2024-04-08,2.1116217211232606,2.2100448912844795,2.1116217211232606,2.1832022666931152,46200,0.020704369047374813,0.4130151303291826,-0.598531386796881
2024-04-09,2.2010965654810692,2.2682032097118126,2.174253950454,2.2637293338775635,103500,0.036220872364874875,0.43175815628492104,0.3470283197688092
2024-04-10,2.281625192097421,2.281625192097421,2.201992009575502,2.2100448608398438,55100,-0.024000786673591838,0.43440118528348426,-0.5021216804609072
2024-04-11,2.183201905462869,2.263729765912908,2.183201905462869,2.2279396057128906,45100,0.008064400400318483,0.4190221200015175,-0.6962453374118411
2024-04-12,2.227939943654238,2.272677650690224,2.183202236618252,2.2100448608398438,218600,-0.008064400400318484,0.3578039513584184,1.3794355250879298
2024-04-15,2.192150430514408,2.236888150866482,2.1205698646248115,2.138465166091919,179500,-0.03292445473865804,0.37998350430652705,1.0224275931819178
2024-04-16,2.111621917336168,2.1474123001098633,2.0973060202181744,2.1474123001098633,77100,0.004175176302063378,0.2965510602937086,0.15202051577370332
2024-04-17,2.1742547873311167,2.1742547873311167,2.1116217815008516,2.129517078399658,20700,-0.008368305650009553,0.2888511324582361,-2.075961580349043
2024-04-18,2.120569569906689,2.1384648688866963,2.098200819502614,2.1026744842529297,35300,-0.01268513189488482,0.29193706904779704,-1.0251703204306377
2024-04-19,2.0758316143556845,2.1653072455448252,2.066884072569393,2.129517078399658,134600,0.012685131894884854,0.2908588443795617,1.1916049422416728
2024-04-22,2.1026743431198476,2.174254894256592,2.1026743431198476,2.174254894256592,35900,0.020790798234741323,0.296475446098571,-1.006382109914831
2024-04-23,2.1474122675776504,2.174254894256592,2.1474122675776504,2.174254894256592,30300,0.0,0.2968074725821725,-1.2168237979895442
2024-04-24,2.1474123001098633,2.1563598424717276,2.1152011049419035,2.1474123001098633,38800,-0.0124224925847318,0.3019269106764645,-0.757880293509087
2024-04-25,2.138465166091919,2.14920209098065,2.102674776483982,2.138465166091919,44700,-0.004175176302063247,0.2999467466146703,-0.49137800966611894
2024-04-26,2.156359809803964,2.1787285587066316,2.1474122675776504,2.174254894256592,24700,0.016597668886795158,0.3014907517803259,-1.3228405402198742
2024-04-29,2.218992502988454,2.218992502988454,2.156359710294569,2.1921498775482178,62200,0.00819671304788448,0.2906767374768713,0.09378040023526349
2024-04-30,2.1562136476666125,2.1921505060942943,2.138245218452772,2.1472294330596924,31200,-0.020704366193912603,0.30108462229226607,-0.9125062363200629
2024-05-01,2.1741817198512066,2.1741817198512066,2.1202762268611033,2.138244867324829,12800,-0.004193038281721863,0.2931882575568879,-1.982164936511623
2024-05-02,2.1472294330596924,2.165197862273533,2.138245218452772,2.1472294330596924,34100,0.004193038281721802,0.2928115601973142,-0.5696065579753268
2024-05-03,2.1292607896452793,2.1876582916905476,2.1292607896452793,2.1472294330596924,160400,0.0,0.2646022314941743,1.5005055628185955
2024-05-06,2.1741811061951934,2.1831653167910217,2.147228474407709,2.1651968955993652,40500,0.008332926820510657,0.26114973969638244,-0.3250340141891754
2024-05-07,2.158010236253688,2.192150378289927,2.154416593460547,2.1562135219573975,33100,-0.004157617867470663,0.2510288707446859,-0.5707971749628682
2024-05-08,2.1382448475586346,2.192150125849894,2.1382448475586346,2.1741816997528076,46300,0.008298679448333849,0.2155645190601127,-0.0729531588458824
2024-05-09,2.147228474407709,2.2101179485785063,2.147228474407709,2.1651968955993652,61600,-0.004141061580863246,0.20037785880652717,0.3100689956187057
2024-05-10,2.165197172419888,2.201134019397728,2.1562129606754286,2.187657594680786,27400,0.010320077768472475,0.20180743865095535,-0.7532768783853478
2024-05-13,2.210117816925049,2.210117816925049,2.1921493968037447,2.210117816925049,8300,0.010214444997219043,0.20352192050699724,-2.126250269135836
2024-05-14,2.1921496218732046,2.2550390987546733,2.1921496218732046,2.2460548877716064,34900,0.016129469093654796,0.17203145402830525,-0.12477628731971288
2024-05-15,2.228086233139038,2.273007283363522,2.201133603004348,2.228086233139038,111200,-0.008032268430676967,0.17554986017955582,1.521502337534406
2024-05-16,2.246054653228832,2.246054653228832,2.201133603004348,2.228086233139038,11700,0.0,0.17182268208238966,-1.596513731145448
2024-05-17,2.21011864606593,2.246055499790491,2.20113443263479,2.2191028594970703,14100,-0.004040028734374849,0.16488463194310174,-1.2297699290362019
2024-05-20,2.1562126658125305,2.2550389814870537,2.1562126658125305,2.2370705604553223,62300,0.008064227595051725,0.162064409332351,0.8229315593884874
2024-05-21,2.2550390930253545,2.273007514945837,2.2370706711048727,2.2640233039855957,38600,0.011976229109659389,0.15198751727145746,0.14552612555592415
2024-05-22,2.2550397586891973,2.2550397586891973,2.210118690627769,2.223594903945923,35100,-0.018018241276683205,0.1669456666298582,0.0022358644149999456
2024-05-23,2.2011336068643965,2.246054657167657,2.1786729746125344,2.210117816925049,65300,-0.0060793873566307695,0.16185544665472149,0.8252004765165657
2024-05-24,2.219102629867435,2.2280868423689015,2.1651973548586363,2.201134204864502,36800,-0.004073049753590741,0.16181173708630062,0.0461727620576227
2024-05-28,2.246055499790491,2.246055499790491,2.1831660057725095,2.2191028594970703,34800,0.008130221682193557,0.1542572455966302,-0.054127303726654176
2024-05-29,2.1831653118133545,2.2101179435393865,2.1562126800873225,2.1831653118133545,7700,-0.016327195266717536,0.16293439885488198,-1.854151762041704
2024-05-30,2.2101184173659685,2.2101184173659685,2.1562131423571698,2.201134204864502,28600,0.008196973584523851,0.14708578470101916,-0.16821547762331654
2024-05-31,2.165196881095874,2.228086354845409,2.1292598247528076,2.1292598247528076,58900,-0.033198355967788716,0.18883264312610945,0.6813887143794747
2024-06-03,2.156326710844437,2.219482660293579,2.1491087589853968,2.219482660293579,17900,0.04149971361018507,0.2376756853823062,-0.8286990351585176
2024-06-04,2.192415994189128,2.192415994189128,2.1229442508307965,2.1292598247528076,51900,-0.0414997136101851,0.28072157652554525,0.6831955472357888
2024-06-05,2.1202379171018224,2.1879051304365915,2.093171074789543,2.1021933555603027,35100,-0.01279316451868832,0.28197700312861684,0.1321745975102654
2024-06-06,2.1112155469123963,2.147304883575045,2.1021932665237673,2.1202378273010254,28300,0.008547010386640724,0.2838433269239853,-0.16664822889717446
2024-06-07,2.1382824786433416,2.1924163783760418,2.093171074789543,2.1021933555603027,20800,-0.008547010386640632,0.2830359598753641,-0.5541573175995445
2024-06-10,2.0931711196899414,2.1292602435471246,2.0931711196899414,2.0931711196899414,12500,-0.004301056478966672,0.2830545766174252,-1.1651934337766976
2024-06-11,2.1202375233635387,2.1202375233635387,2.0029478951249082,2.084148406982422,75500,-0.0043198642963009366,0.2798037439380772,1.2675776428097627
2024-06-12,2.030015275818896,2.057082120350169,1.9758815867563502,2.0209929943084717,98600,-0.030771361951752115,0.2924282996434977,1.5048637854844087
2024-06-13,2.0209934106029444,2.0390379773407044,1.9488151436519046,1.962348461151123,75900,-0.029447021522230336,0.29499697159794186,1.0565056317849908
2024-06-14,2.0029479044370446,2.0029479044370446,1.9217473922020125,1.9578365087509155,106400,-0.0023019089288749068,0.29527259408237533,1.5230134976252758
2024-06-17,1.9307699109895555,1.9840012139306722,1.8946805748530826,1.9037028551101685,66300,-0.02803918081887006,0.30375910364426767,0.8025577970346172
2024-06-18,1.8946805406405118,1.9578367164078208,1.8946805406405118,1.9397921562194824,54500,0.018779970668988948,0.3170236650908145,0.45466979136638735
2024-06-20,1.9307696713392382,1.9668587878881414,1.9217473922020125,1.9578365087509155,35100,0.009259210149880988,0.31773713129112263,-0.16135185325947318
2024-06-21,1.9578370312628248,1.9939261574432745,1.9488147497177124,1.9488147497177124,72900,-0.004618674396101272,0.31080243620752207,0.8746499301629129
2024-06-24,1.9668589266358605,2.002948045730591,1.9352808398739128,2.002948045730591,100900,0.027398750999706206,0.32999906046082184,1.2291827253918637
2024-06-25,1.9939261574432745,2.0119707205334993,1.9488147497177124,1.9488147497177124,146200,-0.02739875099970633,0.3390370526226893,1.597753477229186
2024-06-26,1.966858345754677,1.9758806228637695,1.9397915144273992,1.9758806228637695,27200,0.013792816850014603,0.3458904177592817,-0.6158838588915316
2024-06-27,1.9758810670253673,1.984903346162593,1.9262584242165741,1.9578365087509155,41200,-0.00917414245391326,0.3427044528615513,-0.0787887653229849
2024-06-28,1.9578365843449814,1.9758811433161516,1.939792025373811,1.9668588638305664,24100,0.004597743323719154,0.34239809313112196,-0.9847815775472556
2024-07-01,2.003281759682086,2.003281759682086,1.9577526731869996,1.9759643077850342,52500,0.004618751460685653,0.34088554357522777,0.1527876513326487
2024-07-02,1.9668592607623518,2.0032825442227833,1.9668592607623518,1.9714120626449585,58000,-0.0023064672486056734,0.32528607882009447,0.3069733475418904
2024-07-03,1.9850702124591764,2.003281847858817,1.9759643947593561,1.9941760301589966,28700,0.01148087851034983,0.2871523985325652,-0.8440454834100762
2024-07-05,1.9759647182373965,1.9850705374278974,1.9395414414753926,1.9486472606658936,55600,-0.023095528195673145,0.263890422986295,0.2113662024326221
2024-07-08,1.939541038588965,2.0123875769811033,1.939541038588965,1.9759643077850342,61400,0.01392111693392902,0.26913034944736075,0.3291928537957598
2024-07-09,1.9668591022491455,1.994176562642899,1.9486474619866432,1.9668591022491455,46800,-0.004618630242753463,0.2658893430585597,-0.1497914943676332
2024-07-10,1.9668592416125636,1.9941767039419183,1.9668592416125636,1.980517864227295,40000,0.006920452040416257,0.2676384615196609,-0.4855443098141618
2024-07-11,1.9668591022491455,2.00328238277415,1.9577532821178945,1.9668591022491455,92700,-0.0069204520404163705,0.26797234405991893,0.9658011639007293
2024-07-12,1.9941770613900094,2.0123887062072754,1.9486479493468443,2.0123887062072754,108700,0.0228845214599822,0.2824191055961102,1.2191069462690807
2024-07-15,2.012387665558637,2.012387665558637,1.9759643947593561,1.9941760301589966,73000,-0.00909147995548464,0.2636302116960903,0.4595643737711926
2024-07-16,1.975965004115199,2.0032824656389256,1.96685918360729,1.985070824623108,47800,-0.004576354148933389,0.24262420920696717,-0.3656113549011801
2024-07-17,1.985070519574038,1.9941763386826405,1.95775306224823,1.95775306224823,26700,-0.013857174598693772,0.24758581120845066,-1.4151786132331632
2024-07-18,1.9759648576241897,1.9759648576241897,1.9304355413601413,1.9395415782928467,81900,-0.009345773511852284,0.22865801209086373,0.8384037806603433
2024-07-19,1.9577526731869996,1.9759643077850342,1.9486468558879824,1.9759643077850342,7600,0.018604890997735334,0.22848613831135509,-2.846442352461603
2024-07-22,1.9850708831654666,1.9850708831654666,1.957753420836112,1.980517864227295,45500,0.0023018217976629256,0.22653398776442285,-0.13740015592101168
2024-07-23,1.9668589216322132,1.9732329734287712,1.9395414637470256,1.9623059034347534,39000,-0.009238095023553527,0.22841896337450446,-0.33031390913774217
2024-07-24,1.9486472746946086,1.9577530939506644,1.9304354190826416,1.9304354190826416,47500,-0.016374679860878136,0.2128559772582142,0.030636517722948554
2024-07-25,1.9304354051850374,1.9650376483688536,1.9213295859945363,1.9486472606658936,25700,0.009389836152839622,0.19435976305973846,-0.883832353422303
2024-07-26,1.9486472606658936,1.9668588990468956,1.9395414414753926,1.9486472606658936,14200,0.0,0.18778472575480012,-1.7302861744017834
2024-07-29,1.939541455438553,1.9486472746946086,1.921329599826586,1.9304354190826416,50300,-0.009389836152839691,0.18790938006531524,0.2902531334392716
2024-07-30,1.9759646818491778,1.9759646818491778,1.8940120935440063,1.8940120935440063,156500,-0.01904820328353635,0.1971798139021985,1.8280806703841266
2024-07-31,1.9307891711995009,1.958372067800541,1.9032064938060946,1.949177622795105,33800,0.028710171791390304,0.22302413073588612,-0.42319199126679263
2024-08-01,1.976760519396145,1.976760519396145,1.9491776227951048,1.949177622795105,23700,0.0,0.22295138207725435,-0.8724068482139593
2024-08-02,1.9491778401626567,1.9859549666627945,1.903206706047058,1.903206706047058,705400,-0.023867348157369732,0.23236453199036822,2.906689753216657
2024-08-05,1.8848180845387665,1.949177666568735,1.792875824495954,1.8112642765045166,106300,-0.049515106814642336,0.2761617886296659,0.7793329867754433
2024-08-06,1.8296527248244683,1.8848180807389414,1.8296527248244683,1.8480411767959595,80900,0.020101158037463148,0.2818401526410192,0.4673244590745439
2024-08-07,1.8572354065259227,1.8848180845387665,1.8112642765045166,1.8112642765045166,62500,-0.020101158037463106,0.2878695522332413,0.1744943825224102
2024-08-08,1.8204584953118703,1.8940123030553355,1.8204584953118703,1.8848180770874023,64000,0.03980620866375129,0.3237806795859227,0.17622217210791355
2024-08-09,1.9124002974430923,1.9124002974430923,1.838846507297615,1.8572349548339844,43100,-0.014742507172459673,0.32629340997556516,-0.21239737079103965
2024-08-12,1.8848180770874026,1.9032065290232687,1.857235399183603,1.8848180770874023,46500,0.014742507172459784,0.31938559095507035,-0.08739513195511424
2024-08-13,1.8756240255776988,1.903206706047058,1.8756240255776988,1.903206706047058,18100,0.009708898150891094,0.32158801217233995,-1.031070981850543
2024-08-14,1.9124011342988452,1.930789589881897,1.9124011342988452,1.930789589881897,25600,0.014388829616521838,0.32651254638893873,-0.6188866301303494
2024-08-15,1.9032064938060946,1.9675662935983431,1.9032064938060946,1.949177622795105,48500,0.009478518540847837,0.3252270734880887,0.033075842460681834
2024-08-16,1.9399839171919777,1.9767610494523802,1.9399839171919777,1.9583725929260254,29800,0.004706266890951984,0.32389310921833353,-0.44139326501465237
2024-08-19,1.976760745048523,1.9859549718958698,1.958372291353829,1.976760745048523,19500,0.00934569905581478,0.3189071727843448,-1.0264286350174971
2024-08-20,1.985954380809103,2.050313949584961,1.9510161976633666,2.050313949584961,149100,0.0365334098950815,0.34312167681616573,1.2351976719668516
2024-08-21,2.022731331829179,2.022731331829179,1.976760210034616,1.9951486587524414,41700,-0.02727436433259265,0.35578733357521525,-0.1985837340877167
2024-08-22,2.013537379766118,2.013537379766118,1.9399833557403168,1.9675662517547607,16900,-0.013921189423878936,0.3543946677876674,-1.119261502612448
2024-08-23,1.958372026152489,1.9859547029593037,1.9491775813425882,1.9675662517547607,37600,0.0,0.35305300067205037,-0.2732307250156058
2024-08-26,1.9399833969973028,1.976760519396145,1.9399833969973028,1.949177622795105,20000,-0.009389822085376922,0.35470172712986603,-1.0054924293654937
2024-08-27,1.9491776227951048,1.9675662935983431,1.9124007196038968,1.949177622795105,17700,0.0,0.3530529957269031,-1.054530531967548
2024-08-28,1.930789323109316,2.0043433544864193,1.9215950965881348,1.9215950965881348,27500,-0.01425193111537611,0.3500922414742882,-0.5053091470522558
2024-08-29,1.9307892069270682,1.9307892069270682,1.8710268477393217,1.8848180770874023,64100,-0.019324315192884717,0.341076148127497,0.41830889455322695
2024-08-30,1.9219576120376587,1.9330994735764768,1.889460884828359,1.9219576120376587,25400,0.019512950800657448,0.3488383691333529,-0.6336098778685534
2024-09-03,1.9219572842345483,1.9219572842345483,1.875533238019668,1.9033876657485962,32900,-0.009708975694356902,0.34031897284219215,-0.2508990175932278
2024-09-04,1.8931744419915166,1.9126724749915722,1.880175753324813,1.9033876657485962,16700,0.0,0.28887421031275473,-1.2529713385119243
2024-09-05,1.9219576120376587,1.9247430774223633,1.8848183687314009,1.9219576120376587,16900,0.009708975694357013,0.28301730874678455,-1.1296479598137787
2024-09-06,1.9405272336907877,1.9405272336907877,1.8755335579048364,1.9219576120376587,43400,0.0,0.27169699637290007,0.5338394573162656
2024-09-09,1.9033879254588157,1.9033879254588157,1.838394251889838,1.856963872909546,50800,-0.034401428578080394,0.26597736423963425,0.8487307390216614
2024-09-10,1.875533207836387,1.8801757230668192,1.829109162368617,1.847678780555725,59900,-0.005012689570682855,0.2616086563489843,1.0906333542871895
2024-09-11,1.838393971462171,1.866248398742833,1.801254735087955,1.847678780555725,39700,0.0,0.2558884896612524,0.3834143034706103
2024-09-12,1.8476788693467294,1.8838896929619098,1.8476788693467294,1.8662484884262085,10100,0.010000121853033974,0.2560432458196175,-1.8530530415745592
2024-09-13,1.8941030502319336,1.9219574808097752,1.8662486196540917,1.8941030502319336,25600,0.01481514214669437,0.2563687517671165,-0.3204573634374183
2024-09-16,1.9033875296805616,1.9033875296805616,1.856963486784411,1.875533103942871,27500,-0.009852460951792923,0.2552387118892534,-0.16012490598187384
2024-09-17,1.856963481402737,1.894102715612024,1.8012546300888062,1.8012546300888062,146200,-0.04040950229857945,0.28659416501807605,2.1721466758619696
2024-09-18,1.8291096834914895,1.8941033656634059,1.8291096834914895,1.8848185539245605,55900,0.045348119587143805,0.33133422763379267,0.7076059354164805
2024-09-19,1.9033874729627007,1.9126722812652588,1.8755330480550272,1.9126722812652588,54500,0.014669805966831387,0.30682314680365635,0.8327850858792943
2024-09-20,1.9033876657485962,1.9219572842345483,1.8941028565056202,1.9033876657485962,27500,-0.004866083848924859,0.2943350388279323,-0.25198445066855185
2024-09-23,1.8848180472626441,1.9219572842345483,1.875533238019668,1.9033876657485962,15500,0.0,0.2913099858242911,-1.1741832489655755
2024-09-24,1.9126728012110943,1.9284569574795187,1.8941031795579653,1.9219576120376587,20600,0.009708975694357013,0.29390311719781564,-0.659414537734825
2024-09-25,1.9126724924956657,1.9265998171712446,1.8792471346415922,1.8857464790344238,8500,-0.019020503607689452,0.2991652468765525,-1.8512085481958473
2024-09-26,1.9126723382597917,1.9126723382597917,1.866248295363641,1.875533103942871,16900,-0.005430811493138578,0.29939633138806204,-0.8316276433849495
2024-09-27,1.8848183687314009,1.9312424228642233,1.8848183687314009,1.9219576120376587,16200,0.024451315100827993,0.3090339913897538,-0.8410298579711122
2024-09-30,1.9500840409029674,1.9500840409029674,1.8844562727837104,1.9032070636749268,22000,-0.009803864741729909,0.30323476154817797,-0.33625451838348525
2024-10-01,1.8750801121842045,1.9313324619032584,1.8750801121842045,1.8938308954238892,28200,-0.004938685053753778,0.29561339669872716,0.02687881690282728
2024-10-02,1.8938308954238892,1.921957070283416,1.8750801121842045,1.8938308954238892,28100,0.0,0.29379372834980666,0.032843280787009044
2024-10-03,1.8938310768557334,1.92195725440979,1.8938310768557334,1.92195725440979,2500,0.014742363720671371,0.2983485384760705,-2.7313569077688227
2024-10-04,1.9219573625352702,1.9219573625352702,1.9032065764443507,1.904144048690796,23000,-0.00931148080697133,0.2981964449036132,-0.122075699814794
2024-10-07,1.893831135011938,1.9313327062356205,1.893831135011938,1.9125819206237793,17000,0.004421530781864182,0.2986722704783811,-0.4312358456199174
2024-10-08,1.9032065278178587,1.9125819206237793,1.8750803494000967,1.9125819206237793,41200,0.0,0.27163458717482364,0.6466787896970817
2024-10-09,1.9125818618917712,1.92195725440979,1.8844556843377145,1.92195725440979,36400,0.004889950025107014,0.27085145253784326,0.5389668376054109
2024-10-10,1.9407080394458278,1.9407080394458278,1.8750802918196956,1.92195725440979,11800,0.0,0.27085145253784326,-0.7815545670277755
2024-10-11,1.9032065278178587,1.9210198412072066,1.893831135011938,1.9125819206237793,18400,-0.004889950025107045,0.2701351290188099,-0.27540214600551877
2024-10-14,1.9219576498138338,1.9219576498138338,1.9125822553670166,1.9172700643539429,6000,0.002448212667319957,0.26562216034999664,-1.5052281310893605
2024-10-15,1.9032068609201993,1.9219576498138338,1.9032068609201993,1.9172700643539429,5000,0.0,0.26292596718646744,-1.526139836994391
2024-10-16,1.9032064693737523,1.92195725440979,1.9022689971800473,1.92195725440979,24800,0.002441737357787109,0.21539916969026862,0.4064171715868702
2024-10-17,1.9032065278178587,1.9219573134296999,1.893831135011938,1.9125819206237793,3000,-0.004889950025107045,0.15225847544463994,-2.012623177331103
2024-10-18,1.9125818652988118,1.968834220507132,1.8938310802293716,1.959458827972412,31300,0.024214206825926378,0.16624283355291097,0.9030573448280641
2024-10-21,1.9407083988189697,1.9688345815813282,1.9313330045648505,1.9407083988189697,24100,-0.009615266487078732,0.16919643768946463,0.58339947353792
2024-10-22,1.9407083170921058,1.968834498670018,1.9313329232328018,1.9360207319259644,66000,-0.0024183630166331356,0.16956994831630526,1.6463792272460032
2024-10-23,1.931333250011751,1.931333250011751,1.9032070636749268,1.9032070636749268,89400,-0.017094305964025003,0.17709847463963524,1.7616421943337761
2024-10-24,1.9032065278178587,1.9125819206237793,1.9032065278178587,1.9125819206237793,11000,0.0049137286418106125,0.16446136315127338,-0.5201658754379189
2024-10-25,1.9125824591205347,1.9444587589301907,1.9032070636749268,1.9032070636749268,52900,-0.0049137286418105145,0.16422915227697968,1.0967220824435047
2024-10-28,1.931333250011751,1.931333250011751,1.865705481892494,1.9032070636749268,77500,0.0,0.13967516555382534,1.3520144581143347
2024-10-29,1.893831073347821,1.898518881361642,1.8610171995955354,1.884455680847168,28100,-0.009901375748997375,0.13975768174477168,0.32080479927978783
2024-10-30,1.8938310396804754,1.8938310396804754,1.8469540780105598,1.8516417741775513,30700,-0.017566324678799452,0.15121914877091028,0.4047620669150808
2024-10-31,1.8648274567712306,1.8742457681872364,1.8459908339392186,1.8554091453552246,29500,0.0020325442279814287,0.15156436009714105,0.36227270385125915
2024-11-01,1.8459907676441958,1.930755567344093,1.8459907676441958,1.8836640119552612,16700,0.015113587374113465,0.15205410833447186,-0.3375714007601652
2024-11-04,1.8742457575694988,1.897791648251253,1.8648274462068484,1.8930823802947998,46100,0.004987567014294092,0.15021341331782714,0.7672754453099302
2024-11-05,1.8836640119552612,1.902500634110794,1.8751875768953212,1.8836640119552612,14200,-0.004987567014294133,0.15004090757580077,-0.5389103100470213
2024-11-06,1.9025005102157593,1.9025005102157593,1.8742455788224837,1.9025005102157593,28200,0.00995025628864178,0.15453892482481038,0.24814914669324054
2024-11-07,1.8930823802947998,1.9213373143827515,1.8742457575694988,1.8930823802947998,19300,-0.004962689274347615,0.15417710188995984,-0.1455347488102637
2024-11-08,1.902500634110794,1.902500634110794,1.8648273897997285,1.8836640119552612,68900,-0.004987567014294133,0.1548498899220145,1.1722699588571985
2024-11-11,1.9025006916574503,1.9025006916574503,1.8742457575694988,1.8930823802947998,43300,0.004987567014294092,0.15546910710154352,0.6088655836394745
2024-11-12,1.8742457008774949,1.8930823230330276,1.8554090787219621,1.8836640119552612,43500,-0.004987567014294133,0.1558330617467598,0.5422723142356183
2024-11-13,1.8459910634821646,1.8742460012435913,1.8459910634821646,1.8742460012435913,166300,-0.005012376771501128,0.15645787447628556,1.924832088415548
2024-11-14,1.8836644160970362,1.9590109208848225,1.8836644160970362,1.911919355392456,233600,0.01990118972240131,0.17229880069874864,1.9673663884026646
2024-11-15,1.9307561263280721,1.977847695350647,1.9128612627343997,1.977847695350647,26100,0.03390159532108954,0.2078650624199149,-0.5492762920984895
2024-11-18,1.9778477347156365,1.9778477347156365,1.930756164755801,1.973138689994812,25800,-0.00238371238283586,0.19114987255096255,-0.5493650042936614
2024-11-19,1.987266009155162,1.987266009155162,1.9307561263280721,1.977847695350647,19900,0.0023837123828358495,0.18777219045507829,-0.8653272826635808
2024-11-20,1.9966837261335078,2.0155205726623535,1.987265415144208,2.0155205726623535,23200,0.01886827982941632,0.1972672478758297,-0.6062707572061626
2024-11-21,1.987265524475818,2.006102372040994,1.987265524475818,1.9966838359832764,19600,-0.009389788335939677,0.1895671258744107,-0.7445228271664285
2024-11-22,1.9778469246896961,1.9957417813107021,1.9307553740161751,1.9495919942855835,22700,-0.02386760542870169,0.20968592444390902,-0.6295505724703038
2024-11-25,1.9590105899534422,2.0108114155195937,1.9590105899534422,1.9966838359832764,35800,0.02386760542870158,0.2228962657327453,0.02512240146138187
2024-11-26,1.9778472129683593,2.006102372040994,1.9684289014609009,1.9966838359832764,14600,0.0,0.2228962657327453,-1.111000118129294
2024-11-27,1.9213371242936503,1.9590103660170186,1.9213371242936503,1.9401737451553345,36300,-0.02871019398877523,0.24434254687799262,0.1379883513404067
2024-11-29,1.958147305189012,2.0054455056939426,1.9486876650880258,1.9959858655929565,51600,0.028360568074488352,0.25115378406752703,0.5874342820423225
2024-12-02,2.0243652793015827,2.048014269915548,1.9865264883550864,2.033824920654297,148000,0.01878012104915418,0.2565018823202189,1.769374180340486
2024-12-03,2.033824300891473,2.0480136458288363,2.0054451599456042,2.0432839393615723,40900,0.004640070208224453,0.2535241749565616,0.09621539196230271
2024-12-04,1.9959861297078003,2.07733931598391,1.9959861297078003,2.033824920654297,57300,-0.004640070208224327,0.25517928297671444,0.5162975627758091
2024-12-05,1.9959863986174988,2.062204122543335,1.9959863986174988,2.062204122543335,48800,0.013857155652276645,0.25571028748643176,0.2443570572539559
2024-12-06,2.062203507496112,2.062203507496112,1.9959858033195466,2.024364948272705,26700,-0.018519327616709526,0.2665877698953854,-0.5615583604138626
2024-12-09,2.0243649917165834,2.052743911743164,1.9893641207017527,2.052743911743164,130000,0.01392134611696328,0.26754391131515426,1.4006828632041715
2024-12-10,2.024364948272705,2.0432842278844086,2.000715735990274,2.024364948272705,54700,-0.013921346116963173,0.2729989065163547,0.2872632312822291
2024-12-11,2.0149056379488686,2.052744203359725,2.0054457710605145,2.033824920654297,34300,0.004662171964432909,0.272977845956279,-0.31037506832878364
2024-12-12,2.0527438676902605,2.0527438676902605,2.0130132902914415,2.024364948272705,47600,-0.004662171964432923,0.27285394542000474,0.11327261092706563
2024-12-13,2.0054454431253985,2.024364948272705,1.9581472440961396,2.024364948272705,99700,0.0,0.2714486075335015,1.1710808813120972
2024-12-16,2.0054457046998464,2.01679736416173,1.9676071405410767,1.9676071405410767,60400,-0.028437890588871702,0.28627124140073906,0.6671451453855527
2024-12-17,1.9676069052813443,2.0054454649158924,1.9676069052813443,1.9912561178207397,30500,0.011947499595516541,0.2640749139449433,-0.4506468548546207
2024-12-18,1.9959857581177907,1.997877776250355,1.939227920568037,1.9420658349990845,82400,-0.025013384677342536,0.27825099111212404,1.0574193573464121
2024-12-19,1.9203088283538818,1.9505797682086252,1.863550985277953,1.9203088283538818,81700,-0.01126624870596694,0.2803203902470097,0.9513052080300269
2024-12-20,1.891929998433917,1.9676071261998718,1.891929998433917,1.9297685623168945,49200,0.0049140586223243524,0.2716373214228322,0.0714176768739391
2024-12-23,1.9581471929646013,1.967606832523441,1.9203086347292424,1.9486875534057617,18300,0.009756016612303273,0.2732290936902379,-1.56897685013858
2024-12-24,1.9628774327890468,1.9676071405410767,1.9392282174219995,1.9676071405410767,15500,0.00966205855316531,0.26259687968684053,-1.7336805251790914
2024-12-26,1.9865264226204615,1.9865264226204615,1.9203089353426148,1.9676071405410767,16400,0.0,0.24839689454201958,-1.4953922728529307
2024-12-27,1.9486874100870766,1.978012448437651,1.9486874100870766,1.9581470489501953,22400,-0.004819512096576347,0.24878687543991967,-1.1081355990838904
2024-12-30,1.9297684001647917,1.9392280403406734,1.901389479637146,1.901389479637146,50100,-0.029413718925898006,0.24978669619913313,0.1315291047154504
