Date,Open,High,Low,Close,Volume,log_return,vol_21d,vol_zscore
2015-01-02,21.590996298515844,21.649435870696074,21.370726835017773,21.53255844116211,484000,,,
2015-01-05,21.42467389124042,21.586505525779305,20.41322789019918,20.54359245300293,1449200,-0.047017046220327714,,
2015-01-06,20.4312049863102,20.69193233867395,20.34579291231446,20.637989044189453,562200,0.004584416289095889,,
2015-01-07,20.64248125781163,20.862752400393852,20.408726436673977,20.651472091674805,615700,0.0006530987614605223,,
2015-01-08,20.781836948181397,21.02458432195338,20.381754266312523,20.435697555541992,663100,-0.010503352831390894,,
2015-01-09,20.336798421820923,20.521106201229475,20.19294681647248,20.444684982299805,1129800,0.0004396938748940322,,
2015-01-12,20.35927288697022,20.588533094302907,20.00414275018404,20.48963737487793,1226300,0.002196318788720086,,
2015-01-13,20.59303702399921,20.835782711772303,20.359280456476657,20.62450408935547,370300,0.006560623348365883,,
2015-01-14,20.34129300884827,20.4536758431513,19.693968500600167,20.264873504638672,928600,-0.01759086977918848,,
2015-01-15,20.35927510865532,20.75036690023013,20.170471051284935,20.408723831176758,580900,0.007073430221911547,,
2015-01-16,20.354784426289854,20.664962238283515,20.30084113000566,20.61101722717285,263200,0.00986330146308338,,
2015-01-20,20.628995222635442,20.867246310705497,20.462669088406884,20.79082679748535,804600,0.008686120392946457,,
2015-01-21,20.467157349898855,20.912194043795225,20.287345878037435,20.817792892456055,921900,0.001296178481626173,,
2015-01-22,20.948165645665018,21.015596051547085,20.682942011929438,20.961652755737305,352200,0.006886660634584618,,
2015-01-23,20.844766735410243,21.118981113761087,20.59303029482,21.06953239440918,368100,0.005133325419274377,,
2015-01-26,21.078522330430594,21.43814702657488,20.993112000979394,21.42466163635254,430000,0.01671463680997415,,
2015-01-27,21.23586120318301,21.640438379278827,21.23586120318301,21.581998825073242,360500,0.007316908077986732,,
2015-01-28,21.617965190620378,21.653926811070495,21.285311198619198,21.54154396057129,587300,-0.001876231578218369,,
2015-01-29,21.514568226255502,21.829240478253645,21.11898020331996,21.26732635498047,712700,-0.012811426895000522,,
2015-01-30,20.876231810590145,21.033568785863157,20.494130912460612,20.79981231689453,639300,-0.022227957587859164,,
2015-02-02,20.804312082005524,21.31228303045303,20.642480507999156,21.276321411132812,648300,0.0226508200718583,,0.137739290759382
2015-02-03,21.519067833006503,21.7528243689056,21.27182590372949,21.60897445678711,417100,0.015513928998814593,0.24453656274500124,-0.8172859451616541
2015-02-04,21.573011106083985,21.622458116112924,21.024582288348103,21.056049346923828,367300,-0.025920813766945428,0.20013400725832906,-1.0311400138040134
2015-02-05,21.08301893538301,21.271821260769165,20.916691117503763,21.1639347076416,443400,0.005110641226041507,0.20025528329524905,-0.5521509591632592
2015-02-06,21.267332798317774,21.267332798317774,20.997612908534464,21.083024978637695,347400,-0.0038303266567017926,0.20100993453118104,-1.0343474116757096
2015-02-09,20.993116419204256,21.357235750446844,20.966143918257103,21.105499267578125,444000,0.0010654220060030638,0.19662615304761333,-0.4278850893619088
2015-02-10,21.271827548730617,21.271827548730617,20.736885753848306,20.844772338867188,387900,-0.01243044566455815,0.20249692705047587,-0.6675121068886163
2015-02-11,20.768353051286457,20.89871758157667,20.287354543496296,20.3143253326416,434400,-0.025776871072241078,0.2224799130279895,-0.3062735503139039
2015-02-12,20.552583251381293,20.615517394733615,19.954705459880643,20.11653709411621,476600,-0.009784100782625628,0.22323157662854295,-0.07853204651262828
2015-02-13,20.242398462051657,20.4446879357044,20.076072323637714,20.17946434020996,335800,0.003123252680510824,0.21545010540614104,-1.0166159284472922
2015-02-17,20.103047532866388,20.1479999931436,19.559113160484085,19.81534767150879,526100,-0.018208698117241788,0.22238321252837373,0.3885228379194725
2015-02-18,19.824337922853942,20.183964484897206,19.658011752546184,19.774890899658203,631600,-0.002043775809042149,0.2185737347304052,0.8869380743199201
2015-02-19,19.65351818758089,19.81085353032345,19.334349511861287,19.577096939086914,438700,-0.010052637089635216,0.21669151031908154,-0.2522369215416645
2015-02-20,19.734428493687382,19.734428493687382,19.30737333483675,19.406269073486328,189200,-0.008764197478548326,0.21705980596321828,-2.7941650172123333
2015-02-23,19.419747597716544,19.455709200923547,19.00617801447097,19.096084594726562,180000,-0.016112842988291996,0.21802168873629058,-2.411426597875424
2015-02-24,18.97921859858534,19.073619792675192,18.628582897238676,18.848854064941406,473400,-0.013031199262443236,0.21705144144826602,0.2880771997777323
2015-02-25,18.6150975023191,18.862339459860983,18.60610666743058,18.848854064941406,402600,0.0,0.20295219823936425,-0.16159667923926088
2015-02-26,18.86233328836255,19.01967027519353,18.597109747821154,18.704998016357422,498100,-0.007661357983975736,0.19702208801870788,0.3977957341815453
2015-02-27,18.731975135379404,18.866835945386672,18.399322814921778,18.47574234008789,566900,-0.012332114934675049,0.19705045313067177,0.7724511538332813
2015-03-02,18.561147425859374,18.565641984248188,18.026204091824045,18.111616134643555,296000,-0.019905138999949654,0.20103743065742186,-0.9870696556198064
2015-03-03,18.21501140062903,18.313908851221036,17.823919587110066,17.922815322875977,388000,-0.010479007538412024,0.1943087995727878,-0.12913752730573275
2015-03-04,17.76098986317858,17.976766505015156,17.639617860032196,17.90933609008789,510800,-0.0007523541228964837,0.16367358783032723,0.7801374163248431
2015-03-05,17.913834008190847,18.291440629934797,17.626134051591077,17.720535278320312,343100,-0.010597993854534478,0.13915641243611288,-0.45923061898182455
2015-03-06,17.486771506712106,17.675573864693973,16.86641771723743,16.906875610351562,441300,-0.04700377225991402,0.182895719350068,0.3127380677487614
2015-03-09,16.965317024626525,17.082194442604976,16.43936435665768,16.547252655029297,908000,-0.02150029471510139,0.17751926755293831,2.1709500573630796
2015-03-10,16.412392601533444,16.556244244195327,16.31799140792136,16.47532844543457,610900,-0.004356069146022311,0.17723404138374954,0.9822383576017412
2015-03-11,16.529264379880548,16.63265636229955,16.466330278827733,16.59669303894043,225700,0.007339444815177612,0.1841449297333279,-1.5251342405490682
2015-03-12,16.628166933954542,16.91137047605833,16.28652211595068,16.84843635559082,998800,0.015054393609607062,0.2056485484809077,1.9195049302298246
2015-03-13,16.76752026410818,16.96081889622836,16.659633692354582,16.906875610351562,658600,0.0034625254363390436,0.2025476543551604,0.9043202844499547
2015-03-16,17.041741588887387,17.271001932894706,17.005779955337555,17.20357322692871,513500,0.01739672795398178,0.2217613771437987,0.3402850277184345
2015-03-17,17.064208080597794,17.423832784885647,17.064208080597794,17.41933822631836,594200,0.012463873403486637,0.22959435201414602,0.6048140511021215
2015-03-18,17.419341527720135,18.053180725038967,17.21705205733621,18.030704498291016,640500,0.03449512872462726,0.26676684566374653,0.7422663254747314
2015-03-19,17.922815322875977,18.003731107028326,17.72502213651806,17.922815322875977,694500,-0.006001609844750727,0.26666104453630746,0.9028403630300211
2015-03-20,17.97676614435347,18.138596050244136,17.94529736047919,17.990251541137695,426500,0.0037555298619921813,0.2674463939521154,-0.158258003358895
2015-03-23,18.017219610159888,18.09813368575498,17.513743199799162,17.576677322387695,392600,-0.023257159023760958,0.2752796656795198,-0.45994900747229234
2015-03-24,17.61263694114849,17.868869651799546,17.38787128515101,17.48676872253418,489200,-0.0051283491524284535,0.2721615045729476,-0.05094376336648316
2015-03-25,17.57667630453135,17.78795660226592,17.44181723324751,17.6845645904541,467500,0.011247680116266449,0.2752046200907673,-0.17934813789598053
2015-03-26,17.67558065119571,17.68457148809821,17.29797407542459,17.509254455566406,456100,-0.009962634897722922,0.2759825572599134,-0.2693114000013357
2015-03-27,17.518241041834493,17.518241041834493,17.239530309963815,17.387876510620117,237400,-0.00695635607001997,0.2758597354407193,-1.8591532536337043
2015-03-30,17.536222492903903,17.563194999368488,17.41934506121042,17.51374626159668,276000,0.007212862135344099,0.2762629907057121,-1.3173630379391075
2015-03-31,17.464292410835448,17.801440926217026,17.396863736654748,17.680068969726562,430100,0.009451884956572659,0.2717006640737491,-0.25929777221002925
2015-04-01,17.83644830038876,18.375849008051762,17.791121294469008,18.357717514038086,400200,0.03761210085213692,0.300443893171255,-0.45067521530673754
2015-04-02,18.502767438562046,18.838193187292585,18.27612893321061,18.629684448242188,920700,0.014706187584201235,0.3039675886913431,1.535799453752243
2015-04-06,18.625156371852125,18.96058219141151,18.625156371852125,18.865392684936523,464400,0.012572922086815931,0.30257937534598706,-0.16686263535092788
2015-04-07,18.824594767051693,18.9288482779226,18.720341256180784,18.810997009277344,276300,-0.0028875226047727917,0.24359688446903408,-1.3349759492082744
2015-04-08,18.901653396664173,19.033104156609596,18.733941371732097,18.77020263671875,361600,-0.0021709998065878432,0.22555427306122136,-0.6256263891005739
2015-04-09,18.774730475341443,18.820059207897728,18.588886994646536,18.797395706176758,233800,0.0014476876567447133,0.22307836647644247,-1.5161487254316726
2015-04-10,18.806464229178566,18.901651987928282,18.684079226879813,18.73847198486328,142500,-0.0031395981145167554,0.22539207870396163,-2.375210602704002
2015-04-13,18.770200342711608,18.80192959411515,18.484635350965195,18.675012588500977,187100,-0.0033923307568387412,0.2248857337042296,-1.6470671401733914
2015-04-14,18.688608634539047,18.910715103149414,18.638747892864412,18.910715103149414,187400,0.012542292990582826,0.22634857969942276,-1.4707006373723834
2015-04-15,18.956042626446308,19.255205355578045,18.906181883405285,19.114688873291016,346000,0.010728392349781986,0.22302508567557497,-0.14708631835675443
2015-04-16,19.123754302517387,19.40478726242402,19.03763230267693,19.264270782470703,237900,0.0077950349845697054,0.2216427536785964,-0.8546151644337038
2015-04-17,19.055765122492858,19.1282893719106,18.906182885441858,19.051231384277344,441900,-0.011120386348366713,0.19988217261225164,0.5233361253136815
2015-04-20,19.114692554618863,19.169087046111027,18.942448518904555,19.001373291015625,312700,-0.0026204840492886406,0.19838176245097217,-0.16839325537332261
2015-04-21,19.028568895807414,19.037634643607646,18.747537630458627,18.987773895263672,249300,-0.0007159621807876216,0.19870992636284981,-0.6411693151376721
2015-04-22,18.992310167658736,19.318668486436533,18.58436010779296,19.309602737426758,232900,0.016807230487114484,0.1807540937980033,-0.7357324552466348
2015-04-23,19.309600759353618,19.808206529125208,19.305068749870397,19.803672790527344,249300,0.025264891634284595,0.19078715947874103,-0.5122417226451605
2015-04-24,19.898864493401735,20.32947633588818,19.812740741612576,20.279617309570312,403500,0.023748893238570542,0.19987982073958296,0.6589643434385334
2015-04-27,20.40200071391691,20.909672291065664,20.315878690759547,20.755558013916016,432800,0.02319775869384114,0.19842766726363842,0.8388779446934291
2015-04-28,20.8552678944739,21.004850090591727,20.732884661977167,20.900596618652344,375100,0.006963638008321345,0.1908336089715071,0.4410344748756691
2015-04-29,20.850740593440936,21.122706083448747,20.814477605912206,21.081911087036133,585000,0.008637673431379996,0.19075167344474256,1.3684798131383857
2015-04-30,20.85981721831327,21.095521572822015,20.39747426090557,20.519859313964844,966900,-0.02702221410724037,0.22754974282641227,2.1518400920552563
2015-05-01,20.52438419027162,20.565179193776377,20.216155659150036,20.365737915039062,235500,-0.007539189317720384,0.20375882366515352,-0.6756751412109877
2015-05-04,20.456394074970902,20.479057582007268,19.994051269147082,20.4654598236084,341500,0.004884603556455501,0.20064596680482483,0.1960053179088629
2015-05-05,20.474526826000567,20.95953493863481,20.338544034856714,20.873411178588867,387600,0.019737578161787877,0.20575908959564718,0.5149623862707661
2015-05-06,20.95500669397133,21.090989520772933,20.76463108227218,20.89154815673828,438000,0.0008685261318662913,0.20439396060373832,0.7399866854275399
2015-05-07,20.850743459974808,20.850743459974808,20.35213941670823,20.655834197998047,453300,-0.011346875515174257,0.21081828411441594,0.7833070906173556
2015-05-08,20.850738358627904,20.850738358627904,20.42919068391781,20.73741912841797,257500,0.003941948482373893,0.21053141737077913,-0.5175026497947295
2015-05-11,20.746487914738523,20.84620940525406,20.537980915582835,20.664897918701172,418700,-0.0035032475986194137,0.21070523858758444,0.5260812691043371
2015-05-12,20.615043903488186,20.832616720912394,20.556117391754007,20.723831176757812,287700,0.00284779451668815,0.20880073247891423,-0.4976995069223388
2015-05-13,20.78274612885625,20.959525580439703,20.683026382069187,20.73741912841797,262500,0.0006554530819313014,0.20741542884769712,-0.8312365622072849
2015-05-14,20.877945557209095,21.12724763678991,20.683036249927806,20.832616806030273,295100,0.004580118438179169,0.20613801786267344,-0.4766154362499651
2015-05-15,20.76915156777278,21.095511554271294,20.537981063412666,20.66036605834961,412800,-0.0083026924213678,0.2100068271307616,0.40236641729003086
2015-05-18,20.610508326823,20.642237582471065,20.397467556801903,20.583311080932617,193300,-0.0037365759997693743,0.2051048319680429,-1.5743056640564395
2015-05-19,20.537981513113348,20.556111279004515,20.193490024463138,20.383867263793945,550500,-0.009736838166596515,0.20929923394155509,1.1539286725758264
2015-05-20,20.247879489807225,20.433724689741478,20.179888988257034,20.352134704589844,504600,-0.0015579617090202803,0.2095252522760429,0.8408190240008183
2015-05-21,20.33400604020783,20.33400604020783,19.99858030692695,20.03937530517578,172100,-0.015486702541105136,0.21313572214540458,-1.8425212705016651
2015-05-22,20.043911075815934,20.043911075815934,19.635961051961807,19.672224044799805,220100,-0.018491409465422756,0.20613466194088087,-1.1973361920330547
2015-05-26,19.61783696373823,19.781017034900838,18.83820134357235,18.965118408203125,446100,-0.0366062752356854,0.22271334015400132,0.5142300325305792
2015-05-27,18.928849050954195,18.95151428698996,18.570761491726653,18.643285751342773,359100,-0.017115350696629016,0.20565680077616913,0.008511727518464669
2015-05-28,18.566229380364035,18.61155812729428,18.185476551724456,18.534500122070312,328900,-0.00585220110305724,0.2009131649974389,-0.19072547960655045
2015-05-29,18.54356702544186,18.652354295729495,18.43477975515422,18.461977005004883,546900,-0.003920546797495491,0.19420225381901857,1.0688955075360016
2015-06-01,18.52996646516682,18.57982721780149,18.076689410836714,18.158279418945312,318500,-0.016586697004383717,0.18324007618790747,-0.16190561762490344
2015-06-02,18.208135286496503,18.66141226226129,17.827384286803948,18.475568771362305,237400,0.01732262932934915,0.19979622518161527,-1.0430552998238594
2015-06-03,18.489171811256817,18.489171811256817,18.239869772476975,18.248933792114258,207700,-0.012342596389107402,0.19835751862128556,-1.309166229243031
2015-06-04,18.11747990233142,18.158274896224825,17.73219346464611,17.954299926757812,292900,-0.016277019488029763,0.17900564642184347,-0.29039875890080485
2015-06-05,17.822851595756536,17.93617084635474,17.682335102533525,17.92257308959961,195900,-0.0017686516555780298,0.17774144256734667,-1.298815976583284
2015-06-08,17.936170578732007,18.049489827639395,17.813785582418287,17.81831932067871,166000,-0.005833881449099738,0.17718467118607556,-1.5648027286439685
2015-06-09,17.886311511307323,18.19907377427988,17.886311511307323,18.076688766479492,215700,0.014396091365053364,0.18867469481133414,-0.8272389763819094
2015-06-10,18.307859204899955,18.86085774206169,18.217203451889308,18.68861198425293,460200,0.03329115881038113,0.23379217334970404,1.150809418981725
2015-06-11,18.7112725329942,19.173615244074096,18.475568304064385,19.123754501342773,535300,0.023016899924464318,0.25183456589807524,1.3919349903884592
2015-06-12,19.11015778827355,19.214411288256347,18.992306531936535,19.182682037353516,279400,0.0030766413072041737,0.2525162292113655,-0.22568111173627753
2015-06-15,19.350399442759112,19.350399442759112,19.001375856248327,19.209884643554688,248200,0.001417076955516261,0.25144308879957533,-0.4959413574634445
2015-06-16,19.2597415132193,19.79460681082741,19.087495759923517,19.70395278930664,575500,0.025394293078109996,0.27032999388371004,1.4712743274086197
2015-06-17,19.676760987143485,19.76741676285044,19.37306612700755,19.71755599975586,341700,0.0006901415702751442,0.2704596251669077,0.18411013721448713
2015-06-18,19.812738029970625,20.02577878162018,19.77194302921038,19.83540153503418,283700,0.005958891133901372,0.2703013175741448,-0.20143929071182096
2015-06-19,19.790082037572393,19.930598588892376,19.690360502499164,19.722089767456055,267100,-0.005728981983757095,0.27073752651308053,-0.2900675509207071
2015-06-22,19.948720789466567,19.948720789466567,19.713018261868054,19.83540153503418,160200,0.0057289819837570135,0.26687248827409826,-1.6198436084119592
2015-06-23,19.8218048424527,19.944189851306753,19.771944091166084,19.898862838745117,208000,0.003194288791883212,0.2588922859609329,-0.9209708485938141
2015-06-24,19.91256208889602,20.09524684803528,19.583731961540728,19.620267868041992,324400,-0.014099479466605632,0.22810629864759988,0.28701010330644255
2015-06-25,19.665940936715643,19.885161613590153,19.506091328724533,19.55632972717285,196000,-0.003264101609746131,0.21862327436617582,-0.9725543122560656
2015-06-26,19.538054004007886,19.761842679302845,19.117881623892234,19.506084442138672,274000,-0.0025725656651461645,0.2173784065245721,-0.06498431897287782
2015-06-29,19.314273530501836,19.474121393308362,19.02197930010645,19.204662322998047,198200,-0.015573360696245509,0.2252743822766709,-0.8533990630392907
2015-06-30,19.273164937902628,19.693337358094226,19.273164937902628,19.638532638549805,414800,0.02234050835209283,0.2254310556213353,1.1744089346813285
2015-07-01,19.752714214419683,19.871458088210993,19.08591780589014,19.12702178955078,411300,-0.026391498618843275,0.24244301026454448,1.0508121287393235
2015-07-02,19.21836245780288,19.36450955509173,18.930634597798218,18.990007400512695,181300,-0.0071891740816373345,0.2393326616098549,-1.1125024566110548
2015-07-06,18.697716506055723,18.74338857515693,18.378020733403748,18.409990310668945,180100,-0.031019445593089178,0.25814620452354353,-1.0388233986102682
2015-07-07,18.268408597772943,18.35975098920405,17.97611433896237,18.341482162475586,227900,-0.003728189535547594,0.2585184969303947,-0.4591058061457924
2015-07-08,18.15423103689204,18.241005350501275,18.040053483200897,18.22273826599121,156700,-0.006495109839140602,0.2587520092600728,-1.4108716343517125
2015-07-09,18.56070594378034,18.597243603314563,18.231873976818317,18.26841163635254,317600,0.0025032586988254597,0.2542747926483581,0.36084408881679747
2015-07-10,18.496759733652414,19.072213714348834,18.46022208804079,18.97630500793457,245500,0.038017667777566634,0.26235310956960645,-0.23870446152637373
2015-07-13,19.15899405661417,19.20466438168003,18.684015010199833,18.697715759277344,240400,-0.014789731549423594,0.2544513719574082,-0.2126589718075342
2015-07-14,18.67944645289741,18.903233458199246,18.519596849756503,18.84842872619629,221200,0.008028189230108465,0.2560419579917899,-0.4273633160419192
2015-07-15,18.834724079797738,18.834724079797738,18.446519474426694,18.4693546295166,160300,-0.020316701671488756,0.2645584939413516,-1.2698905460515457
2015-07-16,18.766224893842807,18.78449372260791,18.40085702959773,18.45566177368164,165800,-0.0007416574342497395,0.2454179284645122,-1.1558412430265879
2015-07-17,18.40998341171412,18.46478813188676,18.145090736826848,18.359745025634766,290400,-0.005210697010203707,0.24511575904685995,0.733098826631393
2015-07-20,18.3551810189128,18.3551810189128,17.784293309093542,17.966978073120117,182000,-0.021624976050950772,0.2504163974235218,-0.7709305155348222
2015-07-21,17.944143847886906,18.053753318243626,17.551372804317896,17.656415939331055,270000,-0.017436294915957117,0.25427034956766636,0.5536307851938741
2015-07-22,17.66098120754922,17.66098120754922,17.414359043042634,17.47829818725586,164200,-0.010139218856999343,0.25154983525453267,-1.1271877894031
2015-07-23,17.578772301294975,17.985244006586534,17.46916111205835,17.52396583557129,365000,0.002609412591046008,0.25128779181079774,1.4051938499056644
2015-07-24,17.578775993671428,17.660982225102668,17.053558577868735,17.41436004638672,208700,-0.006274264492239573,0.24958655224661525,-0.32811180642389826
2015-07-27,17.373256540519403,17.619880468273898,17.048992714515066,17.377822875976562,201200,-0.002100309941635962,0.2497609568142416,-0.4535751183481637
2015-07-28,17.565073133383386,17.597042706658762,17.27277889645934,17.555938720703125,306100,0.010197435378887384,0.2555765579329961,0.9002992379924882
2015-07-29,17.619880685083857,17.99438291678095,17.537672708154137,17.738624572753906,364100,0.010352160020989116,0.25785178554694954,1.3159181108435738
2015-07-30,17.743188692070266,17.775158263304117,17.5011328692394,17.629011154174805,243400,-0.006198535315599458,0.23973910329337844,0.1493965713970058
2015-07-31,17.72948794503032,17.95327668587825,17.551371264667157,17.629011154174805,321300,0.0,0.22737539689239525,1.2134422180996869
2015-08-03,17.578777381704498,17.606178880274847,17.240811047576408,17.32301902770996,119900,-0.017509709317274476,0.23202894360562448,-2.0688289860674147
2015-08-04,17.323015570517757,17.697517742069845,17.2727771768833,17.295612335205078,224300,-0.0015833496098258773,0.2108808269422335,-0.05557892451304814
2015-08-05,17.418920463057884,17.583336354476806,17.149461472612547,17.3001766204834,332600,0.00026386363442384183,0.21115403305480027,1.1496618620653527
2015-08-06,17.268213933697837,17.478300215408215,17.204273039854,17.469165802001953,366100,0.009720661963052978,0.2149991674420652,1.321361359595007
2015-08-07,17.409791368434956,17.7203544265488,17.062692402301813,17.080961227416992,107700,-0.022472907962475173,0.2255416219753794,-2.1442630865857293
2015-08-10,17.18143525188707,17.619878317331505,17.080960204194575,17.514833450317383,195300,0.02508368290137396,0.19860010239065676,-0.4265191258179301
2015-08-11,17.22254245869026,17.423496076113356,16.98048659284292,17.186006546020508,164200,-0.01895266784649257,0.20199291236479977,-0.8486114021125359
2015-08-12,17.0489922772711,17.094662599516063,16.793233942950387,17.039857864379883,229600,-0.008540299709454758,0.19765412241608252,0.07463497967421834
2015-08-13,16.98962102744574,17.122067413235342,16.52377638040771,16.56488037109375,263700,-0.028270366135615895,0.20720912260855423,0.39967326946018916
2015-08-14,16.688194892128536,16.875446046696755,15.724535873907385,16.27715492248535,587300,-0.01752222769735069,0.21080052195965457,2.197595817636354
2015-08-17,16.505504095552467,16.505504095552467,15.934616423502584,15.975720405578613,297000,-0.018692491183473055,0.2153047574633623,0.4959341826315373
2015-08-18,15.920915409232931,16.03965927645029,15.63775561647547,15.802169799804688,821800,-0.010922835351975036,0.20900890250741938,2.4090693288194824
2015-08-19,15.724528122494368,16.007687882991753,15.103402137756348,15.103402137756348,770300,-0.04522723412648617,0.24674340923614455,1.941780563962405
2015-08-20,14.884185494407545,15.117106929939784,14.706068795080922,14.774574279785156,726500,-0.022012276253096118,0.2517586527892952,1.6176105952672113
2015-08-21,14.706065821691041,14.811108937434666,14.139744521365849,14.158013343811035,336700,-0.042626971481913314,0.2753929464249322,0.24487433014670668
2015-08-24,13.482084444854191,13.82461707279598,13.098447831870944,13.655633926391602,550300,-0.036128599507541964,0.2891640619377299,1.026437701169616
2015-08-25,14.276760601556031,14.55078688896377,13.737842439578772,13.746976852416992,537400,0.006666756323234117,0.29433340146848325,0.8960609634997223
2015-08-26,13.984464614663782,14.14887966970907,13.774377501126128,14.107775688171387,328800,0.025907177968236442,0.3131279332603067,0.028134569089310685
2015-08-27,14.235656944199972,15.039466999341116,14.16258338201492,14.8430814743042,614600,0.0508077500719971,0.37263697016758424,1.0513763671964242
2015-08-28,14.760871103789034,15.427667468301442,14.678663141894534,15.318058013916016,446800,0.03149853208365946,0.39759823848292863,0.45921335722345535
2015-08-31,15.030336491099899,15.788475549059829,14.934427742479981,15.756505966186523,571100,0.028220962413132156,0.4152107220460433,0.8172159298845666
2015-09-01,15.42767120044939,15.560117586898853,14.88875298308583,15.016633033752441,586800,-0.048094901518918216,0.4393171492741805,0.794449226023249
2015-09-02,15.213015580556204,15.276954722200845,14.948122859787327,15.144508361816406,493800,0.008479526195475515,0.44219734911451974,0.42180023624438445
2015-09-03,15.16277579258949,15.669724286493926,15.06686708893481,15.555546760559082,432700,0.026779298006809827,0.45648395158878763,0.15486973541345694
2015-09-04,15.350030387985912,15.404835125192305,15.030332893561454,15.071436882019043,432100,-0.031615924606052954,0.4620426966874207,0.13770682037260995
2015-09-08,15.272385558535532,15.514443103240016,15.208446421439909,15.40939998626709,317700,0.022176356652560455,0.4690742936254032,-0.6284816021802292
2015-09-09,15.528151401565461,15.747372153463338,15.03033706635622,15.044037818908691,332400,-0.023995957435359705,0.46026871470672853,-0.6282251221213293
2015-09-10,14.993793519559624,15.550978660583496,14.82480952703748,15.550978660583496,423900,0.03314181852531938,0.4785799800613594,-0.18632088724425117
2015-09-11,15.464208275542989,15.678862635723082,15.345462643107151,15.423104286193848,248100,-0.008256909566066365,0.4785527853147141,-1.7248790929651545
2015-09-14,15.391138512969293,15.674298430550824,15.308930513959872,15.669732093811035,267200,0.015864296013650532,0.4756308809392008,-1.5199933260312581
2015-09-15,15.710830093603466,15.79760439621497,15.560114905571341,15.683426856994629,223400,0.0008735811326701157,0.4726405591059954,-1.762463272096953
2015-09-16,15.774771334510255,16.254316714562467,15.74736809425739,16.231481552124023,240500,0.034348121552191746,0.4842819612890654,-1.488471131853908
2015-09-17,16.190375978582328,16.34565750706478,15.751934630706364,16.080764770507812,378700,-0.009328839174382009,0.4838288661063175,-0.2508780282137961
2015-09-18,15.793033794549837,15.838704101015221,15.459633936952564,15.519006729125977,1011800,-0.0355583096797891,0.4732753172402925,2.256734849666217
2015-09-21,15.646892983496814,15.751937878070642,15.354598691321138,15.436806678771973,461000,-0.0053108114119447885,0.46639928264643726,0.3096288668294874
2015-09-22,15.176481773027406,15.176481773027406,14.541654788612135,14.591893196105957,609300,-0.056288587923711914,0.4849351465348146,0.9705676301612481
2015-09-23,14.578189742766398,14.925289602249595,14.0529731825229,14.089509963989258,588100,-0.035035567646549956,0.48388190710819257,0.8620714144495497
2015-09-24,13.929662715985765,14.64213133783555,13.623666811642835,14.60559368133545,404700,0.03597403788493254,0.498269374786631,-0.08991153248394938
2015-09-25,14.752422471975235,15.006376178098238,14.590815167765617,14.678544998168945,384500,0.004982319510285451,0.4913113473453625,-0.2486584166365432
2015-09-28,14.507704496021633,14.60005178948627,14.018265954312797,14.521556854248047,359900,-0.010752678692252693,0.4593187321681042,-0.36681867064200874
2015-09-29,14.553878957699046,14.775511417597624,14.424592915746986,14.692399024963379,184900,0.011696061908740106,0.446587598363878,-1.885512981745579
2015-09-30,14.75242047109506,14.94173158213341,14.75242047109506,14.867854118347168,164300,0.011871153675084218,0.43612226182879976,-1.8769446075592393
2015-10-01,15.084873351855201,15.278802861676803,14.840154499378162,15.029465675354004,271500,0.010811211991345292,0.4056496211836932,-0.648956873602836
2015-10-02,14.950965324345187,15.463490960167663,14.59542950705052,15.454256057739258,254500,0.027871785809903342,0.4161589491545085,-0.7273051406965927
2015-10-05,15.602017449167061,16.25767994130654,15.59278254290588,16.23921012878418,447900,0.04954425775969051,0.4407003141728624,0.5940349527924241
2015-10-06,16.253057342550683,17.070327749165628,16.253057342550683,17.033388137817383,826100,0.04774672986020043,0.44996868841468546,1.7944761173398478
2015-10-07,17.25964050012341,17.809104061004824,17.190379602928083,17.619792938232422,1002300,0.03384744289906547,0.4570720121766893,1.8894756458152726
2015-10-08,17.499740505551802,17.979943108673744,17.379688533738147,17.975326538085938,837200,0.019977200757938463,0.44548258655853534,1.3822334928892575
2015-10-09,18.04921277400979,18.183116284078313,17.887606304188065,18.113855361938477,541900,0.007677065366139033,0.4363582408615417,0.5543331179761958
2015-10-12,18.141560083070093,18.192351191122185,17.850666676012573,18.113855361938477,389600,0.0,0.43358625286709324,-0.09054158802619784
2015-10-13,18.072290735594468,18.072290735594468,16.848695185467797,16.97336196899414,957200,-0.06503196292716718,0.49979748545560493,1.4181495820059942
2015-10-14,17.001072588169077,17.513598419399642,16.927195101952485,17.30120086669922,481200,0.019130741238009966,0.5024425568223799,0.12202096262782991
2015-10-15,17.31505076786394,17.365841865270163,17.070331947319108,17.34737205505371,258500,0.0026651149983943404,0.49071658877112806,-1.0521490484927771
2015-10-16,17.342757062782187,17.38431325886516,17.15806246655161,17.30120086669922,496600,-0.002665114998394321,0.48911901182964485,0.15180370546469357
2015-10-19,17.158061652750312,17.167296558261654,16.71941332854129,17.074949264526367,272200,-0.013163479233119096,0.4724643395426788,-0.8994867905986177
2015-10-20,17.03801125595024,17.268878607595212,16.742499566287062,17.185766220092773,403800,0.006469061749662972,0.471126916119794,-0.1129054899647034
2015-10-21,17.16729009479602,17.16729009479602,16.862545373170303,16.94565773010254,486400,-0.014069875979711625,0.42193138024323323,0.2765422063796107
2015-10-22,17.08418066240694,17.13035341910558,16.99183338763189,17.061094284057617,710700,0.006789063377327199,0.393173310199151,0.995845257382294
2015-10-23,17.144204911264996,17.208847468618597,17.00106656185518,17.084178924560547,427800,0.001352142879572603,0.381488850987733,-0.001372595580260163
2015-10-26,17.070327749165628,17.17190815761807,17.001066858576475,17.033388137817383,514100,-0.002977400127718138,0.38313425493634856,0.3302706871975529
2015-10-27,16.954900419659158,16.97336847083304,16.59474612040521,16.700944900512695,599400,-0.01971012732966333,0.3895910472346699,0.5793446485068756
2015-10-28,16.451605203558344,16.710175466616384,16.01295695695626,16.05912971496582,1522400,-0.039187781244412793,0.41999023597107316,2.0914931123175773
2015-10-29,15.952931102343225,16.137625658756804,15.865202156804582,16.022192001342773,481100,-0.0023027561190966284,0.419613277075047,-0.15239711786231477
2015-10-30,15.976018429538966,16.133008283392655,15.92522909682042,15.98525333404541,409900,-0.002308130705804849,0.4192178589209161,-0.5506036992627464
2015-11-02,15.994488013705851,16.41004990376434,15.532753363142158,15.76823902130127,327900,-0.013668902254767738,0.412731928961974,-1.104348926107374
2015-11-03,15.740534393747316,16.239206903150702,15.740534393747316,16.077600479125977,1155600,0.019429300313855365,0.3799453134046649,1.5442049527606512
2015-11-04,16.077598401320305,16.146859294881565,15.712827649802694,16.05451202392578,1049600,-0.0014370956264771364,0.3370725100625216,1.2809618196691308
2015-11-05,16.114545032896398,16.20227400975676,16.068370496618478,16.11916160583496,647200,0.004018793107957645,0.31102063676089925,0.334992945087993
2015-11-06,16.1514813030475,16.266914990257426,15.906762449803507,16.105308532714844,377100,-0.0008597859895875347,0.2987112037680263,-0.7464086809240263
2015-11-09,16.07759893140193,16.07759893140193,15.6435690333907,15.759002685546875,496600,-0.021737139119309204,0.30007128460071564,-0.14342006186192266
2015-11-10,15.638949919771443,15.869817212552034,15.417317530067395,15.763618469238281,366100,0.00029285532454492795,0.3001545377406736,-0.7906537545835607
2015-11-11,15.865203614416622,15.865203614416622,15.426555323667033,15.458876609802246,241400,-0.0195212801666469,0.21898387310131004,-1.513518683544167
2015-11-12,15.320358881722775,15.675894844457234,14.914031815543645,14.927885055541992,319400,-0.034952432059507724,0.2256434124878373,-0.8658212838038342
2015-11-13,14.729332052628516,14.729332052628516,14.05981747973422,14.235276222229004,1318800,-0.04750781916830765,0.2624306638529043,1.810361015909076
2015-11-16,14.249130257659841,14.286068991002187,13.625788361904984,13.828951835632324,827500,-0.0289587713596124,0.2696174388852542,0.8308802157683208
2015-11-17,13.916682456094987,14.22604471542352,13.801248790385669,13.824336051940918,804000,-0.0003338325448344249,0.2717750947162687,0.6994881847003139
2015-11-18,13.898215607953476,14.041353128266268,13.621174592643248,13.865894317626953,506800,0.0030016577207576736,0.26937337607415623,-0.24730237583413192
2015-11-19,13.85665308477567,13.995173088839005,13.630403275104914,13.759688377380371,580100,-0.007688993543801639,0.26913151966348153,0.008695067200146046
2015-11-20,13.782777282244508,14.161399493997868,13.782777282244508,14.096756935119629,752600,0.02420158107151789,0.28879215294310606,0.5291950901085355
2015-11-23,14.064436404081437,14.105992591227722,13.76892652276467,13.976707458496094,250200,-0.00855257525088102,0.2863078878624614,-1.552271442575195
2015-11-24,13.962855997852289,14.198340779884266,13.722753763542551,13.727371215820312,570700,-0.01800045242345897,0.2866852868656936,0.011063791700344756
2015-11-25,13.635023270673377,13.995175700727989,13.302573789775124,13.390303611755371,347700,-0.024860904692240452,0.2893638570262619,-0.867928271331121
2015-11-27,13.422625264616533,13.635023647808413,13.224079237074852,13.302574157714844,119200,-0.006573271767980172,0.27006451989228375,-2.435859980023735
2015-11-30,13.270257394457621,13.37183872841963,12.84546136409682,13.085563659667969,555300,-0.01644795035854337,0.2701113367323236,0.20464266322386726
2015-12-01,13.191758394825296,13.390304428993007,13.057855808493608,13.196375846862793,292400,0.008432623004328605,0.27627761198193096,-0.8574078159491092
2015-12-02,13.076328508471029,13.076328508471029,12.217501556881803,12.522247314453125,801500,-0.05243538731515138,0.3143211535598192,0.774300191617842
2015-12-03,12.499156098441306,12.642293584918194,12.277523690859883,12.328314781188965,1094900,-0.015608215991038194,0.2944202999410134,1.312518972920678
2015-12-04,12.314461391997078,12.314461391997078,11.852726807941227,11.926604270935059,475500,-0.03312707374910225,0.2996406334132616,-0.03980820345157715
2015-12-07,11.852728905698944,11.861963810379823,11.261708216457558,11.432550430297852,356500,-0.04230697010841691,0.30712083513117705,-0.49919996912125547
2015-12-08,11.289412292991342,11.386376144598088,10.938493861135091,11.11395263671875,893000,-0.028263274413729493,0.30435372961598556,1.0275877287924962
2015-12-09,11.150894101617645,11.681888891087217,11.150894101617645,11.534133911132812,518400,0.037109491985231974,0.35797536196560303,0.08490558780792291
2015-12-10,11.487960259724774,11.658802505727772,11.29403162836233,11.534133911132812,461800,0.0,0.3578205516181546,-0.13468118490323408
2015-12-11,11.377144573497068,11.501813174104997,11.247859400145906,11.27556324005127,441200,-0.022672966333805847,0.35850201187704733,-0.27512168459615927
2015-12-14,11.270944735923603,11.460255905559228,11.016990985638481,11.100103378295898,384500,-0.015683417277864938,0.35114578254410306,-0.5468269931411818
2015-12-15,11.192448841042534,11.995867100347551,11.192448841042534,11.598775863647461,899000,0.043945141912923834,0.3830069365437336,1.0984842063601894
2015-12-16,11.778850689455268,12.568416495585858,11.677269386415867,12.508391380310059,755300,0.07550016595717579,0.47652813955819534,0.776707981237689
2015-12-17,12.48992522610518,12.817757372072814,12.097451374589108,12.448369026184082,747300,-0.004810117088718453,0.4762541943481259,0.7673207065885099
2015-12-18,12.406810490090791,12.489921987694492,12.22211592468979,12.268289566040039,768700,-0.014571763081246985,0.47642814593341537,0.7714033052819607
2015-12-21,12.319080356026998,12.374488019730775,12.01433556358942,12.051274299621582,305700,-0.017847443983683525,0.4782239934287888,-0.9246040695964589
2015-12-22,12.08821485893307,12.166709794927014,11.908138603701284,11.97278118133545,256800,-0.006534566793397171,0.46518773458067564,-1.1346527526581505
2015-12-23,12.171325114543594,12.923952173070013,12.148237854656946,12.90548324584961,386600,0.07501644031597846,0.5464163878716075,-0.4309666841294205
2015-12-24,12.861165659295377,13.420955603955496,12.861165659295377,13.164384841918945,230300,0.019862786200902434,0.5497474182486098,-1.2823640681032078
2015-12-28,13.015106205656854,13.304331183454332,12.72588211762086,12.91247844696045,267100,-0.01932089979133658,0.5471728573697718,-0.9703414292463932
2015-12-29,12.996451957595603,13.248356875513526,12.744546149915859,12.889158248901367,230700,-0.0018076531100781584,0.546890356047837,-1.4614090185779924
2015-12-30,12.814518666236925,13.015110114176418,12.450655937194824,12.450655937194824,179300,-0.034613204932097213,0.5566775280248704,-1.7192014008694958
2015-12-31,12.427330984442417,12.665241712357775,12.362022471205096,12.478645324707031,104400,0.0022455021084639274,0.555576448538631,-2.288826405711884
2016-01-04,12.184749433845472,12.390004902659708,12.110110030013338,12.310701370239258,220300,-0.01354989512747951,0.5272926216524353,-0.9771117687289257
2016-01-05,12.28738077576047,12.585934919697785,12.28738077576047,12.525291442871094,185300,0.017281001369798685,0.5279717178146932,-1.1656905951328538
2016-01-06,12.20807628773188,12.287379837379046,12.012149923295436,12.026144981384277,242100,-0.04066688738598437,0.5346718550795148,-0.6537605741775689
2016-01-07,11.895529414908175,12.273387158954353,11.769576536972236,11.788236618041992,398400,-0.01998089074269259,0.5175230761335906,0.17611023954424096
2016-01-08,11.890871399713825,12.068138715260528,11.79757360868697,11.895536422729492,208900,0.009061101763063878,0.5065486167408828,-0.8325001894376348
2016-01-11,12.030810921906575,12.030810921906575,11.666947391590082,11.71826171875,253700,-0.015014783590564847,0.49467286767891355,-0.434298327739476
2016-01-12,11.890865602672061,11.998158410438466,11.676279987139253,11.984164237976074,171700,0.022437675816050526,0.5003161055691141,-1.0281624951593569
2016-01-13,12.072796962776986,12.37601708263416,11.928184878841321,11.984164237976074,232200,0.0,0.49243191444253964,-0.4479295437279242
2016-01-14,12.035475782904397,12.725883617473489,11.937513032115932,12.702558517456055,235400,0.05821729979001164,0.522888934098574,-0.38314923305805965
2016-01-15,12.245402963056858,12.250067985242795,11.834890798076328,11.918858528137207,293000,-0.06368153525249438,0.5573537512934171,0.1088046653573007
2016-01-19,11.96550352912542,12.306042017577424,11.96550352912542,12.091456413269043,512200,0.014377225672199281,0.491100090633667,1.3359887184164214
2016-01-20,11.951511836102386,12.19408672394253,11.517674627250063,12.086793899536133,322400,-0.00038567834565231203,0.49097646398800493,0.5034637379087273
2016-01-21,11.970168627217905,12.641916457243395,11.8722058654234,12.567277908325195,251300,0.03898300120669726,0.5076453366052208,0.03965350751995227
2016-01-22,12.959132726938709,13.509591887379555,12.959132726938709,13.262351989746094,480900,0.053832899298232935,0.5339015431724805,1.7713499231169014
2016-01-25,13.066422544774323,13.192375420161481,12.404004806150507,12.413334846496582,245500,-0.06615805818201259,0.5868390154965801,-0.0816510327272007
2016-01-26,12.609260873203617,12.749207915222282,12.376015209998116,12.665239334106445,237800,0.02008989492047908,0.5283284607740583,-0.10978368567974689
2016-01-27,12.632584778680073,12.865830436255232,12.511296929969603,12.763202667236328,203200,0.007705058593908748,0.5239704974638275,-0.5402271772646076
2016-01-28,12.96846058619619,13.430287855973564,12.96846058619619,13.206371307373047,410700,0.03413314878994406,0.5336593014435697,1.3409405755990713
2016-01-29,13.327658468224524,13.780155672333144,13.17838137028581,13.761495590209961,300700,0.04117512980442043,0.5512201850435816,0.45789709327107914
2016-02-01,13.52824925105042,13.76149492779267,13.18304575624329,13.54690933227539,365200,-0.015716089998316425,0.5386657607956037,0.894040349354648
2016-02-02,13.248356602845142,13.295005924391859,13.010445863742502,13.103744506835938,271400,-0.03326039817034783,0.553963060911178,-0.041729747417420006
2016-02-03,13.20637058649961,13.733506338890674,12.884492178149335,13.71018123626709,419600,0.04524068318328988,0.56993702931366,1.260815701393467
2016-02-04,13.71951304666735,14.190669503286667,13.672863725165692,13.733508110046387,456700,0.0016999813037306068,0.5683038976770342,1.3920202946521643
2016-02-05,13.658865854550685,13.90144065913118,13.532912987515974,13.850127220153809,265300,0.008455724095753797,0.5442023489507316,-0.36608398207343384
2016-02-08,13.588894106905153,13.747501254277514,13.388303552062919,13.616884231567383,258000,-0.016983907813088735,0.5424454751806069,-0.3972286917365111
2016-02-09,13.439618766460736,13.532917414733364,13.299671683813646,13.38364028930664,697400,-0.017277423197938013,0.5487398825663689,2.3440125011362016
2016-02-10,13.444281823643077,13.509590334035243,13.27168050624615,13.434951782226562,178400,0.003826565943075012,0.5436739595922082,-1.4477284981928016
2016-02-11,12.83784743594007,13.23902955660182,12.833182413753514,13.066428184509277,378800,-0.02781344631764303,0.5529139929232554,0.5369935075791028
2016-02-12,13.38830675514392,13.714850279804779,13.32299733840219,13.686861038208008,255100,0.04639011757078253,0.5715989223203147,-0.6289293234530958
2016-02-16,13.873451995686285,13.873451995686285,13.4116256874801,13.4862642288208,263400,-0.014764621402838692,0.5433290263820589,-0.5573275782117876
2016-02-17,13.677528033507668,14.018066550128038,13.546911007824104,13.929433822631836,266000,0.032332439558626414,0.4948252275644489,-0.511791772901979
2016-02-18,14.088039204451379,14.125358477068984,13.789484133748894,13.803479194641113,392700,-0.009083466561730843,0.4973383452815641,0.7037201205758332
2016-02-19,13.607553454008382,13.794149826188619,13.52824988461157,13.71018123626709,176500,-0.006781963178729296,0.49891377258397573,-1.559540329784972
2016-02-22,13.934098995235658,14.083376106077559,13.859459550052945,13.957423210144043,207900,0.017872783733621927,0.48653578913778767,-1.040260913374227
2016-02-23,13.859456589915334,13.915435939405718,13.677525261154342,13.789483070373535,226600,-0.012105291225601993,0.4557868757611459,-0.72120710537387
2016-02-24,13.574899210225583,13.72417630808115,13.41629207131362,13.556239128112793,380000,-0.017059311661023112,0.39053407305371274,0.7183105810216871
2016-02-25,13.598222750363464,13.887447780471135,13.537579266020472,13.803479194641113,177000,0.018073782331732246,0.38956133688618505,-1.3888882334821164
2016-02-26,14.15334782145942,14.15334782145942,13.812809344899932,13.817474365234375,289900,0.001013373543429013,0.3894703211138643,-0.071098464682591
2016-02-29,13.934102595896979,14.181342540956598,13.808149667416421,14.032065391540527,306700,0.015411046306962854,0.37626126377164076,0.1317118379945743
2016-03-01,14.064719531771923,14.344614629320825,13.924772427878466,14.28863525390625,379800,0.01811938801406024,0.354550814200184,0.7119283254690549
2016-03-02,14.29795987045811,14.755121185379986,14.29795987045811,14.741127014160156,669000,0.03117685960944958,0.36250059185160644,2.018416370943782
2016-03-03,14.778452488117779,15.11432697451447,14.554536757028,15.095666885375977,521300,0.023766397991267615,0.34183665892952286,1.2462353063472174
2016-03-04,15.18429611483898,15.515504612307167,14.927726177075227,15.202956199645996,525300,0.007082154354690366,0.3119322566501011,1.2065074404876457
2016-03-07,15.156305092572877,15.800061889100762,15.090994807273397,15.795397758483887,426900,0.03822872073278776,0.3321873661907982,0.7200011818938133
2016-03-08,15.688108236980842,15.76274679910927,15.179632476379778,15.184296607971191,391500,-0.03945684057226529,0.3684139067871114,0.465217271218308
2016-03-09,15.356897396785422,15.730091973525994,15.188961972680515,15.562154769897461,371300,0.024580214597006503,0.3661740789948412,0.29677238761329033
2016-03-10,15.650787176320058,15.837384460793873,14.797107891970997,15.403547286987305,443800,-0.010244164312965539,0.36123101342159514,0.8460414861002866
2016-03-11,15.571484333167932,16.12194435944784,15.524834122748873,16.005321502685547,431000,0.03832343465503131,0.3771947970648595,0.6956051064712624
2016-03-14,15.632123900870159,15.748746734978338,15.10965410233202,15.61812973022461,320300,-0.024488859198879404,0.37333623066686894,-0.10637881311810547
2016-03-15,15.324240261880403,15.501507474606655,15.118984706818576,15.188959121704102,358200,-0.027863611318622052,0.36692429217158523,0.16209250010748333
2016-03-16,15.063009721884722,15.17496667613348,14.624507498855117,15.081669807434082,456200,-0.00708870395737967,0.3626642128143862,0.7687626006190085
2016-03-17,15.137649612882825,15.82805682307887,14.783115964191415,15.706768035888672,311300,0.04061161816658061,0.3714602794411526,-0.3319880344225069
2016-03-18,15.688109732149416,16.005324096308538,15.604141119311773,15.758082389831543,433000,0.0032616967022945807,0.36770467210122737,0.591029474167527
2016-03-21,15.758080768336159,15.91202380253916,15.454862390533508,15.47818660736084,126600,-0.01792168418220137,0.3746598485356604,-2.5700541985689394
2016-03-22,15.263600844422717,15.795400813778139,15.263600844422717,15.720762252807617,449000,0.015550558117517354,0.3738004838410838,0.595115312426187
2016-03-23,15.608800360502284,15.730089109718323,15.30091613641101,15.305582046508789,316600,-0.026764673688153023,0.3858371560546153,-0.3883917548369221
2016-03-24,15.118988304837693,15.216951085371992,14.489224649328234,14.685151100158691,308000,-0.041380747482270934,0.41166583125823775,-0.4346483381366045
2016-03-28,14.787310766664017,15.667675474510016,14.787310766664017,15.620597839355469,323600,0.06175356362611202,0.4561419369429587,-0.4206802575211903
2016-03-29,15.088606193647266,15.488773123599909,14.928539780845405,15.446402549743652,464800,-0.011214286091091943,0.4597412603448395,0.6182763052506582
2016-03-30,15.507604368729965,16.02546718023175,15.507604368729965,15.884232521057129,288400,0.027950820304043653,0.4652332249205517,-0.8299673798959725
2016-03-31,15.813616846213591,16.13845679434169,15.719459792932625,16.091379165649414,449700,0.012956721174692655,0.46386696969404195,0.4946559887706369
2016-04-01,15.752409934997559,16.161992728892304,15.545265914423682,15.752409934997559,356500,-0.02129030772075853,0.46310468237097857,-0.12706756302026898
2016-04-04,15.743001283484023,15.997224831790016,15.653553055404531,15.931315422058105,212600,0.011293330345292342,0.45810012717407206,-1.6173426332515968
2016-04-05,15.76183126741326,15.89365007191448,15.512316588636944,15.681798934936523,260300,-0.015785959322798377,0.4620913190938433,-0.8916669138653137
2016-04-06,15.73358564815769,15.95485449513036,15.587643894534654,15.841867446899414,484200,0.010155537477337486,0.4438306329739403,1.0672251326152589
2016-04-07,15.691216610330388,15.691216610330388,15.479363653289209,15.601766586303711,382500,-0.015272123256451314,0.42411321342201547,0.3258082461588704
2016-04-08,15.733582405986017,16.025469444877313,15.728875361570006,15.83715534210205,207600,0.014974632714302836,0.4187385253524514,-1.4381422968079345
2016-04-11,15.926604961124207,16.260860779306743,15.926604961124207,16.213781356811523,169100,0.023502798364944653,0.42377706235488677,-1.7808704339498327
2016-04-12,16.326768369741945,17.11297578157389,16.246734258297177,17.10826873779297,442300,0.05370031691773454,0.44308992445216816,0.8897530709032647
2016-04-13,17.235382423072913,17.673211176037942,17.235382423072913,17.635547637939453,923100,0.030354718689898478,0.44067186955912657,2.351840104004451
2016-04-14,17.67792355328756,17.91802419135621,17.282465263436446,17.470779418945312,454300,-0.009386879384114769,0.42734194380128987,0.6604423647991055
2016-04-15,17.437824711115795,17.52727294723922,17.18360113994789,17.470779418945312,286900,0.0,0.42516734412549556,-0.35428507956346367
2016-04-18,17.348374679095482,17.56964354243387,17.16947820684863,17.470779418945312,293900,0.0,0.4076306821988208,-0.29123186175327115
2016-04-19,17.828562482766007,18.228729352164383,17.71557550017745,18.205188751220703,621000,0.04117691181290096,0.4262478413865722,1.354529789585571
2016-04-20,18.247567879448575,18.581825533170164,18.059255554823004,18.506500244140625,769800,0.01641538524689142,0.4175884395436856,1.7437520023695836
2016-04-21,18.478254183291963,18.751309502043636,18.167537114720883,18.238155364990234,593600,-0.01460618669164377,0.4241957941166101,1.068043359707296
2016-04-22,18.148709659565817,18.407640312326986,18.082800234779025,18.219327926635742,417300,-0.0010328436484545761,0.40736446361638506,0.22260494244935838
2016-04-25,18.125169018277646,18.125169018277646,17.80503601921813,17.903900146484375,221700,-0.01746443018663935,0.3779795402130642,-1.171541826075393
2016-04-26,17.974513958574125,18.106332762309787,17.847402199587666,18.02630043029785,563800,0.006813252101989323,0.32658541416083103,0.8537826242830452
2016-04-27,18.08749763242806,18.22402525145441,17.635545992785154,18.191070556640625,277200,0.009099018435464401,0.3199646998490334,-0.6575470103198524
2016-04-28,18.00276462289727,18.619489954193828,18.00276462289727,18.46413230895996,265600,0.01489921115083898,0.31271406366019827,-0.7384703628217023
2016-04-29,18.45471161892565,18.675978619452895,18.054544608459672,18.214611053466797,269100,-0.013605978937299309,0.3199708769107402,-0.6520140458469948
2016-05-02,18.233441479095514,18.233441479095514,17.823860410185425,18.01217269897461,148200,-0.011176286753767601,0.3109313565832825,-1.7074773686540878
2016-05-03,17.66850201034629,17.753243173610482,17.24950503414908,17.315414428710938,295300,-0.03945067815666809,0.3482806008224025,-0.37068280155095557
2016-05-04,17.193016809494395,17.489610972099396,16.816390299145034,16.887006759643555,305800,-0.025052616795433302,0.3562900120331334,-0.31747276015905673
2016-05-05,17.028235990399896,17.240088895434656,16.49625200163029,16.67985725402832,389700,-0.012342656454730252,0.3595245345140445,0.2046826633265272
2016-05-06,16.576284836341376,16.665734841176484,16.38797253396033,16.661026000976562,556200,-0.0011296194471022614,0.35403444340606344,0.8883551771000275
2016-05-09,16.665735683158818,16.665735683158818,16.06313161576438,16.303232192993164,463200,-0.021708837331197245,0.36129933410140674,0.45083817999645753
2016-05-10,16.39739096928388,17.08473448189746,16.36914331137909,17.065902709960938,431600,0.0457190970835183,0.3858040758390181,0.2261061793768854
2016-05-11,16.97645415949645,17.390742358725365,16.82580357870474,17.19301414489746,180900,0.007420667662726695,0.3387671710883245,-1.5413181308990025
2016-05-12,17.301291457042723,17.475480827364706,17.221259134101597,17.36720085144043,479800,0.010080271868225773,0.3229664666108775,0.6521670730144783
2016-05-13,17.28245613245667,17.31541082287497,17.056480342775775,17.160053253173828,389500,-0.011999221431372753,0.32397393675518826,0.18407408318223972
2016-05-16,17.35778509077761,17.39073978821125,16.985867534612797,16.999990463256836,422500,-0.009371414315642387,0.32528630843935796,0.3332542160027992
2016-05-17,16.93879035378913,17.0141156430174,16.83051036276703,16.952913284301758,218800,-0.002773088833509258,0.32528842572016586,-1.1517706457647814
2016-05-18,16.957620892272725,16.957620892272725,16.679858571705847,16.882295608520508,374200,-0.004174218550999295,0.28600130757122894,0.13870939380258382
2016-05-19,16.74576595892726,16.83050711745608,16.444464860112,16.53862190246582,277400,-0.02056710863937633,0.28206867848801215,-0.50527107143384
2016-05-20,16.623362538074378,16.802258937433276,16.57628312043034,16.689271926879883,165800,0.009067746360370771,0.284197482039342,-1.6673973802209312
2016-05-23,16.604536407982895,16.915253486332272,16.463301698896228,16.741064071655273,401000,0.0030985142485423817,0.28514116668293016,0.6171010425894757
2016-05-24,16.901127092387313,16.910541181287638,16.40680301798969,16.430343627929688,694300,-0.018734781161716674,0.2859282121100413,1.772848155082122
2016-05-25,16.458590307917135,16.482129123135625,15.700628604964974,15.88894271850586,626100,-0.03350640569853814,0.3003078316841014,1.4847989359669047
2016-05-26,16.030176811632323,16.20436619286944,15.82303273113133,16.091379165649414,349200,0.012660232237233855,0.30280834897777253,0.07125438276800351
2016-05-27,16.01134558364199,16.03488619468119,15.592348568053511,15.625303268432617,315100,-0.02939206841937705,0.3034555258366458,-0.19526781677063867
2016-05-31,15.60176403701408,15.747707560439354,15.314585830604324,15.328710556030273,430900,-0.01916402772498089,0.30536572904429415,0.5056008793721678
2016-06-01,15.182767802018386,15.324002492160183,14.956791938612207,15.300463676452637,1413400,-0.0018444432991342244,0.3059356753872764,2.747655518131178
2016-06-02,15.300459138881452,15.568805509337848,15.173347416681688,15.540557861328125,913900,0.015570109117850063,0.293253667611925,1.6001919763703238
2016-06-03,15.545268863679402,15.983097591324446,15.521730051677288,15.964265823364258,843300,0.026899595766296556,0.3038573655607369,1.294251755231382
2016-06-06,16.006637721384422,16.114917702227398,15.72416836230678,15.785368919372559,290600,-0.011269345221458399,0.3034495981800241,-0.7229667607011167
2016-06-07,15.790077062303583,16.161996412183274,15.790077062303583,16.077255249023438,1302300,0.018322062459970312,0.31201751179089066,1.8690493503242205
2016-06-08,16.15257736292423,16.778718283701707,16.15257736292423,16.71751594543457,532500,0.039051473050133824,0.3331929666985353,0.3083965520679006
2016-06-09,16.468004143000723,16.613947652620507,16.355017125659693,16.571577072143555,226100,-0.008768025501532557,0.29241866649171777,-1.083218984658152
2016-06-10,16.307942055593312,16.364435579334387,16.02076379973969,16.02547264099121,395000,-0.03350950691153612,0.31066759447667885,-0.22438796194896996
2016-06-13,15.841870167999657,15.978396058404543,15.695926593411674,15.82774543762207,352700,-0.01241505599687596,0.3081787792085212,-0.3977093257799859
2016-06-14,15.76182983491782,16.001930402319807,15.578224575078863,15.648842811584473,426900,-0.011367467851984335,0.3079907236984353,-0.06827798181983441
2016-06-15,15.738291713462118,16.00663815054962,15.352249407620578,15.870110511779785,193400,0.014040525578730902,0.31384183253123626,-1.335557299616326
2016-06-16,15.681800136658966,15.888944244734185,15.611181888323706,15.818325996398926,250300,-0.0032683569897816647,0.3138365417413537,-0.9228162958577975
2016-06-17,15.917189318135753,16.2231974874642,15.898357548851932,16.05842399597168,298300,0.01506443035802578,0.3201724052788922,-0.6006826745559153
2016-06-20,16.383260908959357,16.425631484074867,16.242026257206337,16.27968978881836,172500,0.013684734204443204,0.3176360012177294,-1.4260505175189588
2016-06-21,16.317353814543882,16.317353814543882,16.039591515559614,16.18082618713379,339400,-0.00609133307965094,0.3160683299148295,-0.40807866439470286
2016-06-22,16.307936840100417,16.703394971608688,16.307936840100417,16.533912658691406,211200,0.021586611716784998,0.32577739506485226,-1.1300572572538023
2016-06-23,16.783430424506097,17.10827035294112,16.665734564014176,17.10356330871582,269700,0.033873238137945995,0.3395453901579343,-0.6550724151783389
2016-06-24,16.152582636713944,16.331479074833478,15.874820298069201,16.185537338256836,891200,-0.05516873583120928,0.37450882346340897,1.2750641819195363
2016-06-27,15.9313122113582,16.001930448065693,15.517022267526732,15.59705638885498,228800,-0.03703588316722727,0.3938798014873692,-0.8802549745425761
2016-06-28,15.92660370238266,16.199657147689102,15.827737820904625,16.194950103759766,368900,0.037617268224195206,0.40236895548697565,-0.1327051136264602
2016-06-29,16.402103422379465,16.764607070146564,16.251452789008365,16.693988800048828,319300,0.03034923087871841,0.4065468748440324,-0.33945110201871426
2016-06-30,16.930904411767266,16.930904411767266,16.484605282095306,16.579561233520508,284200,-0.006878016774025422,0.40784032209219984,-0.45292995783834805
2016-07-01,16.57481173346163,16.816952272010525,16.45611500039153,16.69825553894043,217300,0.007133569462937757,0.4058206895144031,-0.8571474832862899
2016-07-05,16.50834060913841,16.50834060913841,16.05254562316518,16.10477066040039,193000,-0.036188712811846886,0.4184805119117079,-1.003089381489025
2016-07-06,15.962334148499119,16.147500739012454,15.857882268129243,16.043048858642578,238100,-0.0038398795638519643,0.41665369834493216,-0.5600919391778322
2016-07-07,16.138005557986702,16.26144934000417,15.957586050882954,16.005064010620117,217800,-0.002370490016964573,0.41180878067641,-0.7321363885785491
2016-07-08,16.223468114841236,16.47510641291588,16.223468114841236,16.389644622802734,168600,0.02374453713052755,0.3965500261436338,-1.2763351275061263
2016-07-11,16.536824997210076,16.59854597673567,16.432371322370003,16.48459815979004,158400,0.005776790156074367,0.396134468353299,-1.3373323537594548
2016-07-12,16.745730318338026,16.926149805855708,16.60804171441222,16.707746505737305,201100,0.01344597437633168,0.3795072872965393,-0.6661717421172383
2016-07-13,16.70775027023669,16.731491064045226,16.489348732077115,16.631784439086914,143000,-0.004556884631840605,0.3767162484569872,-1.3723843487093157
2016-07-14,16.926152956005815,16.926152956005815,16.679263561655812,16.79796028137207,116000,0.00994187735624781,0.3741561546136051,-1.6770877556874122
2016-07-15,16.831197904114106,16.93090272990743,16.745736107385973,16.883424758911133,177900,0.005074889934686374,0.37221977163471504,-0.6500604820667254
2016-07-18,16.821697969762795,16.89766379209392,16.665017442422815,16.831193923950195,291000,-0.003098411240392427,0.37218447748330324,0.49066692581531257
2016-07-19,16.67926472744661,16.892919200102813,16.67926472744661,16.78846549987793,222100,-0.002541872690601381,0.3699575345091519,-0.11077287445117699
2016-07-20,16.86443371782038,17.16829709470872,16.750484045902954,17.097078323364258,120600,0.018215517409080437,0.3720694286122136,-1.446868180695837
2016-07-21,17.120814006137852,17.120814006137852,16.745731969966872,16.778966903686523,135200,-0.0187814586065324,0.37823551107862263,-1.0785963938020475
2016-07-22,16.755225788683443,16.82644271850586,16.69350300056976,16.82644271850586,75400,0.0028254883328537764,0.37134532378334484,-2.0173802426475227
2016-07-25,16.76472541415379,16.76472541415379,16.22821573168796,16.247207641601562,278200,-0.03503056378410614,0.3708147921903398,0.5677577113835965
2016-07-26,16.25670301426759,16.26145008599185,15.905359938123416,16.01456069946289,314200,-0.014422704452614074,0.32138880327828073,1.1613235772652784
2016-07-27,16.028805071989847,16.152250681206034,15.957588123135864,16.057292938232422,181700,0.0026647829301857245,0.2926732128967312,-0.19969330013063386
2016-07-28,15.976575666092247,16.038296642658,15.857878972618064,15.924348831176758,152500,-0.008313824147475012,0.2627467207574497,-0.5731935816543833
2016-07-29,15.881617502418873,16.24245464351824,15.82939066897223,16.21871566772461,230900,0.01831655263749827,0.24764361607900548,0.6197446430143522
2016-08-01,16.218717865909092,16.26619582393122,15.90535863392622,15.91010570526123,213400,-0.019211377259017153,0.25468201215674025,0.45021295026518315
2016-08-02,15.943341539462144,16.085777216568363,15.857879770964832,16.009811401367188,160800,0.0062472606085435985,0.2543013750339601,-0.3397236314292348
2016-08-03,15.990821159491386,16.232961654663086,15.886367473527706,16.232961654663086,185400,0.013842098254449197,0.22717395254991218,0.08540807188544113
2016-08-04,16.185486327047286,16.399140805284784,16.133259475570522,16.242460250854492,153400,0.000584971397132414,0.226655438874742,-0.4171611871251295
2016-08-05,16.323173729564804,16.878673519606377,16.2329630616253,16.627037048339844,147100,0.023401291720473463,0.23962753870992234,-0.4887135141715695
2016-08-08,16.641280905121803,16.883423244521612,16.641280905121803,16.78846549987793,223000,0.009661964959527635,0.2280766958382958,0.7106815714397964
2016-08-09,16.83119893391893,17.14930534362793,16.77897207592644,17.14930534362793,301000,0.021265594828079906,0.23812966118962847,1.4288629941764366
2016-08-10,17.234762718829465,17.457913123419793,17.130310840841602,17.391443252563477,267500,0.014020650122453739,0.23848932835607387,1.032056381109067
2016-08-11,17.415185851102596,17.923207753800277,17.301236183700713,17.866233825683594,508300,0.02693423477142619,0.25228087170791014,2.2672630645188607
2016-08-12,17.83774304102922,17.95643976172341,17.481652878946655,17.652576446533203,236600,-0.012030805906838908,0.25655818797841784,0.3939443473521051
2016-08-15,17.676316524657103,18.018163681030273,17.676316524657103,18.018163681030273,70800,0.020498595460327316,0.26406593629173214,-2.1452332292496856
2016-08-16,17.99442211925481,17.99442211925481,17.681062874536366,17.908960342407227,241600,-0.006079177106693476,0.2651468418782514,0.5086354293723204
2016-08-17,17.8519881296476,17.951694763033593,17.68581342595167,17.880475997924805,157500,-0.0015917741886680846,0.26491896363888956,-0.3843084646554721
2016-08-18,17.913707591081568,17.994422297199385,17.832994696131845,17.9611873626709,134000,0.004503780997183517,0.25919293489065987,-0.7530008503716682
2016-08-19,17.757028863591426,18.540426077146048,17.757028863591426,18.48819923400879,1131000,0.02891947711391725,0.26284351712559256,2.8444658236192777
2016-08-22,18.57841107354498,19.06744097910814,18.231816869380307,18.47870445251465,1191900,-0.0005136909373554785,0.26338463362754355,2.4438790030889206
2016-08-23,18.659123239506023,18.720846038445472,18.236563223808236,18.293537139892578,750100,-0.010071122656061896,0.22805314586156636,1.5606751636391354
2016-08-24,18.284043947404083,18.369505740024827,17.932702632112935,18.279296875,370200,-0.0007787345988238026,0.21757976434307094,0.5437632287272137
2016-08-25,18.26030645446063,18.64963162545627,17.961191967026203,18.625892639160156,469500,0.018783588934189077,0.22132037295498852,0.8062013415993021
2016-08-26,18.621137575093766,18.86327802926906,18.511936836060375,18.720842361450195,697700,0.00508477792584674,0.2143455237581994,1.226611675914256
2016-08-29,18.754082506734257,18.75882957880926,18.49295007457035,18.564167022705078,273500,-0.008404249510204029,0.21763740233272305,-0.05957783189818403
2016-08-30,18.63539165561088,18.811062356447323,18.416990047958134,18.540433883666992,506100,-0.0012792560326721713,0.19909017740192966,0.7170684993065662
2016-08-31,18.592649646162297,18.682858479497767,18.492944860186082,18.64487648010254,425200,0.005617426347036252,0.1991435180711049,0.4249360520859484
2016-09-01,18.749338875582183,18.749338875582183,18.511945382562836,18.659128189086914,443600,0.0007640847037273023,0.19884642465322605,0.4297512310444281
2016-09-02,18.796813599045617,19.556471920866706,18.796813599045617,19.418785095214844,586200,0.03990542795687667,0.22825490480857386,0.7374234391403969
2016-09-06,19.5137389235849,19.727393369556317,19.40453816479242,19.717897415161133,301800,0.015285820098183914,0.22325828588628358,-0.2508133830538417
2016-09-07,19.703659496873982,20.064496801589307,19.703659496873982,20.0360107421875,402000,0.016004470098809228,0.22488579917769,0.1273528958842193
2016-09-08,20.08823861731722,20.216431324627447,19.84609623311946,19.974288940429688,577200,-0.0030852980961684757,0.22317520073030897,0.610311993628242
2016-09-09,19.798615453597453,19.798615453597453,19.380802445741278,19.409290313720703,424200,-0.028694059951002403,0.253822651440747,0.12840053766377485
2016-09-12,19.257357987509565,19.3333238217117,19.029460484903154,19.30008888244629,314300,-0.00564213238403765,0.24359973241260535,-0.280088483617428
2016-09-13,19.07693602241773,19.07693602241773,18.469209426201807,18.692358016967773,371900,-0.03199492306718014,0.2683759977429287,-0.06434887603766606
2016-09-14,18.77307240375028,18.849038226980117,18.559417959926336,18.687610626220703,333400,-0.0002540072100065973,0.2605742573376549,-0.4141499115287768
2016-09-15,18.706602274087512,19.02470858843866,18.507190858908533,18.934499740600586,226600,0.013124870247913152,0.26180495309968366,-1.1089750706138721
2016-09-16,18.697111886980107,18.697111886980107,18.041905343687407,18.103628158569336,723500,-0.04487327224515985,0.3092726265824599,0.9322011960026423
2016-09-19,18.317281557493768,18.46921323790362,18.19858481897554,18.26505470275879,289100,0.008877286258698849,0.31033911605790143,-1.0632107100199855
2016-09-20,18.364756413308477,18.364756413308477,17.946943457468734,17.999170303344727,451100,-0.014663992617433463,0.29701791974731895,0.03481803832688951
2016-09-21,18.288788632524106,18.30303165763507,17.923202561609397,18.198579788208008,293200,0.011017894847858728,0.300061744093269,-1.0398965949614187
2016-09-22,18.369504902578164,18.53568140783976,18.31253098048452,18.393245697021484,424500,0.010639958117327104,0.30051250907115445,0.15208859091920587
2016-09-23,18.255555316949177,18.4502178591041,18.09887478217738,18.170093536376953,235900,-0.012206485298688724,0.3036012030806559,-1.5720370167862903
2016-09-26,17.970684864049964,18.075138569897938,17.842493984723635,17.880475997924805,292100,-0.01606763904277357,0.3000028093934319,-0.8460587781692723
2016-09-27,17.892921103944975,18.089125838957766,17.711072234135067,18.074769973754883,435700,0.010807650554995394,0.30233838395368395,0.45345193401466233
2016-09-28,18.189612550668247,18.749514779180455,18.05083498850435,18.735158920288086,444200,0.03588487299051536,0.32777048988000984,0.45236602999465414
2016-09-29,18.629888985075254,18.92180379531395,18.400185976735926,18.51982307434082,272500,-0.011560238793336872,0.33037315840851456,-1.0677815734126892
2016-09-30,18.71602195817511,19.11321604809992,18.62988312893519,18.682523727416992,413500,0.00874685090480187,0.3312266882589242,0.31377518474469906
2016-10-03,17.825919094464638,18.414533116642712,17.543575604914206,18.06519317626953,532300,-0.03360146891351663,0.3511473934330818,1.093050887768262
2016-10-04,18.156118028215378,18.1800468985988,17.653642783944104,17.79720687866211,407600,-0.01494552988615311,0.31956183921759646,0.3030573458881018
2016-10-05,18.007770664915558,18.266185325437768,17.868991238096545,18.06998062133789,268900,0.015210504125556884,0.319504216300591,-1.073405111109783
2016-10-06,17.983841003234676,18.22789976532847,17.816348049371218,18.208757400512695,236500,0.007650622025365397,0.31412780455718137,-1.3508884309094675
2016-10-07,18.194405663602705,18.471962714276987,18.15133624576329,18.261402130126953,284200,0.0028870049847349675,0.3151591691911824,-0.6919094840649462
2016-10-10,18.424103642684393,18.53416949733198,18.208756611627678,18.42888832092285,176900,0.009129791675653982,0.3053069590548864,-1.9369696329560155
2016-10-11,18.35231897778339,18.448028963267266,18.275751354499512,18.4193172454834,400100,-0.0005194866619731494,0.30515162345291413,0.4977534203288192
2016-10-12,18.36668089213182,18.582027952687042,18.290113251214027,18.462390899658203,238000,0.0023357743404335456,0.28549095600709423,-0.9794721145343808
2016-10-13,18.294897210824022,18.48153071412866,18.05562311417367,18.438461303710938,310100,-0.001296967298736856,0.2854983749623751,-0.19070231256137235
2016-10-14,18.649018502620923,18.701659081360653,18.323605675426194,18.390602111816406,240500,-0.002598991904536285,0.2811091058589812,-0.9546590084363815
2016-10-17,18.337967223515683,18.400179001832612,18.108264302249186,18.156118392944336,269300,-0.012832173898159117,0.23712922783163212,-0.560807155143415
2016-10-18,18.457603054878206,18.68252128240442,18.31403896677237,18.649023056030273,212200,0.026786156218572808,0.2530279277807626,-1.2805688726526812
2016-10-19,18.716017807941572,18.826083659670918,18.629878997802734,18.629878997802734,267100,-0.0010270720893431535,0.2467285711665432,-0.448673472081507
2016-10-20,18.69208951809484,18.816511221366365,18.53416776821422,18.735158920288086,238900,0.005635225170635674,0.244848164542509,-0.7866635743085225
2016-10-21,18.5868111750709,18.725590583833213,18.52459940122634,18.658594131469727,354100,-0.004095063456654998,0.2431440485043754,0.592590626269458
2016-10-24,18.873937230230624,18.873937230230624,18.625091988312274,18.668161392211914,215200,0.0005126221562774169,0.23859857402561888,-1.1100561640997706
2016-10-25,18.596384898177075,18.835659018173143,18.57724253045339,18.682523727416992,417300,0.0007690534118426042,0.2301463688964268,1.0701398334159329
2016-10-26,18.538954816439865,18.548524172305296,18.294894254999058,18.452816009521484,369600,-0.012371538773629571,0.23307130090807326,0.7112182195015908
2016-10-27,18.591595169445398,18.644235758798583,18.309251683791675,18.400177001953125,728000,-0.002856703842198615,0.19560553537914854,2.5253967963058956
2016-10-28,18.376249526428897,18.491100059116157,18.232683622295365,18.357107162475586,380800,-0.0023434734185488297,0.1918213840828498,0.578097628382485
2016-10-31,18.515025604235355,18.529383288797575,18.304465094323074,18.31882095336914,758900,-0.0020878120871460474,0.18894761641385624,2.199730446404891
2016-11-01,18.4193201994237,18.4193201994237,18.22311551919831,18.333181381225586,726900,0.0007836094988851026,0.14691695628504514,1.9269968734986964
2016-11-02,18.232685793657485,18.366680531772023,18.069979331709952,18.103479385375977,703600,-0.012608457199261633,0.1439744138074113,1.6638312493784617
2016-11-03,18.132190596939058,18.32361060282811,18.079550004043742,18.141761779785156,606900,0.002112410204158209,0.1342943669578443,1.2050197585913338
2016-11-04,18.069981984907745,18.10348204349255,17.87377726600216,17.964702606201172,756400,-0.009807694875836189,0.1356822013324597,1.4953991914627232
2016-11-07,18.352318978340943,18.77344181917312,18.309249576147696,18.735158920288086,275100,0.04199304838211264,0.2005974604237069,-0.5981154665607783
2016-11-08,18.653804446449364,18.821297374312362,18.357105139927967,18.601163864135742,349100,-0.007177762642242826,0.20044922974281879,-0.18315271570644429
2016-11-09,18.208754683678862,18.43367287291439,18.031692399342443,18.041263580322266,483000,-0.030562596665479162,0.22746362802926293,0.5096106144835459
2016-11-10,17.974270428930833,17.974270428930833,16.82575405835717,16.835325241088867,543500,-0.06918218367025807,0.32730423809223164,0.6933414490166155
2016-11-11,16.63912477831775,16.667838333794183,16.13186291800221,16.41899299621582,637200,-0.025040597502438828,0.33472467708343573,0.955431472093988
2016-11-14,16.462054544366513,16.485981583062955,15.303967251195049,15.796871185302734,572100,-0.0386268800875083,0.3534986057230412,0.6460043724641209
2016-11-15,16.00265269859147,16.648693926386517,15.916513868218797,16.581697463989258,445200,0.04848763050666081,0.40179651105658615,0.028550076627489936
2016-11-16,16.318488154114856,16.495552251102165,16.227564679687088,16.395055770874023,222500,-0.011319712692153695,0.38599925527428297,-1.5992951741391526
2016-11-17,16.39027691026149,16.672620439546513,16.217999255034474,16.23235511779785,276800,-0.009973332070143543,0.385751885573575,-1.0975458952771002
2016-11-18,16.24192298247286,16.342419477830106,16.088787725901,16.112714767456055,308300,-0.007397782499612687,0.38319384877565726,-0.904700134655733
2016-11-21,16.35199066076265,16.452487167346618,16.069648983149104,16.12228775024414,420300,0.0005939495779010033,0.38401297892505726,-0.17069504963231924
2016-11-22,16.174929804870608,16.174929804870608,15.725095125968561,15.77294921875,730100,-0.021906249003820086,0.3863638687297752,1.1088323786786995
2016-11-23,15.586319349882181,16.112721795773485,15.50496700800611,15.859091758728027,371200,0.005446550413244309,0.3880414369484415,-0.6385322644504263
2016-11-25,15.820800049515215,15.9739352877917,15.729874746746276,15.796871185302734,230500,-0.00393105423207607,0.3878906450616764,-1.692242810213148
2016-11-28,15.715523184183873,16.1318596129513,15.643740222957938,15.682024955749512,465300,-0.007296745006331007,0.3875401242953081,0.058407900651873464
2016-11-29,15.543249116183851,15.863877437823813,15.323117328500867,15.548035621643066,332400,-0.008580845107212791,0.3870738181194218,-0.7568156658865975
2016-11-30,15.725095760860002,16.103149315853578,15.571960467156702,16.0313663482666,606700,0.030612895873456735,0.4092125572706285,0.777643273808148
2016-12-01,16.088791318487836,16.600837789272997,16.088791318487836,16.366350173950195,439700,0.0206802083684874,0.4192647410563468,0.02092364768290389
2016-12-02,16.25628430658047,16.615195486792754,16.25628430658047,16.519485473632812,339700,0.009313213639049491,0.42139024698770017,-0.5913729240168556
2016-12-05,16.615193011633792,16.935819408611845,16.615193011633792,16.873607635498047,222200,0.0212101009214889,0.4301876409738657,-1.5594360881212233
2016-12-06,16.935823125894782,17.084173748030615,16.844899611014828,17.036317825317383,300600,0.009596685121402774,0.4318232082655628,-0.6920495104626533
2016-12-07,17.079380264407604,17.37129488437395,16.98845678667876,17.141592025756836,372000,0.006160384519157671,0.4020925595800257,-0.1359785635422599
2016-12-08,17.10331172014358,17.481363372045074,17.079382852180274,17.40001106262207,329000,0.014963049497187115,0.407330353931479,-0.479994692811036
2016-12-09,17.20859088944938,17.27080265956459,16.9980303624269,17.10331153869629,645000,-0.017198740009985072,0.39854621608764307,1.3566424391701808
2016-12-12,17.160738313488206,17.34737181472259,17.160738313488206,17.21337890625,526500,0.006414822849478496,0.3169639278838163,0.80425999233339
2016-12-13,17.562723468146537,17.78763993410919,17.318662806005495,17.61536407470703,1156700,0.023084555184704352,0.31081815295145626,2.499295323366981
2016-12-14,17.500511727521776,17.634504671510513,17.218168148747687,17.227739334106445,354800,-0.02225064331294551,0.2872339983055526,-0.2653739338828656
2016-12-15,17.304300724279845,17.75413532012115,17.117667241170327,17.744565963745117,351500,0.029558489448114237,0.2562097061910405,-0.2608410014343013
2016-12-16,17.7206386789017,17.979055136524867,17.610572815584376,17.691926956176758,373400,-0.002970894800692779,0.2518317542832125,-0.18326857594156332
2016-12-19,17.60579045403524,17.60579045403524,17.232521579837716,17.347373962402344,258500,-0.01966729305840642,0.2605165176706954,-1.1020707172189292
2016-12-20,17.385657837822787,17.471794838586533,17.28994782800945,17.342588424682617,326300,-0.00027590331155073283,0.2580349828047108,-0.522935315161198
2016-12-21,17.33779552455358,17.5387866535712,17.208587332795666,17.237300872802734,182300,-0.006089543915816038,0.26001535254212843,-1.741369011210671
2016-12-22,17.132023545931357,17.467007618792284,17.036313550040187,17.390439987182617,418600,0.008844938130650808,0.2439510020327619,0.26953216626609916
2016-12-23,17.33780162254942,17.438296309645935,17.23252043101027,17.36172866821289,72000,-0.0016523472699995526,0.24489611549297058,-2.9015630458383805
2016-12-27,17.43217249633582,17.490070144222614,17.311551322927386,17.408048629760742,203300,0.0026643822623738274,0.24315895829839254,-0.9661652883282095
2016-12-28,17.461117213249153,17.475593002978712,17.142677447189474,17.36944580078125,181600,-0.0022199899944274526,0.24064577046794375,-1.0658494433778478
2016-12-29,17.40805062970477,17.687890827084917,17.34532709697707,17.576919555664062,125600,0.011873978333834504,0.23664228266716777,-1.536261935408102
2016-12-30,17.533489730155033,17.832629654735758,17.533489730155033,17.697534561157227,95200,0.006838687009392679,0.21895384697429646,-1.7522037007534534
2017-01-03,17.93878265392837,18.165551069099706,17.69271440756518,17.953256607055664,437500,0.014346185507509723,0.21417950492816723,0.6593599022819786
2017-01-04,18.078702942787007,18.204148159426733,17.9629058008223,18.020803451538086,194900,0.003755312786674154,0.21343936930698057,-0.5734411186043672
2017-01-05,18.015977811629106,18.401965182954925,18.015977811629106,18.35854148864746,176100,0.0185681045786316,0.2109591766075596,-0.7083743694594699
2017-01-06,18.295815078775217,18.532233341708043,18.295815078775217,18.430912017822266,306100,0.0039343135397724455,0.20998157458498254,0.14999188162920035
2017-01-09,18.430917292564306,18.527414607919418,18.237922661854086,18.5225887298584,114500,0.004961743719150475,0.2098489862898645,-1.2447190894483147
2017-01-10,18.479161582948645,18.561184929886814,18.319942606765988,18.459861755371094,676300,-0.003392259507763358,0.20703879857278992,1.3062632653267372
2017-01-11,18.5032860812187,18.556359688609252,18.194496191527794,18.479162216186523,217300,0.001044990392092641,0.19405573721745953,-0.2575802437257914
2017-01-12,18.556361882708927,18.720406761070468,18.49846423167931,18.50328826904297,771600,0.0013047299982786448,0.19395714115222148,1.5489143159412735
2017-01-13,18.450213194463196,18.51293487163317,18.204145000685305,18.324766159057617,215500,-0.009694973631773896,0.18516727684000941,-0.19612282808981765
2017-01-17,18.290995544287945,18.416440760848946,18.199324110667717,18.36336898803711,318800,0.002104377508993952,0.163079023043994,0.4595548138221141
2017-01-18,18.387484628670794,18.459856199505644,18.204140002931023,18.257213592529297,814900,-0.005797597163646364,0.1340447974816159,1.7930717397255864
2017-01-19,18.286169212303626,18.286169212303626,18.054574957581284,18.11247444152832,185200,-0.007959370725743837,0.1371516977678022,-0.4170011257688626
2017-01-20,18.175195609112556,18.334416424677364,18.13177375817617,18.319942474365234,146900,0.011389322645428258,0.11881533578887993,-0.7209076038940672
2017-01-23,18.305469865678756,18.4212670099041,18.151074900400413,18.30064582824707,301600,-0.0010538688097894515,0.11908266270107347,0.37309793805692165
2017-01-24,18.252394009544705,18.411612976644502,18.194494530115005,18.218618392944336,169000,-0.004492290575914911,0.11774176380772478,-0.4979455542537476
2017-01-25,18.353718631640625,18.455039978027344,18.23792149253217,18.455039978027344,165400,0.012893442913523971,0.12121550157686319,-0.4704638838488131
2017-01-26,18.397142328739662,18.459864015245866,18.242747370283777,18.455039978027344,254700,0.0,0.12057920936971324,0.10847609644438119
2017-01-27,18.397141499095863,18.532236621519193,18.344067889420128,18.353717803955078,105000,-0.0055053436242065955,0.12405823658517438,-1.2669723851830457
2017-01-30,18.15589798349275,18.305467047781956,18.083524549426244,18.228269577026367,200000,-0.006858496634870691,0.12728935551272944,-0.24131250733508047
2017-01-31,18.175197230415183,18.29581840186376,18.093175717285998,18.266870498657227,298700,0.002115401444986183,0.12243563733406096,0.34529847270336333
2017-02-01,18.319941486259555,18.39713895131526,18.252393934402406,18.334415435791016,498500,0.0036908546837289414,0.12129447235105122,1.094741381115569
2017-02-02,18.28616680276513,18.72040183195205,18.266866977325893,18.662504196166992,133700,0.017736469117186314,0.12622246751564078,-1.0400638055925095
2017-02-03,18.787955588442475,18.92305257062373,18.74935776534302,18.826555252075195,138100,0.00875199887538077,0.12834428102378714,-0.9393420152654701
2017-02-06,18.754172360742327,18.86996945280609,18.74934832548366,18.768648147583008,149700,-0.003080560552938366,0.11446748173677744,-0.7860795095619868
2017-02-07,18.778304403758224,18.84102793265678,18.498464223461763,18.532238006591797,175800,-0.012676015554395023,0.12331739022767373,-0.4781603121122401
2017-02-08,18.39231321991833,18.39231321991833,18.165546699823324,18.18967056274414,350200,-0.018657929011320788,0.13821697927674276,0.5793091740429867
2017-02-09,18.290995912850526,18.397143141679326,18.069053380329553,18.30064582824707,315800,0.006082468918840078,0.13991942553361736,0.5021874680123113
2017-02-10,18.300647008479267,18.440568029953067,18.160725987005467,18.368194580078125,284100,0.0036842631229451655,0.14056305214487483,0.28661668466922924
2017-02-13,18.33442088222537,18.33442088222537,18.155902036353027,18.3102970123291,160200,-0.003157033635979017,0.1407761058369105,-0.6937817330459751
2017-02-14,18.31511675786368,18.377840277321074,18.04975057012791,18.117298126220703,301300,-0.010596400407807979,0.14155052729375361,0.5583623213020678
2017-02-15,18.06422839582898,18.344070434570312,18.011156619322797,18.344070434570312,248400,0.012439205735048846,0.1483493366577651,0.19366567808877533
2017-02-16,18.411617461386644,18.72523327615745,18.401967545797813,18.5225887298584,304200,0.009684614479716178,0.15047094304603217,0.8645296567063259
2017-02-17,18.32959630102206,18.32959630102206,18.151075619909214,18.23309898376465,204300,-0.015752431812377354,0.15832984538209194,-0.14766576081960225
2017-02-21,18.286165648030792,18.286165648030792,18.040097490550853,18.10764503479004,338800,-0.006904341159069608,0.15485305577433378,1.0242009320293952
2017-02-22,18.08352679915029,18.373018730898348,17.953255705943633,18.19449806213379,352200,0.004785017393061548,0.1559332659147711,1.0839268307646721
2017-02-23,18.184847201844036,18.797602975582333,18.184847201844036,18.778303146362305,466400,0.03158287130287769,0.19000026307773732,1.5693911212564025
2017-02-24,18.41643938256777,18.570836173713182,18.09317552988958,18.126949310302734,337400,-0.03530237229163086,0.22375115954400887,0.7368657779087849
2017-02-27,18.11247385777475,18.39231399236808,18.06905016648044,18.377840042114258,187000,0.013745850158294081,0.22940759765779964,-0.6092533611859745
2017-02-28,18.305469508312648,18.37301891476972,18.020803451538086,18.020803451538086,232300,-0.019618755428709975,0.2385479645307119,-0.2149546110645156
2017-03-01,18.189671484882286,18.27169299107776,17.977377063138043,18.175195693969727,336000,0.008530952725586191,0.23963593619273088,0.6781933315083766
2017-03-02,18.083526691820712,18.083526691820712,17.697539292314,17.712013244628906,291300,-0.025814666824501415,0.25534255138012263,0.3116195936896988
2017-03-03,17.750608942143586,17.8857040416786,17.610687965892215,17.856754302978516,132600,0.008138705233900475,0.2569349126193911,-1.5859332010065537
2017-03-06,17.798864990612895,17.90501224162542,17.707193535987063,17.818164825439453,222700,-0.002163396219678011,0.2474728238608168,-0.3077600522880801
2017-03-07,17.832638575709208,17.98703357147464,17.73131720483818,17.962909698486328,223700,0.008090626932476806,0.2471142194894761,-0.38689257687434525
2017-03-08,17.99185109643333,18.078698471293183,17.668585458781042,17.687885284423828,277200,-0.015429101658687676,0.25131263173616114,0.18457007770268238
2017-03-09,17.697542676608347,17.712016631691103,17.528673732198012,17.547971725463867,609300,-0.007941585996795413,0.24950274176555065,2.27458830742384
2017-03-10,17.663759109438306,17.919475323852936,17.663759109438306,17.77955436706543,195000,0.013110794017684528,0.24800423635866936,-0.9337596153061776
2017-03-13,17.798864785418864,17.96773557740411,17.673419541559525,17.962909698486328,234000,0.010259893637798822,0.24994026880246006,-0.37144440827569
2017-03-14,17.83745833365995,17.83745833365995,17.441821062708225,17.456295013427734,530100,-0.028608730339350425,0.266953474631008,1.7346288191196981
2017-03-15,17.499719562037743,17.890532815375437,17.499719562037743,17.871232986450195,281700,0.023491995003577962,0.2815927099718697,-0.0015912206816389612
2017-03-16,17.987026067291236,18.204144514671334,17.97255211764348,18.160720825195312,230500,0.01606874104868332,0.2854524014469964,-0.5214443834886459
2017-03-17,18.266872044625753,18.69145911940778,18.266872044625753,18.30064582824707,306000,0.007675284982935722,0.2833297747959614,0.2355053957666445
2017-03-20,18.281343498071333,18.672156735800975,18.281343498071333,18.566009521484375,157200,0.014396113437131411,0.28584155006002,-1.4395183014587603
2017-03-21,18.662506463758014,18.68180629154228,18.455037916409346,18.599782943725586,420400,0.0018174471360610435,0.2799747680413468,1.0325796040737283
2017-03-22,18.498462709362276,18.792778658719804,18.31994389306769,18.754179000854492,286500,0.008266696669033968,0.27954553259056913,0.06290474272244065
2017-03-23,18.768655702908063,18.87480108611865,18.657682601430732,18.797603607177734,360200,0.002312786379968051,0.27932958733736973,0.6538082101238614
2017-03-24,18.850673533932593,19.014718374679564,18.768652033825468,18.995418548583984,251500,0.010468427060374656,0.25960810720552907,-0.21139606174288195
2017-03-27,18.879626430479544,19.038845421063833,18.725231476959557,19.00507164001465,247000,0.0005080509009430344,0.22457369852904674,-0.22184010280374217
2017-03-28,18.976124204075127,19.48273277282715,18.966474289175753,19.48273277282715,699700,0.024822702485428377,0.23476344118036135,2.1852557771650116
2017-03-29,19.574400938683343,19.574400938683343,19.304208888166514,19.530977249145508,309500,0.0024732075407759746,0.22022868531211579,0.16683827969557855
2017-03-30,19.50422778921038,19.747422658678985,19.489636690779736,19.620962142944336,274500,0.004596709825486356,0.2195918009422045,-0.10384591311565783
2017-03-31,19.572330098157455,19.65015240677034,19.31454219334024,19.392364501953125,339800,-0.011719085599041019,0.2003510126845638,0.4008457869990023
2017-04-03,19.51395821989848,19.922525725349768,19.509095138296725,19.679330825805664,334100,0.014689482070362388,0.2031908677804418,0.2791532343593786
2017-04-04,19.655008466694884,19.81065302830981,19.465316773191034,19.805789947509766,226800,0.006405428252808179,0.20174523425960786,-0.7757252456300593
2017-04-05,19.82038254755861,20.16085574768236,19.737697179684236,19.76201629638672,599000,-0.002212590140138253,0.20293325722580471,1.6385796702783617
2017-04-06,19.805792261962555,20.048987149833685,19.640419663992994,19.645282745361328,247600,-0.005924480758857747,0.193602033594113,-0.6090776924432784
2017-04-07,19.630693460157552,19.766882016214847,19.509096004983565,19.562599182128906,333100,-0.0042177073455367895,0.19087662133126956,0.23779426927816152
2017-04-10,19.513956481904266,19.76201629638672,19.513956481904266,19.76201629638672,207100,0.010142188104394455,0.18959427790606068,-1.0908519548605153
2017-04-11,19.786335835762326,19.786335835762326,19.528549853435827,19.73769760131836,136400,-0.001231335406832501,0.18978208976400995,-1.9750973235279214
2017-04-12,19.781468291393637,19.781468291393637,19.577185507142637,19.596641540527344,143000,-0.007172189416767785,0.15379645579908907,-1.664384609486208
2017-04-13,19.47991148814701,19.562598720537828,19.022705735435625,19.027568817138672,179600,-0.029469283708483014,0.18250916499387843,-1.0197840550961186
2017-04-17,19.149153919100335,19.68418347742949,19.149153919100335,19.659862518310547,187700,0.03269020385688408,0.20519480363730985,-0.8763514132978202
2017-04-18,19.34858040762108,19.66959751442192,19.32912623101901,19.45072364807129,201200,-0.010694846800983798,0.2105940383848181,-0.6587941800123688
2017-04-19,19.440994320876023,19.65014201253452,18.86705440266376,18.910829544067383,305900,-0.028149525210607904,0.2318368242827943,0.2576841921917228
2017-04-20,19.032430625428706,19.24157835744448,18.940015389394553,19.16861915588379,249000,0.013539773231430711,0.2359561098351048,-0.18809840015419763
2017-04-21,19.192940081488644,19.26589928993066,19.022704402363605,19.085935592651367,235600,-0.004322815546177359,0.23539261646021528,-0.3028157219984858
2017-04-24,19.445860337176125,19.445860337176125,19.23184953323669,19.35344696044922,493600,0.013918833698752036,0.23970460618192738,1.4459383165144108
2017-04-25,19.5528651579588,19.5528651579588,19.202664000874428,19.397220611572266,263900,0.0022592472586855255,0.23746249868325756,-0.059825972692225664
2017-04-26,19.4312719698203,19.58691655008667,19.05188668191999,19.23671531677246,386700,-0.008309079279293669,0.2396454190454171,0.7926485490818161
2017-04-27,19.178344263450022,19.178344263450022,18.769776878641593,18.93028450012207,332200,-0.016057714912343764,0.22914346435135208,0.5932677672673405
2017-04-28,18.8816470211599,19.32912648665361,18.84273681201182,19.207529067993164,534800,0.014539346956170499,0.23541953060504706,1.678569669711546
2017-05-01,19.236713531841726,19.727968200261735,19.236713531841726,19.523683547973633,214400,0.016325928407924607,0.24221266359131538,-0.5786430296823089
2017-05-02,19.59664290711582,19.689056288993495,19.241578622516858,19.33399200439453,313300,-0.009763479042462317,0.2411368891878836,0.3754486772909446
2017-05-03,19.324261835066764,19.50422549781071,19.226983527621872,19.372901916503906,240900,0.002010490704590389,0.23523768719307456,-0.24331558585910654
2017-05-04,19.343718943620676,19.50422658271788,19.28535269807892,19.35344696044922,578400,-0.0010047400932710825,0.2337948251948969,1.7054131410745506
2017-05-05,19.377765383446548,19.732829635587624,19.3242622205132,19.689054489135742,403100,0.017192330545034565,0.24214594469822132,0.9731210228479014
2017-05-08,19.76201601645975,19.937116622924805,19.66473769559809,19.937116622924805,361000,0.012520279768832146,0.24504140949274172,0.6485811880175493
2017-05-09,20.053849634100775,20.09276170560783,19.849566824977803,20.06357765197754,445200,0.006322962771988612,0.2450953181389761,1.0992126564219329
2017-05-10,20.165719262107885,20.656973965029014,20.097624991706073,20.63751792907715,638300,0.028204563819972467,0.2608736550820366,1.7099919456638477
2017-05-11,20.671565032361244,21.143363698602055,20.613198780025485,20.977991104125977,766300,0.016363167474087427,0.2651578154322428,1.8979036564147729
2017-05-12,20.98771364075082,21.187133318293032,20.92448246823376,21.00716781616211,151800,0.0013898585825655543,0.26270651430806496,-1.670989427941646
2017-05-15,21.16767645902855,21.566515798503897,21.16767645902855,21.51787757873535,232900,0.02402040084172816,0.2432370207048691,-0.7739221403570371
2017-05-16,21.629753735259293,22.077231434493363,21.629753735259293,21.77080535888672,431400,0.011685763633220363,0.22417695400835028,0.5620716558807126
2017-05-17,21.59084105238212,21.59084105238212,21.308735957674905,21.35737419128418,348800,-0.019172793123846805,0.23332447917467386,-0.002616821270941659
2017-05-18,21.1433647473686,21.206594084106307,20.656974957775066,21.094724655151367,604700,-0.012374082536502786,0.21086926261789432,1.2267017418548865
2017-05-19,21.279551335540237,22.500388778630196,21.279551335540237,21.77566909790039,699400,0.03177025718983373,0.2286558159677921,1.406561627756418
2017-05-22,21.868080962576844,21.868080962576844,21.527607793770393,21.54706382751465,508800,-0.010553692105308292,0.2331986115371262,0.6058900300190869
2017-05-23,21.64920384591559,21.931310750993422,21.396282845029138,21.537334442138672,469300,-0.0004516430973675013,0.23218691991757057,0.42309831606389625
2017-05-24,21.517883706822836,21.83890087283364,21.430333401962645,21.56165885925293,428400,0.001128769738394733,0.23239359123556294,0.15776128248135818
2017-05-25,21.62488486425665,21.644340896882742,21.269820618262685,21.41573715209961,392800,-0.006790651897775006,0.23135200746927018,-0.0528800446449334
2017-05-26,21.40600669491346,21.532469037133506,21.235771067420156,21.49355697631836,310200,0.003627181994894265,0.2183422996520383,-0.6107101832072188
2017-05-30,21.313600678004825,21.459517245484168,21.19686816619328,21.26009750366211,422100,-0.010921255549180608,0.22361488046160446,0.15652273153190824
2017-05-31,21.34764533230367,21.42546761626984,21.09958738198324,21.4060115814209,694200,0.006839838445558934,0.21985559811078748,1.2512624344283694
2017-06-01,21.40601118949736,21.7513493077397,21.328188906956036,21.56652069091797,615800,0.007470346635744411,0.21390844217755253,0.8696281741979746
2017-06-02,21.571388012593385,21.624891190251894,21.435199455229853,21.542205810546875,436700,-0.001128072430938228,0.21477333148148964,-0.04666012476092996
2017-06-05,21.55192542145706,21.853486476009813,21.55192542145706,21.795120239257812,189900,0.011672030699706857,0.21475666395919105,-1.892664096607406
2017-06-06,21.73675754109324,22.315562538565256,21.73675754109324,22.106414794921875,297400,0.014181726116689546,0.212965027754403,-0.7813235797296947
2017-06-07,22.12100070637001,22.29123819441114,21.88267082071336,22.164775848388672,358600,0.0026365266633088975,0.2116162511566327,-0.34351548088955347
2017-06-08,22.164780388331263,22.164780388331263,21.72702887848136,21.829172134399414,318100,-0.015257108738243394,0.22287717796523082,-0.5811021029356007
2017-06-09,21.74162222968696,21.906994819159724,21.571384703666073,21.668663024902344,270400,-0.007380129950694149,0.20779553977977447,-0.8698954185119655
2017-06-12,21.639478264968048,21.722163622198703,21.50815282516398,21.66379737854004,427900,-0.00022457281850385853,0.20152257926215858,0.28495896749888516
2017-06-13,21.663792827334046,22.077223237491268,21.605424740508123,22.05290412902832,297200,0.01780175597690014,0.20924825607195158,-0.8144551260197106
2017-06-14,22.121004104614258,22.30096778036858,22.091820053642127,22.121004104614258,294800,0.003083269389495348,0.1938871306330075,-0.907868758058013
2017-06-15,21.872941741609655,22.13559072552066,21.741616321939578,22.11613655090332,340800,-0.00022006638125576387,0.190215938659983,-0.4360907116564977
2017-06-16,22.145320403910382,22.35933303963826,21.916718527695547,22.29123878479004,559000,0.007886218902385438,0.1771544262533154,0.9601781363176531
2017-06-19,22.271784770778435,22.95759417240577,22.271784770778435,22.850587844848633,620500,0.02478312159804793,0.1856252274703622,1.2572235063053423
2017-06-20,22.694947365519692,22.724131420666534,21.887540394088294,21.9118595123291,1112200,-0.04194882276967582,0.21845695031919266,2.5366932144130656
2017-06-21,21.897263436772224,21.897263436772224,20.812614681913995,20.841796875,331100,-0.050067584914147784,0.27796417729309486,-0.5109187677062696
2017-06-22,20.87098504999422,20.997445574371742,20.584015010191276,20.59860610961914,672800,-0.011737026652467947,0.2801252662330821,1.2150544755348653
2017-06-23,20.60833303401247,20.802889674730775,20.399185294640667,20.686155319213867,332800,0.004241242424659361,0.28078710059998235,-0.489647688552431
2017-06-26,20.783433124979844,21.016899974803444,20.686154807029283,20.832073211669922,76100,0.007029129055811503,0.2818789802838754,-2.9156711102899573
2017-06-27,20.798020123199635,21.041214942418396,20.798020123199635,21.00716781616211,227200,0.008369923659528421,0.28340158098664026,-0.8762434406719949
2017-06-28,21.172544704199325,22.159917134161883,21.08499440291339,21.814579010009766,539300,0.037714804135900275,0.3108899389931133,0.6476757185803018
2017-06-29,21.970221966173817,22.07236521380129,21.478969183152824,21.70757293701172,331800,-0.004917325262144015,0.3108827137209143,-0.15803583006520544
2017-06-30,21.826110047008193,21.88488719719047,21.380379432101112,21.821210861206055,261100,0.0052212891077361165,0.310359670536023,-0.5323334694698579
2017-07-03,21.865296064923168,22.379600377203158,21.865296064923168,22.026935577392578,78300,0.00938357684074314,0.3117725949569302,-2.2604437274858946
2017-07-05,22.022031781079694,22.051421286783206,21.70855119420893,21.791820526123047,275500,-0.010731354722586172,0.3118231726289925,-0.2729180995832377
2017-07-06,21.81140980505709,22.085706229469384,21.605688888116507,21.63507652282715,212800,-0.007218783501403322,0.30834636544864175,-0.6613203798127989
2017-07-07,21.70365797573404,21.777128951128585,21.36568513604621,21.50283432006836,221800,-0.006131155377486635,0.3085298473350663,-0.553429716649839
2017-07-10,21.522420636660325,21.762430253552335,21.468542680839963,21.581199645996094,246100,0.0036377936388383315,0.3047911448270348,-0.3658193051202804
2017-07-11,21.620383046409145,21.894679475146894,21.527319087538697,21.8065128326416,199400,0.010386130043728759,0.30598159213303694,-0.6716521610087512
2017-07-12,21.943656981563066,22.38938744685216,21.943656981563066,22.355100631713867,249700,0.024845832238376567,0.3175442886930023,-0.2769984948194496
2017-07-13,22.42368343441739,22.46776676741199,22.168979940281044,22.340415954589844,207300,-0.0006570984641846935,0.3119907067950633,-0.5413680456659623
2017-07-14,22.350208242567327,22.428578389942547,21.86529167109511,22.1199951171875,370600,-0.00991545682997277,0.3139392814039973,0.35673123983749233
2017-07-17,22.124889623969732,22.17387212766555,21.79671525741932,21.835901260375977,440100,-0.012926493876084506,0.31711998075908343,0.6028023844160415
2017-07-18,21.81630549301606,22.051415875474202,21.767322995530265,21.98773956298828,272300,0.0069295433855904994,0.3168143032296454,-0.09477511743413201
2017-07-19,22.07591270518415,22.16897667513608,21.542015470214103,21.55670928955078,343000,-0.01979790138482905,0.30926548711300766,0.3319162402150155
2017-07-20,21.62528513291313,21.76243243143844,21.42446150214744,21.522422790527344,270500,-0.0015917918772969909,0.2745003959903612,0.057846782006393524
2017-07-21,21.502838325145564,21.639985666220472,21.28731893946512,21.370588302612305,193400,-0.007079713838534776,0.2102690822441519,-0.5451491964684656
2017-07-24,21.414662769420985,21.448949590481575,21.150162833960767,21.326496124267578,458100,-0.00206534917360838,0.20538785453652436,1.2407288392017863
2017-07-25,21.537116929425657,22.06611494889548,21.429357277768684,21.512624740600586,414400,0.008689710890644122,0.20666811312645575,0.9941885421904929
2017-07-26,21.522425095486373,21.522425095486373,21.233434779435708,21.28241729736328,548500,-0.010758707215066079,0.21022363251351858,1.5493900124644397
2017-07-27,21.32159680455344,21.51752309665461,21.23832934492998,21.4587459564209,555400,0.008251046345056455,0.2101716498039805,1.409384533911268
2017-07-28,21.336291890460913,21.57140231327007,21.248125248346035,21.551809310913086,353700,0.004327472600480039,0.16330662925413655,0.4895000851868615
2017-07-31,21.54691292467719,21.590996247637555,21.267717300267112,21.42445945739746,202500,-0.0059265371292847166,0.16368157780931097,-0.7202719606643921
2017-08-01,21.546907761676092,21.80650845218711,21.522415579295586,21.718341827392578,295700,0.0136239143903609,0.1699319488323478,0.12011202969421907
2017-08-02,21.713444512011186,21.79671195293314,21.595888389454753,21.718341827392578,218900,0.0,0.1663171029296366,-0.8711302124397096
2017-08-03,21.669367555646534,21.801615663138005,21.20404398129641,21.6497745513916,184500,-0.0031621079659237676,0.16257337028323218,-1.262394948800591
2017-08-04,21.71834453253872,21.78691816736656,21.44404812473595,21.542011260986328,103100,-0.004990000389567545,0.16156037753044616,-2.3921958736618167
2017-08-07,21.542014462277923,21.639977613086295,21.228533874484476,21.40486717224121,176500,-0.006386706551158418,0.16168086235159068,-1.0512676630345512
2017-08-08,21.40976697995527,21.586100298228125,21.302009183171116,21.311803817749023,198200,-0.004357245055564555,0.1616509020574509,-0.7448373693456538
2017-08-09,21.14526048508484,21.14526048508484,20.66524319356784,20.8709659576416,615200,-0.020902084543266423,0.1709319527974069,1.651541345101781
2017-08-10,20.724023577633336,20.9346436715499,20.616263938376083,20.80729103088379,591700,-0.0030555489072607474,0.1400783533002177,1.402445261428619
2017-08-11,20.65055166226802,21.409762749489108,20.537894701963477,21.29710578918457,292500,0.023267729424208457,0.16779303721862796,-0.09016515335110703
2017-08-14,21.444049531051622,21.659568818634636,21.218735610843503,21.272615432739258,357200,-0.0011505999308521536,0.16549723100294594,0.3337888554951249
2017-08-15,21.292211220717434,21.311802357022366,20.679943834508553,20.89056396484375,463300,-0.01812301302512755,0.1707704696067928,0.8719072418168313
2017-08-16,20.934646780765927,21.850598245015412,20.851377446656844,21.698755264282227,359700,0.037957325723169656,0.21858936934803863,0.31370027400088657
2017-08-17,21.64486919037327,21.860388438702167,21.013010865613072,21.0668888092041,1140300,-0.02955234063841081,0.23159187771164208,2.2407085104551925
2017-08-18,21.076696770062572,21.684066979517187,21.047309124575747,21.57630729675293,168300,0.023893271092751425,0.24720292857730417,-1.1225623345196514
2017-08-21,21.60569126132447,21.914274539122204,21.3999684532954,21.674264907836914,128500,0.004529779542296464,0.2462124704678433,-1.4952164369312717
2017-08-22,21.74773647250737,21.840800434710097,21.5616066796103,21.605690002441406,103300,-0.003168901766329095,0.24639666454521825,-1.6322245393089472
2017-08-23,21.54690734899087,21.909368471989605,21.478331855526516,21.884878158569336,995400,0.012839197239934997,0.24851927186743794,1.7157792181369549
2017-08-24,21.92406822284332,22.02203137154156,21.532217496542014,21.57140350341797,225200,-0.014427377612732458,0.25098508600663233,-0.3861251558375772
2017-08-25,21.65466785388981,21.992640574913302,21.39506713535752,21.93876075744629,160900,0.016886444333895974,0.25601585879682837,-0.8003234762861228
2017-08-28,21.875084117802235,21.968148066654148,21.53711327024296,21.58609390258789,189700,-0.016205663444351245,0.26250589999028856,-0.5101557415043971
2017-08-29,21.497935574938595,22.07101891093041,21.414668094084952,22.026935577392578,349600,0.020216742331550276,0.27047489300361666,0.3563634883867104
2017-08-30,22.002434518673095,22.007333702921276,21.497926913606893,21.595890045166016,213100,-0.019763027988178392,0.27601001097883454,-0.3528016277923667
2017-08-31,21.742836547169603,22.286530220744208,21.630179585657356,22.242446899414062,329100,0.0294994648873778,0.29465963383089316,0.26062446970989056
2017-09-01,22.301229821302833,23.29555346725667,22.301229821302833,23.236774444580078,455900,0.0437336433025357,0.32884046295117336,0.6768027186145417
2017-09-05,23.16329439805659,23.7216818153713,23.16329439805659,23.251461029052734,583400,0.0006318409297160675,0.32761431853386613,0.9557313650760071
2017-09-06,23.320038863780226,23.87352906513996,23.285752042044738,23.677602767944336,881800,0.01816160041116552,0.3291840671416593,1.4206245190580233
2017-09-07,23.69719812409515,23.75597527169276,23.398411332028566,23.4865779876709,777400,-0.008100461908125526,0.3307485210063791,1.118204585440663
2017-09-08,23.506169803909977,23.64331709753037,23.334733818392746,23.466983795166016,525800,-0.0008346201181897113,0.31830321463002165,0.5645279661836998
2017-09-11,23.60903397712412,23.79026462476103,23.437597964717718,23.623727798461914,205400,0.006657133726174429,0.3167565164247862,-0.7395976432508184
2017-09-12,23.69229585184178,23.809852000213446,23.32003814089942,23.491472244262695,629500,-0.005614150060100493,0.3127453455197573,0.8341451552783987
2017-09-13,23.511069721849374,23.599236382785666,23.40820924025435,23.422903060913086,258500,-0.002923165095130525,0.3132209210588919,-0.42399665787358687
2017-09-14,23.403304348650405,23.496370172778132,23.08492647821602,23.21717643737793,437200,-0.008821938555712136,0.30630524495695827,0.33403121895799437
2017-09-15,23.13390489822744,23.36901529138672,22.942877820566228,23.251461029052734,311600,0.0014756015999182102,0.2819946219847058,-0.14248812079765708
2017-09-18,23.315135714036998,23.383711214338636,23.10451563433886,23.19268226623535,189100,-0.0025311606600437737,0.2567459659261944,-0.7883169744925035
2017-09-19,23.22698045725556,23.33963932867868,22.942889290841237,23.11922264099121,264600,-0.0031723889138113317,0.2480622877297775,-0.31230651041818336
2017-09-20,22.996759390894624,23.09961984540899,22.399185928206762,22.585315704345703,508500,-0.023364472938951258,0.26457469499447334,0.6409192709388762
2017-09-21,22.570625623320478,22.879207037938265,22.54613343329438,22.766550064086914,473100,0.007992408754043605,0.2646731847351985,0.4497115360257567
2017-09-22,22.727369680925847,23.408210822001713,22.727369680925847,23.226978302001953,225200,0.020022104662176934,0.2693398072168228,-0.8482239731264798
2017-09-25,23.10451530117329,23.349422193245044,22.815526962280273,22.815526962280273,131500,-0.01787314962386208,0.2723697776641243,-1.743531170327354
2017-09-26,22.825326923348214,22.903697072370758,22.53633664848538,22.595115661621094,346000,-0.009707549544340143,0.27045305611230747,-0.016726171313865976
2017-09-27,22.717458277853886,22.840788672285097,22.54479647839919,22.633594512939453,327100,0.001701523676154334,0.2627668535355911,-0.18404540058455202
2017-09-28,22.613864478821775,22.761860597234836,22.525066431399388,22.53493309020996,991700,-0.004368598441206513,0.25528884234491395,1.792966810272519
2017-09-29,22.559595279647258,22.59412763916488,22.273469746233754,22.589195251464844,604200,0.0024050187517815663,0.24376753495464099,0.7944573231662885
2017-10-02,22.559599340684667,22.830925877968102,22.48066795016816,22.638530731201172,149600,0.002181648457111953,0.2225852812008943,-1.6308052870041707
2017-10-03,22.653328602943596,22.83092469285523,22.52013341738256,22.77665901184082,155600,0.006082929845273237,0.1608048850465378,-1.3987957847491066
2017-10-04,22.446129359569166,22.618791140355405,22.229068566313284,22.539859771728516,433400,-0.010450996757842982,0.16398082578712395,0.3265027916050679
2017-10-05,22.56452783385084,22.796387675575538,22.56452783385084,22.62372589111328,261500,0.003713886510589047,0.14914201665230137,-0.4510591730615965
2017-10-06,22.529997691685534,22.529997691685534,22.120541721850355,22.327735900878906,473100,-0.013169505789694913,0.15267442860093128,0.6810977543603601
2017-10-09,22.31786927411804,22.391866382547903,21.972543789161183,21.987342834472656,207500,-0.015362705916463963,0.15895184729994638,-0.7835617135438789
2017-10-10,22.002140102941883,22.229069443335664,21.952808701305862,22.012006759643555,227200,0.001121104197298656,0.15579499576333963,-0.6261710326113
2017-10-11,22.07613838097921,22.09587169375122,21.770279560502175,21.883743286132812,236700,-0.0058440208184534475,0.15583883963429684,-0.47945008763489194
2017-10-12,21.873871583436873,22.061334247778706,21.70614222731457,22.002134323120117,475700,0.005395417871939524,0.1587798196503423,0.8274513745537385
2017-10-13,22.115606208912624,22.160003342255024,21.977474893870856,22.100805282592773,163300,0.004474582646251157,0.15929546942199552,-1.1317909372024206
2017-10-16,22.15999948844789,22.268530813847846,21.015493830697306,21.424951553344727,332300,-0.03105784272572052,0.18692927261543477,0.2106340924432626
2017-10-17,21.41509600660225,21.809753010220774,21.41509600660225,21.73082160949707,470000,0.01417540021008767,0.19714558795062356,0.7883097692069402
2017-10-18,21.72095150060194,21.829482865068222,21.58282204173412,21.799882888793945,651800,0.0031729942363496887,0.19833813018267454,1.2739217422091351
2017-10-19,21.651882155457606,21.750546840132632,21.597616484792727,21.646949768066406,328600,-0.0070400414951534394,0.184595091213932,0.06385480444384183
2017-10-20,21.720951586199217,21.720951586199217,21.429891738243064,21.454559326171875,156300,-0.00892737742589894,0.1823219905201615,-1.189089613489896
2017-10-23,21.385488304747547,21.558151975280968,21.281891231550908,21.346023559570312,249500,-0.005071706595188165,0.16232407207867192,-0.3515483358807171
2017-10-24,21.420026741858877,21.420026741858877,21.025369768714196,21.05003547668457,301400,-0.013963226710544495,0.15864343266292827,-0.08472296291516539
2017-10-25,21.18322628525193,21.18322628525193,20.83790271217718,20.956298828125,457300,-0.004462984247486831,0.15723134504459266,0.6905060895308732
2017-10-26,21.010564746356945,21.222693161958748,20.951366687685294,21.00069808959961,261600,0.00211641830012456,0.157413591127153,-0.3592555849579856
2017-10-27,20.364312248096024,20.59617397044145,19.431934853288183,19.520732879638672,2479300,-0.07307855418918932,0.2877880365644486,3.1185847197173486
2017-10-30,19.357939284506838,19.48126967732337,18.72155400592414,18.761018753051758,1435900,-0.03969587870628809,0.3070600830651575,2.0091319284937232
2017-10-31,18.71168851130719,18.810353208065344,18.455161052485018,18.62289047241211,676100,-0.007389752012652461,0.3045098384872511,0.8646573318905738
2017-11-01,18.72648754150556,18.94848263855762,18.4748943527616,18.617958068847656,980100,-0.0002648921163990433,0.3012463083128804,1.267218005371014
2017-11-02,18.514362320489106,18.588361326326545,18.33676621197756,18.509429931640625,489600,-0.005846274255543968,0.3015047007629605,0.26871544098706607
2017-11-03,18.45516093454008,18.57849133423144,17.97663838153839,18.247966766357422,460200,-0.01422666449338975,0.29807236858553154,0.14362306878976147
2017-11-06,18.228228530785337,18.41075694613808,17.95196783256796,18.391023635864258,269900,0.007809035943150467,0.30426507919988144,-0.5804757583323193
2017-11-07,18.371294798179527,18.57848893965701,18.19369874441465,18.51435661315918,404400,0.00668376456750872,0.3082308719903831,-0.05029847740049861
2017-11-08,18.51436019658796,18.973149463654483,18.51436019658796,18.825153350830078,607900,0.01664745550921889,0.31865480836958565,0.48426934107925323
2017-11-09,18.77581623155824,19.32340149432308,18.77581623155824,19.160606384277344,732400,0.017662500711416486,0.3303351553297096,0.6877346952259504
2017-11-10,19.116214445328914,19.26914483836575,18.973150711378914,19.057016372680664,262700,-0.0054210732021490494,0.3276122099313342,-0.7932285488853443
2017-11-13,18.983015851172915,18.983015851172915,18.302231483649386,18.420629501342773,280900,-0.03396414216237755,0.3377829074799629,-0.7675177373006877
2017-11-14,18.46995972919432,18.74622049822116,18.361430258614778,18.55382537841797,704300,0.0072047825277588235,0.3317863989702184,0.5951747799443674
2017-11-15,18.509430589927423,18.741292393382853,18.20357165987574,18.637693405151367,287500,0.0045100695877896176,0.3257020231441247,-0.7380549022814694
2017-11-16,18.687022059681237,19.002747571173096,18.687022059681237,18.835018157958984,411000,0.010531747955992222,0.32966029412456505,-0.16317030317973358
2017-11-17,18.800483441733686,19.205006937872962,18.800483441733686,19.09647560119629,571700,0.013785989330812397,0.3374007332006684,0.30190044239137687
2017-11-20,19.047146477358844,19.185275917359924,18.849817092895176,19.165542602539062,334900,0.003610216062901437,0.33880825727918623,-0.616252989987277
2017-11-21,19.209938933514312,19.436868258474092,19.15567514815424,19.367801666259766,432200,0.010497968712116182,0.3432463302021758,-0.24695925899161694
2017-11-22,19.431932761490085,19.629262105887463,19.431932761490085,19.48619842529297,306600,0.006094462614730965,0.34340766565311026,-0.8326798595844398
2017-11-24,19.515802471961706,19.60460050731959,19.481270111752806,19.535533905029297,80800,0.0025286169053637805,0.3440592326418383,-2.4511404529746255
2017-11-27,18.61302433032697,19.387539116251002,18.445294905751997,19.071813583374023,318800,-0.024023542350075876,0.3506850753569979,-0.5364278827533367
2017-11-28,19.239541836621036,19.328339872570627,19.086611467625076,19.209941864013672,363000,0.0072164339626609,0.24851756128187621,-0.2641033953998977
2017-11-29,19.205009273526763,19.397404388763178,19.091545535871248,19.17047691345215,290700,-0.002056515573698857,0.2045348861699876,-0.5751638702001709
2017-11-30,19.135938126650082,19.31353413703033,18.978075424505832,19.04714012145996,640300,-0.0064544694173502525,0.2040750235279201,0.9379574054527356
2017-12-01,19.09647884457514,19.288873969089778,18.904083720060505,18.98794937133789,458000,-0.003112431110021429,0.20454802780634784,0.398060717161055
2017-12-04,18.973153648367852,19.30861258175732,18.869556534728687,18.88928985595703,401100,-0.005209447178027198,0.20429366921063277,0.1427841517136099
2017-12-05,18.933683209244872,19.0175469765035,18.74128808965388,18.899150848388672,606100,0.0005219052425382706,0.19672079757648553,0.9610828806923799
2017-12-06,18.78568726960267,19.333272660116425,18.78568726960267,19.279008865356445,389800,0.019899888062879074,0.20572781309929578,0.018604730471313665
2017-12-07,19.16554295954257,19.333272374899302,19.101412507988904,19.22967529296875,381000,-0.0025622064453842725,0.2057077182643175,-0.023016658746758963
2017-12-08,19.33820285079106,19.412199945421918,19.209938209102138,19.23460578918457,106700,0.000256367523536607,0.19851696405608824,-2.209069537883512
2017-12-11,19.180342257834088,19.644063834142326,19.180342257834088,19.624330520629883,224000,0.02005910794749114,0.20120324541623355,-0.7663342434694119
2017-12-12,19.570065511434898,19.570065511434898,19.150742935408374,19.397403717041016,356700,-0.011630921393236822,0.20487075716555217,0.09129649783554966
2017-12-13,19.451665895137786,19.678593321817434,19.4023345004238,19.45659828186035,294700,0.0030470277228960524,0.16107740832320705,-0.27860040127052454
2017-12-14,19.417135342174323,19.515800022619274,19.09647560119629,19.09647560119629,550300,-0.01868246128931941,0.17603218163081835,0.9668603071020441
2017-12-15,19.08168136398153,19.20007750483869,18.77088820095422,18.923818588256836,753800,-0.00908242313730968,0.17924779373426258,1.4187090561483542
2017-12-18,18.997813305083227,19.560201489640647,18.997813305083227,19.535533905029297,359100,0.031813687432422105,0.20693952319894865,0.04575112427810123
2017-12-19,19.560202216991954,19.885794398120588,19.47633656631428,19.668731689453125,266000,0.006795092060442457,0.20319472895080445,-0.45548129869886
2017-12-20,19.629264600276347,19.727929285012852,19.422068574142457,19.589797973632812,175900,-0.004021231710044877,0.20387023032329912,-1.1431938076457464
2017-12-21,19.525663243289472,19.940051440876164,19.520728975105676,19.836454391479492,152000,0.012512456605329781,0.20516279071470242,-1.2714961427057443
2017-12-22,19.93838912434176,19.93838912434176,19.640059859846698,19.70469856262207,104900,-0.00666426275646002,0.20603826051126944,-1.693551804925875
2017-12-26,19.739505032375362,20.037834318816763,19.67983955443335,19.988113403320312,77900,0.01428065401318938,0.21142537894141075,-2.1623299532177156
2017-12-27,19.94833339924279,19.97816708395584,19.645030909885946,19.804141998291016,173400,-0.009246659380213035,0.194856418618839,-0.804636470439829
2017-12-28,19.86878154741663,19.933420258189678,19.64503362299566,19.908559799194336,105400,0.005258672253694858,0.19428718943115852,-1.4267585985001965
2017-12-29,19.928449882025877,19.973197572327365,19.699728716784023,19.71961784362793,133500,-0.009535810049164584,0.19780547874568252,-0.9874908927050975
2018-01-02,19.878723835161445,20.316275070979476,19.878723835161445,20.301359176635742,157900,0.029073868460125364,0.21746560870099343,-0.6658117463007358
2018-01-03,20.281470110343626,20.4455506387821,20.1671104943456,20.41074562072754,111600,0.00537366996176517,0.21642658342230456,-1.0854579696970599
2018-01-04,20.574830923526672,21.012380325046475,20.415721705386474,20.977575302124023,186600,0.027392516134910765,0.22910333108021558,-0.2551045973608401
2018-01-05,20.88310347620816,21.44993026708536,20.88310347620816,21.42506980895996,194700,0.021107698355909026,0.23506180928313605,-0.11351387209904368
2018-01-08,21.42506733837125,21.554342843755016,21.32562362060542,21.48970603942871,196600,0.003012308840800288,0.22967314157800528,-0.044853507043621885
2018-01-09,21.15159540834745,21.310704574545092,20.813487955994738,20.972597122192383,403500,-0.024357344955641673,0.250392832020674,1.1674690879237162
2018-01-10,20.898018376630684,21.32065373156327,20.863213357566167,20.992490768432617,326500,0.0009481046617745595,0.25026937779954234,0.7317557828515732
2018-01-11,21.05712615549079,21.161543102366053,20.763768231230323,20.95271110534668,117800,-0.0018967449546063299,0.24418265219379287,-0.9481515657552706
2018-01-12,20.937799398092448,21.226184150924723,20.82841109698458,21.206296920776367,129400,0.012030115774450734,0.2398928395482647,-0.7153529343042504
2018-01-16,21.14662384846862,21.75322877791527,20.6195754051287,21.60903549194336,347500,0.018813374895327237,0.24506177706391058,0.9363936737803424
2018-01-17,21.604066545412046,21.922284938052012,21.425068225369255,21.837757110595703,438200,0.01052891216661836,0.22992228217955904,1.3845189202637596
2018-01-18,21.802952723755237,22.07642344103414,21.599093941521787,21.88250732421875,83800,0.0020471161292997565,0.22363341502381076,-1.4422745153998708
2018-01-19,21.85267220161278,21.90239310804499,21.519536058977767,21.574230194091797,173900,-0.01418800945738775,0.21574285746204874,0.03240139884878942
2018-01-22,21.653788548770592,21.673677673495288,21.325625577738418,21.464845657348633,340800,-0.005083044656338751,0.21821775003380312,1.3352727787244876
2018-01-23,21.370369817470024,21.519534422151853,21.156566521958094,21.47478485107422,329900,0.00046293802649938833,0.2166463706737408,1.1679171084915183
2018-01-24,21.887480367165406,22.494085375988117,21.609038319549956,22.469223022460938,382000,0.045267057915889065,0.25792824390186436,1.3040920309267874
2018-01-25,22.509007715840507,23.07086330461711,22.509007715840507,22.84214210510254,323200,0.016460660669123776,0.2561292677497318,0.9094493993049091
2018-01-26,22.74268994280607,23.20012834106749,22.71782759342716,23.14046287536621,235900,0.012975556993576942,0.25570366915948733,0.2558564180779887
2018-01-29,22.946547442977014,23.006212905437643,22.543801303723342,22.757604598999023,180300,-0.016683367192736755,0.2628455334884457,-0.2815629618578256
2018-01-30,22.702917298519043,22.807332363422237,22.454308917283953,22.762582778930664,172200,0.00021872405357888704,0.26375256223039845,-0.4386680041342965
2018-01-31,22.88688519255132,22.98135758399368,22.732749222061187,22.847108840942383,202200,0.0037064999029335697,0.25760182566928497,-0.14959208983777833
2018-02-01,22.742699422184774,23.29958175988295,22.205704316855577,23.224998474121094,177500,0.01640463741384406,0.24746840250838426,-0.44209280497974246
2018-02-02,22.81230509997381,22.84711012085566,22.28525466032788,22.29022789001465,203200,-0.04108084778667845,0.2972309462426537,-0.22553202807362677
2018-02-05,22.10128341622373,22.42447314374112,21.638871718381832,21.65378761291504,299700,-0.028967984587648314,0.30580497416897473,0.601986279150608
2018-02-06,21.360432055389147,22.08139675364551,21.24110109235985,21.991897583007812,236600,0.015493707215087324,0.3018649670445985,0.04744541132424671
2018-02-07,21.91731184044269,22.46922075382,21.887478157261043,21.922283172607422,183000,-0.003170477850927206,0.30216813323152525,-0.524968776071727
2018-02-08,22.036644949020182,22.116199548604936,21.444957733154297,21.444957733154297,312900,-0.022014068964730838,0.2997951245299321,0.7344573178228258
2018-02-09,21.564292068276988,21.648819910512184,20.763772717417588,21.21623992919922,267600,-0.010722624205596547,0.3025635080956927,0.39865271289336834
2018-02-12,21.534456446477552,22.165921897355698,21.270930299744954,21.862619400024414,415200,0.030011378917880926,0.31910988745403907,1.3170239569800468
2018-02-13,21.802953949067156,21.817871741495196,21.524513780162355,21.72837257385254,159200,-0.006159403331596062,0.31814304634089285,-1.0419329743413563
2018-02-14,21.64881828715415,22.439393015131408,21.439986260674335,22.38469886779785,280800,0.029758740786406692,0.32790598770317164,0.3973984369101714
2018-02-15,22.54877714166502,22.54877714166502,22.081394114976995,22.240503311157227,96000,-0.006462539168588318,0.32741044384164386,-2.0142494073017376
2018-02-16,22.1112309955604,22.553753629925943,22.041620949264452,22.439393997192383,254000,0.008902974793466925,0.3285802209873764,0.2166290137226315
2018-02-20,22.339949635373856,22.548779768413198,22.25045046500515,22.394643783569336,391400,-0.001996261354058485,0.3240709076945617,1.294196251827952
2018-02-21,22.39961506137721,22.593529297786578,22.21564538795441,22.285255432128906,235100,-0.004896545064776405,0.32402180274672115,-0.06072869122437106
2018-02-22,22.414528047098695,23.34929400658401,22.414528047098695,22.76755142211914,527500,0.021411070634553497,0.330994736190452,1.9617234442453622
2018-02-23,22.886885494135964,23.200132565383377,22.56369575740376,22.61341667175293,234400,-0.0067929508576698465,0.29384683508481324,-0.06289793455164862
2018-02-26,22.67805267769911,22.692968570881686,22.155975552267137,22.215641021728516,492900,-0.01774679684784175,0.29404217434874846,1.7348016545964118
2018-02-27,22.066479401235398,22.285254083505993,21.579207224770432,21.70848274230957,401300,-0.023093497382396487,0.29845400664129407,1.1232778305678413
2018-02-28,21.58914466702553,21.793005301492816,20.932818882277534,20.972597122192383,323400,-0.03448640728673365,0.3146398580449514,0.5441550716005872
2018-03-01,21.03723951201647,21.072044529695216,20.689187438497804,20.753826141357422,279200,-0.010486064625106564,0.31506360032918956,0.13645712074162183
2018-03-02,20.723991048171538,21.14165312867139,20.59968688012671,20.9825439453125,272400,0.010960229318795853,0.31839940573435366,0.04054938905777517
2018-03-05,20.67924866854925,21.34551931701268,20.629527742719993,21.32563018798828,355800,0.016218793194752425,0.3182495603732877,0.6392990325755403
2018-03-06,21.564290076030254,21.713454722788068,21.36043128289058,21.61898422241211,251700,0.013662183323483202,0.293559410418958,-0.2754243383321716
2018-03-07,21.425070125157067,21.912342319185456,21.340542290205565,21.70351219177246,263000,0.0039022717350472563,0.2763215139205435,-0.14541955613594942
2018-03-08,21.832784935084373,21.922284091650276,21.63389749899766,21.733341217041016,137300,0.0013734434065378733,0.2706878105430244,-1.6424666904714618
2018-03-09,21.922284445337937,22.126143217086792,21.76317525259401,21.877534866333008,154400,0.006612762122232345,0.27162038292544455,-1.3090807153672381
2018-03-12,21.8825064841267,22.04161757567657,21.733341851075615,21.778091430664062,136400,-0.004555820914914421,0.2603706633703111,-1.429890914713384
2018-03-13,21.783069002578834,21.847705821857176,21.270934401471788,21.36043357849121,285000,-0.01936417171455342,0.26680307875707365,0.21196398064317706
2018-03-14,21.49468121231385,21.67865089017585,21.1814341092385,21.35546112060547,381100,-0.00023281534628873777,0.2439937740653293,0.8787002574269865
2018-03-15,21.27590017237957,21.4598697954279,21.24606649158892,21.310705184936523,338900,-0.002097959857199286,0.24334110041201962,0.5459023770668082
2018-03-16,21.256012190510607,21.76317341073402,21.256012190510607,21.58417510986328,367000,0.012750875079201763,0.22256554927929287,0.6919368018469032
2018-03-19,21.524515126782156,21.524515126782156,21.22618391706526,21.2808780670166,179200,-0.014151486210255288,0.22618806668590424,-1.1623608252479016
2018-03-20,21.345517713420417,21.554347862292914,21.17149258936,21.226184844970703,235200,-0.0025733724459769906,0.22261925177730563,-0.4385777969264881
2018-03-21,21.05713314377098,21.64384918700674,21.05713314377098,21.28585433959961,574500,0.002807182857269235,0.22341654412167708,1.731170519238078
2018-03-22,21.03724299430995,21.33557230857626,20.86321598037833,20.87813377380371,463500,-0.019340356210552002,0.2309124694235507,1.0961309093692357
2018-03-23,20.902993136869565,20.952714054394058,20.51019143953921,20.60466194152832,393100,-0.013185022337721593,0.21519494224796187,0.7661260533826947
2018-03-26,20.904584150761956,21.49139617091248,20.904584150761956,21.446256637573242,441800,0.040032756380573326,0.2649788738324883,0.9633422443263121
2018-03-27,21.521497955771544,21.596731177492476,21.019948246326148,21.03499412536621,579600,-0.01936267665008865,0.2662048686213819,1.562370006711551
2018-03-28,21.155359878828158,21.30080970549442,20.854430918303187,20.859445571899414,602000,-0.00838056707234495,0.256640894361471,1.5245111632744355
2018-03-29,20.99486734140918,21.21053383047508,20.934681922887982,21.075115203857422,498900,0.010286099557083338,0.23054956205590624,1.0265784333106058
2018-04-02,21.060067812190862,21.681988223100255,21.024957581214856,21.631834030151367,662500,0.02607305716020155,0.24355143381489813,1.4681798387778826
2018-04-03,22.183536687925688,22.740257002603514,21.737157888087715,22.665023803710938,612600,0.04665690722481855,0.28756347167449525,1.1851685639387903
2018-04-04,22.33400568275438,23.071284293058397,21.97790588437004,23.05122184753418,410600,0.016895841974362964,0.2879449659205245,0.3735914898922375
2018-04-05,23.07127683779533,23.54774924209735,22.75530011930417,23.45245361328125,708100,0.017256344507637193,0.2897743123575877,1.3073580450430313
2018-04-06,23.412331320554724,23.522672825189566,23.271898069753686,23.357160568237305,420100,-0.004071521560338715,0.2910788886378077,0.26869490152235165
2018-04-09,23.49258145056242,23.823604083401396,23.49258145056242,23.753387451171875,391600,0.01682155027818908,0.29455746858566584,0.04141316906400129
2018-04-10,23.823610132207286,24.7615075111729,23.748376913854123,24.751476287841797,794300,0.041159985396383304,0.32118322691264356,1.4576706363650223
2018-04-11,24.57593286583577,25.76962156931776,24.570918211166973,25.47370719909668,951700,0.02876169476422549,0.3282066778906859,1.833987559030571
2018-04-12,25.378413175125605,25.378413175125605,24.972159156692214,25.077484130859375,617800,-0.01567643302229178,0.32463772809575847,0.6835952944365191
2018-04-13,25.07748291235708,25.07748291235708,24.836739305989664,24.86181640625,205400,-0.008637248141621135,0.32848830327104334,-1.8679275180213377
2018-04-16,24.947078415990433,24.947078415990433,24.405403919417214,24.711349487304688,199400,-0.006070517317443431,0.33019491245094984,-1.744438801878893
2018-04-17,24.806645660132325,25.077482935012892,24.60602694460829,25.062437057495117,316800,0.014107562129687586,0.33052332264707623,-0.7234185168423106
2018-04-18,25.077484130859375,25.102561232338193,24.80163218807196,25.077484130859375,563200,0.0006002033293769776,0.322415025940861,0.43400236842076273
2018-04-19,25.202872990743362,25.328260418558006,24.916989808386802,25.047391891479492,430700,-0.0012006909695577704,0.3218922697304034,-0.2927959582889006
2018-04-20,25.08249510849674,25.162742969419913,24.565899623382567,24.631101608276367,324700,-0.016759768589557432,0.3327335765666839,-0.9293543869983473
2018-04-23,24.60101148546978,24.60101148546978,24.18974089985863,24.275005340576172,171200,-0.01456270323175274,0.32835981753079474,-2.115747716523696
2018-04-24,24.33518713425023,24.485651633531425,24.00917912475772,24.069366455078125,281900,-0.008507303667606016,0.32508820522732357,-0.962410352516256
2018-04-25,24.004165086271662,24.004165086271662,23.38725928411224,23.572832107543945,360300,-0.020845063483890196,0.3163774624763972,-0.41235922924836427
2018-04-26,23.718280083104148,23.87375922832427,23.512644831958333,23.733325958251953,388900,0.006785351972954975,0.3042598990174686,-0.2100769596823011
2018-04-27,23.77345095532136,24.224844431226554,23.73834263763739,24.134565353393555,295600,0.01676484097354614,0.30200873430703884,-0.7289974005550892
2018-04-30,24.18973749516359,24.290047799958455,23.838652385011535,23.903854370117188,233600,-0.009605343324566055,0.3070543484360926,-1.124619833260785
2018-05-01,23.81357381447325,23.878775795546748,23.517659485920994,23.733325958251953,104300,-0.007159497648980191,0.3012020774803702,-2.3020147787060323
2018-05-02,23.71325944983844,23.828615603798035,23.537717892347636,23.698213577270508,257400,-0.0014805501883021796,0.2593975493354285,-0.578465304841944
2018-05-03,23.74335632325661,24.10948727364242,23.407317122081302,24.03425407409668,1274100,0.01408039706405364,0.2575540073445191,2.037339591546682
2018-05-04,24.06434774645762,24.249920548617716,23.928929135175473,24.074378967285156,724500,0.0016680957223652,0.2515004316509337,1.1018091137998038
2018-05-07,24.09946250915527,24.204787486128474,23.718285582045485,24.099462509155273,499400,0.0010413761231490538,0.25076081914068205,0.47328104810683097
2018-05-08,24.184721914542962,24.184721914542962,23.56279957924426,24.044286727905273,2583700,-0.0022921274841063927,0.24470435453992395,2.4833614448877435
2018-05-09,24.064343700062068,24.254933037218397,23.964033421913506,24.079389572143555,576500,0.001458859886144885,0.19543544523224957,0.48955652588226745
2018-05-10,24.1646592656398,24.275000787072806,23.959024011407276,24.169673919677734,250900,0.003742433381111906,0.16354278962720295,-0.5782939560989262
2018-05-11,24.17970650518624,24.189737727087895,23.738344221073074,23.858715057373047,530400,-0.012949141707834061,0.16102817294578384,0.48922282207591744
2018-05-14,23.96404244031378,24.2148172734297,23.9038570160788,24.129554748535156,335000,0.011287865473174391,0.1659775402902987,-0.1986624985832857
2018-05-15,23.948991576830547,24.184720483128334,23.718279237576404,24.074378967285156,1693700,-0.0022892656716397937,0.16515848592755067,1.8500647708827176
2018-05-16,24.019209226998647,24.074379987257686,23.32707026665224,23.44744300842285,1145300,-0.02638671280564261,0.17688876359582303,1.200896018614325
2018-05-17,23.372209358525602,23.42738011772917,22.725211862823212,22.730226516723633,634200,-0.031065845439663883,0.20077963690516207,0.42805653276399286
2018-05-18,22.705152016863693,22.840570646776598,22.539639720327916,22.594810485839844,334600,-0.005975347964638671,0.2004181265200442,-0.3797047791249347
2018-05-21,22.690103296594092,22.775365804783544,22.439328512611336,22.695117950439453,539400,0.004429577704149978,0.19805632423144756,0.20355341220667636
2018-05-22,22.795436608742246,23.26187803111582,22.795436608742246,23.041194915771484,640400,0.015133864052279377,0.20451906492107397,0.35837440566971085
2018-05-23,22.845580814843135,23.07127848704221,22.68007046407023,22.850597381591797,519400,-0.008306436533565963,0.20444569671549742,0.03838912913636723
2018-05-24,22.780380684826877,22.80044312692705,22.46440583141816,22.649978637695312,806600,-0.008818351832507594,0.19484889984240295,0.5843266088851595
2018-05-25,22.524591568008145,23.07629534086927,22.359081201453733,22.96595573425293,272200,0.01385402512468336,0.2002825981065449,-0.8558560405581485
2018-05-29,22.614872107407937,23.457475609589917,22.614872107407937,23.216732025146484,490800,0.010860292802044341,0.19443272762515645,-0.10053261545020939
2018-05-30,23.271903297046258,23.472521998501843,23.05623680586802,23.367197036743164,210300,0.006459976128449186,0.19431930526854346,-1.2344783950471299
2018-05-31,23.337108371631725,23.547760253551143,23.221752163090773,23.261877059936523,425300,-0.004517359949699189,0.1934917642718451,-0.4318795284209874
2018-06-01,23.43740761095597,23.848678042728263,23.43740761095597,23.698213577270508,360300,0.018583825927692574,0.20495001579835148,-0.7317457045480459
2018-06-04,23.853696898240134,24.109486322739524,23.853696898240134,24.0543155670166,175300,0.014914753096410747,0.20569130753185558,-1.6669164303028836
2018-06-05,23.908868529643268,24.109489135081546,23.79351235115722,23.833637237548828,296900,-0.009216509733688486,0.208047980478197,-0.7861923038983285
2018-06-06,23.868743620300336,23.898837282652874,23.68818547270458,23.753387451171875,449800,-0.00337276234332789,0.208203513310929,-0.1476567637500909
2018-06-07,23.698217754634534,23.698217754634534,23.211714047745986,23.28694725036621,802600,-0.019832150081144303,0.21851596012458788,0.9713583356974429
2018-06-08,23.322050269874367,23.457468855871216,22.94588816874736,23.19666290283203,418700,-0.0038845718208373884,0.21838084600536237,-0.1776742651238305
2018-06-11,23.221743133656272,23.45245546102907,23.066264001985736,23.291959762573242,139400,0.004099798520982589,0.21849815894903749,-1.9587384257673697
2018-06-12,23.29195964355965,23.783477956726603,23.171588826962655,23.61796760559082,217000,0.013899535127772719,0.22095750900523722,-1.1109932654539867
2018-06-13,23.99914187144071,23.99914187144071,23.527686048645872,23.873754501342773,238400,0.010771955943171535,0.2206181846496498,-0.9153558233057429
2018-06-14,23.96905506496032,23.96905506496032,23.56781578063965,23.56781578063965,313900,-0.012897674337021638,0.22472018943649352,-0.4030277939739443
2018-06-15,23.251838001116717,23.492581561292535,23.031154969344072,23.347131729125977,516400,-0.009407904769357206,0.2076098127422418,0.6462129876394123
2018-06-18,23.176601029719773,23.954002341675075,23.086321970188507,23.873754501342773,511200,0.02230557910637886,0.18914600008284188,0.6590422373891636
2018-06-19,23.597908207908972,23.763420493646407,23.352149976265967,23.39227294921875,394200,-0.020373965537952808,0.20317546548613774,0.10220836105986397
2018-06-20,23.562801800653542,23.678157987983504,23.17159369464237,23.35215187072754,432900,-0.0017166149117478424,0.2032322009900367,0.32304571643993446
2018-06-21,23.28192717190125,23.5377184916255,23.161556361774156,23.442424774169922,185800,0.0038582682823563703,0.19726870360288287,-1.3202158697714916
2018-06-22,23.66311215124039,23.858716204578087,23.482553974848656,23.5928955078125,314800,0.006398223550379578,0.1952614288528332,-0.17506939268825245
2018-06-25,23.49759223662746,23.73833766930166,23.407313177689492,23.552762985229492,148100,-0.001702491111987593,0.19204262083556317,-1.6343808701682687
2018-06-26,23.57784395733834,23.7584021049341,23.36719406064978,23.753387451171875,320100,0.008482012039007114,0.18868794024213706,0.01536924896649235
2018-06-27,23.658372271673606,24.05259361221357,23.274257489817032,23.58255958557129,239400,-0.007217711608429459,0.18790601961268877,-0.548915538592692
2018-06-28,23.57245121659503,24.254759610932734,23.54212768440005,24.209272384643555,234000,0.026228277942581563,0.20699115103990054,-0.6156171220022588
2018-06-29,24.340674145489857,24.37099959981265,23.89591045540386,24.148616790771484,454200,-0.002508613453393815,0.20634861067775515,0.8459298629523222
2018-07-02,23.951510649600227,24.118297787660847,23.703859474172678,23.956565856933594,210800,-0.007984667913752186,0.1995012907967689,-0.7827395716460829
2018-07-03,24.1486204330471,25.548613973500807,24.1486204330471,25.391937255859375,503400,0.05818925796091,0.27923950201601233,1.0155148736073312
2018-07-05,25.447534440715533,25.548617389222215,25.184721473793793,25.194828033447266,533200,-0.007792956075504993,0.27852458059709584,1.0496470766170336
2018-07-06,25.240316750635404,25.53851040589668,25.012882513094645,25.477861404418945,410300,0.011171158173336334,0.27912142797832273,0.5015199292958579
2018-07-09,25.54861550482278,25.573885758086362,24.86125381927161,24.967391967773438,251600,-0.020239242647059962,0.27955044294213227,-0.47945398906802894
2018-07-10,25.038152969559505,25.124072228339003,24.825878570697608,25.02298927307129,221800,0.0022243210329914768,0.27836573446384744,-0.7091023206092653
2018-07-11,24.911793488139537,25.017929696861604,24.421542531666393,24.90673828125,227100,-0.0046565926785351415,0.27982002939678174,-0.7670425165894028
2018-07-12,24.967392558200135,25.017933065922477,24.825875666183368,24.89663314819336,151000,-0.0004058011698917649,0.2772993358669203,-1.6775269656339138
2018-07-13,24.846094844963282,25.02804377370215,24.734903404512426,24.841041564941406,251000,-0.0022353922543320495,0.27607480793296896,-0.4440258609585704
2018-07-16,24.820822605705214,24.926958829657075,24.694469407287244,24.734901428222656,148900,-0.004281927583536551,0.271840276402669,-1.532427735832332
2018-07-17,24.65908524555404,24.775329931186725,24.598434335487646,24.679302215576172,171800,-0.002250334195817631,0.26907221424242406,-1.1005518770286336
2018-07-18,24.689417174113153,24.88652980690951,24.406387209477014,24.487253189086914,668700,-0.007812221199949921,0.261459592140733,1.932969371146515
2018-07-19,24.25475946430774,24.320461735664157,24.062702073581484,24.14356803894043,185000,-0.014134693328516827,0.2558024591408904,-0.8277590728342616
2018-07-20,24.44175706523617,24.44175706523617,24.03237210786194,24.148616790771484,360200,0.00020909187965923172,0.255583731031872,0.6733001395904958
2018-07-23,24.148620961145813,24.209271880265582,24.012159285121324,24.052593231201172,196200,-0.003984285313746602,0.25615272915341275,-0.6999113154607619
2018-07-24,24.239599512223712,24.254763208567095,24.012163347042907,24.03743553161621,375700,-0.0006303884808087447,0.2555200600630714,0.7384692316031933
2018-07-25,24.093027270989076,24.118299453407964,23.906025074669635,23.971729278564453,222300,-0.0027372396223421165,0.2556773780845283,-0.49638249946763185
2018-07-26,23.916137412202307,23.991950115670104,23.703864927287896,23.784730911254883,245300,-0.00783137285674252,0.25577856414089645,-0.2379917627011746
2018-07-27,23.9060205976518,24.113239729900503,23.79483111341846,23.93634605407715,83200,0.006354242720529844,0.25523130675509753,-2.264708433909087
2018-07-30,24.133458006573786,24.482192098349177,23.80999416585518,23.86053466796875,178400,-0.0031722341934345066,0.23792584246431592,-0.7054055886651563
2018-07-31,23.86053501741377,23.86053501741377,23.097362627541198,23.20349884033203,495500,-0.02792274558272439,0.2559752780940706,1.2902269907720967
2018-08-01,23.238874836276914,23.56233864357147,23.036710920716004,23.5168514251709,188100,0.013414166707338427,0.260264712048672,-0.5889570237220862
2018-08-02,22.591949732031036,23.329851865414547,22.591949732031036,22.95079231262207,405300,-0.024364786755448266,0.1631865558313279,0.9459846325067836
2018-08-03,22.95584674418832,23.779670086790308,22.95584674418832,23.703859329223633,203000,0.03228541644302524,0.20711296922091238,-0.3599944200338134
2018-08-06,23.668484411322652,23.77462064584949,23.33996529150492,23.370290756225586,199000,-0.01417228587580787,0.2039940781755793,-0.33976093750415404
2018-08-07,23.451155179829367,23.74934881516243,23.05187859679076,23.127689361572266,130000,-0.01043501655046168,0.19693264389857845,-1.1571683177513015
2018-08-08,23.223715099648192,23.284364086809944,23.09230671146844,23.20855140686035,318000,0.003490232527872344,0.19745613733795703,0.6796469696717162
2018-08-09,23.228774565212113,23.314695753905227,23.03166385844157,23.218666076660156,425600,0.0004357215662738569,0.19789524098659894,1.1776454714420133
2018-08-10,22.930578614786192,22.96090407741868,22.612169933130975,22.64754867553711,335100,-0.024904907620776816,0.21107406824136166,0.6303210315480937
2018-08-13,22.52119944031925,22.52119944031925,22.036001592716634,22.23311424255371,353700,-0.018468809779646277,0.21629750984834875,0.6975004717144503
2018-08-14,22.24321292057206,22.455487265164653,22.152240404885543,22.248268127441406,292300,0.000681358566957874,0.21726771906202388,0.25955970140540463
2018-08-15,22.051158333819032,22.20783504893018,21.702422310127062,21.934913635253906,1627100,-0.014184571306661778,0.2192574084331226,2.7896494706498967
2018-08-16,21.9804065347936,22.784013074123077,21.9804065347936,22.60206413269043,448100,0.02996163810528631,0.2512037060022994,0.7751369147088796
2018-08-17,22.546459252895335,22.551512531217714,22.33418493142547,22.506025314331055,281100,-0.004258170303882913,0.24840562953622694,-0.03444925337075173
2018-08-20,22.57678092776577,22.57678092776577,21.92480010984085,21.970287322998047,153800,-0.024092100827738133,0.25810024227096146,-0.9622593241909472
2018-08-21,22.071374041403352,22.713248470333113,22.071374041403352,22.531301498413086,513800,0.025214555845591412,0.2778980705866299,0.9384886067761954
2018-08-22,22.475709866379876,22.62733333449818,22.42011414487053,22.516141891479492,508900,-0.0006730507378479712,0.2778933109600682,0.8850355188205411
2018-08-23,22.480755830812832,22.480755830812832,22.035992131470437,22.046100616455078,524800,-0.021096725925444537,0.2847727846105611,0.8562890498463176
2018-08-24,21.985450887291925,22.60710823274545,21.985450887291925,22.506025314331055,1122600,0.02064732164543936,0.2967649442289865,1.777927042976293
2018-08-27,22.971005930303264,23.269199478740507,22.839597558180383,22.96089744567871,285600,0.020009592934208155,0.30561277822755245,-0.31738511091557653
2018-08-28,22.98617303158283,23.09736446027986,22.69303462137714,22.723358154296875,311600,-0.010399269025101973,0.30698996975542936,-0.22620507127043485
2018-08-29,22.687981691182866,22.687981691182866,22.268490043714106,22.293760299682617,263500,-0.01908655689410004,0.29913200947436525,-0.4564732444561079
2018-08-30,22.177506421159453,22.177506421159453,21.823717199714178,21.970287322998047,289400,-0.014615867842744403,0.2967956348831058,-0.34263617424172166
2018-08-31,21.99556552620158,21.99556552620158,21.54574843779667,21.91469955444336,394300,-0.0025333400891401525,0.2866788812363116,0.18915128984234547
2018-09-04,21.74790963981958,21.803505349838556,21.47498822481207,21.48004150390625,438300,-0.02003342234128541,0.2637526586403932,0.31426272467335375
2018-09-05,21.439605531919916,21.5255266923694,21.10603323134396,21.186899185180664,227000,-0.013741174153467702,0.26356155215660965,-0.8575966339373869
2018-09-06,21.146469326597973,21.439607716121408,21.116143867821087,21.17173957824707,297300,-0.0007157740675044313,0.2630330895906662,-0.4931882711241555
2018-09-07,21.171738953774494,21.191955925696107,20.792679406228768,20.908924102783203,208000,-0.012491195229449982,0.26296586080720863,-1.1128439750631618
2018-09-10,20.92408803872896,21.010007278398817,20.30242867689723,20.332754135131836,295000,-0.027942968457984513,0.2737704158662427,-0.4208980855770142
2018-09-11,20.21650983806698,20.29232252115838,19.817233306045967,19.822288513183594,677700,-0.02542610286298642,0.274221798178436,1.0461959254543014
2018-09-12,19.88293920082965,20.964522261052224,19.776802977835125,20.691598892211914,1016300,0.042920780194834966,0.3188510635134692,1.5793588704505575
2018-09-13,20.792672321498998,20.913972183701368,20.327693693714377,20.34285545349121,357400,-0.016998000396004496,0.3218520427566909,-0.21534645980067066
2018-09-14,20.44395063999014,20.45911240888106,20.19629748945508,20.297380447387695,157600,-0.0022379311573847904,0.31986657448150096,-1.585147367419939
2018-09-17,20.33275628470189,20.555137217942637,20.33275628470189,20.504596710205078,225700,0.010157255054227002,0.30037364552811424,-0.828237138589146
2018-09-18,20.565244360956157,20.747193261714134,20.489433604304775,20.620840072631836,244600,0.005653127655005184,0.3024862497153788,-0.6603668426927881
2018-09-19,20.67643485848437,21.04033264370617,20.61073066326453,20.974628448486328,252900,0.01701131974930409,0.3018807587962328,-0.677199190372986
2018-09-20,21.146474033055874,21.62156142498506,21.010012330183258,21.52553367614746,287600,0.025926305144364028,0.30270436542327334,-0.37419508949459956
2018-09-21,21.52047622454823,21.586178495124404,21.166686907305472,21.2475528717041,436800,-0.012998113562909506,0.30493681972104897,0.4732901242049882
2018-09-24,21.26271261338641,21.29809134894307,21.08581893560309,21.141414642333984,162200,-0.005007833755309673,0.29775634878400253,-1.35399685392098
2018-09-25,21.16163099033539,21.35368837233986,21.11109048727997,21.252605438232422,207300,0.005245600707389137,0.2876060824323238,-0.8478940661869928
2018-09-26,21.275028386418377,21.595988423447743,20.913312598975494,20.948974609375,226100,-0.01438979620215722,0.2778597076401638,-0.6188794040513469
2018-09-27,20.979540256950397,21.285215148855393,20.775755700058024,21.183324813842773,221400,0.0111246062779185,0.2819456091103258,-0.623271804873779
2018-09-28,20.959157042382355,21.295400130741257,20.954063304067244,21.2546443939209,300200,0.003361124415323837,0.2768277858289872,0.04241672392477249
2018-10-01,21.305593686439366,21.764107961128005,21.264837941707896,21.595985412597656,183100,0.015932005684369022,0.27987500155321643,-0.9875242862000766
2018-10-02,21.626548041112663,21.835426279924096,21.550128367441125,21.646926879882812,223400,0.0023560619833094183,0.28000994959921294,-0.49846120259401305
2018-10-03,21.83542920932642,21.88637436965347,21.61636152174018,21.753915786743164,252500,0.004930278630891904,0.2713841663007694,-0.17720702461315357
2018-10-04,21.692781241305582,21.692781241305582,21.213888182338,21.59088897705078,203800,-0.007522358415561382,0.26807734988825893,-0.6425553043543448
2018-10-05,21.61126493491886,21.733536035391662,21.361630938960324,21.509374618530273,353000,-0.003782550217117378,0.268520307744372,0.5603820716907489
2018-10-08,21.509372918668426,21.728440579770997,21.137467851628333,21.42276382446289,209200,-0.004034782086640426,0.2648373840355102,-0.5989411824142883
2018-10-09,21.31577857933261,21.39729199490922,20.948967237521277,21.23935890197754,305100,-0.00859807438741506,0.24585360921354865,0.2332317062753675
2018-10-10,21.24445339924569,21.24445339924569,20.373278454445245,20.378372192382812,291500,-0.0413818605886177,0.2730526189839897,0.24848460454862115
2018-10-11,20.37837631276505,20.459889740278772,20.098174027151213,20.342714309692383,1266800,-0.001751323202172786,0.2273115143461337,3.540628246345513
2018-10-12,20.60253725646107,20.94387606206583,20.4395104053593,20.464982986450195,584500,0.00599244999068499,0.2205321864134633,1.624990884921453
2018-10-15,20.454787162385184,20.63819083746358,20.286664697605943,20.485353469848633,189100,0.000994887311873633,0.22035045029559605,-0.8166613859086975
2018-10-16,20.65857500700209,21.183319427366648,20.56177843598002,21.147655487060547,867300,0.03181888176490168,0.24390568708384835,2.0819171945732737
2018-10-17,21.066146359878296,21.295403488873653,20.775754644295333,20.836891174316406,112400,-0.014804017811351832,0.24971119314781504,-1.647027979429165
2018-10-18,20.505736597328657,20.85216907295692,20.17968295989805,20.200061798095703,311800,-0.031039366146661956,0.26469693648571124,0.1564699880587332
2018-10-19,20.28667318602243,20.475172620172334,19.87401037170503,20.0268497467041,156700,-0.008611803155376298,0.24546750717927068,-0.9937186013703316
2018-10-22,20.174590921833946,20.301955768419848,19.817970906140076,19.93514633178711,158500,-0.004589539306589738,0.24305693358791397,-0.8859831439066154
2018-10-23,19.410398910926123,19.90967074436329,19.257561506791475,19.777210235595703,314200,-0.007954044661078906,0.2435718122655804,0.24839375071381126
2018-10-24,19.731359735099478,19.8128731506472,19.074156729064846,19.318696975708008,548400,-0.02345689440273301,0.25124011618919095,1.1167039077765486
2018-10-25,19.410404326195753,19.553054294161015,18.717541104589298,18.895851135253906,464800,-0.022131000873312608,0.256440205271202,0.7656974770042718
2018-10-26,18.671685099162694,18.880563345352616,18.29977808048573,18.865278244018555,259700,-0.0016192787884396177,0.25012084944193796,-0.23453557311592516
2018-10-29,19.058875733102127,19.384929432282096,19.018119992421305,19.09453773498535,324200,0.01207920916368462,0.2557798726545712,0.1368640499165828
2018-10-30,19.104725666074952,19.1098194044753,18.6156451554474,18.75829315185547,505900,-0.017766355628035996,0.24736003944716609,0.8126034759447867
2018-10-31,18.86018708213047,18.93151108665516,18.615646805145797,18.819429397583008,918500,0.00325385869713558,0.24779373478003908,1.6076531832524372
2018-11-01,19.145481718020182,19.991184091144653,18.956980374881617,19.751737594604492,477600,0.04835165219140753,0.3109902657308649,0.5133980670702079
2018-11-02,19.97590378634115,20.312146932445305,19.665133223053438,19.833255767822266,238600,0.004118646058913574,0.3122229195550547,-0.6114808436249385
2018-11-05,19.843443220573405,19.86891580086221,19.553051529727778,19.807781219482422,81600,-0.0012852616269740662,0.3123690194797633,-1.9836759121594503
2018-11-06,19.787394966844253,19.930042917781822,19.75682671588653,19.884191513061523,317200,0.003850168319163032,0.3135260052160097,-0.06531432906540047
2018-11-07,19.9351432541442,20.7451836311116,19.9351432541442,20.592344284057617,405800,0.034994350323360346,0.3399346969719652,0.27164536991956245
2018-11-08,20.35799612559273,20.969347763288898,20.35799612559273,20.78594207763672,375100,0.009357526532472066,0.3089026973739244,0.140494969214735
2018-11-09,20.673861579802477,21.005008994829797,20.37837422075361,20.617820739746094,328500,-0.00812111027840941,0.3103872642738727,0.04606926329033182
2018-11-12,20.622913283154546,20.622913283154546,19.868913713890667,19.894386291503906,154800,-0.0357181902497484,0.3340527319516917,-1.0578062599490647
2018-11-13,19.96571293236763,20.149118624983753,19.833254345163407,19.87401008605957,288300,-0.0010247437203134747,0.3339476120036144,-0.09538949857758344
2018-11-14,20.11855262693521,20.419133751655995,20.062511781802513,20.40384864807129,379600,0.026310689966166097,0.327518188957804,0.4483934333755097
2018-11-15,20.33761321890928,21.483896581671136,20.33761321890928,21.473709106445312,406500,0.051105812330386975,0.3709999336935918,0.49664042598811425
2018-11-16,21.315783432573344,21.906756315916542,21.315783432573344,21.7742977142334,382400,0.013900915683055912,0.3536963268570974,0.3616247564286893
2018-11-19,21.33106246724712,21.702967560004282,21.290306729780966,21.407482147216797,223400,-0.016989776320953224,0.3584912958070369,-0.7056375064923739
2018-11-20,21.14256252561842,21.27502109837918,20.86236027842336,20.98972511291504,296200,-0.019707456318567265,0.36635575963573425,-0.22533723280394485
2018-11-21,21.117094291529025,21.38710717429872,21.091621708077202,21.24445915222168,391800,0.0120630779431704,0.3657516452705487,0.3256318526568606
2018-11-23,20.979537490665553,21.162943178998773,20.65348379737685,20.750280380249023,120300,-0.023536356705957065,0.36582528233030615,-1.8146529120556651
2018-11-26,20.775754497687405,21.346350446590105,20.775754497687405,21.325971603393555,351400,0.027365895159879545,0.3624595782781063,0.2636354199305343
2018-11-27,21.055957175282167,21.52465887352635,20.719712117715716,20.750280380249023,428500,-0.027365895159879552,0.3796315434299338,0.5979035796522051
2018-11-28,20.78594440323316,20.78594440323316,20.444607517194317,20.612728118896484,329000,-0.006651004044680538,0.3804853736418799,0.0877661386326508
2018-11-29,20.480269908341082,21.020295671778285,20.480269908341082,20.816513061523438,387100,0.009837814084323123,0.37285386289422423,0.4329560532598518
2018-11-30,20.719711735866106,20.857265999580996,20.138928362469866,20.383468627929688,520700,-0.021022357972314328,0.3835809312710483,1.176410700063916
2018-12-03,20.755375598137586,21.534847812685463,20.755375598137586,21.249549865722656,329400,0.041611501402642276,0.3743161582366886,0.2309781357159665
2018-12-04,21.19860222114545,21.402384779288425,20.974438880725227,21.15784454345703,235900,-0.0043249752309488035,0.37527640068181917,-0.5071229406262546
2018-12-06,20.750279828292495,21.14256377491864,20.419132405106737,21.03557777404785,387100,-0.0057955531892183165,0.3762611904827161,0.5579785003388372
2018-12-07,21.132374299692923,21.534847665851593,20.816510036467516,20.821603775024414,381300,-0.010224093215559709,0.37894547614047014,0.48563461285530124
2018-12-10,20.6280113993248,20.806321407095332,20.561781134967177,20.663673400878906,300000,-0.007613840274845206,0.36078547806172045,-0.16696344323745316
2018-12-11,20.938782548284482,21.142567104983048,20.862364797097694,20.969350814819336,319200,0.014684636183184682,0.36296112422493465,0.03677065951500074
2018-12-12,21.254648376398062,21.254648376398062,20.872553797877583,20.95406723022461,213000,-0.0007291192361933516,0.36167079533782215,-1.0585770914925205
2018-12-13,21.025388851273217,21.025388851273217,20.6738625786179,20.724807739257812,392500,-0.01100134316938489,0.3397196306136806,0.6182669854700502
2018-12-14,20.582159685767238,20.67895626812617,20.32742999630692,20.510833740234375,182400,-0.010378202539637232,0.3422861546233369,-1.6173914569908883
2018-12-17,20.429319897803012,20.694239002613298,20.093076792357888,20.144023895263672,346800,-0.018045558160272205,0.3362125095079448,0.2899814418468175
2018-12-18,20.235727347840946,20.419133036971022,20.042132237822162,20.07270050048828,322500,-0.0035469556818962258,0.278668219955484,0.10905166097543116
2018-12-19,20.149113118907913,20.35289759800134,19.609087553146132,19.675315856933594,264100,-0.01999585994754309,0.2771738900943132,-0.4410557636436406
2018-12-20,19.660034803609896,19.660034803609896,18.824521848157758,18.911128997802734,543500,-0.039614263261867066,0.29983706701953583,1.5451291865565089
2018-12-21,18.717541145556698,18.941702605087624,18.26921628306126,18.518850326538086,486000,-0.020961434741963412,0.3005949436806469,1.1159605314474579
2018-12-24,18.39657415384019,18.56469469872878,18.17750651699079,18.447519302368164,121300,-0.003859243599966172,0.29354103004036025,-2.256812714008016
2018-12-26,18.452621141131832,19.27794487198861,18.095999152128645,19.24228286743164,173100,0.04218018406192782,0.33188115765683035,-1.5737559342034602
2018-12-27,18.95142901156567,19.470434188842773,18.802407004929748,19.470434188842773,201000,0.011787029185909164,0.31765312057805944,-1.076945566794724
2018-12-28,19.4909977847974,19.506413185169603,19.033655944762096,19.46016502380371,379100,-0.0005275626620154283,0.3065460114983309,0.5725032696361277
2018-12-31,19.480714054473285,19.768480518918135,19.449881303202837,19.57834815979004,90500,0.006054713020208988,0.3078259794565464,-2.465949933200859
2019-01-02,19.383082198364534,20.220684789129244,19.285446121469448,20.21040916442871,151600,0.0317735069563172,0.3276038584476574,-1.227051802057035
2019-01-03,20.10762944372275,20.11790702569155,19.670841031166262,20.087074279785156,182700,-0.006121239303829913,0.32034842373298494,-0.7606033198143574
2019-01-04,20.29262366386668,21.006899007200506,20.29262366386668,20.95551109313965,195200,0.04232513356356173,0.32154329288960504,-0.5636350671547408
2019-01-07,20.93495854880586,21.233000618775876,20.811629511414043,20.909263610839844,173500,-0.0022093753729375267,0.32132319411179217,-0.7735092722178634
2019-01-08,21.114810921593087,21.56187499753658,20.652329491135326,21.340911865234375,221900,0.020433679550749893,0.3287027956015973,-0.20107204144827392
2019-01-09,21.46937630198501,22.17337595159002,21.428267935140326,22.137405395507812,394000,0.036642754314646885,0.3485942755147463,1.033822492498607
2019-01-10,22.111714443275606,22.28129163270258,21.87533590066404,22.2607364654541,355700,0.005555700396581305,0.34656022402405107,0.7869879956174153
2019-01-11,22.106579873045945,22.35323603544861,21.978112999279002,22.342958450317383,401800,0.003686783265429768,0.344192019724697,1.0041095407591472
2019-01-14,22.096299542288804,22.43545196848143,22.003803247850026,22.404619216918945,169500,0.002755939375635389,0.3439251527750781,-0.7680696217540398
2019-01-15,22.399474427835678,22.661545873612994,22.322393553063957,22.35836410522461,146200,-0.0020666686947506804,0.34065791212135255,-0.9757077300467508
2019-01-16,22.502257183721124,22.574198316526996,22.409760881471048,22.491979598999023,152700,0.00595829944801961,0.3368836145280683,-0.8576595399142783
2019-01-17,22.332677841186523,22.5330858234865,22.116854463401523,22.332677841186523,1267500,-0.007107803498396726,0.32976057149413357,2.6761164667858948
2019-01-18,22.399479877037642,22.63585840881173,22.35323173297327,22.59988784790039,124100,0.011893963886151715,0.3291075587228588,-1.0311389386133984
2019-01-22,22.558778173659878,22.877375392023286,22.286427136443397,22.46628189086914,377200,-0.005929341199329963,0.3187419800596818,0.7110165845994113
2019-01-23,22.666685644063413,22.764319719892594,22.28642300090331,22.35836410522461,386900,-0.004815118636444522,0.2754080349017867,0.799148555667276
2019-01-24,22.353230314371245,22.646134554774168,22.229901284610236,22.43031120300293,401500,0.003212738897403293,0.25541190077927733,0.8883383805281605
2019-01-25,22.543364399998705,22.610167717123492,22.219629319064445,22.394344329833984,257100,-0.0016047811393198712,0.2540837775954058,0.09603692013510683
2019-01-28,22.152822678449425,22.39434097010983,22.101434765198036,22.27614974975586,348200,-0.005291853530491046,0.22844323425838434,0.5568581757940488
2019-01-29,22.435453840697384,22.51767255814307,22.157964934224882,22.317264556884766,239500,0.001843986131959177,0.22839907753624358,-0.09626954223682989
2019-01-30,22.41490003227872,22.507396340052484,22.09116491531952,22.399484634399414,339000,0.0036773768960164,0.22723078405694383,0.5107626480558433
2019-01-31,22.481697257232575,23.031535181903873,22.481697257232575,22.91848373413086,559900,0.022905783748450523,0.2340255374483444,1.2807913500474588
2019-02-01,22.820854894853255,23.16514712859579,22.76432915795158,23.12403678894043,267900,0.008928895208974023,0.21692654607509188,-0.09788243599909631
2019-02-04,22.92362908871346,23.915393503231023,22.92362908871346,23.894838333129883,281900,0.03278983612676122,0.23007681092927382,-0.04239242160501962
2019-02-05,23.951362975737965,24.151770974439245,23.84345127801402,24.059274673461914,279000,0.006858097231837991,0.19387948678157957,-0.09540106203172716
2019-02-06,23.905113918019463,24.12093730527658,23.797202224390904,24.033580780029297,201600,-0.001068511970642356,0.19326734197008555,-0.7409712485089115
2019-02-07,24.115793881018245,24.177457411562827,23.62248171616502,23.84344482421875,311700,-0.007942722130267957,0.19273067253180337,0.07375667555797842
2019-02-08,23.843444682224085,23.925663375876653,23.51456794736553,23.720115661621094,129900,-0.005185879178607869,0.15837295959716605,-1.457655688397614
2019-02-11,23.637901343860204,23.653316739196196,23.401522800881274,23.411800384521484,136500,-0.013083265050908895,0.1678866694961874,-1.2341515644717036
2019-02-12,22.903072654565797,23.601932717442413,22.903072654565797,23.324443817138672,220900,-0.003738283664307602,0.16913568935715437,-0.32489270354970423
2019-02-13,23.391244928226545,23.458048240938197,22.985289200572954,23.07778549194336,245700,-0.010631413710806132,0.17469523928731534,-0.16721587688341394
2019-02-14,22.95959957236554,23.36041558662854,22.820855115063214,23.283336639404297,314500,0.008867451213957791,0.17605457433526767,0.22685290851102363
2019-02-15,23.452912959047612,23.540271455510236,23.288475511852194,23.432357788085938,209700,0.006379939589155995,0.17618213517404976,-0.5871008964711231
2019-02-19,23.278191805924482,23.442629209884995,23.052090865540897,23.237083435058594,294000,-0.00836845213967892,0.17705078584086595,0.27912616062130075
2019-02-20,23.365553315780144,23.740676314827958,23.29874999916242,23.560821533203125,262000,0.013835801528446533,0.17855460492980557,-0.13030065404934565
2019-02-21,23.545407821538785,23.694429861481797,23.185700192805225,23.663597106933594,215900,0.004352652248639302,0.1763527039311442,-0.6295038705268362
2019-02-22,24.12607783939522,24.845491113220024,24.002748785461613,24.42411994934082,850500,0.031633286292052386,0.20086922183212674,2.70991217825849
2019-02-25,24.732437262291075,24.91229005911206,24.603970418776523,24.768407821655273,485200,0.013997796392872785,0.203650984893835,1.3000861805391775
2019-02-26,24.65022362609461,24.93285034785239,24.65022362609461,24.90201759338379,353200,0.0053798650954564806,0.20235019951859418,0.513472313557516
2019-02-27,24.937982761326303,25.092144540046007,24.675911265950003,24.92256736755371,265900,0.0008248849579486502,0.1994988763316778,-0.12192966621024602
2019-02-28,24.845490824158382,25.112702137698353,24.799242674502448,24.84035301208496,380000,-0.0033042445918812164,0.20142525512629783,0.6617514922017952
2019-03-01,24.948267618074457,24.948267618074457,24.347043562663494,24.63994789123535,290900,-0.008100444541566387,0.2065407953470831,0.05484902905769056
2019-03-04,24.727297618914044,24.819793903543584,24.537167238397082,24.804378509521484,459900,0.006651166531287365,0.19572059576191436,1.1893099032514394
2019-03-05,24.912291485240125,25.117839230729572,24.670773178327313,25.02534294128418,203100,0.008868838664195697,0.1957007423202412,-0.7483493441662137
2019-03-06,25.030478776092117,25.626564838638863,24.896874124249067,25.164085388183594,542100,0.0055287659147291186,0.16515365580102107,1.4371611522638066
2019-03-07,25.061313248728247,25.287414198276398,24.804379549594575,24.953401565551758,367100,-0.00840764677216313,0.16846975370628955,0.5248052633720685
2019-03-08,24.804379947192015,24.840350508827427,24.167183500617313,24.34703826904297,170200,-0.0245999377279832,0.1915484147936907,-1.1565225685465879
2019-03-11,24.41897887845126,24.97909441816405,24.41897887845126,24.8300724029541,284500,0.019645304993036197,0.19968242887932622,-0.0178170026959726
2019-03-12,24.989372379860814,25.164087375452272,24.783824634371367,25.02534294128418,283300,0.007833513592381014,0.19892771312232488,-0.11860479914727322
2019-03-13,25.087004282176867,25.73961606262433,25.081866471101776,25.71906089782715,647500,0.027343357121853686,0.20798273520807695,1.7155999199821899
2019-03-14,25.73962702070222,26.10447253005928,25.390196911381604,26.099334716796875,463700,0.014677438049220845,0.20860132868681772,0.8181425947174099
2019-03-15,26.20724097495603,26.479590106827906,26.094189504255024,26.25862693786621,882200,0.006084756071776948,0.2003356837724619,2.019527703826372
2019-03-18,26.381959386495296,26.72624969482422,26.05308447697242,26.72624969482422,540200,0.017651636785817347,0.204113060069715,0.8654963011258578
2019-03-19,26.80845533867942,27.24010393682986,26.546383885631855,27.111637115478516,688500,0.014316832485732362,0.20586560287686392,1.2610599411704353
2019-03-20,27.06025705744896,27.378854294835204,26.92151262497869,27.322328567504883,598600,0.007741214572439483,0.19818727331842093,0.8764553029268825
2019-03-21,27.204134776864933,28.087987180305934,27.204134776864933,28.046878814697266,353000,0.02617308943254185,0.20738501670091716,-0.2822268476057478
2019-03-22,27.692318291114805,27.831062746483543,26.51556128688465,26.70055389404297,398400,-0.04919304328791874,0.2876457839524507,-0.08752142911050052
2019-03-25,26.705687758827846,27.008869584546108,26.44361430324593,26.577220916748047,138600,-0.004629817894556314,0.27361864890726967,-2.1545225905536074
2019-03-26,26.613191405553493,27.116781189948938,26.613191405553493,26.715965270996094,270200,0.005206844538060532,0.27126518762852353,-0.6649141281741436
2019-03-27,26.669723687141374,26.81874377041351,26.001694377632905,26.042804718017578,575000,-0.025519817324311307,0.28924000516349446,0.8749251626004706
2019-03-28,26.083905062305313,26.340838729807427,26.04793450567488,26.160985946655273,478900,0.0045276953656465425,0.28931341193630533,0.4391653903632294
2019-03-29,26.381951775647604,26.381951775647604,26.06335454398958,26.238069534301758,298200,0.0029421768214906076,0.28859458611747635,-0.5296898380026982
2019-04-01,26.53097856752595,26.80846551721142,26.150715769440122,26.26376724243164,187400,0.0009789261389590896,0.2860528714909224,-1.392721893813753
2019-04-02,26.24835344577874,26.654307290344217,26.078776225951557,26.59264373779297,288100,0.012444308397966378,0.28767392172434836,-0.4880176427706779
2019-04-03,26.798185854394486,27.1167830954306,26.602915692356866,26.942068099975586,375700,0.013054308594743897,0.28905413105320243,-0.01777230045385025
2019-04-04,26.88040380095189,27.476489893264645,26.64916308405286,27.440519332885742,508000,0.018331793879892665,0.2935459876643472,0.6164285969953983
2019-04-05,27.601873791974448,28.2276625867885,27.44154938389182,28.09836769104004,353800,0.02369075656145936,0.29731529125763007,-0.1326978562120073
2019-04-08,28.08286424919446,28.651763243388285,27.94839836206325,28.60521697998047,245100,0.017877627712589616,0.278684959970886,-0.9818682890528032
2019-04-09,28.53797888776711,28.553493649012093,28.269045179843644,28.40351104736328,378700,-0.007076347124129921,0.2795949944978478,-0.05928847291346342
2019-04-10,28.47591415238803,28.646582422454777,28.36213399042091,28.39833641052246,183100,-0.00018219959690471413,0.2804556427595509,-1.5390567014997327
2019-04-11,28.31559387048983,28.331108633068474,27.689806789949333,28.020801544189453,431500,-0.01338341971222903,0.27690429366900227,0.3117726856851818
2019-04-12,28.191465749357015,28.191465749357015,27.772551437610687,27.81392478942871,213900,-0.007410359646663048,0.27682610492675486,-1.0990370892570587
2019-04-15,27.70531217014721,28.175945546868597,27.00194756913861,27.141586303710938,278600,-0.02446968537881666,0.2923754286950741,-0.46967242922110614
2019-04-16,27.20882397069674,27.260541150855143,26.5468345948262,26.924375534057617,430100,-0.008035071638632367,0.2880876786024188,0.5784991190063079
2019-04-17,27.72600582739059,27.72600582739059,27.022641074199722,27.353635787963867,167200,0.01581742562655223,0.2890495155910113,-1.5331590301769704
2019-04-18,27.260544459371133,27.50879050545133,27.151937184126833,27.451902389526367,166800,0.00358601375463685,0.28808076951285555,-1.4091708980751558
2019-04-22,27.42086888275115,27.813924600328413,27.27088629105186,27.746692657470703,369600,0.01068118021293099,0.27521010682427993,0.5313038283360187
2019-04-23,27.68979533517924,27.82426115863156,27.193303409208838,27.58635902404785,254600,-0.005795237286972378,0.2123739604097435,-0.32995507366792637
2019-04-24,27.47258094586,27.47258094586,26.851965005388667,27.141586303710938,399500,-0.016254310668515237,0.2203083265068114,0.7141641289782328
2019-04-25,27.131250381469727,27.27606205927558,26.98644067654814,27.131250381469727,225700,-0.00038088749354024096,0.2198138915634563,-0.7831899562202828
2019-04-26,27.338120221733128,27.338120221733128,26.99160878461382,27.23985481262207,222100,0.003994937208070148,0.19810189589911437,-0.7541607890919976
2019-04-29,27.317428880907457,27.37948988633128,26.738188226889573,26.867483139038086,352200,-0.013764401160784971,0.20532639522389357,0.6178135456618878
2019-04-30,26.47960554333501,26.748539269873202,26.045174442447824,26.231359481811523,698900,-0.023961128365254575,0.22295735642040562,2.1862716980237304
2019-05-01,26.27790617438687,26.448574481357877,25.921050852101786,25.926223754882812,157100,-0.011700665146527765,0.22654483766608438,-1.5663856644748253
2019-05-02,25.858982578541838,25.962418903432766,25.33145909719353,25.476268768310547,357100,-0.017507574344929958,0.22853930292289876,0.44551806510243214
2019-05-03,25.626258486956992,25.63143138973016,25.02115907286389,25.134937286376953,542900,-0.013488580246609443,0.22491490474331982,1.3759087564998804
2019-05-06,24.348827854895962,25.083222281939303,24.348827854895962,24.979785919189453,372300,-0.006191867497674799,0.21078765742579503,0.5360029952999936
2019-05-07,24.881510755331142,24.881510755331142,24.431565057842214,24.55051612854004,453400,-0.017334056986892252,0.1884421201100366,0.9685864026914325
2019-05-08,24.752217148691905,25.181475211204738,24.747044247631102,25.088382720947266,337500,0.021672021606114127,0.19495443602494966,0.22644542022710812
2019-05-09,24.912545224337652,25.491787909333134,24.85048421268956,25.23836898803711,456000,0.005960516268292164,0.19943480558432705,0.9150567094852867
2019-05-10,25.336632816149876,25.95724683975536,25.279742736979806,25.807266235351562,334400,0.022290673844709254,0.22117312696510505,0.1169444012618938
2019-05-13,25.352150450119723,25.584881721808294,24.591895620231757,24.67981719970703,517300,-0.04467029711368441,0.2600458230335532,1.1495859475808408
2019-05-14,24.819448846655245,24.840134530409074,24.59188856941137,24.659122467041016,263900,-0.0008388803658693927,0.26060711007521153,-0.5135104874084458
2019-05-15,24.457432869938188,24.9694397598889,24.457432869938188,24.63327407836914,195600,-0.0010487780206571594,0.2518728339263301,-1.171035148383687
2019-05-16,24.75222206554941,24.907375589170805,24.37468110134652,24.462600708007812,265800,-0.006952684258302509,0.2517156468880295,-0.38820259922459727
2019-05-17,24.059201658717097,24.193667522585148,23.79543888741004,23.862672805786133,238400,-0.024830018790112693,0.24961621460002698,-0.7258384136266343
2019-05-20,23.805781057065122,24.074714738911393,23.629939879430406,23.707517623901367,182300,-0.0065232335910631965,0.24691043278735147,-1.4403006515193164
2019-05-21,23.805782160989214,23.95059382585796,23.598911454280284,23.883359909057617,239900,0.007389781171656337,0.24419180129014384,-0.6747194970444516
2019-05-22,23.723028182983402,23.85232308561797,23.60925001022586,23.7230281829834,122800,-0.006735748654380247,0.2441482838412945,-2.0435400070918184
2019-05-23,23.516161269269997,23.604080870085365,23.350663925360156,23.361005783081055,191700,-0.015378016866293658,0.24375667144654786,-0.9396304215792408
2019-05-24,23.319637141732596,23.774755915814183,23.319637141732596,23.542024612426758,128200,0.007718892642821595,0.2481628439411301,-1.6619834965374065
2019-05-28,23.54202340234687,23.54202340234687,23.097248483820348,23.226543426513672,354900,-0.013491367573229171,0.24600022259948978,0.4229721081796736
2019-05-29,23.211020627067178,24.162631154676237,23.11792814273385,24.048851013183594,299900,0.03479148260558654,0.28504890830499025,0.08624641961748601
2019-05-30,24.033348080804224,24.452262493520276,24.017831343858948,24.178157806396484,406200,0.005362435126571808,0.27886389131441375,0.8462394860183322
2019-05-31,23.87818581383182,24.35916309290055,23.619595963703855,24.29193115234375,243600,0.004694588243886724,0.27885487932659603,-0.3871812167212585
2019-06-03,24.426402814746986,24.426402814746986,23.65063307989118,23.857505798339844,330400,-0.01804536751158083,0.2792109677347594,0.3514485353853619
2019-06-04,24.09539819555973,24.98494775928491,24.09539819555973,24.96426010131836,738900,0.045346329723904774,0.322697269607712,2.1048516361922394
2019-06-05,25.041845077243313,25.041845077243313,24.581555368915495,24.61775779724121,209100,-0.013977161875728976,0.32559481165539195,-0.6679198058759948
2019-06-06,24.467772538264544,24.95909167939562,24.39019479341016,24.938405990600586,159000,0.01294098024233132,0.32298081352886915,-1.1625205146678719
2019-06-07,25.14527279531391,25.357316362481775,24.99011930251269,25.088382720947266,111000,0.005995874751141248,0.31464122929846394,-1.7091283935979622
2019-06-10,25.207336319635104,25.553845728673668,25.15044624402967,25.212507247924805,154600,0.004935291562319228,0.3144164790777489,-0.9345680425784514
2019-06-11,25.424554567042428,25.84347084406721,25.383181215975554,25.796924591064453,223700,0.022915092171977763,0.31498241327173016,-0.12142927612518196
2019-06-12,25.884847080064077,26.117578371016318,25.398698806762695,25.398698806762695,348100,-0.01555733829365526,0.2768148941156931,0.9058362144224519
2019-06-13,25.321116032555373,25.600393526334788,25.321116032555373,25.445240020751953,144400,0.0018307482882573976,0.2767012690463736,-0.9800339716256181
2019-06-14,25.336631480390178,25.336631480390178,24.74704503243407,25.129758834838867,163700,-0.012475938114471107,0.2808253700772237,-0.6800436428661797
2019-06-17,25.09355948879886,25.212510584039013,24.82462580582303,24.86600112915039,167000,-0.010551300865710598,0.2823738035803775,-0.5855333326682244
2019-06-18,24.922885938567124,25.703828293427588,24.922885938567124,25.652109146118164,620900,0.031124342214930403,0.2849488690260836,1.929742160507632
2019-06-19,25.76589452435635,26.272730433506347,25.626255757618473,26.252042770385742,494400,0.023118009678960747,0.29033508991682466,1.3362800295521173
2019-06-20,26.495116117861393,26.5675209610843,26.20032384309156,26.46408462524414,375000,0.008044710751673888,0.2904159928364927,0.7720961475973354
2019-06-21,26.205496235488265,26.34513500073777,25.993452622972534,26.262386322021484,579300,-0.007650778952422882,0.2908942763365773,1.4142233756216813
2019-06-24,26.314111801910787,26.77440156117177,26.148614404713232,26.67096519470215,153600,0.015437790183319476,0.2833945541036906,-0.9461593216289369
2019-06-25,26.500299061768864,26.81577714494685,26.39168978289407,26.51581382751465,252100,-0.005834224599747912,0.28641836937371407,-0.12879025765707647
2019-06-26,26.59076835596857,26.83543538226084,26.59076835596857,26.75735092163086,338800,0.009067933182950925,0.2779434332066638,0.42457644740376405
2019-06-27,26.89789839479203,26.98119164810589,26.455413908574677,26.491853713989258,177900,-0.009971957686139427,0.26391884681742667,-0.7176362771188585
2019-06-28,26.575153033410015,26.78858709514339,26.4814500808616,26.569948196411133,216400,0.002943531353888294,0.26396463994466507,-0.3074004694438466
2019-07-01,27.017636169258523,27.017636169258523,26.54912146669442,26.611589431762695,147200,0.0015660037568928226,0.26415679497896766,-0.956753961028944
2019-07-02,26.606387050319416,26.606387050319416,26.262810232011926,26.34089469909668,221200,-0.010224150770459111,0.25709968070913114,-0.18288915281121934
2019-07-03,26.34089350619267,26.45021493247405,26.10663812972618,26.320072174072266,96100,-0.0007908144246474622,0.21072281443002963,-1.6053083075072487
2019-07-05,26.351306522623112,26.622003712342007,26.205547261167165,26.55432891845703,134500,0.008860933543908512,0.20290272363000603,-0.9004038580308622
2019-07-08,26.491859582535756,26.622002340937538,26.28363236058544,26.320072174072266,155800,-0.008860933543908612,0.20431507195516646,-0.6217428316405211
2019-07-09,26.137859950027785,26.44499680802479,25.85675123542306,26.392940521240234,112800,0.0027647212654821895,0.20393822069307677,-1.2314009580386234
2019-07-10,26.46061989807078,26.679258723685734,26.450208241733826,26.616790771484375,114600,0.0084456787603811,0.20484559886265485,-1.145967177732496
2019-07-11,26.58035035835281,26.934338722419202,26.569938702254344,26.918720245361328,99800,0.011279715814515943,0.1939694011804089,-1.2715828088947791
2019-07-12,26.89270378091468,26.96558341944439,26.752149341255432,26.783384323120117,185200,-0.005040257168201844,0.185178442499074,-0.13731677636495385
2019-07-15,26.871877752922718,27.20504291596876,26.67406217850226,27.048871994018555,185600,0.009863596345802923,0.18688037103157784,-0.15618964741971933
2019-07-16,27.069689454914947,27.501764297485355,26.87187193748388,27.50176429748535,190500,0.016604855239459815,0.18383955955900907,-0.12254097680145766
2019-07-17,27.444507439669373,27.600678363469925,27.25189471402169,27.371627807617188,200800,-0.00474316344791296,0.17896592040294887,-0.04304234474275432
2019-07-18,27.319563794198565,27.57464443884233,26.637615120412686,26.986398696899414,146800,-0.014174008326890801,0.1623014117037066,-0.5461659928067332
2019-07-19,26.903107417680484,27.345591940109056,26.804199650006733,27.335180282592773,185500,0.012841540515683907,0.14915604238977592,0.02828519876438642
2019-07-22,27.257100571169346,27.58506088960689,26.986403386121633,27.00201988220215,204600,-0.012262853969576604,0.15512789818904446,0.33965642212399105
2019-07-23,27.028042816337372,27.49655746645486,26.819815627478942,27.465322494506836,248400,0.01701253508491007,0.16128661198719843,1.1672525523539434
2019-07-24,27.392448976073084,27.392448976073084,26.809409937348974,26.877084732055664,250600,-0.021650153878361895,0.17344853835255666,1.089649984882904
2019-07-25,27.033251057610553,27.033251057610553,26.439800460175885,26.653234481811523,184200,-0.00836354269389553,0.1748038839771978,0.20754322115353174
2019-07-26,26.75214647744796,26.809409611825938,26.418981316508084,26.55432891845703,118400,-0.0037177299974876883,0.17226639188537957,-1.1272321479489498
2019-07-29,26.476238509389244,26.476238509389244,26.101426794532376,26.23677635192871,121700,-0.012030678086095464,0.17385366335582836,-0.9483151621290152
2019-07-30,25.992107588050327,26.08581051753991,25.763057085864997,25.8203182220459,88500,-0.016000394110773163,0.18140126154468372,-1.7683566719454882
2019-07-31,25.929643713385165,26.278425350212988,25.429894015473277,25.966083526611328,316500,0.005629496725010897,0.18276890442851776,1.942732330800984
2019-08-01,25.799507749233925,25.799507749233925,25.065502483258854,25.070707321166992,265000,-0.035091081081301045,0.21563632760757537,1.3715856428037938
2019-08-02,24.810414685962115,25.48195177706519,24.732328238784234,25.325780868530273,201700,0.010122757939791999,0.21990465858695413,0.5447627341409732
2019-08-05,24.789586348185935,24.846849466409935,24.12325621427855,24.14928436279297,256900,-0.047568136911024274,0.26713470333089534,1.1309379228443572
2019-08-06,24.976997253175476,25.75264894524211,24.976997253175476,25.325780868530273,807200,0.04756813691102426,0.3215589974131307,3.0139926124328125
2019-08-07,25.023844886475157,26.174306185418132,25.023844886475157,25.986900329589844,301100,0.025769694017536832,0.3352861318422406,0.8956220015958862
2019-08-08,26.028550108768282,26.42418319666042,25.924435511169055,26.325275421142578,488200,0.01293694272947435,0.33719176640158055,1.6746889509382894
2019-08-09,26.335687872084215,26.486653943855536,26.11184217554628,26.304452896118164,364800,-0.0007912838153128369,0.3344489595160594,1.0082565182234888
2019-08-12,25.90881650162148,26.09101554036865,25.59126790338733,25.92963981628418,334900,-0.014351527655153335,0.3373740404970028,0.7666128876655826
2019-08-13,25.809914058420667,27.116546542749763,25.809914058420667,26.79899787902832,450300,0.03297778540767968,0.35619699121620274,1.2331243143111466
2019-08-14,26.200346040781646,26.486659766370682,25.778682708740234,25.778682708740234,407000,-0.038816595449759385,0.37406795321847075,0.9477468519060299
2019-08-15,25.903607170419615,26.252390706856527,25.606881915595878,26.023340225219727,350000,0.009445937504574339,0.37649500669409597,0.6056959146341558
2019-08-16,26.346100890972636,26.65844272347581,26.13266684207058,26.43459701538086,431200,0.015679808913698096,0.37893241040095865,0.9111305738333907
2019-08-19,26.762555939590143,27.460121182716634,26.762555939590143,26.97078514099121,252600,0.02008060315750867,0.38306748120944956,-0.14201972603574434
2019-08-20,26.710490027072805,27.05406669576,26.63240360817203,26.793781280517578,310100,-0.0065844295509213,0.3813978336107274,0.21848414005487338
2019-08-21,27.012424262290242,27.059275723727335,26.346094131469727,26.346094131469727,318800,-0.016849785123801878,0.37998984867176033,0.2491765264213074
2019-08-22,26.33568567657625,26.392948801496445,25.9556691035303,26.054576873779297,172600,-0.011126585198239771,0.3748401405010586,-0.894478649331361
2019-08-23,26.007724132788002,26.14827852730212,25.304954146037975,25.367422103881836,225400,-0.026727692036151406,0.38436644439023476,-0.40741795112978746
2019-08-26,25.523594632280815,25.882789881071513,25.070698433610698,25.60688591003418,131600,0.009395539716332437,0.38645902287508477,-1.4810612197981572
2019-08-27,25.705792740197882,25.981694693994324,25.403860651588552,25.41427230834961,204500,-0.007550378057104396,0.38526416674426395,-0.7063208624322148
2019-08-28,25.27893066880545,25.601684160786792,25.24249085450857,25.38304328918457,148700,-0.0012295540711958132,0.38164829868417915,-1.6029416539308046
2019-08-29,25.591271582626298,25.887996908857733,25.476745321336665,25.856761932373047,101400,0.018490786155761444,0.38694771299367703,-2.0883180742296883
2019-08-30,26.028547341044895,26.028547341044895,25.731822060222626,25.9244327545166,111300,0.0026137234213099683,0.3655640506849396,-1.6724988579267797
2019-09-03,25.55483120791747,25.841144869027218,25.12796313444748,25.742237091064453,224300,-0.007052764159934991,0.3653571623270516,-0.3448073985034355
2019-09-04,26.02854953492254,26.210748587338703,25.887995129135472,26.17430877685547,277700,0.01664523918069892,0.32362891978187197,0.0579485661873616
2019-09-05,26.02855573487498,26.14828685295686,25.429898158644374,25.72662353515625,652300,-0.01725195773623663,0.28934048820903935,1.7878335589095196
2019-09-06,25.79429610639856,26.02334864799138,25.778679609770332,25.861970901489258,375900,0.00524719381695199,0.27537517879054,0.6582315536889111
2019-09-09,26.028550254626975,26.028550254626975,25.565242377825943,25.627710342407227,294900,-0.009099383402439567,0.2726667744385176,0.2337015580291139
2019-09-10,25.5912710043709,25.643327311514913,25.14357961397742,25.601682662963867,372500,-0.0010161229776861885,0.2726628213263709,0.7100408586375424
2019-09-11,25.752650994628336,26.61159205283501,25.596478087844392,26.55432891845703,432400,0.03653470382577793,0.29777187145507905,0.9720015441292991
2019-09-12,26.50747505531564,27.012429573894064,26.34089248985446,26.476242065429688,251800,-0.0029449771335715615,0.2744565216334744,-0.06135122411970281
2019-09-13,26.517889331942996,26.6272107647994,25.799502692149574,25.893205642700195,171800,-0.022267201146513007,0.25033046860228036,-0.77402950031897
2019-09-16,25.77867328613088,26.830226827269033,25.77867328613088,26.549118041992188,432800,0.02501592448565758,0.2630548603941159,1.1108421270562174
2019-09-17,26.418978160521572,26.778171434409543,26.29924706922558,26.601177215576172,461700,0.001958942654207484,0.2576136809335465,1.226434640967512
2019-09-18,26.50747983466087,26.757355713726525,26.101435006366245,26.38774871826172,163500,-0.008055632293865087,0.2486742143613391,-0.8230845779737236
2019-09-19,26.569946757959226,26.674061364689884,26.278426256277577,26.403364181518555,116600,0.0005915944125636865,0.2478997810347076,-1.3430791577489232
2019-09-20,26.523096480959204,26.62200426961458,26.01293706936334,26.179519653320312,301200,-0.008514020687039898,0.24268386963766123,0.4726592455351177
2019-09-23,26.132666294837538,26.486654756699583,25.914025428007026,26.46062660217285,146300,0.010680427051799168,0.2421848866368802,-0.8825664098309005
2019-09-24,26.408573595977057,26.705298985811076,26.096231707463758,26.663654327392578,468700,0.007643537385723118,0.22145414085490908,1.20345660300878
2019-09-25,26.46583311273035,26.89790606550147,25.950466882891906,26.877084732055664,279000,0.007972677962421695,0.22093988866383485,0.2023855794058351
2019-09-26,26.643952651202067,26.947795346840433,26.507745719943674,26.733009338378906,201700,-0.005374948245740196,0.21984295319533098,-0.4047470200832177
2019-09-27,26.544422171890442,26.93208583226075,26.17247592912447,26.355831146240234,161400,-0.014209560241359989,0.2270304719636712,-0.8357809050100158
2019-09-30,26.44489384159471,26.44489384159471,25.774342491697112,25.905309677124023,153000,-0.017241591844319216,0.2276552811418363,-1.0288293061565141
2019-10-01,26.004841288481657,26.1410482661302,25.57526912525246,25.88435173034668,190000,-0.0008093487136934776,0.22748577501468925,-0.6915894094029266
2019-10-02,25.85815184480013,26.025789620260753,25.412862380032916,25.868629455566406,171500,-0.000607589163123592,0.22608566818055875,-0.8676093027385826
2019-10-03,25.879112083993515,26.60204938143667,25.879112083993515,26.554901123046875,242900,0.026183313733214773,0.23696246293171236,-0.1252877798777129
2019-10-04,26.507744215157388,26.65442874806253,26.282480609509875,26.612518310546875,204000,0.002167387872831666,0.22781042178554178,-0.4168368224304902
2019-10-07,26.429167138493558,26.712056617890667,26.19866371154785,26.19866371154785,135900,-0.015673312172157894,0.23501748932104835,-1.2323274289778317
2019-10-08,26.051987349592427,26.334876896135423,25.85815651143531,25.926259994506836,174300,-0.010452051631833768,0.2357675667036989,-0.6024367533742665
2019-10-09,26.072937869509047,26.272008477268507,25.863389650983308,25.868629455566406,158000,-0.0022253378020547546,0.23590604444395788,-0.7488977958409163
2019-10-10,26.062465160463354,26.340114903589242,25.873872128000375,26.1096134185791,168000,0.0092725600690754,0.19952478610293684,-0.5337552285015673
2019-10-11,26.533944738814252,26.60728602127209,26.120088075344952,26.167236328125,171100,0.002204529659386058,0.19962603055703135,-0.4425410931346414
2019-10-14,26.120085244179755,26.256290182781,25.805762926915587,25.811002731323242,151200,-0.013707242912177642,0.18986083649409635,-0.7295091707777686
2019-10-15,25.900065878833548,26.177717628058822,25.62241612800862,25.648609161376953,252500,-0.00631151705406875,0.16719941631845806,0.6605641778214418
2019-10-16,25.601460863550813,25.81624693428949,25.297618079813333,25.6119384765625,187300,-0.0014307568982317256,0.16669081881568582,-0.0380698970756347
2019-10-17,25.769098740119396,26.141047008573835,25.711474866009887,25.983884811401367,226700,0.014417941390295464,0.17408734118418587,0.5199166612316507
2019-10-18,25.910539308901562,26.230099460246773,25.90006169756565,25.91577911376953,140600,-0.002624515519913989,0.1741351564456888,-1.0711064448792176
2019-10-21,26.02055613953795,26.19343376159668,26.00484071876912,26.19343376159668,214900,0.010656744179503498,0.1762070328253744,0.4097792545076123
2019-10-22,26.251065145363096,26.780171739103558,26.025801407861493,26.717308044433594,534200,0.019802837182803023,0.18573365166965936,2.7116340530673506
2019-10-23,25.9314967801994,26.602047976643764,25.84244007372172,26.50775146484375,346800,-0.007874398425749074,0.185950027048364,1.6836296535085682
2019-10-24,26.6753975823864,26.748740890968985,26.34536168656846,26.717308044433594,268200,0.007874398425749074,0.18589537752071023,0.9055601378039837
2019-10-25,26.848272059087638,27.267366637890838,26.544427240454947,27.262128829956055,299800,0.02018692000820529,0.19778415723356774,1.1492337938545325
2019-10-28,27.241165343629234,27.48738420833849,27.120675813648102,27.125913619995117,138200,-0.005009023624745179,0.19137252841945435,-1.1126819015511047
2019-10-29,27.05257345610002,27.5764420419994,27.01590281495907,27.47690773010254,187000,0.012856439869208156,0.1826929656233155,-0.26223931042799026
2019-10-30,27.44024427574749,27.565971650188157,26.963523817658736,27.262128829956055,245100,-0.007847416244462974,0.18604330540416117,0.5013330856778544
2019-10-31,27.12067880407012,27.330225053855667,26.774925593443776,27.17830467224121,198600,-0.0030794840733603416,0.1867541516332735,-0.14074912583565605
2019-11-01,27.39833047447049,28.00601803916191,27.073532465342407,27.81218719482422,271700,0.02305528024761742,0.18197795362672176,0.7668416558289015
2019-11-04,28.047929629861525,28.57179831029196,27.838381358329183,28.236522674560547,291600,0.015141957354270248,0.18741518698934923,0.9047633452261855
2019-11-05,28.26271188393797,28.838966555063244,28.147460150352856,28.79705810546875,249700,0.019656962518842174,0.1834054397886981,0.3909830860456154
2019-11-06,28.63465486020899,28.812770247127226,28.341287752814267,28.524642944335938,182100,-0.009504854427694725,0.1824591784601112,-0.5650320147954841
2019-11-07,28.639900647292105,28.838971311297858,28.30462500164062,28.519411087036133,345200,-0.00018343217021696674,0.18163932798118615,1.2315904264191182
2019-11-08,28.45130817976755,28.608468381046837,27.806949955642207,28.136985778808594,174900,-0.013500015442672842,0.19120815624217172,-0.7966571130593446
2019-11-11,27.93791475959747,28.110790366859522,27.72312670465943,27.922197341918945,100700,-0.007662954612560303,0.1951057940958242,-2.1139451483175677
2019-11-12,27.97982398615626,27.97982398615626,27.471670765801118,27.607877731323242,320600,-0.011320819110442547,0.19267691138573648,0.8816357401032862
2019-11-13,27.42975931644825,27.49786279176748,26.7225355305948,26.99494743347168,420000,-0.022451440645775474,0.21004971376905104,1.4554637331075313
2019-11-14,27.04733966951224,27.18878444853565,26.701586431366255,26.80112075805664,278100,-0.007206010426413839,0.21232971769230835,0.36498596453630744
2019-11-15,26.905890903947814,27.340700791276845,26.785401368943383,27.21497344970703,251800,0.015323610337097794,0.2130105297929122,0.09904418257845762
2019-11-18,27.36690383659391,27.513586444196882,26.73826094938014,26.874465942382812,224300,-0.012590701970936098,0.2185821057329704,-0.26589100097684226
2019-11-19,26.95827390995734,26.989706740989803,26.523464071874074,26.60204315185547,346700,-0.010188591281010712,0.2197796563558981,0.8297638733021975
2019-11-20,26.64395737126207,26.890176253263153,26.31915939813732,26.56537628173828,230000,-0.001379298687840296,0.20859098631041167,-0.16776495909377834
2019-11-21,26.471082438663693,27.05257696416172,26.37154811385965,26.848268508911133,276900,0.010592606941440645,0.20991532513188554,0.42452110358668343
2019-11-22,26.95828837255403,27.246415817193583,26.717309200557377,26.769695281982422,204000,-0.0029308566613961023,0.20853501087996715,-0.46308397923982225
2019-11-25,26.816843967577608,26.869232048210282,26.523478709638383,26.575864791870117,238000,-0.007267009394956751,0.1965449193917841,0.03785333168286063
2019-11-26,26.43441295201631,26.549664700401767,25.418108438436754,25.63289451599121,663300,-0.036126996570367054,0.23070708638301662,2.5735294226387118
2019-11-27,25.71670680645046,25.71670680645046,24.951859214754332,25.31332778930664,515100,-0.012545421565453975,0.2258613954024273,1.6639263008339285
2019-11-29,25.28713607788086,25.501922111340548,25.046157015638283,25.28713607788086,283900,-0.0010352361130006385,0.22559596138671256,0.14783636528780497
2019-12-02,25.302851495470595,25.606696224872103,25.16664654675957,25.28713607788086,320700,0.0,0.22593419817080188,0.4014725382306368
2019-12-03,25.234753523823624,25.507165479039376,25.09331073787739,25.402393341064453,361700,0.00454758460520168,0.20688652723157464,0.6650391027898138
2019-12-04,25.4862088903656,26.198668527305912,25.381434767803732,26.177715301513672,316000,0.030065092212203704,0.22976457813209256,0.3150876005684098
2019-12-05,26.141050096946547,26.685872050496567,25.978650073268795,26.481563568115234,668900,0.011540288635994177,0.22096219803007502,1.879799166351224
2019-12-06,26.628242116360358,26.905891837157146,26.4658421295999,26.785402297973633,350500,0.011408272285146223,0.22620140646564355,0.35249798341812644
2019-12-09,26.71729828039484,26.95303954725481,26.670150027022846,26.722536087036133,166200,-0.0023497911435705664,0.22598641854646453,-1.2550841217387525
2019-12-10,26.71730014681418,26.83778969198198,26.560139957395318,26.685867309570312,470000,-0.0013731465797694286,0.22283638292899577,0.9776157125602856
2019-12-11,26.722534585675685,27.14686884218313,26.706819168234663,27.125913619995117,374200,0.016355382114879753,0.2312286150089882,0.39015917649708887
2019-12-12,27.136391454310292,27.461189407296402,27.1101984255598,27.382610321044922,495000,0.00941865895981097,0.2311527260386673,1.069607883758031
2019-12-13,27.466426007342157,27.696927431211908,27.34593649042844,27.670734405517578,288700,0.010467182930223943,0.21939525482380465,-0.3239920727288311
2019-12-16,27.759801642108965,28.52464941902631,27.53977576202019,28.3989200592041,343000,0.025975783333211717,0.23310211531794453,0.11312566486345177
2019-12-17,28.451306761914577,28.65037540769437,28.05316547355443,28.38844108581543,287300,-0.0003690600618278773,0.22874085448029077,-0.38632138662127025
2019-12-18,28.36748803962929,28.948980559250028,28.215565652355266,28.943742752075195,211900,0.019371982534775165,0.22982880312421397,-1.1989084090172648
2019-12-19,28.82324702264302,29.36807077841581,28.393674984006744,29.252819061279297,440100,0.01062190636444845,0.22543879479513607,0.736645585259655
2019-12-20,29.25282296217287,29.320926440326105,28.765624999999996,28.765625,298700,-0.016794849323777467,0.236574066097072,-0.33802050866672767
2019-12-23,28.818009869239155,29.03279590831605,28.58227060562797,28.97517204284668,253800,0.007258228965383286,0.23564599949453682,-0.7655252172866294
2019-12-24,28.812768633198147,29.085180503719997,28.577027399246564,29.00659942626953,120900,0.0010840436814611406,0.23464576232020193,-2.3854573597481243
2019-12-26,29.079324467320397,29.332233740380254,28.852759533339732,29.153091430664062,75300,0.005037589162997406,0.23116481471676223,-2.701052191380095
2019-12-27,29.08985552966803,29.17942867268426,28.768449445219698,28.889636993408203,176000,-0.009078010413564624,0.1859764346544628,-0.9940024334619503
2019-12-30,28.863290786311524,29.116199999045925,28.641995978897828,28.847484588623047,148700,-0.001460149419276836,0.17597226967815488,-1.2022650132791035
2019-12-31,28.863298346504433,29.02136840456767,28.731574638081256,28.868568420410156,83700,0.0007306054945116229,0.17515893852541217,-1.9731193472807713
2020-01-02,29.01081832537444,29.216306904341064,28.74210094523082,29.095121383666992,125300,0.007817104731881321,0.17369921530348767,-1.1533583474935183
2020-01-03,28.884370589631725,29.074053024870224,28.431240774327303,28.979211807250977,809300,-0.003991771371556821,0.1774972916066114,1.7811399631264722
2020-01-06,28.868556537641368,29.263727500252088,28.82640400352337,29.095121383666992,386800,0.0039917713715568424,0.15501819067629208,0.6119446978611143
2020-01-07,29.03716430243583,29.400720885094266,28.763178844947202,29.242652893066406,509600,0.005057848906268151,0.1532045968114052,1.087404417456239
2020-01-08,29.205775685563598,29.55879419763689,29.158355078425284,29.474491119384766,353900,0.00789682246977696,0.15174988464096803,0.5072434451910637
2020-01-09,29.48502500542134,29.48502500542134,28.404891342899596,28.699953079223633,398900,-0.026629693558861956,0.18527626660548602,0.6324801330626305
2020-01-10,28.821139144223707,28.915980346584142,28.357471267121987,28.452312469482422,191400,-0.008666048744961123,0.189321534228504,-0.47540198315663246
2020-01-13,28.499734437829147,28.731567382529473,28.294245826171895,28.715761184692383,240000,0.009216703076126787,0.18455620445426452,-0.07624299408027423
2020-01-14,28.60511227542386,28.60511227542386,28.10456193415744,28.526077270507812,301800,-0.006627481352860871,0.1855772146145282,0.3463435528823099
2020-01-15,28.42069809988172,28.763180443259447,28.16252083420998,28.45758056640625,359000,-0.0024040835457770113,0.18347677772879423,0.615725055065151
2020-01-16,28.557691575265956,28.61038023839786,28.30478237433423,28.573497772216797,203500,0.0040650595714527985,0.16068410903254762,-0.2912313376834828
2020-01-17,28.742103153717313,28.98974428583019,28.742103153717313,28.9581298828125,199000,0.013371352664707471,0.16690155781962013,-0.29934980309791004
2020-01-21,28.663072859043147,28.74737593174853,28.46285230763894,28.56296157836914,329000,-0.013740160745811403,0.16011900501686765,0.5056163151590992
2020-01-22,28.65780227701173,28.905443428032367,28.615651746380166,28.784257888793945,233800,0.007717807800666747,0.15784740647084264,-0.014022609765123012
2020-01-23,28.626194322561812,28.731571670460735,28.320594385811525,28.515544891357422,183600,-0.009379263253935226,0.1502693743214548,-0.38825232204795
2020-01-24,28.541889337437286,28.631462495426668,28.1572563882925,28.468124389648438,255900,-0.0016643544809889271,0.14768458647885946,0.1796349950296372
2020-01-27,27.91487913830008,28.220479009077295,27.719928674840197,27.741004943847656,621200,-0.02587337740453456,0.17094926151386974,1.5165578934477553
2020-01-28,27.90960658144175,28.173053871778354,27.809495324750117,28.14670753479004,238200,0.01451874480316533,0.17892324963834846,-0.18533005564186913
2020-01-29,28.225752021761316,28.225752021761316,27.962304642794013,28.136180877685547,119200,-0.00037406243795058355,0.1769135304047449,-1.38579007126673
2020-01-30,27.925416588043547,28.236284513478,27.87799598891139,28.088754653930664,196000,-0.0016870178526483123,0.1769185355716433,-0.5280891192124864
2020-01-31,27.83585018383253,27.90961512611938,27.593477074962113,27.646167755126953,247800,-0.015882185995853,0.18377915333618486,-0.22065387281549192
2020-02-03,27.62508715136786,27.930685008629606,27.50390162090686,27.925416946411133,223700,0.010050155785854387,0.1854466107584866,-0.525025532114617
2020-02-04,28.278433735937195,28.789522168567387,28.1467100788629,28.77371597290039,243400,0.02992505482213234,0.21552943205714728,-0.24840823846235222
2020-02-05,28.989755747086907,29.232126902881113,28.815879476662104,28.94233512878418,151200,0.005843075969613168,0.21609280693398084,-1.3470911031774668
2020-02-06,29.084592455910723,29.27954296305303,28.868565675038415,29.23739242553711,143100,0.010143045999369474,0.21837282080139053,-1.3826015629027568
2020-02-07,29.12674310240155,29.21631626111715,28.894910120336405,29.189971923828125,194500,-0.001623229548322174,0.2165126339002502,-0.5025238818913944
2020-02-10,29.100397254963095,29.100397254963095,28.789529267219105,29.010826110839844,272100,-0.006156148534458521,0.19597672727645016,0.4825045229483084
2020-02-11,29.079321560089728,29.126742169669047,28.605117474240554,28.747379302978516,339100,-0.009122466079457795,0.1962522676966879,1.0130073588714803
2020-02-12,28.84221442496819,29.037164885384918,28.689414491964772,28.9581298828125,235100,0.007304381153159174,0.19529043584382205,-0.010172885298476647
2020-02-13,28.910709248582315,29.01608858190461,28.74737319137918,28.952861785888672,125700,-0.00018193772154677992,0.19363728877091071,-1.5581387443865542
2020-02-14,29.068779362331725,29.179428775854028,28.768449546936363,28.873828887939453,190000,-0.0027334418151023733,0.1937073156200453,-0.39750131543920475
2020-02-18,28.721029247606413,28.847484860135694,28.399625168567717,28.7315673828125,419400,-0.004939182908150859,0.1942419925952642,1.5729271918469565
2020-02-19,28.76845644231978,29.16362755834035,28.705229626540874,29.153091430664062,284900,0.014564532565377616,0.195297691783061,0.534046512815313
2020-02-20,29.105666152833933,29.132010487692053,28.63672814860617,28.663074493408203,348400,-0.01695126831908082,0.19850096035930814,1.0339449315255311
2020-02-21,25.364709566915916,27.830576829460732,25.22244776216021,26.455381393432617,1954800,-0.08015009842582191,0.33960486457873706,3.3305992359135073
2020-02-24,25.865263804642247,25.933760686109633,25.50170714444273,25.512243270874023,1267000,-0.03630112772909259,0.3573044107499841,2.1616883517168874
2020-02-25,25.51750513068872,26.097088375170653,25.51750513068872,25.807296752929688,793400,0.011498806613311294,0.36187222891119314,1.344179372346343
2020-02-26,26.11290047196406,26.27623653269454,25.643962529050015,25.780956268310547,481000,-0.0010211815816794487,0.3536745108029429,0.6870025010591714
2020-02-27,25.238263615246375,25.907418292639672,24.785133731699315,25.475364685058594,371300,-0.011924195824998374,0.3485348222307765,0.2984886172817864
2020-02-28,25.106539030852076,25.11180709468792,24.047479314810744,25.016965866088867,587400,-0.018157665072492758,0.3511569600866491,0.850786914101355
2020-03-02,25.111798419580442,25.449010667019817,24.5374831825529,24.54802131652832,709000,-0.01892297645581828,0.3538058593095743,1.0165963168509633
2020-03-03,24.627061936392934,25.25406597643956,23.71026417074863,23.720802307128906,1036700,-0.03427885525212445,0.3655520162915953,1.3862391956653668
2020-03-04,24.03166733938228,24.42156828777049,23.583805643060348,24.24242401123047,998400,0.021751759029253213,0.3746802729376937,1.2063710711381497
2020-03-05,23.87886879730946,23.973710008688798,23.288747267572177,23.525850296020508,572400,-0.030004327488513446,0.35793721327942796,0.432443184677863
2020-03-06,23.062184725626352,23.130681609703274,22.450986862182617,22.450986862182617,338800,-0.04676525772766446,0.37532963376385053,-0.3172928355316362
2020-03-09,20.891372161663334,20.891372161663334,18.01979612538994,18.167325973510742,944600,-0.21170986698612293,0.7792157917306572,0.9963826732523053
2020-03-10,18.694225895223877,19.463491764561358,18.17786927019143,19.28961753845215,665900,0.05994229532514543,0.8278259849770215,0.4339709976248047
2020-03-11,18.757448847840653,18.757448847840653,17.250531828210132,17.43494415283203,402300,-0.1010905228292722,0.8723423129507991,-0.34040883003922745
2020-03-12,16.560299559628927,16.723636625154995,14.415838423788971,15.2852144241333,796000,-0.1315904933113043,0.9456659296512512,0.6197172783690762
2020-03-13,15.917486233243343,16.507608658929932,14.547561004098021,15.39586067199707,950000,0.007212702110110535,0.9456203169957841,0.8025661759911455
2020-03-16,14.18927170608881,14.18927170608881,12.239761288593808,12.26083755493164,743800,-0.22768844151951353,1.1592575488000902,0.34994054316971746
2020-03-17,12.545362626852354,13.472697426932825,12.118578197800217,12.935264587402344,910700,0.05354702634408721,1.1983499449892763,0.6524434776313252
2020-03-18,12.287183852260318,12.392563190896194,9.842392843637803,10.817148208618164,755800,-0.17882459857426963,1.285677970738636,0.22409954242965535
2020-03-19,10.701230408457677,11.122746745162083,9.742282275037187,10.026805877685547,812500,-0.07587057761255946,1.2696088216408294,0.29567292943603407
2020-03-20,10.279716072067744,10.954141673113558,9.584215204880584,10.021537780761719,1465100,-0.000525539379694275,1.2763874796551127,1.4881591324181707
2020-03-23,9.910889208990088,9.910889208990088,8.572577168812542,8.730645179748535,576200,-0.13789728414310595,1.3088149763490786,-0.5785007148888169
2020-03-24,8.99409268279033,9.257540042004912,8.878176206525806,9.1205472946167,1444000,0.043690541788300424,1.3501931951600676,1.7435989597753645
2020-03-25,9.241733939805567,12.17126832336496,9.220657668462554,11.781366348266602,1085400,0.2559893476541292,1.7067405008533698,0.9613828062588358
2020-03-26,12.113309176921195,14.98488572816929,12.044813307291635,13.825716972351074,1314600,0.16001124631711872,1.8361706008844814,1.294869670939982
2020-03-27,13.152161827696366,13.546780493694865,11.919653069288906,12.7142972946167,1019600,-0.08380327514261428,1.8442816244081752,0.6078664652652047
2020-03-30,12.503474044386211,13.292712486598527,12.449417478410535,13.06026554107666,771500,0.026847324547467365,1.8554299669778596,-0.16360049414862804
2020-03-31,13.103508792669166,13.568402590765217,13.022422928854498,13.492721557617188,732000,0.032575940137425236,1.8681692123654379,-0.3091148234236134
2020-04-01,12.919717324509076,13.406233678030766,12.546721006681816,12.768357276916504,731500,-0.05518037364325724,1.8703857881288624,-0.2686145322708575
2020-04-02,12.735920989908077,13.406232512422934,12.422388164359791,13.06026554107666,476000,0.022604433505831873,1.8706824603892953,-1.2887399947205662
2020-04-03,13.119728052917425,13.352174981643094,12.741325932052916,13.168379783630371,378700,0.008244028888088884,1.8752273125116352,-1.7162850956157478
2020-04-06,13.84950195019432,14.692796834587368,13.784632637058198,14.244120597839355,618400,0.07852574702631542,1.9090423873810887,-0.6534113385425768
2020-04-07,15.087414870408795,15.53068522716477,14.265742436339679,14.336017608642578,670000,0.006430852562417391,1.7806654785875415,-0.39253759124280296
2020-04-08,14.509003600845581,14.909028164285948,14.260339069966877,14.557655334472656,439300,0.015341910567522498,1.764820855415233,-1.412893640421229
2020-04-09,15.130660167644574,16.152344294678198,14.930648443939004,15.092820167541504,469300,0.03610215006770711,1.7427834943541465,-1.2991819356127152
2020-04-13,15.087415957999829,15.087415957999829,14.411698650561418,14.96308422088623,306000,-0.008633029353385314,1.6829334336775963,-2.046806663911488
2020-04-14,15.265803879679826,15.936115263184071,15.222558017229963,15.379324913024902,467300,0.027437953497513882,1.685635420103918,-0.9572673655780216
2020-04-15,14.881997835981364,15.417165801253136,14.481973327527598,15.211747169494629,398600,-0.010956099829176778,1.470294335231962,-1.208408528557256
2020-04-16,15.044172497650212,15.357705337203878,14.568467890799564,14.703611373901367,430700,-0.03397483415711926,1.4690933844012948,-0.9436592293051046
2020-04-17,15.238779108376946,15.400950872110121,14.627930000785266,15.082012176513672,323700,0.02540965182786004,1.3065275060827792,-1.40700241653055
2020-04-20,14.633333464254925,15.287428336992791,14.271148955647039,14.763071060180664,284000,-0.021373923196754612,1.2715041574280257,-1.4911285220585788
2020-04-21,14.060327524528727,14.390077939608755,13.260278385087027,13.43326187133789,964500,-0.09439500341856163,1.3293914691298943,1.0216390332720715
2020-04-22,13.508939637255779,13.768414823385037,13.08188685563422,13.135943412780762,837900,-0.022381615614898064,1.2187595723567926,0.6810030896924939
2020-04-23,13.244060712991303,13.471101795027955,13.01701963095465,13.108917236328125,819600,-0.002059541208244389,1.2175993685507098,0.7480826987985391
2020-04-24,13.211624908200589,13.368390785290822,12.957554544099203,12.984583854675293,565500,-0.009529907252021633,0.8551561357740295,-0.01467569326058233
2020-04-27,13.162974240340052,13.617056383961305,13.006207319561423,13.200814247131348,322700,0.016515716634906537,0.645378811368251,-1.2681671854127052
2020-04-28,13.54678091581267,13.790039570138426,13.168379824827179,13.68733024597168,358800,0.036192092300423764,0.5852769971648724,-0.9218534037266483
2020-04-29,14.303585696501672,14.519816093406632,13.838692817707084,14.065733909606934,958500,0.027271015052663237,0.5854916508253798,1.6150374881699388
2020-04-30,13.876528527566999,14.319798847941197,13.66570509008723,14.108975410461426,668400,0.003069528371353056,0.5758922504043804,0.7054250364669701
2020-05-01,13.768413930798944,13.768413930798944,12.75213566881182,13.55759048461914,349000,-0.0398645749547328,0.5588815944167215,-0.8930647786899686
2020-05-04,13.314332714312025,13.757604112184799,13.217030292940803,13.703546524047852,642800,0.010708095853077682,0.555091506878526,0.6526122442178869
2020-05-05,13.276493499036045,13.99005081777155,13.119727618313993,13.173785209655762,1092400,-0.03942578372572699,0.5729245169181624,1.75257520567921
2020-05-06,13.130539432236025,13.36298532378222,12.768354908160727,12.91971492767334,669900,-0.01947445228619143,0.49961150393647413,0.5721284497762967
2020-05-07,13.06026480644108,13.508941083816474,12.962961343457502,13.346769332885742,910400,0.03251992433401652,0.5148422019452923,1.2266807191104743
2020-05-08,13.703545240621098,13.854905235953412,13.395418357480159,13.514344215393066,859000,0.012477297804250645,0.513622111244905,0.9976656148871926
2020-05-11,13.29270902443529,13.384606606146747,12.919712836187296,13.260274887084961,710100,-0.018978940735496712,0.49516470876945884,0.5221759854992367
2020-05-12,13.346767133229523,13.411635410485856,12.919713345197517,12.952147483825684,711800,-0.023511111827927093,0.49876852439377645,0.45794119194987903
2020-05-13,13.017018385554993,13.033235972385606,12.087231726252066,12.195345878601074,558200,-0.0602072096697165,0.5149464664813763,-0.1346234553650345
2020-05-14,11.908840132173424,12.23858941989354,11.643959117322382,12.152097702026367,834200,-0.0035525883378541125,0.515601020485076,0.7401000318716189
2020-05-15,11.968304639978403,12.352112607415702,11.898030493551657,12.330489158630371,678800,0.014573183365388712,0.5154074791959109,0.1993008002576611
2020-05-18,12.7034875047217,13.092700367726252,12.346708789201786,12.979180335998535,1041600,0.05127157243172815,0.5437770922845375,1.1465930417878023
2020-05-19,12.941340225240836,12.979180235523813,12.384548703906146,12.389954566955566,967200,-0.04646053233191035,0.558782167037561,0.9105687181997908
2020-05-20,12.60077652111179,12.725109293833913,12.243997852225121,12.687268257141113,959400,0.023712962466240554,0.4727776356526284,0.8889827847252092
2020-05-21,12.79538192889732,12.887279516438996,12.508877442782046,12.730512619018555,745000,0.0034026891499921324,0.46767691611492374,0.19023626837540117
2020-05-22,12.692673492282495,12.692673492282495,12.384546569022111,12.465632438659668,251400,-0.021026227492929345,0.4725561975857911,-2.3308405886860646
2020-05-26,12.962963055535106,13.29271349451713,12.768357134928307,13.119729995727539,1007100,0.051141750864994936,0.5065321681670074,0.9416103266631761
2020-05-27,13.552185974774243,13.86031289794358,12.989989718532227,13.854907035827637,840200,0.05452226478988491,0.5378240818814851,0.4389979512003284
2020-05-28,14.000860953908381,14.24952543344536,13.595430611433837,13.930586814880371,528700,0.005447444382802992,0.5237760792638184,-0.8592605967331187
2020-05-29,13.849503759000989,14.01167551642751,13.49272403674944,13.979241371154785,742500,0.00348655715380871,0.51506038155941,0.11330306539228473
2020-06-01,13.957616036360076,15.000923686557346,13.957616036360076,14.59549331665039,408600,0.043139334085264235,0.5366100453168864,-1.416198410861411
2020-06-02,14.849567937977136,15.227970163886617,14.822539649439223,15.022552490234375,293500,0.028839767205634654,0.5222827226505868,-2.172414161418802
2020-06-03,15.330674587913919,16.136129493960045,15.330674587913919,16.098289489746094,575900,0.06916045214569178,0.5677634380651874,-0.4466220107672495
2020-06-04,16.000988546021045,16.606430770672603,15.800975738105743,16.584808349609375,575200,0.02977409321281532,0.5456119489922584,-0.3851915125285872
2020-06-05,17.498376850399957,17.941647290644354,17.076729861417682,17.71460723876953,1068200,0.06590245027455788,0.5653965504637621,1.1336475799672119
2020-06-08,18.130845097560307,18.255176819652362,17.45512787176088,18.23896026611328,628700,0.029170413106436283,0.5642088501848249,-0.1613428794688223
2020-06-09,17.69839005537922,17.69839005537922,17.028077524843702,17.07132339477539,897500,-0.06615991874536645,0.6303018005856901,0.7407114303078652
2020-06-10,16.946991428223505,17.02267144185856,15.94152367649901,16.011798858642578,847700,-0.06407418218375122,0.6751997606664614,0.5692164646579766
2020-06-11,15.136067976894395,15.233371436001622,14.546842391023125,14.681985855102539,612100,-0.08670458886751388,0.7453556008762858,-0.23524358645954888
2020-06-12,15.309053380570179,15.69826726618453,15.011738134448489,15.357705116271973,467700,0.04499601979404612,0.716187888753025,-0.8799396534632432
2020-06-15,14.687390147116451,15.892869470368026,14.595492560125008,15.69285774230957,351100,0.02158837790981341,0.7150547322504371,-1.4210612643453495
2020-06-16,15.828002013432718,16.287488941175162,14.795506087150738,14.849562644958496,920400,-0.05523527467730972,0.7520409028951209,0.8153015895465601
2020-06-17,14.88199732004536,15.049574911992458,14.654956279219764,14.952271461486816,498600,0.006892812221545213,0.7360432649406078,-0.5450299356756793
2020-06-18,14.730636647305035,15.054981146669252,14.730636647305035,14.79010009765625,298500,-0.01090518089072048,0.713626986862693,-1.5724864097652196
2020-06-19,15.098226284773386,15.282021457868252,14.811721801757814,14.811721801757812,999400,0.001460836297182466,0.7117840317339502,1.1901374124974136
2020-06-22,14.709012494221898,14.79550525015941,13.822471798723647,14.098164558410645,658900,-0.0493742651765695,0.7384720654610367,0.25384097048478677
2020-06-23,14.352236948533054,14.703610816118706,14.081949992582805,14.433323860168457,768700,0.02349507425225561,0.7349047200284765,0.5390215144239373
2020-06-24,14.227902576460066,14.368451891402326,14.098164985220144,14.249526023864746,576700,-0.012816045322442838,0.7197178821385571,-0.13096590531278277
2020-06-25,14.10897782285199,14.50900235185676,14.060326093413037,14.368453025817871,581000,0.008311396577806517,0.6962097430588936,-0.0659239391773945
2020-06-26,14.13600565821608,14.481973615676596,13.995456336601302,14.265743255615234,507300,-0.0071739545049300715,0.6967339724837476,-0.4270943229327448
2020-06-29,14.341252145017984,14.532760878205366,14.14427265810518,14.352195739746094,213700,0.006041856971840299,0.6968989846022176,-2.2517229471912446
2020-06-30,14.204461594467675,14.505404214197824,14.078613374912262,14.395970344543457,397400,0.003045386512716567,0.6801754870252655,-0.7964391314574237
2020-07-01,14.505404908701133,14.915780374095261,14.34672589446879,14.60389518737793,598400,0.014339956551472889,0.6740802735672186,0.0840453770507955
2020-07-02,15.06898739010702,15.189363815980773,14.768044759964495,14.943138122558594,351200,0.022963919224416762,0.6308038320170894,-1.1398687046114153
2020-07-06,15.358986032879368,15.495777858670797,14.937666958968455,15.05804443359375,642300,0.00766015624165408,0.620655780443264,0.29404347336411096
2020-07-07,14.888419035496739,15.036154430212553,14.729741089928305,14.99238109588623,363600,-0.004370217130578492,0.5653529340719707,-0.9806441777474527
2020-07-08,15.030684290557467,15.594266945344781,15.030684290557467,15.528606414794922,451900,0.035141752969277566,0.5706460239142886,-0.40131439238346794
2020-07-09,15.588795787973948,15.588795787973948,14.91030848139659,15.129175186157227,536900,-0.02605888690282409,0.5346194090388532,0.09156292406454543
2020-07-10,14.95955273866147,15.457474854007428,14.95955273866147,15.380871772766113,316800,0.016499633516427963,0.4952787940806203,-1.1677870612758958
2020-07-13,15.528606354557676,15.67086996716491,14.948609352111816,14.948609352111816,557800,-0.02850636912114562,0.40198571757584006,0.3286290027877365
2020-07-14,14.87747763890824,15.090872529850401,14.685968895007965,14.718798637390137,793100,-0.01549277992207674,0.3717759584707168,1.148588676330329
2020-07-15,15.041625333241681,15.24954944165969,14.800871486940295,14.822758674621582,471700,0.00703825226874373,0.3634559955323155,-0.213676279721661
2020-07-16,14.702385617883351,15.11823184204164,14.65314047803641,14.882950782775879,338700,0.00405256710801808,0.3095394149614596,-0.988631863820202
2020-07-17,14.970495803293772,15.047098881818656,14.505403447309824,14.543704986572266,369200,-0.023058062011308948,0.3185240884734195,-0.7075109285720862
2020-07-20,14.554648195698617,14.675024607850869,14.116913795471193,14.116913795471191,312100,-0.029784614578402886,0.33210750340807194,-1.1697727036103769
2020-07-21,14.231818417793095,15.183889181793232,14.231818417793095,15.036153793334961,435300,0.06308391554118546,0.4019671442407137,-0.1895503069356107
2020-07-22,14.926723170571295,15.227664744947688,14.795403153917666,15.211249351501465,192200,0.01157768904544691,0.35947318336180656,-2.197654436730518
2020-07-23,15.10181602101627,15.441059125115522,15.019741143807657,15.309739112854004,229400,0.006453926178363087,0.3523777614084443,-1.5628112594976
2020-07-24,15.260496032618663,15.298797577564052,15.047101114415021,15.233138084411621,197300,-0.005015977280370651,0.3490404900442383,-1.7166613441944762
2020-07-27,15.265967488441992,15.7365317012439,15.194836198516468,15.676342964172363,287600,0.02867956646028993,0.3597807506036002,-0.7004812021502288
2020-07-28,15.648981407275802,15.758414216047544,15.375397819888596,15.43011474609375,253000,-0.015831655488665438,0.36443369181536617,-0.932657739120011
2020-07-29,15.222194294802613,15.6325697745416,15.194836346942207,15.599740028381348,411400,0.010933146363616501,0.3652166614032277,0.21917016942459763
2020-07-30,15.326153006509912,15.539547875105242,15.1291724855674,15.473888397216797,206300,-0.008100265445603142,0.36760490068868457,-1.4340688467011569
2020-07-31,15.43011607232674,15.495775554505569,15.074456543243253,15.276908874511719,634100,-0.01281151933896429,0.3694871283149043,1.342968071426587
2020-08-03,15.265967131974325,15.391815357786374,14.82823371887207,14.82823371887207,247300,-0.02980941732475892,0.3771667897169337,-0.9185259260275618
2020-08-04,14.795403577303667,14.795403577303667,14.395970674458457,14.467103004455566,329000,-0.02465573357824676,0.3850313210876785,-0.16103807706627168
2020-08-05,14.60389094563205,14.784456056214216,14.412382242011338,14.439740180969238,376000,-0.001893173286575114,0.3849272060118866,0.17434739180399225
2020-08-06,14.051252701179058,14.598419855937504,13.980120386622886,14.357666015625,799200,-0.005700123615943268,0.36079981121815974,1.8509032134334906
2020-08-07,14.248235195193875,14.248235195193875,13.624463842223037,13.766727447509766,646200,-0.042029390316710734,0.37712366420394966,1.304508426492559
2020-08-10,13.958235103554637,14.685967422497566,13.958235103554637,14.527288436889648,331400,0.05377421555863772,0.4226281564798541,-0.21791234973205792
2020-08-11,14.926724047403253,15.08540201881633,14.538234728798248,14.565593719482422,357400,0.0026333110980201985,0.41232842807437264,0.0022129640499975573
2020-08-12,14.77898831675044,14.77898831675044,14.264650782768427,14.363141059875488,341200,-0.013996876558325069,0.4117088182948374,-0.013601361216132623
2020-08-13,14.253703439298274,14.55464598952031,14.253703439298274,14.52181625366211,156300,0.01098681145355917,0.41292550869053907,-1.762275665043969
2020-08-14,14.494459751230437,14.494459751230437,14.330310000209492,14.385026931762695,106800,-0.009464218701094448,0.4135055236352862,-2.1991096791717717
2020-08-17,14.36313960476406,14.36313960476406,13.914462648854567,14.040310859680176,227000,-0.02425532985785903,0.4143076372999656,-0.5825498941787258
2020-08-18,14.133330364057286,14.510876067813257,14.133330364057286,14.488988876342773,221800,0.031456433751681216,0.41626828868610666,-0.5914027270883759
2020-08-19,14.521819042783232,14.839176000068026,14.439743121916159,14.560120582580566,204000,0.00489735139779003,0.3510325625109342,-0.6914236241491083
2020-08-20,14.3576687877523,14.702384746244217,14.286537503100877,14.685969352722168,151000,0.008606247686056617,0.3497830163330672,-1.2536821934833613
2020-08-21,14.664081790633027,14.675025386037724,14.461630493839627,14.549177169799805,256200,-0.009358132076357242,0.3494423311660629,-0.2059802691832897
2020-08-24,14.642196536054831,14.975968910774059,14.642196536054831,14.943138122558594,203300,0.026717765897042448,0.3634879102676612,-0.675125575929887
2020-08-25,15.129174217727247,15.293325018519383,14.850118795655446,15.260494232177734,131400,0.02101520674995166,0.3565282106971701,-1.4008259409184023
2020-08-26,15.320682404536663,15.638039355456518,15.156532653372093,15.424644470214844,211100,0.010699107831650541,0.3547255777949177,-0.4773926941096053
2020-08-27,15.441059460753413,15.59426666687475,15.233136364396115,15.380871772766113,186500,-0.002841875887645212,0.3525707870986391,-0.6445759071641686
2020-08-28,15.539548817393726,15.807660629579606,15.501247279029837,15.736529350280762,155800,0.0228600752587392,0.36057424932167226,-0.9445037608765072
2020-08-31,15.703703440412875,15.703703440412875,15.293327925875662,15.353515625,189000,-0.024640241210078996,0.3684435136871691,-0.511101483034021
2020-09-01,15.512188592728334,16.557277744279272,15.380868604661245,16.51897621154785,282400,0.07316531475160329,0.4301438462023157,0.28516526233143813
2020-09-02,16.46973176533495,16.896521483258567,16.464259968484836,16.540863037109375,402100,0.0013240735137588714,0.41667131483137326,0.9617612556038395
2020-09-03,16.5135085819813,16.617470656799547,16.04294438993541,16.300113677978516,183100,-0.014661785122101754,0.4221766520924603,-0.5342715844265384
2020-09-04,16.518982526117906,16.59011382214723,16.0429464742208,16.35483169555664,193500,0.003351288337145687,0.42023776946285113,-0.34526082908358197
2020-09-08,16.125019353632425,16.16332193985987,15.87332290597036,15.944454193115234,151200,-0.02541230095649253,0.3996453945989417,-0.9270263895992067
2020-09-09,16.108606566345166,16.360303038431734,16.09766296921822,16.19068145751953,148100,0.015324788786812602,0.363496060603873,-0.9005030282449004
2020-09-10,16.278225563225195,16.278225563225195,15.555964965721428,15.588794708251953,324300,-0.03788348983442481,0.3929514147478818,1.4691664999260639
2020-09-11,15.605213622840115,15.780307014033108,15.28785659039308,15.320686340332031,379400,-0.017348404638837866,0.3949693731149866,1.8767940817030462
2020-09-14,15.462947581983565,15.506720922988888,15.156534194946289,15.156534194946289,431000,-0.010772224622987984,0.39666492144073706,1.9223962973804516
2020-09-15,15.233135596530857,15.380870997453874,15.047098656917871,15.079928398132324,350600,-0.00506712453464783,0.3953487653057675,1.2795793303335083
2020-09-16,15.079927151608514,15.282379466913117,14.943135356943896,15.194832801818848,249800,0.007590808374229916,0.3836696958157261,0.3073769622016401
2020-09-17,15.063513691596393,15.244078829445563,14.893891104799723,14.970495223999023,99200,-0.014874143828477326,0.3750036905900006,-1.9572271267294092
2020-09-18,14.893891974767708,15.036155583146314,14.696912477014688,14.850118637084961,807700,-0.008073424733741995,0.3762376219216163,2.5630809710892604
2020-09-21,14.614837481970305,14.696913408511321,14.401442577696685,14.6531400680542,311300,-0.01335320263402953,0.37828367264045876,0.5524441105619632
2020-09-22,14.724272041443218,14.800875129905064,14.319368362426756,14.319368362426758,187000,-0.023041599821459324,0.3854030880053703,-0.46709633456856053
2020-09-23,14.33578226190163,14.406913544676863,13.936349379177223,14.062198638916016,218000,-0.018122802177115236,0.37631947451303677,-0.15892484310702182
2020-09-24,14.018428058602415,14.48351947425691,13.854277226337091,14.29748249053955,200100,0.01659322254120799,0.3730774176274706,-0.39009825077258914
2020-09-25,14.11144602342358,14.264652208782552,14.040313685673603,14.17163372039795,199400,-0.008841130786198095,0.370096971505523,-0.39098850250519035
2020-09-28,14.392587602379775,14.569795131469885,14.110162706802342,14.231993675231934,249100,0.004250164590216283,0.37119870034118163,0.05375852041222608
2020-09-29,14.198768300927084,14.243070188908122,13.800051309097732,13.866504669189453,302400,-0.02601630993821801,0.3657124879537699,0.4099414698152953
2020-09-30,13.982797767737633,14.193231487219194,13.888656116754733,14.148929595947266,209200,0.020162778277860692,0.3698853680872766,-0.4090493278739107
2020-10-01,14.20984172821045,14.359360971943145,14.126775833772335,14.20984172821045,87000,0.00429582969165868,0.24494821428613023,-1.978600450973692
2020-10-02,13.92741646953007,14.36489845476846,13.905266057851232,14.315058708190918,54400,0.007377235717632387,0.24846536281037154,-2.3522154832136795
2020-10-05,14.492267385756882,14.56979541719414,14.33721026664216,14.442427635192871,82000,0.008858198407328833,0.2525117831177325,-1.4954518888126602
2020-10-06,14.625170390317864,14.691623731132312,14.326132997252897,14.331669807434082,141800,-0.007698477771454819,0.25037918863453934,-0.5885568668175859
2020-10-07,14.453503691917808,14.49780557604573,14.132314767930312,14.215380668640137,178700,-0.008147236236459496,0.24072018736805123,-0.23481619186750563
2020-10-08,14.320597973397557,14.486729774049966,14.27075822195379,14.414739608764648,164000,0.013926742912047848,0.23924294529077336,-0.3810459428538462
2020-10-09,14.51995704451554,14.63071229099917,14.514419176567326,14.580872535705566,121700,0.011459302469383158,0.2150055407962433,-0.782081851880896
2020-10-12,14.597484923588404,14.597484923588404,14.093550600921905,14.287370681762695,128000,-0.020334591553739054,0.2177162565905575,-0.6302347262704182
2020-10-13,14.248605324474283,14.34828481737612,13.916340700214866,13.99386978149414,424400,-0.020756616964175672,0.22465609542505954,1.3242166270928335
2020-10-14,13.9108053472907,14.292908701803944,13.777898638666699,14.215380668640137,319000,0.015705163136483707,0.23448930439820775,0.8724192822796235
2020-10-15,14.04370952794506,14.09354927439598,13.855426276072727,13.99386978149414,287000,-0.015705163136483735,0.23535279344875798,0.6834515161223302
2020-10-16,14.021559562502466,14.198767099431368,13.938493661597072,14.137852668762207,126300,0.01023642578473418,0.23669870533828874,-0.6863405685606423
2020-10-19,14.237528528018894,14.575330994034324,14.121236499138854,14.508878707885742,150400,0.025904999958732126,0.2555407500349916,-0.31438702445756855
2020-10-20,14.669476523847843,14.929749983759137,14.519957255791422,14.913137435913086,159100,0.02748174487025325,0.26964634772096385,-0.1445530699363398
2020-10-21,14.918673261634826,15.073729320253156,14.807918028701579,14.946361541748047,211700,0.002225363497958846,0.25527572464471243,0.4268161725317986
2020-10-22,14.924209669043135,15.018351290955557,14.497803437072742,14.525491714477539,329300,-0.028562739941197332,0.26791481637208403,1.242682194154964
2020-10-23,14.619633526345995,14.77469062805176,14.453501747278464,14.774690628051758,200600,0.017010469052140615,0.2682138685044476,0.2667913360893231
2020-10-26,14.591945801686759,14.962974441492111,14.409200415289503,14.918672561645508,184600,0.009697996225224608,0.26683740773112513,0.11056895951381052
2020-10-27,14.846683980705007,14.87991118866492,14.5753347864743,14.586410522460938,237100,-0.022523311287340916,0.2803336319778094,0.6104706317025076
2020-10-28,14.292908207708129,14.370437294432042,13.849889381743754,13.872039794921875,288500,-0.05021502037426539,0.3196765543468523,1.0077943500577817
2020-10-29,13.822198184672978,13.84434965110998,13.390255151551981,13.716981887817383,185200,-0.011240669680064595,0.3131870084762988,0.1389966527610292
2020-10-30,13.6505285804006,14.11569881439209,13.567462693524988,14.11569881439209,186400,0.028652950038834373,0.32977010783156735,0.08374701643348895
2020-11-02,14.126776765693581,14.486729702831036,14.065861279508395,14.24860668182373,98000,0.009371556104497964,0.3304280809014551,-1.5150969952263724
2020-11-03,14.508880600490105,14.614096909990261,14.315059470833752,14.54764461517334,102900,0.020769973174425395,0.33706221314220264,-1.4941174921244478
2020-11-04,14.542109112652884,14.830071920326887,14.531033376302263,14.56425952911377,77600,0.0011414516660993904,0.33579265265292485,-1.935583871572579
2020-11-05,14.702699842752569,15.051578067659717,14.702699842752569,14.951898574829102,116800,0.026267736684757313,0.34530970500506714,-0.9323564995289778
2020-11-06,14.747001104405731,15.084803581237793,14.747001104405731,15.084803581237793,213600,0.008849564981274089,0.3436190194506832,0.38667764183695563
2020-11-09,15.981918525037097,16.474777063910178,15.860087564873329,16.14805030822754,475800,0.06811146670554678,0.4121388625745164,1.8677381250432055
2020-11-10,16.26434590316328,16.27542058250335,16.076062623258476,16.214506149291992,167200,0.004106964452066754,0.40188087817739077,-0.3106201577469149
2020-11-11,16.242193460638678,16.308646813906247,16.131438223939465,16.25326919555664,77800,0.002387786922282957,0.3902767879058904,-1.7219922693954355
2020-11-12,16.18127408576544,16.225575958549413,15.61642547182978,15.970840454101562,213700,-0.017529481907287855,0.3979779574012468,0.41994441922526105
2020-11-13,16.20896565587672,16.44155078418711,16.04837068469664,16.181276321411133,135000,0.013090203278316651,0.39104560549212664,-0.4970741874261116
2020-11-16,16.657526439598865,17.24452674460819,16.325261737356474,17.238988876342773,163200,0.06331882247390583,0.43723134280134707,-0.10963749269709075
2020-11-17,17.034089139441797,17.034089139441797,16.314182273041645,16.397249221801758,317100,-0.050060023267570045,0.47844258097654624,1.2321795085998408
2020-11-18,16.430475153715022,16.978711304699633,16.3972490083875,16.746126174926758,429400,0.021053368000719806,0.475284251403505,1.647530543709635
2020-11-19,16.613219400704306,16.757200762259217,16.40832256335,16.541229248046875,221700,-0.012310951838017215,0.47920530638421704,0.3385040966466753
2020-11-20,16.480316910936317,16.823656252445684,16.33633552196004,16.712902069091797,114600,0.010324993578118224,0.4637486790536307,-0.8742980858463177
2020-11-23,16.751666984453507,16.973176419280865,16.751666984453507,16.829195022583008,98900,0.006934177022225842,0.4622315738645339,-1.0693778733569148
2020-11-24,17.16699476227705,17.40511776184899,17.0507027241085,17.35527801513672,243300,0.030781491349169347,0.4699475545670623,0.6439219813389008
2020-11-25,17.360819953820933,17.410659712222284,17.006403776717935,17.083932876586914,100000,-0.01575824454668513,0.46511504247493024,-0.9678756185542756
2020-11-27,17.017477749736962,17.100543653050742,16.77935471899459,17.050704956054688,118000,-0.0019468746784724596,0.4172001161448999,-0.5863153233647915
2020-11-30,17.00086647776728,17.33313011593991,16.77935597733173,16.862422943115234,459500,-0.011103897466412365,0.4171133618440574,1.7828258858555308
2020-12-01,17.189143798011365,17.886898040771484,17.172530199378038,17.886898040771484,204400,0.05898084000423287,0.44654873229762937,0.3470055886500995
2020-12-02,17.9976579101179,18.25239348431194,17.84260184103988,18.241317749023438,150200,0.019620735240113128,0.44740878999500333,-0.23570664497905258
2020-12-03,18.274543455179476,18.55143047722765,18.180402881673658,18.501590728759766,256100,0.014167486677227626,0.4463173662484395,0.6530429489710519
2020-12-04,18.562505259610674,19.609137811278327,18.562505259610674,19.503921508789062,494600,0.052758834639906736,0.46665179888488206,1.6657109871135414
2020-12-07,19.470692625903503,19.908174567518113,19.177193098924608,19.5925235748291,222900,0.004532494835967957,0.46547027327248003,0.18561871212162928
2020-12-08,19.4042453667568,20.052160062980757,19.4042453667568,19.96355628967285,148200,0.018760382636082543,0.46565725597036084,-0.5267467286887305
2020-12-09,20.035543538091215,20.94373256231971,19.95247659289561,20.677921295166016,823100,0.03515810110804154,0.42940350826960405,2.317604328850956
2020-12-10,20.500712521584525,21.514117783186723,20.500712521584525,21.098787307739258,385000,0.020149038317375963,0.42939005397875946,0.9707931687724317
2020-12-11,20.838515952874843,21.40890248980232,20.62808124399203,20.98249626159668,381700,-0.005526986456341359,0.43261083261760164,0.879846203706343
2020-12-14,21.270460103567842,21.419979343026892,20.949272269251562,21.34798812866211,245500,0.017268923577738755,0.41910206952793577,0.11463853668100425
2020-12-15,21.547348201771957,22.560755727298798,21.419980423765043,22.51645278930664,462200,0.05328877468366866,0.44079435790391797,1.084634063641765
2020-12-16,22.53860256582885,22.665970334271435,22.029129379578308,22.60505485534668,225900,0.003927270365916333,0.4067034546738128,-0.15431727463438252
2020-12-17,22.69920173006041,22.926249030977953,22.438927222003496,22.85979461669922,161700,0.011206126495470373,0.3365091785486942,-0.6668667716558265
2020-12-18,22.859788603325743,23.258506534191202,22.37246903502355,23.2474308013916,484800,0.01681494883154311,0.33599890710392455,1.1758630946341002
2020-12-21,22.798873572478502,23.164366424531984,21.929448599364783,21.99036407470703,439200,-0.05559026195592844,0.4072289558277981,0.9335338455660079
2020-12-22,22.095585318832338,22.544140944885285,21.907302058365566,22.19526481628418,347700,0.00927460875795118,0.40735031253962156,0.48115747712846496
2020-12-23,22.328168923075065,22.37247185986734,21.957141333601093,22.173112869262695,131000,-0.0009985467135677356,0.40988271174479185,-1.2513640417698026
2020-12-24,22.18419376448204,22.361401327916838,22.045750223518553,22.30602264404297,36100,0.00597629287668687,0.4054067988685294,-2.668499045064918
2020-12-28,22.344779465080848,22.56075309386224,22.25063890155674,22.48322296142578,90900,0.007912669192525779,0.3931284402160717,-1.3571958881871504
2020-12-29,22.483226953806934,22.66184229595982,22.17623196756059,22.61160659790039,315400,0.0056939558078351995,0.39033011543731416,0.31238008320080707
2020-12-30,22.751148214803774,23.186524940874857,22.751148214803774,22.857202529907227,86600,0.010802936131555977,0.3802185724291036,-1.3676812703872174
2020-12-31,22.745566897903018,22.829293762729183,22.081341293676715,22.42740821838379,58700,-0.018982484785085768,0.36067301975100213,-1.6820644305165597
2021-01-04,22.41624404005162,22.762310957743498,21.997613982932183,22.131576538085938,131300,-0.013278400688657967,0.36842540421421055,-0.6471460801210607
2021-01-05,22.053430557250977,22.092504654987764,21.81899874640577,22.053430557250977,125600,-0.003537220765681344,0.37051982323005417,-0.6536036105013329
2021-01-06,22.27670320091749,22.667425057495727,22.17623180553272,22.472063064575195,132000,0.018804725541253633,0.33635106340656273,-0.5246631818896865
2021-01-07,22.68974818492315,22.918599179866295,22.148319338412275,22.165063858032227,240500,-0.013755546937406027,0.34375193184463654,0.23952638351962355
2021-01-08,22.388339930794807,22.388339930794807,21.986454320363563,22.265541076660156,237200,0.004522890924409803,0.3405505661285172,0.1936940692926967
2021-01-11,21.969709027496407,22.04785297584265,21.422699259809836,21.6403865814209,153700,-0.028478922122520126,0.34135484698159574,-0.2855720229387435
2021-01-12,21.65712991888659,22.27670280293617,21.65712991888659,22.248794555664062,304400,0.027726511846223278,0.34734129037822614,0.7004534367459467
2021-01-13,22.326938238395833,22.326938238395833,21.925052668740626,21.997615814208984,91200,-0.011353754466854746,0.3496226923783966,-0.9254579304296823
2021-01-14,22.047849914854613,22.326936622637582,21.947378529711735,22.215301513671875,194400,0.009847233417843477,0.34653719373790964,0.17611565387792072
2021-01-15,21.96412621984236,21.96412621984236,21.55665982320068,21.634803771972656,96500,-0.026478005120598173,0.3051816721719607,-0.7561730048412357
2021-01-19,21.685037281395953,22.04227007139707,21.478513704893306,21.48967742919922,200700,-0.006730603434292067,0.3048496476049753,0.3532275539545382
2021-01-20,21.657125356634705,21.729688487666387,21.41152985140898,21.662708282470703,118500,0.00801956961444659,0.303252041426657,-0.41682707357017884
2021-01-21,21.70178535108001,21.72411067188849,20.680326867577,20.987321853637695,155800,-0.03167373572661082,0.31064368452629143,0.08132794028325582
2021-01-22,20.747308101229372,20.747308101229372,20.18913459777832,20.18913459777832,240000,-0.038773965662318235,0.27999877898790543,0.890769872828564
2021-01-25,20.060754039728053,20.27844348480418,19.491416836459475,19.569562911987305,277800,-0.031169121928549127,0.29056422808139415,1.1965422786119744
2021-01-26,19.658872208018337,19.770505209472514,19.167678910420502,19.279314041137695,344200,-0.014942736793854813,0.29155615515915273,1.4177549922423456
2021-01-27,19.14535104252995,19.273730694823875,18.7825395371592,18.910919189453125,315400,-0.019293219637550235,0.2908973302186494,1.2563891647796976
2021-01-28,18.94998999195268,19.53607171762898,18.94998999195268,19.402109146118164,262600,0.025642288899140067,0.3089361771662613,0.8169246053028962
2021-01-29,19.37420115866314,20.194716863203254,19.20116874099372,19.64212417602539,341000,0.01229467364814745,0.3131755958004112,1.3151989434671658
2021-02-01,19.83748092307833,20.300763685924004,19.83748092307833,20.021677017211914,150400,0.019139084792277765,0.32029763943587,-0.36244931995429525
2021-02-02,20.323095503710896,20.736144799163064,20.323095503710896,20.451475143432617,162600,0.02123947656814229,0.3303886262647753,-0.3539766656840207
2021-02-03,20.42356841482687,20.630092013275856,20.228208541870117,20.228208541870117,123200,-0.010976921311387786,0.32970412506215685,-1.0114464908045802
2021-02-04,20.284025013093316,20.284025013093316,19.74817896575632,20.071918487548828,173600,-0.007756344676136998,0.3299078795284804,-0.22913437268779688
2021-02-05,20.373334930118492,20.574277752303136,20.161228381227684,20.33984375,128900,0.013259960630409228,0.3255060216626367,-0.9568748225834782
2021-02-08,20.54636206196669,20.70264992074728,20.37890835125905,20.518451690673828,184800,0.008742855101594744,0.32698767097921017,-0.04174708640414867
2021-02-09,20.468217630903624,20.557527419322696,20.177969335591843,20.362165451049805,259100,-0.007646019651659726,0.3258584492579876,0.7792302096445021
2021-02-10,20.49054505387442,20.74172351035084,20.30634893863341,20.384492874145508,114000,0.001095914425775284,0.31404819842593884,-1.168558896979404
2021-02-11,20.44589394963633,20.613345557800518,20.03842758904048,20.12215232849121,128400,-0.012953144471782488,0.29519916700985244,-0.8029520813569909
2021-02-12,20.256115077630025,20.38449471603747,20.016100323005702,20.345422744750977,179300,0.011034645953706361,0.2990834781006907,-0.07384640827834163
2021-02-16,20.529618447163603,20.657998082885396,19.97144500701875,20.038427352905273,330500,-0.01520416230759075,0.29735185583875634,1.3897406420929632
2021-02-17,19.949119700369362,20.099824655553366,19.82632086209515,20.027263641357422,99500,-0.000557270400670634,0.28704193375680725,-1.613019601334067
2021-02-18,19.926797819730584,20.00494178255386,19.7035275294384,19.803998947143555,129200,-0.011210642997361952,0.28806025004683883,-0.8875470323869189
2021-02-19,19.89888198206221,19.94353474554498,19.530487633963826,19.831899642944336,177400,0.001407850024932623,0.28551528534857157,-0.16159087526882296
2021-02-22,19.67561717391551,19.76492485464077,19.48583808621644,19.709108352661133,795900,-0.006210852541556482,0.26771893083348025,2.71533105718022
2021-02-23,19.798412562925336,20.09424380423473,19.586306059909305,19.977027893066406,239500,0.013502126235914633,0.23943603847017664,0.317222508815457
2021-02-24,20.01051699024377,20.144479552839513,19.792829689130542,20.027263641357422,559600,0.002511519278070946,0.21192981919516385,1.7918411750808896
2021-02-25,19.937954222438677,19.937954222438677,18.587173508016104,18.64857292175293,786700,-0.07132490311146998,0.32535662677978827,2.1011545923625143
2021-02-26,18.531356997173027,18.80486076623021,18.324833438806632,18.670900344848633,335200,0.00119655631793805,0.3189841108475144,0.68870683869882
2021-03-01,18.96673601013525,19.413274401602173,18.9332448323016,19.178842544555664,205000,0.02684154009597796,0.32025215448609745,-0.09958958432159301
2021-03-02,19.061620410409695,19.061620410409695,18.75462337003681,18.799278259277344,220000,-0.019989242000155675,0.32344656535839234,0.05167314902344818
2021-03-03,18.7099761063946,18.832774958617758,18.60950470535073,18.6932315826416,168100,-0.0056569677455687774,0.314215765349242,-0.40817768108890645
2021-03-04,18.73230157853161,19.06720479378714,18.45321485606443,18.559267044067383,301500,-0.0071922754713354305,0.3014496856574127,0.5214024313582044
2021-03-05,18.804860789983014,19.011386477872787,18.414141119407798,18.64857292175293,192700,0.004800388803143703,0.3022131756420558,-0.27013392526938484
2021-03-08,18.587175222302232,18.743465234209378,18.34157967396629,18.425304412841797,187500,-0.012044664554136933,0.30327093864704535,-0.3241582508751749
2021-03-09,18.53694155364951,18.977899132757265,18.363909130167354,18.6932315826416,298500,0.014436551222328658,0.304144518931654,0.4149686515103614
2021-03-10,18.87742440993879,19.07278425022365,18.765789302949198,19.02813148498535,194600,0.01775697773584194,0.3104482261706592,-0.3407995198260715
2021-03-11,19.150934386054978,19.435601946583954,19.106279482062895,19.279314041137695,221400,0.013114221145021665,0.3153227130603241,-0.10083698120265462
2021-03-12,19.240238238617767,19.340709623356965,18.9723152557341,19.19558334350586,128400,-0.004352491390884946,0.3150823492426622,-1.0823835060923486
2021-03-15,19.111858719840125,19.357454256591346,19.056040100626706,19.29605484008789,217800,0.005220444205682407,0.3140359586036092,-0.19200169458191216
2021-03-16,19.31838394036779,19.45792730644469,19.00022523605349,19.044878005981445,166800,-0.013102468241780109,0.3125439053544126,-0.672877903914822
2021-03-17,18.944408434600305,19.083951814101887,18.871847410328837,19.016971588134766,167200,-0.0014663723988583984,0.309473482670158,-0.6085549420933487
2021-03-18,18.894168458250604,18.922078831246957,18.654153729467037,18.74346351623535,179800,-0.014486742774934109,0.31212700276884225,-0.5597574882575274
2021-03-19,18.69880666768483,18.87742196402024,18.509027649170672,18.68206214904785,319200,-0.003281259043748769,0.31075397370531727,0.48590090939309905
2021-03-22,18.486705794035405,18.520196970697288,17.889460317107567,18.475542068481445,243100,-0.011116013073411682,0.31165591213369354,-0.09139483909087523
2021-03-23,18.380649683422444,18.68764461840186,18.341577716930292,18.37506675720215,161300,-0.005453128915043424,0.31158003704554565,-0.8894020412621013
2021-03-24,18.520194695349794,18.654155127013393,18.202036008570403,18.207616806030273,128500,-0.009154665777864357,0.30598613254494134,-1.2924196205601945
2021-03-25,18.09040295572773,18.442052855092154,18.012259006816283,18.430889129638672,127400,0.012188001763515083,0.3105486492960614,-1.2448203959578397
2021-03-26,18.587172484967347,18.74346247385765,17.783403612115002,17.900619506835938,341500,-0.029192692554702436,0.21497386237197502,1.6535821158274822
2021-03-29,17.749914231306036,17.98434817361714,17.493154970558844,17.89504051208496,201200,-0.00031171347549964007,0.2147591508644083,0.020816075963247714
2021-03-30,18.001092756825457,18.001092756825457,17.655024768721578,17.839221954345703,131100,-0.0031240943165187704,0.18735426950685785,-1.3288169718291118
2021-03-31,17.766660808824415,18.084820568502867,17.705261388856954,17.855968475341797,237100,0.0009383069272453287,0.17785879324453388,0.618668452047572
2021-04-01,17.95162884600679,17.95162884600679,17.72226876334353,17.890092849731445,89800,0.0019092668389645334,0.17807170991268761,-2.167505407963709
2021-04-05,18.02435075327458,18.348810321460824,17.940437655399506,18.21455192565918,316500,0.017973743420292454,0.18993270835966883,1.4374296575186767
2021-04-06,18.130642574591523,18.30406201683878,18.130642574591523,18.225744247436523,104100,0.0006142827202129719,0.1889024714925165,-1.542284902487215
2021-04-07,18.24252212214052,18.50544783528473,18.231333566900478,18.34881019592285,88800,0.006729619256204288,0.18636536314538477,-1.7198829332807763
2021-04-08,18.365597314187855,18.63970949660909,18.343220199786384,18.583768844604492,184400,0.012723824042442202,0.18475824034847269,0.13274059430165036
2021-04-09,18.4830720181055,18.64530287943969,18.443913139024676,18.594955444335938,174900,0.0006017742826297083,0.1728287543276797,0.010503915392344883
2021-04-12,18.505447144631248,18.74040039390716,18.08029059737203,18.15301513671875,122400,-0.024053661115121305,0.18203550566130397,-0.8248578516281005
2021-04-13,18.09148401907194,18.197772117480504,17.912471361752676,18.102672576904297,99600,-0.002777086594879267,0.1819552502611259,-1.2769527087798178
2021-04-14,18.164208773971527,18.58377009421541,18.14183165806537,18.44391632080078,180200,0.01867499384655283,0.19492687076823334,0.20715814429484009
2021-04-15,18.5110420159968,18.79634272057388,18.404753936644326,18.773967742919922,138600,0.017736638334198532,0.20223260096253864,-0.4217189549977997
2021-04-16,18.751591436814937,19.109616702644516,18.734809669353837,18.93619728088379,197600,0.008604074720047617,0.20473396787803716,0.4343621210412379
2021-04-19,18.897038170399775,18.897038170399775,18.337623165862194,18.539012908935547,207200,-0.021197972892424824,0.21183070227859035,0.5311753075923467
2021-04-20,18.410350448296835,18.449509333710477,18.04113657582595,18.102672576904297,283200,-0.023817734008374166,0.2266297322406614,1.338632181266333
2021-04-21,18.12504852856078,18.3711903830675,18.007569745865258,18.27608871459961,252200,0.009533994293444726,0.22687933246654277,1.039515628994601
2021-04-22,18.28727878343957,18.376785113750103,17.918064904158722,17.97960090637207,189600,-0.01635574558158452,0.23293100637743958,0.30925678761101505
2021-04-23,18.052325035921992,18.069106805580066,17.688705444335938,17.688705444335938,189800,-0.01631150685495816,0.23735145202067434,0.26829532271248974
2021-04-26,17.800587050455977,17.845340212606107,17.62157440185547,17.62157440185547,95600,-0.0038023557816068585,0.23224547618522007,-1.365408632050828
2021-04-27,17.76702197169972,17.962817451008974,17.582415049379456,17.82855796813965,270200,0.0116775822580299,0.2147518229952761,1.2227087135024928
2021-04-28,17.96281601082077,18.125046873155537,17.615978240966797,17.615978240966797,183900,-0.01199520709380902,0.21861293527849746,0.2645988225663262
2021-04-29,17.677516864058664,17.677516864058664,17.112507501298293,17.25795555114746,160900,-0.020533116261570186,0.22906488282192797,-0.09924662285151378
2021-04-30,17.151666520553643,17.151666520553643,16.704134876749084,16.74329376220703,177100,-0.030275422837088478,0.24936605757327918,0.18505869300959019
2021-05-03,16.821609721631958,17.00062235987621,16.066399220414468,16.22303581237793,574300,-0.03156560976277001,0.2672734851531004,2.6033975615096105
2021-05-04,16.217440928609985,16.418830672616,15.786691117041311,16.06639862060547,383200,-0.009702147047852907,0.25464203507435834,1.623701535792944
2021-05-05,16.93908926296854,17.011812754989716,16.06080667779216,16.306949615478516,346500,0.014861324841843585,0.2639020549830299,1.2742816857043262
2021-05-06,16.290167641298154,16.838394165039062,16.278979083589256,16.838394165039062,230100,0.03207027217036533,0.2915995472286552,0.31109728763948385
2021-05-07,16.799236521713322,17.49850542520955,16.776859404641602,17.179637908935547,342600,0.0200631941239065,0.29797073672892077,1.1358707592217678
2021-05-10,17.224390597600653,17.99638186131316,17.067753993152017,17.87331199645996,416600,0.039583810335858255,0.33359854509333403,1.411161055425182
2021-05-11,17.638357043252842,17.694297695073868,17.23557752134441,17.274736404418945,347400,-0.03406353960819035,0.3436312302307896,0.9296158556257281
2021-05-12,17.162854612002185,17.46493819661131,16.944683074951172,16.944683074951172,182800,-0.019291009024301357,0.3486084960719945,-0.5889579631132497
2021-05-13,16.967059173594446,17.235578153380413,16.86077001063766,16.933494567871094,187300,-0.0006605141282871707,0.33967767937008186,-0.5367577080327731
2021-05-14,17.078940011559812,17.834149393697064,17.05096862188843,17.80058479309082,657000,0.049937722707135625,0.38146834389042045,2.0960701976374407
2021-05-17,17.66632648055159,17.76702135596377,17.10691145448346,17.229982376098633,237700,-0.03258028262485433,0.39282442447760546,-0.15216701159587578
2021-05-18,17.241174723866685,17.57682402671348,17.235580444335938,17.235580444335938,330400,0.0003248499562128357,0.3883442929890635,0.5245287245406122
2021-05-19,17.028592150243284,17.14047450512567,16.927897283949562,17.045373916625977,216200,-0.011097035257862042,0.3824014403734694,-0.3802502206429251
2021-05-20,16.922303469975787,16.922303469975787,16.441206236496992,16.78244972229004,229500,-0.015545161391515228,0.3820233729765847,-0.23891523521155839
2021-05-21,16.843988262643332,17.03418947364957,16.474774398219363,16.49155616760254,120400,-0.017485178483675885,0.38250114117302597,-1.5227380532406982
2021-05-24,16.54749793925964,16.709728823791398,16.368485285293275,16.48036766052246,162700,-0.0006786687709121548,0.38004537273110467,-0.8713707620566586
2021-05-25,16.497146947378447,16.586653255103172,16.262192622851213,16.31254005432129,134200,-0.01023569321297661,0.3807904110513392,-1.3813167107745268
2021-05-26,16.323732298765137,16.469180348439487,16.267790577044295,16.39086151123047,87200,0.004789814080458001,0.37802875035288475,-1.9689516783710657
2021-05-27,16.480365115129096,16.883144591343687,16.43001874760169,16.78244972229004,369300,0.023609726387106806,0.3885201832405415,0.7733069047284187
2021-05-28,16.8160142740951,17.168446314758437,16.659378760021983,16.793638229370117,129200,0.0006664568850495956,0.3828899635404186,-1.2094983722168189
2021-06-01,16.944680674531682,17.2859230951935,16.944680674531682,17.213199615478516,219100,0.024676371138358112,0.3777758709978319,-0.231805378616327
2021-06-02,17.241168004072065,17.487310872491456,17.056561119507347,17.218791961669922,481600,0.00032483431741383255,0.35845784875766384,1.3188276789112543
2021-06-03,17.106912625326046,17.61038596984652,17.106912625326046,17.543256759643555,326800,0.01866830253118555,0.3594248271352502,0.5819902624511707
2021-06-04,17.62157472999765,17.884499429150786,17.32508435835721,17.448156356811523,440900,-0.005435655694798546,0.3587065329807028,1.127042213028715
2021-06-07,17.464938690693064,17.49850436426554,16.939089275386202,17.174043655395508,331700,-0.015834835968061095,0.34839943926218603,0.5385655406824649
2021-06-08,17.062157770006284,17.515283628417095,17.017404611978048,17.45374870300293,331300,0.01615529676982414,0.3459511298511391,0.5403093733372569
2021-06-09,17.40340213240846,17.63276221208537,17.40340213240846,17.498502731323242,516000,0.00256086809530124,0.31607436447635584,1.3415961290092897
2021-06-10,17.56003765979786,17.699891418966686,17.43137245744242,17.498502731323242,497100,0.0,0.29232348740871716,1.2026985281838178
2021-06-11,17.48171994582056,17.515284549356675,17.269142700759165,17.487314224243164,260700,-0.0006396024695215507,0.2833238283461844,-0.0058468999241770925
2021-06-14,17.49291023025664,17.890094434491626,17.49291023025664,17.57682228088379,575500,0.0051054016999593915,0.2834735729193229,1.3063110034223953
2021-06-15,17.571225509139612,17.571225509139612,16.620219558282226,16.916709899902344,323600,-0.038279233379720154,0.25821772892507683,0.36568825088097057
2021-06-16,16.86636433975212,17.10691299331966,16.748887685870063,16.922306060791016,221600,0.00033075199031721235,0.23380478530207963,-0.34389704718790676
2021-06-17,17.006217923741676,17.011812202484634,16.474774247155743,16.525121688842773,187200,-0.023750887265534325,0.24678475357803997,-0.6081816237061803
2021-06-18,16.362891286816915,16.603439944830228,16.318138122558594,16.318138122558594,391900,-0.01260449223439257,0.24753866537128824,0.7189630989798992
2021-06-21,16.413238449575744,16.575468267115735,16.351702449646996,16.430021286010742,211100,0.006832970205735848,0.24431385660760022,-0.42244448428006137
2021-06-22,16.418833532799205,16.418833532799205,16.049619649136908,16.055213928222656,222300,-0.0230765754429707,0.2497713761155388,-0.4024163536768196
2021-06-23,16.09996607438579,16.357296494037058,16.04961863280192,16.094371795654297,86500,0.0024359808012162846,0.250098195348731,-2.0029852206662073
2021-06-24,16.094370347025126,16.446801339390877,16.094370347025126,16.334918975830078,292100,0.014835451919260695,0.2536494563003653,0.11311755368419184
2021-06-25,16.491556244314822,16.62022145618237,16.40764419600988,16.424427032470703,207800,0.0054645950109706055,0.25381853522483,-0.6780454765125359
2021-06-28,16.341424726448786,16.487230294675438,16.117108879031758,16.20122718811035,221500,-0.013682688172611732,0.24293291610743334,-0.4924403888328429
2021-06-29,16.2292694902504,16.363859016552972,15.859148025512697,15.859148025512695,200700,-0.021340495399772442,0.25204695198629984,-0.7902253302603889
2021-06-30,15.926446619326946,16.16758665449117,15.853544340372137,16.1507625579834,210900,0.018220769444570094,0.24406936458783896,-0.6732149669811219
2021-07-01,16.262915414828406,16.262915414828406,15.769420521150225,15.836714744567871,195900,-0.019636303380555303,0.2503233305154007,-0.7589888751494137
2021-07-02,15.825498555540015,16.767626232711308,15.595574666423497,16.683507919311523,343900,0.05208971934635565,0.3084544285019566,0.5201444702391148
2021-07-06,16.621822842872948,16.67229405147459,16.06664061787743,16.212446212768555,202700,-0.028641449734868797,0.3215363989607608,-0.6137125819818519
2021-07-07,16.122719403042222,16.47040982254173,15.926442605080688,16.425546646118164,207700,0.013058613165984114,0.323142207051575,-0.5053961595651953
2021-07-08,16.122723110651567,16.616218164795765,16.122723110651567,16.543315887451172,299300,0.007144301210556655,0.3181900605183445,0.35979712878804293
2021-07-09,16.655470080672497,17.092885770834737,16.655470080672497,16.991943359375,328000,0.026757165309822546,0.33374754939731377,0.6664200967597865
2021-07-12,16.952688850839095,17.148965650527472,16.823707351189377,16.93025779724121,200800,-0.003636888410729432,0.3337932676126436,-0.48835977534536157
2021-07-13,16.907826133084647,17.003160520114708,16.694726304817618,16.756412506103516,207400,-0.010321402079842345,0.33513474068213867,-0.3707975359557063
2021-07-14,16.851746428060018,17.064847320068438,16.70594190568269,17.00876808166504,308300,0.014947959409262154,0.33948251948649133,0.9057620774221055
2021-07-15,16.98072836780806,17.11531789321355,16.77323551429388,16.991943359375,423100,-0.0009896689186903887,0.3121436993316447,1.7550529056888962
2021-07-16,17.064847551604405,17.064847551604405,16.80688347929771,16.902217864990234,223100,-0.005294463750531429,0.31272427719114926,-0.1426233038143316
2021-07-19,16.677903351700223,16.677903351700223,16.307781840200892,16.363861083984375,166100,-0.0323695370256253,0.322232861531925,-0.9858212871316294
2021-07-20,16.397507888291194,17.02559348131376,16.397507888291194,16.834924697875977,146200,0.02838026874469373,0.33384906940173903,-1.2487799990740267
2021-07-21,16.941473065727717,17.008768366864693,16.52648840598019,16.537704467773438,254900,-0.01781268640122548,0.3397387783933039,0.38344564503255735
2021-07-22,16.504058469053266,16.59378483022713,16.246094378461468,16.26291847229004,200000,-0.016755317396803627,0.33492743136793185,-0.3227589299137683
2021-07-23,16.246091623276737,16.41993735448826,16.246091623276737,16.274131774902344,164300,0.0006892636530387545,0.3348622312312167,-1.2491219016516788
2021-07-26,16.296565792629554,16.380684123571466,16.206839430341834,16.285350799560547,104000,0.0006891402574688258,0.33080815613834164,-2.372350292570701
2021-07-27,16.25170474257701,16.33582308454939,16.150762304361056,16.257312774658203,197600,-0.0017231553143208682,0.3302089925893042,-0.3174923729892964
2021-07-28,16.29095607140877,16.386290455153183,15.99934595903395,16.29656410217285,167100,0.0024114698648216976,0.3267941662583616,-0.7948470383584402
2021-07-29,16.38068410838359,16.48162653326934,16.296565777519675,16.363861083984375,341600,0.004121016592326971,0.31733565431068644,1.3030327425482788
2021-07-30,16.363858679664066,16.442368967651962,15.915225864935845,15.954482078552246,249500,-0.025335513092514708,0.3242001606602141,0.3386912494942062
2021-08-02,16.2404856498803,16.313388983717992,15.898404313701104,15.999346733093262,231800,0.002808094409390451,0.3168182629801753,0.09563479277420027
2021-08-03,16.038604990741934,16.038604990741934,15.718954647098851,15.93205451965332,172000,-0.004214804889107981,0.2553385348744919,-0.7208109900308193
2021-08-04,16.061033186129798,16.476017862629234,15.926443648045325,16.38629150390625,228200,0.02811201404077482,0.25695399324575147,0.1348533973826048
2021-08-05,16.554528110315314,16.649862493720573,15.920834541320799,15.9208345413208,198800,-0.028816501396699428,0.27170476521366377,-0.2844569533719413
2021-08-06,15.926443251263954,16.072248847961934,15.5002425231366,15.651656150817871,162400,-0.017051864258971143,0.27493011721700755,-0.8248269978581938
2021-08-09,15.707738362205912,15.831111858307281,15.550716673840107,15.662875175476074,104200,0.0007165379562168864,0.25383833772694225,-1.9223934983524953
2021-08-10,15.679695885629346,16.083465576171875,15.679695885629346,16.083465576171875,198000,0.026498487758947722,0.2747999018293116,-0.03477889345957653
2021-08-11,16.184407123278856,16.313388625392385,16.12271985286694,16.25170135498047,101900,0.010405840627504527,0.27668664837162155,-1.7320692233611985
2021-08-12,17.378887609432557,17.906030679934247,16.902215740873707,17.04802131652832,836800,0.04783654311522997,0.32114043166954037,2.9431942280005625
2021-08-13,17.048023557918462,17.614421844482422,17.048023557918462,17.614421844482422,291500,0.03268384430386727,0.34030146828471386,0.8256708041244242
2021-08-16,17.720975001190006,17.945290923813133,17.580777415847717,17.810701370239258,141400,0.011081487742274106,0.34078034164267024,-0.6953197625736073
2021-08-17,17.620030734533735,17.620030734533735,17.32281149948148,17.56395149230957,170000,-0.013950886296800918,0.32252243188874774,-0.30111843715872894
2021-08-18,17.563952364862754,18.483648132386957,17.563952364862754,18.304195404052734,309700,0.04128169969624286,0.3378598398323647,0.9044987383354754
2021-08-19,18.22007350076562,18.39952618339764,18.01818869799341,18.393917083740234,375800,0.004889726057894221,0.3284263575829307,1.2331311376833034
2021-08-20,18.29297764308287,18.49486247853025,18.113524931406324,18.287370681762695,254300,-0.0058093217612451824,0.3213760950388413,0.40439502568125557
2021-08-23,18.388314814844367,18.500473304916206,18.203252985339045,18.26494026184082,199900,-0.0012273053144038685,0.321812387864788,-0.10852694183939476
2021-08-24,18.421958490513727,18.466822736459296,18.292976992287702,18.360273361206055,161200,0.0052058844297828664,0.3213424182600566,-0.6246822828564295
2021-08-25,18.349059875200272,18.371489862076345,18.141565917445572,18.248117446899414,173500,-0.006127352922833202,0.3229841452010975,-0.450159189890526
2021-08-26,18.25933208893532,18.276155112594456,17.91164164847153,17.91724967956543,109800,-0.01829800304819534,0.33328314988176194,-1.3357641625558496
2021-08-27,17.91164052835282,18.360273361206055,17.91164052835282,18.360273361206055,126300,0.02442535597102865,0.34032836221036616,-0.9515771234543833
2021-08-30,18.309799414518213,18.64066569150313,18.214463975771032,18.528507232666016,163300,0.009121203526943376,0.3214214963633014,-0.37789815441441327
2021-08-31,18.500470052660123,18.674313649427955,18.500470052660123,18.64627456665039,191100,0.006335893433693517,0.32105696917320325,-0.03248119034594632
2021-09-01,18.797693029696042,18.937890618993375,18.623847248838988,18.853771209716797,304700,0.011066587063088686,0.3185110289237182,0.866478063057929
2021-09-02,18.853765932719707,18.853765932719707,18.39391813967129,18.44438934326172,215400,-0.021952734457468457,0.32584642411345077,0.1630443508368635
2021-09-03,18.44439314919428,18.707965282247528,18.30980467134453,18.4836483001709,89000,0.002126241967079456,0.30133414451212526,-1.4760034721225472
2021-09-07,18.416350055545635,18.640666988831576,18.304191588902665,18.382701873779297,155400,-0.0054763586957405855,0.29216915778954017,-0.397321921374064
2021-09-08,18.337844826534194,18.455610286317864,18.09109570404033,18.41635513305664,159000,0.0018290288608704243,0.2918613464950222,-0.4050157130881002
2021-09-09,18.30419349239547,18.349057739416114,18.085485636282424,18.343448638916016,226500,-0.003966647384038668,0.28617743780514376,0.2851114704882643
2021-09-10,18.39392196152356,18.42196104951196,18.276156508425103,18.365882873535156,286200,0.0012222634675032955,0.28626972506182624,0.674435025103473
2021-09-13,18.349059689766563,18.478041204793005,17.88360270405589,18.147174835205078,351800,-0.011979859685409095,0.24810743726219203,1.479949541791295
2021-09-14,18.163997868510833,18.163997868510833,17.877994680955656,18.107919692993164,124600,-0.002165497459760744,0.22369812642663342,-1.077392721054598
2021-09-15,18.13595684455813,18.421958931957104,18.13595684455813,18.343448638916016,182500,0.012923093677666541,0.22479938036119548,-0.13459118277107382
2021-09-16,18.25372208497411,18.478039039139993,18.113524523431693,18.281761169433594,152700,-0.0033685829043794196,0.21859545523678278,-0.5802701249503225
2021-09-17,18.186431473991785,18.371491179652033,17.973330539046113,18.180822372436523,694600,-0.005536582712361517,0.16623108184961888,2.6654538942149943
2021-09-20,17.939682405035732,18.11352710664645,17.855564070038458,18.05183982849121,198800,-0.007119713593044719,0.16669196918842158,0.06867547792273479
2021-09-21,18.169605328211233,18.169605328211233,17.771443686344416,17.793874740600586,196300,-0.014393326760675,0.1724346774610846,0.06862897736015834
2021-09-22,17.855561351515234,18.07987830351908,17.855561351515234,17.945287704467773,113200,0.00847327466095098,0.17573093138673546,-1.0816592197165844
2021-09-23,18.018194377100848,18.259334396500307,17.900427848491084,18.119136810302734,163600,0.009641105038623372,0.17830656869596184,-0.27548661355163057
2021-09-24,18.063056282280247,18.231292955912384,17.950897786777034,18.13595962524414,282500,0.0009280249014740551,0.1772373789685316,0.8559528388291041
2021-09-27,18.21446823103014,19.18463516901867,18.197645207010016,19.1453800201416,563700,0.054164747327632906,0.24808489512143306,2.006742837706752
2021-09-28,19.098742575761985,19.14369289778418,18.682940843936162,19.115598678588867,388400,-0.0015567478188017046,0.2360540886277147,1.1482256212365278
2021-09-29,19.1661711659338,19.374070982199534,18.885224657241608,19.317882537841797,198000,0.010526536797388566,0.23664375403606785,-0.1948187622948066
2021-09-30,19.357215115605843,19.497688371679253,19.09312470828327,19.452735900878906,471200,0.006956500169247121,0.23679718414521025,1.3659935880495717
2021-10-01,19.5145416291737,19.891011015115424,19.368450407292034,19.660634994506836,378100,0.010630689545886932,0.2365919949240864,0.9185474326306138
2021-10-04,19.598826427900622,19.817964332448856,19.581968182084356,19.660634994506836,187500,0.0,0.22025091875049008,-0.3690836493500038
2021-10-05,19.694350213397954,19.85168171887056,19.5033064980362,19.778635025024414,479500,0.005983902975999412,0.22045437708872492,1.2723069401162908
2021-10-06,19.593207963225694,19.64377841806916,19.183026337696095,19.379690170288086,282900,-0.020376696728864694,0.23351974209096094,0.20296103503041893
2021-10-07,19.503302865466914,19.958436905266005,19.503302865466914,19.846057891845703,606200,0.023779773291805823,0.24481427180246965,1.5159349007593008
2021-10-08,19.90224744698216,20.025864583047138,19.76177420816342,19.96405601501465,146600,0.005928064863208055,0.24337640045653589,-1.0972538702988648
2021-10-11,20.01462809689367,20.053960435490367,19.82358439080186,19.851680755615234,195000,-0.005644781028979142,0.24552816653602916,-0.5358622498728297
2021-10-12,19.879775901418594,19.919108241844306,19.64939984601723,19.666255950927734,145000,-0.009384405207214928,0.2435961336193,-0.9811399869134796
2021-10-13,19.660635376401387,19.952817825840167,19.6156829112868,19.8629150390625,502100,0.00995015608656394,0.24345558834917116,1.1333200891171489
2021-10-14,20.00900791809168,20.407951390699246,19.919105133511785,20.385475158691406,327900,0.025968217976446946,0.2532053314852421,0.3169535890772323
2021-10-15,20.46976001791639,20.79003882290118,20.22814588174169,20.64394760131836,358300,0.012599536847925667,0.2525760848780821,0.41558427120164665
2021-10-18,20.39109519475259,20.40795129695531,20.166337162609548,20.29557228088379,192800,-0.01701943406415045,0.2620181478088933,-0.6737841659706044
2021-10-19,20.35738277898485,20.621473170299634,20.267479986285384,20.28433609008789,211400,-0.0005537809982385131,0.25908652359431095,-0.4971049049742317
2021-10-20,20.261860938096113,20.41357229472634,20.17195815010615,20.278717041015625,89700,-0.00027705257245045956,0.2498434415393049,-1.9407906674259732
2021-10-21,20.093292018893248,20.278717731124292,19.930344683739083,20.082056045532227,259300,-0.009745232156962777,0.2556801808246602,-0.08840013791519867
2021-10-22,20.08767692815582,20.436050025764292,19.99215613665508,19.997774124145508,256400,-0.004205708719888689,0.2572514467198314,-0.15556227154210997
2021-10-25,20.222529433872708,20.34614443278478,19.96967716242497,20.13824462890625,125600,0.006999751478676998,0.25699008570033427,-1.4165758461610491
2021-10-26,20.200056333556727,20.475382738046562,20.11015352792405,20.447288513183594,186600,0.015229557609144594,0.18969338866548055,-0.5997146673882581
2021-10-27,20.391100063457657,20.593381911994168,20.391100063457657,20.447288513183594,252300,0.0,0.18928468508099913,0.03493753382296864
2021-10-28,20.497854081122238,20.497854081122238,20.211289626418736,20.29557228088379,365800,-0.007447534640281339,0.1907619179710545,0.7153456884217666
2021-10-29,20.23376639687258,20.29557497107726,19.756158194575608,20.18881607055664,632300,-0.005273956807691683,0.19174377751911367,1.7029838356294302
2021-11-01,20.228147639273168,20.733852187635655,20.155100950409327,20.430429458618164,102700,0.011896638380933274,0.1925295421823907,-1.5581245233826457
2021-11-02,20.29557673995362,20.368623437966658,19.89101519404338,20.00901222229004,128300,-0.020842646414641296,0.2079452335775012,-1.0939712588410484
2021-11-03,20.0314856475584,20.177576879627523,19.77863337719683,20.048341751098633,213000,0.0019636614776151994,0.20715615886624936,-0.1398837986264104
2021-11-04,20.070817526691986,20.245002975169772,19.435877871931766,19.463972091674805,208700,-0.02958127301447418,0.22092181800183933,-0.15119085425372725
2021-11-05,19.508920454618387,19.739296437577714,19.244830128987772,19.32911491394043,186000,-0.0069526676729515305,0.2046554635948475,-0.2844198681945363
2021-11-08,19.424636975913185,19.492063522338867,19.34597231450801,19.492063522338867,103300,0.00839487990478765,0.20592114807194872,-1.3830990535267689
2021-11-09,19.458353854324496,19.52016242303353,18.935793228722847,19.183025360107422,379500,-0.01598159170598627,0.21180020670169555,1.049781484637013
2021-11-10,19.15493357685338,19.323501058029095,18.69418146136225,18.817798614501953,404300,-0.019222635383696784,0.21895873381854272,1.061122105907548
2021-11-11,18.924552475031884,19.008837264880714,18.57617948766247,18.587417602539062,216500,-0.012318277952790882,0.21709761611017178,-0.025886616033634628
2021-11-12,18.58742161502331,18.666086292689638,18.25028452630114,18.609895706176758,318900,0.0012085876303622794,0.1905602902893644,0.7417161774543124
2021-11-15,18.5986563339919,18.666085033257833,18.233427191833467,18.289615631103516,163800,-0.017360019523285586,0.1851904102818309,-0.5100924323487838
2021-11-16,18.300853495305002,18.340185830942012,17.980574680288488,18.008668899536133,221000,-0.015480199442144875,0.1840853546939135,0.07961973572114485
2021-11-17,17.840101085226717,17.980574322118265,17.469251825571085,17.6434383392334,531700,-0.02048929871636856,0.18993363194741128,1.6315671598569472
2021-11-18,17.59848971188496,17.71648780671455,17.480492688781283,17.626585006713867,462100,-0.0009556746609959804,0.18966143439140712,1.2701280988383161
2021-11-19,17.48610865478644,17.6883893831454,17.261350622814255,17.266969680786133,175900,-0.020612864590241406,0.19552416768829,-0.5621022217855393
2021-11-22,17.379348696772226,17.738959833166568,17.22201828873684,17.266969680786133,127900,0.0,0.19687166120638858,-1.0777165507407787
2021-11-23,17.272589666697588,17.362492455626043,17.03659457782895,17.21078109741211,144900,-0.0032594140772164654,0.19079893826791391,-0.869113180448528
2021-11-24,17.160211707228456,17.25011449610886,17.002881290824856,17.216400146484375,194500,0.0003264309722224245,0.17475873213754559,-0.316799981381052
2021-11-26,16.918598307239403,17.025357203920105,16.536510901764093,16.980405807495117,148600,-0.013802346675240367,0.17314175846510804,-0.7671128662823145
2021-11-29,17.13211534333709,17.255731402377354,16.952309776832813,17.0703067779541,184300,0.005280428662109897,0.17991942948013143,-0.31079217930463576
2021-11-30,16.952309534304995,18.059238207089273,16.924215316837774,17.90190887451172,569000,0.04756683978963504,0.2642494209226643,1.8802228599373325
2021-12-01,18.626752615338855,19.8516794484243,18.626752615338855,19.27292823791504,894100,0.07379408106313169,0.37853602053777713,2.3018834655540252
2021-12-02,19.272932537317647,19.91349031626763,19.272932537317647,19.902252197265625,381600,0.03213147181028233,0.39095825315036986,0.7369336807683381
2021-12-03,19.902248044510586,20.38547634350733,19.677492141723633,19.677492141723633,394600,-0.01135744938755014,0.39272518961588443,0.73538585086453
2021-12-06,19.739300570747265,19.756156673886814,19.351593050925146,19.475210189819336,194600,-0.01033306718040668,0.3804756461982989,-0.49919420862887603
2021-12-07,19.45273250665869,19.593205738221553,18.851507247045756,18.963886260986328,267000,-0.026605937106507736,0.39096513539411476,0.024982131363635075
2021-12-08,18.98074307637372,18.98074307637372,18.40199402648345,18.598655700683594,179300,-0.01944714344362544,0.3944978198952117,-0.7712600700748399
2021-12-09,18.68294037112216,18.716654719374237,18.340185332639564,18.53122901916504,175700,-0.0036319399398084037,0.3913826162476535,-0.737728884116115
2021-12-10,18.57056225596636,18.621132709075653,18.300853887200663,18.491897583007812,140100,-0.002124696348643328,0.3861544580833554,-1.0545478673996262
2021-12-13,18.34580578467797,18.621132131492924,17.81200705029295,17.823244094848633,220500,-0.036829214216759276,0.40425182182831393,-0.21697845949404593
2021-12-14,17.812009587412877,17.868198033371968,17.345638412561417,17.401826858520508,246600,-0.023928260867028386,0.41105955077559336,0.012854546529208066
2021-12-15,17.474868961279583,17.8850505106655,17.31753856744737,17.665912628173828,226000,0.015061749970793745,0.4123247354690179,-0.18062406084312152
2021-12-16,17.767058930807597,18.45818606185714,17.76143987163146,18.441329956054688,237100,0.0429573964089644,0.436609263588822,-0.09651300786329194
2021-12-17,18.36828197887795,18.559325690653857,18.115431835648096,18.15476417541504,239700,-0.015661323687743717,0.43390895999226076,-0.0044299054253175065
2021-12-20,17.95248121515236,18.18847523888757,17.441158686941115,17.772674560546875,139200,-0.021270874550313786,0.4409253772061911,-0.9974956048369867
2021-12-21,18.05924086941057,18.06486099980338,17.486110817817362,17.54791831970215,152700,-0.012726812105257201,0.43702058705814295,-0.7873178280378392
2021-12-22,17.542298360557034,17.654677384675786,17.469252745087907,17.587249755859375,169900,0.00223886520205413,0.4370397940662833,-0.6143705661182514
2021-12-23,17.637821197509766,17.96371909963812,17.626584151849098,17.637821197509766,146800,0.002871334252940053,0.4368249545784351,-0.9200967053831006
2021-12-27,17.80077173316092,17.879436416049405,17.682773637102272,17.789533615112305,240200,0.008564757138093616,0.4375567952842081,0.08240937100879409
2021-12-28,17.885052699141646,18.15476213181738,17.82886318934563,17.946861267089844,186300,0.008804954664632905,0.4345542188350955,-0.47738725221920475
2021-12-29,17.871410620815343,17.955868868926594,17.618035876481585,17.803844451904297,142800,-0.008000825450699184,0.4359690341752657,-0.9948498865618675
2021-12-30,17.72501602199543,18.186722119204546,17.6349270798056,17.798213958740234,150900,-0.00031630155459334836,0.4032410267319029,-0.8149810191773854
2021-12-31,17.770064703716855,18.00091780702218,17.713758833020275,17.786956787109375,47900,-0.0006326889415129986,0.3002528786192591,-3.1516435759230688
2022-01-03,17.809474744952617,18.136047437566848,17.758800653324226,17.815105438232422,320000,0.0015812936234047854,0.2714280816093644,1.2780617523509032
2022-01-04,17.837623232063983,18.00090899581819,17.595508858342058,17.702489852905273,218600,-0.006341418206580895,0.27056672334625387,0.4795291185403369
2022-01-05,17.657452586920055,18.01780841148738,17.42096880856148,17.426599502563477,244500,-0.015707553361180883,0.2725257802315656,0.730653828154247
2022-01-06,17.505424847657725,17.646188957996596,16.93673771301529,17.20700454711914,270900,-0.0126812039503896,0.2629033283411631,0.9882636335464886
2022-01-07,17.145070170283933,17.409706328101556,17.145070170283933,17.229528427124023,204900,0.0013081388439240818,0.25794850818678317,0.2617777189395544
2022-01-10,17.285833636924767,17.297093949851902,16.908585768269173,17.133808135986328,121000,-0.005571085248619831,0.2580350850683717,-1.002850478667319
2022-01-11,17.21263731429785,17.893936248876734,17.11691766477669,17.747541427612305,481800,0.03519339958130604,0.29121597702331997,2.0285603665190854
2022-01-12,17.91082650678035,18.58086402536949,17.91082650678035,18.34438133239746,611800,0.033076337986299595,0.2863837333491872,2.139868992853362
2022-01-13,18.36689738671778,19.352245991231023,18.333115380640894,18.952476501464844,618100,0.032611275889143754,0.2903928717596294,1.8800078424804274
2022-01-14,18.597755074646336,18.941219875311543,18.38379515610903,18.721628189086914,609500,-0.012255165902860346,0.29276678747712426,1.6429660303142746
2022-01-18,19.42544655472593,20.692323503947186,19.312834840772748,20.005393981933594,798500,0.06632249310838402,0.3404841496715078,1.809171975441299
2022-01-19,20.12363944712211,20.540300037575037,19.819588433835914,20.315078735351562,427900,0.015361468868683146,0.3349689677728923,0.8314927589383145
2022-01-20,20.51214418262609,20.51214418262609,19.75201892554332,19.78580093383789,383200,-0.02639884926705275,0.340529498101215,0.6059483517141723
2022-01-21,19.785802693637834,19.785802693637834,19.52679725019121,19.7294979095459,376900,-0.0028496842509938064,0.33569550741084203,0.5226894308485265
2022-01-24,19.43107866060983,19.577474551851253,19.318469080134975,19.464862823486328,327000,-0.013503937943541554,0.34203945053773727,0.27038175716951485
2022-01-25,19.307208699310003,19.768914876581427,19.14392179206055,19.72386932373047,198600,0.013218609402617043,0.3431690116651258,-0.4994129843893607
2022-01-26,19.802695164930224,19.909677269668656,19.55495108954385,19.628149032592773,158900,-0.004864832042512976,0.34472037879072503,-0.7937391406654459
2022-01-27,19.62251757716363,19.774543085349638,19.301575553623177,19.391664505004883,116500,-0.012121402009115581,0.3491614046291142,-1.1854010599610894
2022-01-28,19.357880611377137,20.07296253325013,19.23963712900725,20.022287368774414,279100,0.03200271249860795,0.35963128568212616,0.028611208827250205
2022-01-31,19.937831443745754,20.17994592107695,19.752023907590523,20.033552169799805,151800,0.0005624548855861546,0.3594622250913097,-0.8689311198161848
2022-02-01,20.089854695700232,20.354491919634278,19.802694697837772,19.875892639160156,176700,-0.007900904236686249,0.36193201520905693,-0.891960720613017
2022-02-02,19.842113729988284,20.095487458702525,19.735131611038447,20.039182662963867,111600,0.008181917909679228,0.361802558250349,-1.521423210864483
2022-02-03,19.88152302968591,20.08985330437093,19.791434088101322,20.005393981933594,208500,-0.0016875538152706794,0.3602225637852773,-0.47130710254700897
2022-02-04,19.898415789289565,20.044809526812124,19.76328129105414,19.9490909576416,171400,-0.0028183600237002117,0.35321434183691086,-0.7593595497730269
2022-02-07,19.932198305251692,20.24750852861955,19.932198305251692,20.23061752319336,133500,0.014013599569844198,0.34705972114228595,-1.0805671402346653
2022-02-08,20.15741947358692,20.191203632139814,19.6281472102637,20.005393981933594,505200,-0.011195239546144051,0.3526232470650674,0.9540651448532329
2022-02-09,20.157423959140804,20.202469513901807,19.774545335233356,19.8139591217041,98400,-0.009615240841336975,0.3547282156749753,-1.5518619673643765
2022-02-10,19.66756102366001,19.932198229746827,19.284682484258152,19.419816970825195,299100,-0.020092657405586217,0.35088574889707064,0.1851150404619182
2022-02-11,19.487382677201552,19.60562400770753,18.856760099946598,18.884912490844727,473900,-0.027930715679447916,0.3514605461813189,0.9422618807807202
2022-02-14,18.77793294948088,19.17770468694874,18.77793294948088,19.070722579956055,409700,0.00979098745830354,0.33438770254588296,0.7684590661988694
2022-02-15,19.27342259423139,19.369143310457464,18.97500335425415,19.14954948425293,165600,0.004124879903104589,0.33144215050989184,-0.6542062199815826
2022-02-16,19.081983520146085,19.723867555496426,19.04256973888001,19.51553726196289,143400,0.018931741248228127,0.24266084840747337,-0.8479435992686948
2022-02-17,19.402925419403793,19.774542603280192,19.340988864109395,19.374773025512695,140100,-0.007239070613128736,0.2357805744045741,-0.8109454988132223
2022-02-18,19.279055373817673,19.560583621900996,19.172073264896362,19.22838020324707,227900,-0.007584537106101327,0.2199862417166519,0.20552025241688468
2022-02-22,19.205854091987423,19.49301191008352,19.093242382735927,19.245267868041992,159300,0.0008778822246441594,0.22004733046164526,-0.45993564676266124
2022-02-23,20.112373530749124,20.46709748514654,19.81958397069049,19.847736358642578,441500,0.030824757805379053,0.24132565029378147,1.6046880969655106
2022-02-24,19.459231892239448,19.64503940581324,19.20022429008791,19.622516632080078,313300,-0.011412248661492064,0.240601750481098,0.845978118127884
2022-02-25,19.791431582738408,19.864627361835925,19.56620818334268,19.847736358642578,375100,0.011412248661492137,0.2432564121170106,1.095324550159208
2022-02-28,19.83647779479286,20.534668713896433,19.80269363571226,20.399534225463867,781300,0.027422105221944475,0.2555994885867902,2.128355917955493
2022-03-01,20.43331797898575,20.872501298867522,20.309444879372005,20.844348907470703,324800,0.021570807390694443,0.24260725251563797,0.5631721379572969
2022-03-02,20.92317872743582,21.367993862481296,20.71484843108022,21.266643524169922,522600,0.020056937581761646,0.250506952750822,1.2591750761196443
2022-03-03,21.514387505680457,21.835329526261432,21.289166203248023,21.58758544921875,767800,0.014978588261113564,0.2506792164710067,1.6744191438569382
2022-03-04,21.497495219779466,21.508756606414646,20.776783658246874,21.31168556213379,476300,-0.012862861517850608,0.2567134408509378,0.833673051660673
2022-03-07,21.249752715204323,21.27790510991107,20.878135520561163,20.889394760131836,251000,-0.020013937779278238,0.26844992256188216,-0.2379649698804438
2022-03-08,20.996375183337015,21.55943162387988,20.996375183337015,21.255380630493164,374300,0.017368467019164877,0.27289977712326513,0.3689111538808012
2022-03-09,21.30042678934898,21.998615592884537,21.30042678934898,21.95920181274414,538400,0.03257619919578582,0.2893985895175169,0.896462495900525
2022-03-10,21.82969937963573,21.82969937963573,21.289165689377104,21.45808219909668,459400,-0.023084901751563275,0.29995334887438185,0.6323462870953486
2022-03-11,21.486233664632202,21.503124670507564,21.148400659785825,21.339839935302734,391200,-0.0055256217474806656,0.2980566456248314,0.26794727978646926
2022-03-14,21.210332717458215,21.666409156645933,21.14276655354176,21.154027938842773,371100,-0.00874541151607953,0.2891836213144009,0.14343862679835093
2022-03-15,21.142767540865684,21.142767540865684,20.686693228269853,20.95132827758789,419100,-0.009628287010872285,0.26997416352141024,0.39851267008890345
2022-03-16,20.97385494677275,21.176555633544922,20.85561359545236,21.176555633544922,441600,0.01069265678457964,0.27019608195188716,0.49408788588415686
2022-03-17,21.30042820128897,21.63262947081009,21.22159848789287,21.396146774291992,405000,0.010316145125087656,0.27079751937125446,0.251508591127955
2022-03-18,21.33420974553741,21.840961438166097,21.33420974553741,21.643890380859375,767200,0.011512366584842242,0.267282397136204,1.4962192490619457
2022-03-21,21.756500336340668,22.893874594439573,21.722718324841097,22.764371871948242,383000,0.05047346144993189,0.306123805823869,-0.16491862590936412
2022-03-22,22.803785316916873,22.803785316916873,22.319556445537255,22.45469093322754,360200,-0.013697133957923916,0.3106622861318498,-0.4018232454036747
2022-03-23,22.634867939342026,23.59769387762204,22.629236172466623,23.383731842041016,683100,0.040541017543948926,0.3299754479933989,1.3734379598604811
2022-03-24,23.35558234309757,23.496346461955117,23.12472927408679,23.265493392944336,385300,-0.005069267568900594,0.32380857601196206,-0.4604952085472432
2022-03-25,23.14161895906893,23.603325070715705,23.14161895906893,23.507606506347656,229200,0.010352757306485594,0.3164293712377487,-1.9369989434445323
2022-03-28,23.501977949510746,23.96931370164688,23.051531056221496,23.96368408203125,363400,0.01921547121369174,0.31845062484757836,-0.5518960527737049
2022-03-29,23.986207628407115,24.29589044221601,23.80040008801201,24.02562141418457,313000,0.002581298724960123,0.31187683080755074,-0.9238802719289108
2022-03-30,24.076291313273877,24.329667129106635,23.913006585639224,24.12696647644043,339100,0.004209336043425247,0.3079859869679115,-0.6792404782493371
2022-03-31,24.097113275034623,24.499017141209634,24.005249221307217,24.493276596069336,371600,0.01506849935918119,0.30579095240831256,-0.33831588588936934
2022-04-01,24.55068708921911,24.889436146687675,24.407149390125845,24.883695602416992,411400,0.015814138675962243,0.3060886094942802,0.09680806302352948
2022-04-04,25.096136980721905,25.113362998210462,24.355481744862356,24.40141487121582,299100,-0.01957167677183655,0.31232819320342087,-0.96651352479043
2022-04-05,24.384191476518527,24.826287969559445,24.29806795818394,24.699974060058594,339000,0.012161076290081884,0.2975179511165881,-0.6058128531540256
2022-04-06,24.550691604614258,24.889440724386002,24.453087002580776,24.550691604614258,390600,-0.006062168322213047,0.2992672423774836,-0.07404618998420447
2022-04-07,24.41289672823808,24.602365387860033,24.188978225861284,24.57940101623535,415800,0.0011687099843454682,0.2846877517401658,0.2187266910099501
2022-04-08,24.682747707567163,24.694228797972738,24.407153353173086,24.619590759277344,157000,0.001633763235021268,0.2658116282399653,-2.7106270906825207
2022-04-11,24.493278979727574,24.941116011455183,24.29806757278261,24.866477966308594,396900,0.009978131696086353,0.26234397945209437,0.1853153416356356
2022-04-12,24.48753263264078,24.877955354034913,24.48753263264078,24.64255142211914,306900,-0.009045948746351198,0.2625773026996021,-0.5844395933977014
2022-04-13,24.69422927377298,25.14780901094669,24.476053508474024,25.113361358642578,212900,0.018925348268331834,0.2580159884542848,-1.5210959592889466
2022-04-14,24.952596446007504,25.41191670693723,24.906665515020414,25.216705322265625,152400,0.004106654955027902,0.2583605403995841,-2.0827756178047863
2022-04-18,25.228193337856826,25.452114060413162,24.900927453628878,24.912410736083984,153800,-0.012140582068559702,0.2677111793500254,-1.7804208088959153
2022-04-19,24.80906015603584,24.998531006572833,24.217685422926852,24.407154083251953,347100,-0.020489812977338238,0.2837567699406731,0.2703761849254391
2022-04-20,24.458827406474132,24.975564091345333,24.424379754290626,24.964080810546875,255500,0.022561734692158372,0.24163877421599914,-0.49805368621091267
2022-04-21,24.98130892633884,24.98130892633884,24.407157929096087,24.48179817199707,306800,-0.019508114464931576,0.24787796505893214,0.012339907705881534
2022-04-22,24.4703140741088,24.4703140741088,23.436842751539718,23.4942569732666,316900,-0.04117390251776636,0.25799979212392615,0.22756216203312968
2022-04-25,23.29904764232406,23.29904764232406,22.13351967245305,22.615806579589844,273400,-0.038106939182869365,0.2899467293190237,-0.18188956271230744
2022-04-26,22.5641284277395,23.15550530465994,22.300019556996936,22.46078109741211,380300,-0.006878342011892645,0.28731688943958483,0.7800514227685974
2022-04-27,22.472268575107954,23.07512665448553,22.403371072090778,22.879915237426758,385500,0.01848873587444127,0.2866455990831121,0.8084801816303131
2022-04-28,22.782306691690014,22.782306691690014,22.397624469966473,22.66173553466797,102500,-0.009581618947356547,0.2871833478576902,-2.5616095307778792
2022-04-29,22.644508583114177,22.799529574396203,22.225378728260544,22.259828567504883,267700,-0.01789419845166525,0.29058953207741467,-0.10513863918719003
2022-05-02,22.300022732767427,22.351696405290024,21.823476398368793,21.989980697631836,314200,-0.012196717660868902,0.2835036548522552,0.32623589292245786
2022-05-03,22.09332745528388,22.736375881636857,21.93256589624863,22.690444946289062,417100,0.031356981609343464,0.30245363115682955,1.0514055474908064
2022-05-04,22.79953679595859,22.79953679595859,22.386149545147894,22.788053512573242,320300,0.004292521497747728,0.298637797730863,0.36405857058768426
2022-05-05,22.655990466953828,22.655990466953828,21.789023706398726,21.949785232543945,336000,-0.03747907481505453,0.31538365444623256,0.4879944952173791
2022-05-06,21.915337238192155,22.07035823295791,21.46175972411276,21.559364318847656,380800,-0.017947093756337046,0.3182670924653506,0.8141177842478113
2022-05-09,21.49046716361038,21.49046716361038,20.646464686815865,20.881866455078125,334300,-0.03192911269217637,0.32909615851908586,0.5174515264847785
2022-05-10,20.956507348914457,21.461760742092796,20.537377464761583,21.036888122558594,368100,0.007396325380128643,0.3317640191861065,0.695993192489159
2022-05-11,21.08856481784225,21.27803568881792,20.910577229066213,21.1746883392334,407900,0.0065290480831425145,0.32968461588721376,0.9717788412960328
2022-05-12,21.24358475718783,21.260808584501486,20.87612850641634,21.111530303955078,386800,-0.002987170963452973,0.3300299719424309,0.7835635934196945
2022-05-13,21.1746876534612,21.714388758091953,20.979476242813977,21.53066062927246,382400,0.01965864390310226,0.33077491924451463,0.6814031985637389
2022-05-16,21.484724106257396,22.20815541557992,21.484724106257396,21.875146865844727,279000,0.015873151054961124,0.3383260079644147,-0.2791094301932285
2022-05-17,22.024427315799027,22.27705290544483,21.605297451285626,21.875146865844727,450700,0.0,0.33851131674846047,1.0974892237372225
2022-05-18,21.90385744409608,21.972754937996957,20.835936432679194,20.96799087524414,498200,-0.04235411524262526,0.358056903667722,1.308454450314874
2022-05-19,20.996696940579607,21.07707771117968,19.78523826599121,19.78523826599121,566600,-0.0580609133216061,0.38167070348974463,1.5177065773857534
2022-05-20,20.078057280165826,21.255066164043992,19.980450490169584,21.186168670654297,485200,0.06841243003899641,0.4687650699102935,0.9676525483757238
2022-05-23,21.490466829022335,21.984236918229186,21.46750026900999,21.559364318847656,365900,0.01746171375952981,0.4586198614325291,0.12466274142003177
2022-05-24,21.249324599831905,21.892375207618016,21.249324599831905,21.58807373046875,201400,0.001330758772982783,0.44180509894060765,-1.5019189295810493
2022-05-25,21.415828779402993,22.259831328786756,21.39860495275008,22.07610321044922,291300,0.022354700703970262,0.4494563319927238,-0.43841797910371477
2022-05-26,22.17945092367607,22.724894742378467,22.17945092367607,22.42059326171875,282100,0.015484157766367693,0.4479477177910883,-0.4846315562250338
2022-05-27,22.506715967591123,23.207178584013604,22.397625893645962,23.18995475769043,302700,0.03373932175912071,0.4623545239985099,-0.6489467233753701
2022-05-31,24.68849174378383,26.399461373899673,24.68849174378383,25.785120010375977,1704100,0.10607838143795888,0.5821261805996509,3.603047447285748
2022-06-01,25.836788563246138,26.026259397344894,25.239671146355864,25.549713134765625,598400,-0.009171492778467748,0.580962295501699,0.9686530703526659
2022-06-02,25.54971380932204,26.02626008448295,25.377468985728513,26.020517349243164,469100,0.018259266655532954,0.5758335119790474,0.3736698698791312
2022-06-03,25.75066843068712,26.026262805504008,25.446369137517294,25.566940307617188,391200,-0.017585232956390147,0.5818560667358204,-0.08102745710260485
2022-06-06,25.434885084964506,25.549715705955006,25.119102519899585,25.193742752075195,307600,-0.014704462487815333,0.5657968200152864,-0.6427157730145109
2022-06-07,24.969827148359524,25.050207935333102,24.430123824030346,24.912410736083984,456000,-0.011229557760870718,0.5625995967190904,0.2733812048032864
2022-06-08,24.797574764253234,24.900922093892287,23.95931503736908,23.993764877319336,344000,-0.037572102618456484,0.5678201524273154,-0.40020761468167393
2022-06-09,23.942089390244252,23.942089390244252,23.431095516038777,23.580373764038086,405600,-0.017379253940754284,0.5738447501755306,-0.019215526068625494
2022-06-10,23.37368461441903,23.37368461441903,22.67896249159327,22.822500228881836,584400,-0.03266784438992233,0.5887733026681221,0.79680140422345
2022-06-13,22.2138994714317,22.30002299003361,21.490470237981448,21.53066062927246,306600,-0.058268906452512426,0.6264660193751073,-0.6808810543304822
2022-06-14,21.61678207430045,21.806250730753135,21.42157068237874,21.748836517333984,268000,0.010082267614591965,0.6237322755104241,-0.9320601979712557
2022-06-15,21.909599561017956,22.242608154148943,21.68568104711843,22.035913467407227,626200,0.013113290080923585,0.6229468600944633,0.9001703624658831
2022-06-16,21.565107790527627,21.74309316117323,21.329706017890064,21.668455123901367,429300,-0.0168160307278748,0.6257826281968238,0.05290796688493952
2022-06-17,21.66845782099311,21.82347665013726,21.438796564862713,21.53066062927246,643200,-0.006379526967640647,0.6075748958122583,0.9214680676633401
2022-06-21,18.95846322980493,20.434030886966454,18.95846322980493,20.388097763061523,2311300,-0.05452670743946703,0.6033355732606376,2.799382512460529
2022-06-22,19.997676206015502,20.767036282778147,19.85987903109259,20.037866592407227,506000,-0.01732747450894266,0.5545295037636488,0.18337986054506575
2022-06-23,20.014901874497397,20.055092264589803,19.147932739162393,19.182382583618164,777000,-0.043631529049611636,0.5668537026065721,0.8458054135826616
2022-06-24,19.32017811888228,19.963226495576414,19.067550328236443,19.62447738647461,567500,0.02278534928998755,0.5749554192646312,0.24379781421429872
2022-06-27,19.750793561402453,19.951745517871736,19.29721378512944,19.38333511352539,410600,-0.012363951187394558,0.5670158145291607,-0.3723560230822455
2022-06-28,19.415701893203195,19.868870263009693,19.192058756427002,19.362733840942383,501300,-0.0010633994663342514,0.5619189230543988,-0.05944592931509986
2022-06-29,19.415704315680845,19.415704315680845,18.938991785854608,19.00373077392578,507500,-0.018714966258172677,0.5430860206733457,-0.08492791040371549
2022-06-30,18.874252898522464,18.874252898522464,18.07384766914346,18.144472122192383,373200,-0.04626936836268948,0.36029468743368537,-0.6245567920346192
2022-07-01,17.956141441216115,18.244522468104222,17.82666458910439,18.1856689453125,279400,0.0022679152663541997,0.3654625723694832,-1.1547071774770663
2022-07-05,17.826664543090498,18.203325291925168,17.408805542631654,17.53828239440918,399500,-0.03624780623022131,0.34913641347074353,-0.3609877266665977
2022-07-06,17.202818970674404,17.555938987999234,16.767304694237563,16.95563507080078,512300,-0.03378582595590244,0.3529244352165028,0.14961496542752142
2022-07-07,17.073343733508302,17.308756726495474,16.873242408834784,16.908554077148438,897000,-0.002780578845753837,0.3573792745747576,1.2337690421965757
2022-07-08,17.13219604940977,17.291099106839525,16.94386566835405,17.279329299926758,842300,0.021691296675775764,0.38361815758723666,1.0101360986676104
2022-07-11,17.143967000114493,17.143967000114493,16.861471409683688,16.926210403442383,526600,-0.020647617006790374,0.376836902744654,-0.008489372305146367
2022-07-12,16.708453692074954,16.902669562528313,16.55543495739386,16.696683883666992,450900,-0.013653202089395059,0.37696281262063436,-0.34987374926764725
2022-07-13,16.496579951426995,16.808501714632484,16.314133918095862,16.4141845703125,404800,-0.017064256032286167,0.37234527736802836,-0.5388069373833536
2022-07-14,16.161114164522665,16.161114164522665,15.460760766741828,15.501957893371582,503800,-0.05717954218308552,0.3707917421154389,-0.13021639387917655
2022-07-15,15.660863495595848,16.09049231636195,15.537270981825909,16.07283592224121,765500,0.03616430560083646,0.40318536468642036,0.711351568162601
2022-07-18,16.337675028067316,16.537776323336576,16.261165115003315,16.355331420898438,326800,0.017423287729098236,0.40714834680763345,-1.1385669740543434
2022-07-19,16.48480906235224,16.826158149119273,16.37298748077099,16.79673194885254,441200,0.026630415653023494,0.4307581085282525,-0.4738341989366628
2022-07-20,16.696682263326842,17.19693443205734,16.696682263326842,17.09688377380371,398400,0.017711870819246245,0.4427265313274549,-0.6456610531835163
2022-07-21,17.04979869453839,17.04979869453839,16.42006863473957,16.7202205657959,293200,-0.02227741214789173,0.4160497798590506,-1.5478560743102203
2022-07-22,16.837927544260303,17.102766690146122,16.731991436890983,16.826156616210938,275800,0.006315817769841084,0.41845987003462487,-1.5422856722982798
2022-07-25,16.861468898337687,16.961519545364276,16.702564731435903,16.92032241821289,144800,0.005580792372867904,0.400471552376322,-2.668056817135773
2022-07-26,16.631939889649132,17.008600586458552,16.631939889649132,16.861467361450195,131800,-0.0034844285453405487,0.3868065597217138,-2.3321165155125207
2022-07-27,16.996833964656023,17.108655558299294,16.608402242040135,17.0792293548584,204900,0.012832086702409679,0.3923966446743521,-1.2857477593128244
2022-07-28,17.09099891557819,17.497085878699746,16.98506279562035,17.455888748168945,255200,0.021813988195162594,0.40387713664076463,-0.7778428727866521
2022-07-29,17.3440673774095,17.65599027640623,17.043915408006082,17.049800872802734,671100,-0.02353853115186753,0.40628897268085046,1.074914067999206
2022-08-01,16.920323780246854,17.24990194652548,16.626057279720822,16.89678192138672,356500,-0.009015339702623913,0.37833537872532663,-0.13843854998845584
2022-08-02,17.23813193120733,17.43234777430475,16.826158386436997,17.214590072631836,459300,0.018634099342722244,0.3855987559260801,0.30573222137709993
2022-08-03,17.367608161386297,17.42646168317162,16.9379793606673,17.03214454650879,316600,-0.01065486997102343,0.36722471612994306,-0.3923290653229981
2022-08-04,17.102769166388175,17.24990242069563,16.814388122650076,17.20281982421875,480300,0.009970899334812267,0.34944646623136555,0.4193604441098897
2022-08-05,17.0792275549672,17.632447754611423,16.967405973108225,17.620677947998047,246800,0.023999782166971233,0.3582979998960828,-0.795687396767705
2022-08-08,17.82078121241561,18.4151997294314,17.773698613173654,18.33868980407715,360700,0.039939929204487294,0.37609214952558656,0.07161836286254807
2022-08-09,18.350458271014837,18.538788642699743,17.944370205483278,18.05030632019043,327300,-0.015850369739609457,0.37266986603884683,-0.09693373849316411
2022-08-10,18.379886536574073,18.927222442390935,18.28572134014727,18.662382125854492,488700,0.03334719146659339,0.38156752065973915,0.8043461598260602
2022-08-11,19.00961686770779,19.221489122709954,18.75066313663592,18.833057403564453,443700,0.009103851489633304,0.37291180923144723,0.5724766148223729
2022-08-12,18.938993288873522,19.556952528010434,18.921338016207585,19.327425003051758,356400,0.02591137364289592,0.29745234038107005,0.1173855171842817
2022-08-15,19.050814529362658,19.10378259458176,18.897796921549403,19.033159255981445,137700,-0.015342389850065552,0.29496666846222785,-1.882056706335553
2022-08-16,19.00961640505365,19.51575516966815,18.90368028013083,19.08612632751465,357100,0.0027790187990624263,0.29346166724293166,0.2993771630522342
2022-08-17,18.8330545731239,18.997843082214715,18.69769226278858,18.780086517333984,450600,-0.01616462017437981,0.29547762196229177,0.8292495633165412
2022-08-18,18.88013834392467,18.88013834392467,18.479934630899702,18.58587074279785,360500,-0.010395426091882636,0.29665879188420924,0.33077004620934203
2022-08-19,18.462280097410023,18.462280097410023,18.156242678054667,18.203325271606445,229800,-0.02079736993947656,0.2950483573010576,-0.6715164932698655
2022-08-22,17.94437280992211,17.94437280992211,17.626565542211804,17.773698806762695,199700,-0.0238845151728005,0.3102765209621129,-0.9354772633217394
2022-08-23,17.820780556629167,18.185670406692342,17.685417106569275,17.703073501586914,224600,-0.0039815007893046015,0.31089003287166384,-0.7661092063479072
2022-08-24,17.785466534092578,17.950256175224567,17.6030216217041,17.6030216217041,222800,-0.0056676983032075854,0.31148033751458026,-0.9316938871177427
2022-08-25,17.567711331475,17.92083137722811,17.567711331475,17.873748779296875,251700,0.015262517409430836,0.3126520171530644,-0.6544655618918055
2022-08-26,17.885516503251804,18.009109010009087,17.544167427382362,17.791351318359375,288900,-0.004620629540482944,0.3050371965204817,-0.30335524231746525
2022-08-29,17.697188117954205,17.726615443118913,17.4970867969849,17.50885772705078,247300,-0.016005549521287885,0.29847650304476414,-0.6590183697058142
2022-08-30,17.585367094622015,17.585367094622015,16.92032523997607,16.97329330444336,269400,-0.031065782028915263,0.3172309326744709,-0.36362606660802166
2022-08-31,17.0380309854921,17.0380309854921,16.13168961675436,16.155231475830078,389200,-0.04939719907187289,0.3529834265551494,0.7817416681893813
2022-09-01,16.002213434616056,16.21408456254862,15.731487656511012,16.143461227416992,340000,-0.0007288374822015928,0.3519530776822275,0.35504137002078995
2022-09-02,16.46715317182497,16.849699399669202,16.337676315142538,16.614286422729492,254100,0.028747862985647507,0.36609743914126447,-0.4670923279354438
2022-09-06,16.58486022542609,16.620171891340867,16.28470825880645,16.437726974487305,260100,-0.010683834933467017,0.35501759702600255,-0.4016162646501933
2022-09-07,16.290593248723486,16.455381766547728,16.049294814020055,16.30824851989746,205900,-0.007908094195441607,0.3183742121197215,-1.0512981164583037
2022-09-08,16.25528544655582,16.514239213968004,16.243514514617672,16.496583938598633,148900,0.011482301466671604,0.321338283001245,-1.7957541014557015
2022-09-09,16.731993399516213,17.06745703050987,16.68491080433355,16.89678192138672,164200,0.02396985949649191,0.30890194866323956,-1.393837992834824
2022-09-12,17.085111684094393,17.273442045638713,16.86735400197283,17.067455291748047,412700,0.010050265866435332,0.30945299974353113,1.3830852297638008
2022-09-13,16.832041869557543,17.02037222584022,16.47892189025879,16.47892189025879,269000,-0.03509134774965676,0.30557855803424033,0.1314198417424966
2022-09-14,16.484808287273047,16.926208005745966,16.484808287273047,16.708450317382812,213800,0.013832495412255858,0.31288110297004634,-0.7105155768535056
2022-09-15,16.596628924204197,16.867353530726177,16.47303642630777,16.47892189025879,165900,-0.01383249541225598,0.3121631429300787,-1.4140471814307298
2022-09-16,16.296477109385062,16.378871360187894,16.061064162421637,16.26704978942871,427600,-0.012940526518530754,0.3111679610344068,1.7702550304167621
2022-09-19,16.04340767033753,16.60839873952423,15.961013420048838,16.567201614379883,258400,0.018283357977127376,0.3226858842913644,0.12686668101247361
2022-09-20,16.461269150917328,16.82616013908202,16.40241674342362,16.690797805786133,277900,0.007432603436890205,0.32060747425099273,0.35014612979823506
2022-09-21,16.826159219514857,17.302870653894995,16.49069557596818,16.549549102783203,394000,-0.008498681049353722,0.31300298426656326,1.407323740694396
2022-09-22,16.649599211173665,16.70256614876468,16.414185111696334,16.614286422729492,309000,0.0039040962028335413,0.31400817799428565,0.5343935129204337
2022-09-23,16.355331702314203,16.355331702314203,15.678517891796915,15.790339469909668,265800,-0.050864626029184186,0.35514350949027373,-0.002160055104710572
2022-09-26,15.596123501563863,15.766798599455601,14.466140169001886,14.495566368103027,366800,-0.085555492127744,0.44291608552587386,1.0060907349938122
2022-09-27,14.583850842887953,15.213581089814936,14.566194445507056,14.672130584716797,392900,0.01210698078844282,0.4492101725103341,1.1452608332823233
2022-09-28,14.64179924613373,15.442427706168479,14.587210836869794,15.278663635253906,282500,0.040507505746412764,0.4799925457744677,0.06869711044473295
2022-09-29,15.072441796133562,15.096702669913116,14.538688690455832,15.0421142578125,257300,-0.015603437193582361,0.47295361631942723,-0.22411924907051672
2022-09-30,15.017854342728752,15.127031173899512,14.69638935726789,14.781305313110352,273200,-0.017490656495910892,0.44811669462260995,0.023060601325854784
2022-10-03,15.066377301489975,15.709306117720356,14.939003945731882,15.68504524230957,234000,0.059344498271698146,0.4994177839839374,-0.4358182532856503
2022-10-04,15.867004033167671,16.418952478629848,15.867004033167671,16.388626098632812,297900,0.043879837585329186,0.5134698026983494,0.3465099969425091
2022-10-05,16.176338426140997,16.267318725585938,15.763893167988185,16.267318725585938,318000,-0.007429454678520376,0.512791917531327,0.5288898821670428
2022-10-06,16.133882638031064,16.206666422089448,15.806352139136155,15.92765998840332,227000,-0.021100889228162646,0.5172120287728587,-0.6122366645914248
2022-10-07,15.860940348889233,16.024705596202192,15.53947651921273,15.68504524230957,267200,-0.015349493678646155,0.5173233199806011,-0.17847731443538206
2022-10-10,15.660782650453994,15.660782650453994,15.236207512477835,15.315056800842285,193600,-0.023871276954978787,0.5131224782051488,-1.5131640333483216
2022-10-11,15.224076017106983,15.472756046953211,14.945068448939693,15.0421142578125,438700,-0.017982564820808365,0.5121705416862067,1.7229334208312448
2022-10-12,15.0542452983823,15.35144823316325,14.951133981672395,15.133095741271973,262900,0.006030232045709126,0.5024738143265972,-0.2867703616774527
2022-10-13,14.963262532810182,15.842741333845415,14.854085726405577,15.472753524780273,280600,0.02219652366564024,0.5070404908748817,-0.08431288368391454
2022-10-14,15.478820288181675,15.691108411551076,15.029983169648277,15.054244041442871,235300,-0.02742069245502289,0.5126299300455067,-0.9805474787769377
2022-10-17,15.236207043557702,15.648651153129562,15.236207043557702,15.587998390197754,145700,0.0348413366539497,0.5289514564224095,-2.591707005264669
2022-10-18,15.873070047848278,15.897330921245839,15.369644488418144,15.406036376953125,288000,-0.011741879056721987,0.5246309496586458,0.14049475463017227
2022-10-19,15.41817010724409,15.63045828202396,15.133098142576971,15.211947441101074,586500,-0.012678270182391016,0.5239948096308574,2.4003932784568853
2022-10-20,15.1816186959104,15.272598997571903,14.920807649437405,15.029984474182129,396900,-0.012033964189650938,0.5244845949722153,1.0782970923832802
2022-10-21,15.04818048330566,15.218011235372993,14.981462209571319,15.102768898010254,277300,0.00483092696387532,0.5246834290359965,-0.11451805961658121
2022-10-24,15.023916927388013,15.205877506014678,14.478034034630872,14.629668235778809,253700,-0.031826559945030135,0.5073642009730824,-0.4064509416704335
2022-10-25,14.629670517061353,15.224076400599627,14.471970784451281,14.56295108795166,519300,-0.004570830951793576,0.41101985251577317,1.8093185734531168
2022-10-26,14.629668235778809,14.902609103718806,14.611471715165283,14.629668235778809,212400,0.004570830951793557,0.40909844208314744,-0.8941323570671201
2022-10-27,14.738845227560203,15.248336282244594,14.738845227560203,15.169486999511719,280500,0.036234438218233536,0.40398500243870505,-0.022333884409702527
2022-10-28,15.260470222704816,15.630458148243667,15.260470222704816,15.418169975280762,356300,0.01626070643356996,0.4038969972592746,0.6714927147942488
2022-10-31,15.211945916141644,15.563737283670445,15.163423008788616,15.387842178344727,260700,-0.0019689537602362085,0.3983999474322117,-0.28978118222650157
2022-11-01,15.648653517121005,15.800287761112013,15.39997344952595,15.418169975280762,289400,0.0019689537602361465,0.33939754409805467,0.0022303988763621063
2022-11-02,15.357512097527813,15.600126594155983,15.145223979149224,15.272597312927246,200400,-0.009486485150387152,0.298757927338692,-1.0560890985528566
2022-11-03,14.926872670426336,15.145225155918883,14.726715550546432,14.757041931152344,310300,-0.03433980937727927,0.3173436986325475,0.27500219335555626
2022-11-04,15.029983169648277,15.18768288538334,14.854086932409366,15.054244041442871,167100,0.01993955963183197,0.3223267947569861,-1.4862390965920826
2022-11-07,15.102766586848942,15.387839632654568,15.029982816299079,15.272597312927246,187800,0.014400249745447355,0.32406955813790556,-1.0669895774390534
2022-11-08,15.242272257807423,15.399971995493697,14.932939447324483,15.339319229125977,368900,0.004359218852931306,0.3138552334702442,0.7493277905094062
2022-11-09,15.327185311828709,15.818479799050094,15.290792270644054,15.654714584350586,232600,0.02035270686628017,0.3141581895676768,-0.4905210955500462
2022-11-10,15.806351711676648,16.540261981828422,15.806351711676648,16.097490310668945,410900,0.027891255499475548,0.32665743138601333,1.085263518825735
2022-11-11,16.291581073686217,16.352233836581572,15.733567094156971,15.891266822814941,220400,-0.012893676611865608,0.3231943250595108,-0.6493359594380083
2022-11-14,15.824548013869906,15.897331794939959,15.545540434761797,15.612259864807129,331800,-0.017713207526586436,0.3139531945288168,0.4571739132006087
2022-11-15,15.860942067668043,16.097492280601987,15.721438837525907,15.79422378540039,336400,0.011587795612285455,0.29266756659209126,0.4222446306169154
2022-11-16,15.794221028308561,15.867004806600166,15.424233158548127,15.43636417388916,159000,-0.022918254087677652,0.30105904348046225,-1.675118527675582
2022-11-17,15.169487620772914,15.442428524682379,15.139160082420332,15.43636417388916,348700,0.0,0.2974640798996302,0.7215044398891178
2022-11-18,15.557670595539037,15.575867118245165,15.302925062039614,15.406036376953125,237300,-0.001966630753062265,0.29405984578353705,-0.4466562201648088
2022-11-21,15.3575127464192,15.503081450546725,15.163421140915833,15.193747520446777,240400,-0.013875409261165747,0.2982410939649612,-0.3799445732735875
2022-11-22,15.218009610205424,15.776023556689475,15.218009610205424,15.697173118591309,346900,0.03259664411485027,0.29430993833627905,0.7662831780215842
2022-11-23,15.697173427713494,16.17633810241273,15.697173427713494,16.07929229736328,260900,0.024051611422758815,0.3012198075872288,-0.05813767124267801
2022-11-25,16.170273108586567,16.321907328402176,15.951919461851354,16.006507873535156,67300,-0.004536869785701435,0.3029228668547194,-3.269665175759113
2022-11-28,15.897332251323512,15.951920667131855,15.284730975034094,15.29079532623291,558900,-0.04574434694622557,0.326192014966876,1.7511830840551539
2022-11-29,15.406038501762765,15.66684957880211,15.406038501762765,15.497018814086914,422200,0.013396636159136686,0.3245819324705576,1.0744148937295643
2022-11-30,15.490953702573337,16.321908646412016,15.490953702573337,16.133882522583008,1013300,0.04027389427958113,0.3527213671918258,2.4105914241671558
2022-12-01,16.18846921072131,16.667632731309563,16.073226882730815,16.17633819580078,358800,0.0026280041861980845,0.3527220338961971,0.4493964569333837
2022-12-02,16.073227300454757,16.14601223499226,15.89126669942694,16.006507873535156,238500,-0.010554187678690256,0.3531901198757988,-0.32762374719442683
2022-12-05,16.01257010589629,16.018635612273535,15.20587626775579,15.260464668273926,401000,-0.04772990616238773,0.37314374445627696,0.6170048544845605
2022-12-06,15.278664402399915,16.01257347532247,15.278664402399915,15.951919555664062,382000,0.0443136948308739,0.39702860928319217,0.46381594912565594
2022-12-07,15.939791181441922,16.091425416268464,15.618326187133789,15.618326187133789,320600,-0.021134189951492365,0.4029377928191876,0.08494911941201509
2022-12-08,15.569801330566408,15.642586263204203,15.296859279271247,15.569801330566406,446900,-0.003111754349177522,0.4029995406995266,0.703393321669003
2022-12-09,15.606191412902401,16.164205308975724,15.606191412902401,16.073225021362305,103900,0.03182161944292848,0.41190299480755077,-1.8452637936154006
2022-12-12,16.103556010078155,16.146014569542523,15.521281077096244,15.678980827331543,316700,-0.024833830896463842,0.4094315527311841,0.1293566779089272
2022-12-13,16.085359475615146,16.273385597819537,15.915528720699244,16.13994789123535,255900,0.028976419735728665,0.4199887448772147,-0.26082427911391026
2022-12-14,16.164206796589998,16.164206796589998,15.533409075123604,15.636520385742188,416200,-0.031688205654201114,0.4303865845860159,0.5784742730150982
2022-12-15,15.594065458633276,16.06716472734056,15.533412685131252,15.703242301940918,391000,0.0042579784455568336,0.42866138906265494,0.45392968719103355
2022-12-16,15.951919046408197,16.030769486510057,15.721435547317062,15.873069763183594,360900,0.010756740585456276,0.42207042661917865,0.2532121946848106
2022-12-19,15.903395739479581,16.024703571841115,15.594061808147172,15.697173118591309,143900,-0.011143307663879073,0.4242718170130604,-1.2782260864934445
2022-12-20,15.709300447498356,16.139942110155467,15.709300447498356,16.091419219970703,302300,0.02480552220743521,0.4321371089612707,-0.011727629603255026
2022-12-21,16.20059884563067,16.728286418633093,16.07929216872795,16.69189453125,362300,0.0366370819795323,0.44391444531448276,0.2701466284597016
2022-12-22,16.631240609240816,16.649437131365385,16.12781506590024,16.388626098632812,164900,-0.01833568053309009,0.4382912319816579,-1.0143148433720692
2022-12-23,16.40681989920397,16.983030319213867,16.40681989920397,16.983030319213867,133200,0.03562706533407029,0.44735244341932895,-1.2675018843726868
2022-12-27,17.019426120357032,17.025491628549492,16.57058892601164,16.5766544342041,125300,-0.024219282863800762,0.45641514825791846,-1.5744616053503708
2022-12-28,16.50993480508407,16.78287688611945,16.437151021392896,16.68583106994629,132200,0.006564574243645014,0.42267362167623734,-1.3340732908165656
2022-12-29,16.986539949126122,17.564355868965194,16.688312759870314,17.396602630615234,265500,0.04171501567311569,0.44144011187085147,-0.04984569238125861
2022-12-30,17.365539573997264,17.75074943781083,17.22885120905405,17.73211097717285,252600,0.019102239402607288,0.4262613129535354,-0.024120340271684464
2023-01-03,17.732113015032233,17.732113015032233,16.85606852782941,16.87470817565918,236600,-0.04956123213025134,0.4656635201258036,-0.12440480689290138
2023-01-04,17.030037856648853,17.371756495116973,16.744236985937327,17.3344783782959,426800,0.026881544702942944,0.4709611248280231,1.073938946710196
2023-01-05,17.346902013772077,17.421459420436257,17.160510274686292,17.371753692626953,430100,0.002148048142338384,0.4323132722964761,1.0751456759521978
2023-01-06,17.47116390632821,17.74453829809091,17.40903293181859,17.694833755493164,230500,0.018427182594246583,0.4123757438270265,-0.19283704379695474
2023-01-09,18.086257896315807,18.092471112213673,17.781817427619035,17.887439727783203,154700,0.010826056606608988,0.4016377944641187,-0.9569073441235806
2023-01-10,17.912290533711296,17.955781857827862,17.676194266342907,17.868799209594727,207800,-0.001042644328997207,0.4010800688396985,-0.2693387976629762
2023-01-11,17.887438068383073,18.185665293515736,17.887438068383073,18.148386001586914,303800,0.015525500192417115,0.3920169204280235,0.4948620274057459
2023-01-12,18.409335093677658,18.409335093677658,18.154599191107657,18.260221481323242,276000,0.006143373185630564,0.3758891252230501,0.28242534951146187
2023-01-13,18.266435576401605,18.434188842773438,18.185666143546488,18.434188842773438,350700,0.009482025373610311,0.3676728439622526,0.8107578369835948
2023-01-17,18.49632085565829,18.533598966379618,18.104896545410156,18.104896545410156,295800,-0.018024600727013666,0.35260948262996433,0.4608903267941219
2023-01-18,18.142175860016724,18.44661633216481,17.968209368053632,18.048978805541992,364300,-0.00309332174841069,0.3542402414340204,0.9905831287896182
2023-01-19,17.89365096548505,18.334779794282028,17.76939020818498,18.32235336303711,206300,0.01503270236877406,0.3551763930574678,-0.3625427394987198
2023-01-20,18.372057810302998,18.670285048378634,18.272648730944454,18.657859802246094,255700,0.018145684750958756,0.35096472780496174,0.11766177586424278
2023-01-23,18.738627387192327,18.91880706641994,18.67649642245696,18.85667610168457,151900,0.010599526613425274,0.34592389211609853,-1.1446818218176222
2023-01-24,18.707565491441418,18.993366315896296,18.701352275468516,18.92502212524414,310900,0.003617947382913527,0.3294614968726773,0.7355324998921202
2023-01-25,18.763483029305306,18.862892113602175,18.601942971060453,18.819400787353516,228800,-0.005596673915562996,0.32044758209625834,-0.1137954098035571
2023-01-26,18.993365361117668,19.192183522057054,18.83182530909199,19.185970306396484,185300,0.01929100421552494,0.30648597604697303,-0.7629020731185213
2023-01-27,19.136266634571264,19.136266634571264,18.713778615927293,18.893957138061523,263300,-0.015337155927435802,0.29691648738304577,0.14767312995586582
2023-01-30,18.76348310236686,18.76348310236686,18.4031248741251,18.44040298461914,216300,-0.024298071077435267,0.3151663778664915,-0.6063946766847603
2023-01-31,18.47146791627165,18.91259676736081,18.353420368628576,18.79454803466797,527400,0.01902275790302012,0.2904775878810833,2.105319964388292
2023-02-01,18.763484093293002,19.061711363094656,18.32235521979279,18.58951759338379,568100,-0.010968978016778753,0.2890365110058911,1.976232987602407
2023-02-02,18.744840589180896,18.794545123924827,18.011697812920687,18.05518913269043,554200,-0.029164721567379374,0.24880609293739292,1.6686442809707636
2023-02-03,18.017912791306294,18.3596313529836,18.017912791306294,18.191879272460938,417300,0.007542170649648692,0.2342243300229022,0.952371456641419
2023-02-06,18.024127015836683,18.13596253247855,17.713473329631398,18.07383155822754,221400,-0.006510178813992754,0.2362065599173018,-0.5950505340169125
2023-02-07,18.16081426697204,18.185667130768746,17.893651906406326,18.061405181884766,233400,-0.0006877706058482659,0.22849637358411926,-0.4597038354839713
2023-02-08,18.09247227966414,18.167028505149865,17.9247189947465,18.098684310913086,201100,0.0020618943569343205,0.22573647723149143,-0.9184025378260372
2023-02-09,18.173241561854105,18.173241561854105,17.558147374274256,17.570573806762695,158300,-0.02961368563462738,0.24880881950401604,-1.4704208785342532
2023-02-10,17.70725823285608,17.70725823285608,17.33447361199655,17.440095901489258,300000,-0.007453642585985673,0.24246195269591925,0.19659269617413572
2023-02-13,17.545719999555164,17.812882358460477,17.38417994102986,17.775604248046875,374700,0.019055051971434384,0.25180159642447014,0.7277460360240576
2023-02-14,17.732110050231558,17.862584008075444,17.55193037315239,17.72589683532715,434000,-0.00280030103997458,0.2487630205605448,1.055779442069375
2023-02-15,17.595423668576917,17.887438876632558,16.564053579603108,16.868494033813477,573300,-0.04957904465333078,0.2944152097436049,1.5651615995930401
2023-02-16,16.8684939394184,16.961689802830715,16.545413840209317,16.83742904663086,421400,-0.0018432959634051204,0.29446176195493856,0.8171730200135443
2023-02-17,16.818789405962153,16.887133592178895,16.607544816791947,16.626184463500977,221800,-0.012625497790124444,0.2882770545523685,-0.6848125623798943
2023-02-21,16.63239560349141,16.682100136796425,16.01108834465392,16.017301559448242,448000,-0.03730934445865637,0.29695843543977163,0.8795072787004972
2023-02-22,16.110502422412182,16.135354104269997,15.706652815560897,15.719078063964844,634900,-0.01879434751950403,0.29209319301661774,1.533609973099004
2023-02-23,15.79984564866222,16.30931747149723,15.79984564866222,16.07322120666504,278100,0.0222794701661322,0.3086654675765721,-0.3604281353704433
2023-02-24,15.986237419056907,16.495709243317766,15.427061055479129,15.905467987060547,652000,-0.01049165945299238,0.3086954354178323,1.4302006246026273
2023-02-27,16.02351677075559,16.371448547242636,16.02351677075559,16.259613037109375,432300,0.02202135671682091,0.3118666741195397,0.45072868286345236
2023-02-28,16.439794563571485,16.501925545601857,15.824700330075604,15.88061809539795,877100,-0.02358492743520308,0.3156373025940207,1.8056054463074163
2023-03-01,15.886828482227383,16.209908583195993,15.79363261830751,16.135351181030273,464200,0.015913212492315396,0.32061215077555505,0.3806187974781132
2023-03-02,16.029728742828,16.14777746809932,15.843337016651972,15.905467987060547,283300,-0.014349641773933237,0.3079145868314647,-0.6470230903743882
2023-03-03,15.986236572156624,16.53920087594397,15.905467144439173,16.464643478393555,370100,0.034552313628660895,0.34089873774676,-0.010282231677273414
2023-03-06,16.470859463282473,16.856069391094305,16.41494170197917,16.638612747192383,262200,0.010510801067002327,0.3342472907530976,-0.715217838564229
2023-03-07,16.6386129259271,16.6386129259271,16.334172436144225,16.446006774902344,277900,-0.011643364862605527,0.3325818716763225,-0.5360188268160025
2023-03-08,16.601332674337364,16.738021055606428,16.433580583311347,16.495710372924805,166500,0.0030176712111006773,0.33360231143358626,-1.5994949261950933
2023-03-09,16.514350896650953,16.551629009405968,16.029730690636423,16.10428810119629,352900,-0.02401479149107931,0.34009863240843274,-0.007223827368551735
2023-03-10,16.0235178311086,16.309318655873344,15.868190986766948,15.973812103271484,194200,-0.008134940450814688,0.33908932231488303,-1.3234385655037655
2023-03-13,15.694225293595302,15.694225293595302,14.8430336218407,14.8803129196167,409000,-0.07091157903820107,0.4000971934260536,0.24330480941887206
2023-03-14,15.1847514914289,15.31522546202891,14.749835885996157,14.768475532531738,516600,-0.007544181287360371,0.40009600476523144,0.7390873044669762
2023-03-15,14.401904074832517,14.401904074832517,13.587991805712685,13.830301284790039,612400,-0.06563294712847755,0.4342549862750443,1.0581799308037205
2023-03-16,13.743317809198409,14.538590383874885,13.389171657606976,14.389476776123047,658200,0.03963522968448088,0.4690116340749117,1.140733687560639
2023-03-17,14.271431969416295,14.358415819893038,13.84273067405566,14.010482788085938,434000,-0.0266913399926113,0.4509874476770064,0.23829358595126127
2023-03-20,14.147167329356853,14.43296811497637,14.029118612012018,14.172019004821777,225300,0.01146370801031342,0.4559176167525204,-1.15121778245638
2023-03-21,14.519953783212639,14.737410415045602,14.414331482729585,14.507527351379395,375100,0.023398114393401018,0.4684246611388488,-0.08446683242794754
2023-03-22,14.519954782098782,14.836820520296646,14.389479608973328,14.395692825317383,223800,-0.007738589920836388,0.45491704439752223,-1.1536275282208857
2023-03-23,14.613147693330731,14.656639013868386,13.892431334293466,14.035331726074219,374900,-0.025351207321831347,0.4579639851213237,0.04776068606234517
2023-03-24,13.892433177396908,14.345987273247582,13.786810877057048,14.252791404724121,424100,0.01537493041687658,0.4533076900106978,0.28763158078220635
2023-03-27,14.451608639303032,14.861671382335862,14.259003698799658,14.718770980834961,415900,0.03217084108326835,0.471384271459597,0.30481164053081944
2023-03-28,14.737409609642995,15.271734298773922,14.737409609642995,15.048063278198242,347600,0.02212568041496434,0.4714561084689505,-0.10488508783546423
2023-03-29,15.209602363067946,15.52025601191353,15.12261972060706,15.420846939086914,499900,0.024470994260535624,0.475275929993979,0.9456751192091435
2023-03-30,15.67885526337444,15.890126030588318,15.659648385950476,15.79409408569336,321700,0.023915786769852735,0.47973635459162123,-0.210901974772434
2023-03-31,15.998964771836443,16.325474406499954,15.877323640229426,16.088594436645508,597000,0.018474522747670474,0.4817141274278389,1.342501541734115
2023-04-03,16.344679158974554,16.696796700128314,16.29346203987742,16.51113510131836,368000,0.02592440706169746,0.47491876861660337,0.060698924115455036
2023-04-04,16.51753450616493,16.959282877001993,16.440709445826855,16.55594825744629,569800,0.0027104406564477474,0.4735380446942515,1.1056689156854222
2023-04-05,16.49192789920083,16.651981545868797,16.235842308754567,16.57515525817871,232500,0.0011594544609769269,0.47172580389690066,-1.1872797562921722
2023-04-06,16.61996841430664,16.7224038613074,16.338274903669518,16.61996841430664,138000,0.0026999859252688466,0.47170464134999784,-2.3713367725383723
2023-04-10,16.50473046314525,16.844043371023577,16.50473046314525,16.77362060546875,154500,0.009202561331951575,0.4640523742948619,-1.8199675449710158
2023-04-11,16.869655712469854,17.33701209840933,16.837644248363556,17.24098014831543,225100,0.02748166647546479,0.4706646855854705,-1.0249789566606338
2023-04-12,17.433044699893006,17.746749733181403,17.369022990400723,17.59950065612793,217300,0.020581413060690713,0.38742759122637493,-1.0110430638702739
2023-04-13,17.727540571804248,18.19489688284787,17.657116583168637,18.118070602416992,335400,0.029039286219538194,0.38966332229341016,-0.014339940097113401
2023-04-14,18.2333118080138,18.64304998895636,18.18849698067144,18.55341911315918,348100,0.023744274787272174,0.279190671412552,0.13559250036704085
2023-04-17,18.527809811212766,18.71347139966548,18.310136761914844,18.540613174438477,397100,-0.0006904581917742212,0.2672089038297209,0.5370773753626964
2023-04-18,18.675059997879107,18.88633076779297,18.502201762191643,18.854320526123047,438000,0.01677846061455061,0.2271906303105495,0.7819730782162554
2023-04-19,18.84791478133028,18.854317072714093,18.246112823486328,18.246112823486328,328700,-0.0327900318920076,0.279465010268684,0.015303868264394248
2023-04-20,18.06685447692871,18.26532187009574,17.79156324135525,18.06685447692871,427900,-0.009873046242867542,0.2861031734626482,0.6707015732042128
2023-04-21,18.041247567023486,18.041247567023486,17.676325441541366,17.7851619720459,203400,-0.015714502538698726,0.2937240500233098,-1.1953933844591977
2023-04-24,17.791561065461824,17.95161468618266,17.733941664313345,17.89399528503418,229400,0.006100685044417167,0.26470996727196544,-0.8219391227067623
2023-04-25,17.6763257973949,17.900399934316,16.965687188552376,17.157751083374023,276900,-0.04201516790730884,0.32262416103919683,-0.3090766002588661
2023-04-26,17.125738291451476,17.381823853456332,16.466316900815727,16.472719192504883,575300,-0.04074439943466551,0.3535588562895762,1.419685460955494
2023-04-27,16.005366336162925,16.094995996889423,15.281924315057879,15.358749389648438,758000,-0.070020325829182,0.4335501080835173,1.8137971033483573
2023-04-28,15.20509418176145,15.749276744067991,15.20509418176145,15.68525505065918,568400,0.021035797851169533,0.43136198931515674,1.1553703513773095
2023-05-01,15.512399155061658,15.570018565599664,14.891391445067214,15.121869087219238,360600,-0.036579122320119555,0.4413207323724864,0.16436539835674255
2023-05-02,15.109065403630513,15.307531595592597,14.955414040068337,15.179488182067871,517800,0.0038030748117179026,0.4356040061746001,0.9736435223671984
2023-05-03,15.109065497582238,15.614834419813661,15.070652961730957,15.070652961730957,423300,-0.007195714520984607,0.4230427968203895,0.5152613400271301
2023-05-04,14.974619151055947,15.384357326720645,14.923402031736915,15.192292213439941,616500,0.008038867735177048,0.4245627780470567,1.3111324768038426
2023-05-05,15.480388005382236,16.25504702429815,15.313932075945482,15.998961448669434,748000,0.05173560265797118,0.4665228008674511,1.530611844615459
2023-05-08,16.21023385308392,16.21023385308392,15.877321960285482,16.0053653717041,303100,0.0004001910839167167,0.46631842347822416,-0.44132285731849774
2023-05-09,15.909333998687165,16.01817053599279,15.634041508966314,15.640443801879883,312600,-0.02306389096497947,0.470111293402847,-0.4984295932657973
2023-05-10,15.83890818279665,15.902929883483678,15.60202947770074,15.66604995727539,310400,0.0016358370440709023,0.4571127603420563,-0.5777016018799015
2023-05-11,15.538006413391207,15.75567944395659,15.352343619803918,15.473984718322754,650700,-0.012335739282376038,0.4484396533037297,1.262297403742955
2023-05-12,15.570020110405391,15.87092177776109,15.493195036140666,15.755682945251465,446000,0.018040913556252293,0.43909277938034874,0.21009780558236088
2023-05-15,15.81970341312174,16.107800494025884,15.672454336709638,15.934942245483398,307900,0.011313201369599478,0.43027266838499956,-0.7698183194095711
2023-05-16,15.902930203018164,16.05658155508689,15.429171562194826,15.429171562194824,238400,-0.032254348619314074,0.4380371778142806,-1.3251772401310473
2023-05-17,15.589223676645439,15.698060192985286,15.301126656595175,15.448375701904297,236800,0.001243890392029597,0.4298600367144168,-1.2188051286413564
2023-05-18,15.4163658780861,15.4163658780861,15.045041498458012,15.237105369567871,263700,-0.013770269415869856,0.42184336772006836,-0.9122754032271023
2023-05-19,15.307531037185875,15.46118239514297,15.115467145017618,15.192292213439941,140600,-0.002945387821300936,0.4222585936973429,-2.0389283745275515
2023-05-22,15.281924651515597,15.717269599709555,15.269120065097741,15.595629692077637,155000,0.02620251904604471,0.43761169106294134,-1.7278913190160023
2023-05-23,15.627635060967824,15.819698912858755,15.473983735232641,15.525200843811035,281800,-0.004526162527699104,0.43537351932911206,-0.5315624266867944
2023-05-24,15.409967652285658,15.54441337442706,15.198696849874285,15.454782485961914,183900,-0.004546063074062362,0.41606543793937656,-1.325172713680076
2023-05-25,15.473986542522614,15.698061891121899,15.185889491307472,15.224303245544434,310700,-0.015025452751904797,0.3973247937235098,-0.22312197738293243
2023-05-26,15.429172670524599,15.493194377096897,15.038641359434815,15.403563499450684,192600,0.01170583001055059,0.3186525153642388,-1.1105400093792328
2023-05-30,15.454780509094952,15.454780509094952,14.801762525879129,15.205097198486328,355800,-0.0129681650765219,0.31226266958373033,0.25180913590248843
2023-05-31,15.205095993981217,15.275519987235619,14.936205826506319,14.987422943115234,367400,-0.014419334713090797,0.2894834021070849,0.32047803793930674
2023-06-01,15.077053467323402,15.845311482176964,15.006630691092417,15.787692070007324,326000,0.05201927462689041,0.34181267106999375,0.10863468330244967
2023-06-02,16.062984426093482,16.74161156079056,16.062984426093482,16.639177322387695,403300,0.052529340853375975,0.3820932129849746,0.6003811841931269
2023-06-05,16.639175764894564,17.176956076727432,16.408698139505525,16.92727279663086,251800,0.017166101731492824,0.3843949249427159,-0.4036828863281295
2023-06-06,16.888859276844567,18.572624225685388,16.81843650676295,18.348548889160156,887000,0.08062439562180608,0.4378228324660981,2.5211091603806937
2023-06-07,18.508603652474342,18.713472125379035,18.246115768926153,18.316539764404297,599600,-0.0017460278462847695,0.4382640420839155,1.4490786185213016
2023-06-08,18.34855158488353,18.662256613662677,18.30373675521687,18.38056182861328,357900,0.0034892199320196017,0.42521224458656987,0.30374449048677454
2023-06-09,18.32934170209046,18.566221618652342,18.169288067446903,18.40616798400879,309100,0.0013921411150951686,0.42525677953939145,-0.01619318222995049
2023-06-12,18.41256991943767,18.41256991943767,17.74034393428248,18.118070602416992,387500,-0.01577600891440754,0.4274578837241457,0.567326195076243
2023-06-13,18.047650536358148,18.20130189910692,17.73394551810701,17.79796600341797,314900,-0.017825634752358387,0.4343277898210298,0.12486713912084775
2023-06-14,17.79796533596045,17.945215621545945,17.6379116864604,17.7851619720459,205800,-0.000719668711166926,0.4344048216415915,-0.8271542036186301
2023-06-15,17.78516150297674,18.105268793534268,17.78516150297674,18.047649383544922,225500,0.014650935653308396,0.4132803981648683,-0.6050530140092166
2023-06-16,18.156487815729694,18.182095766682025,17.554685704443173,17.580293655395508,319500,-0.02623685217509318,0.42915134606127686,0.1745877532790826
2023-06-20,17.58029183437455,17.69553065450459,17.33701083052077,17.47145652770996,306700,-0.006210102314175586,0.4255120274587754,0.0620448304419821
2023-06-21,17.50346338375131,17.84277748617587,17.458648567058138,17.663516998291016,438500,0.01093283212332714,0.42433809840585984,0.8313045817205557
2023-06-22,17.56108520213558,17.573889786129815,17.279390459824075,17.29859733581543,213500,-0.020875906512019638,0.4290544428479517,-1.0849624466050196
2023-06-23,17.157749272791747,17.157749272791747,16.79282717847178,16.824838638305664,201100,-0.0277691344683096,0.4428455202063613,-1.1623056557382994
2023-06-26,16.8248390443943,17.106532571057524,16.792827583787776,17.016902923583984,215400,0.011350854806531719,0.44248159124352976,-1.029540085339919
2023-06-27,17.112936500411603,17.317804983444127,17.01690455162917,17.196165084838867,216600,0.010479259076015749,0.4370260011695673,-0.9462134052798695
2023-06-28,17.164153255878194,17.529075386152574,17.042513359861704,17.48426055908203,180700,0.016614680829462075,0.43819116353097914,-1.3927897788048964
2023-06-29,17.571490342177086,17.895297269460382,17.445932142476327,17.584707260131836,259500,0.005728539046661253,0.43272804327650005,-0.4256791862869058
2023-06-30,17.730088637718538,17.730088637718538,17.43932276028027,17.630964279174805,212100,0.002627071620367822,0.4261128711434455,-0.8626026318133878
2023-07-03,17.690440519579454,17.78956488581755,17.512015904090056,17.657398223876953,195000,0.0014981681082044647,0.3947425344826661,-0.9879456276427713
2023-07-05,17.67722006065672,17.89529412687548,17.44592907880423,17.452537536621094,323000,-0.011669802733263695,0.35905378365132967,0.2842635816531237
2023-07-06,17.293942107848995,17.326983143716053,16.71901875654524,16.917268753051758,358300,-0.031150135713899744,0.37255775815660025,0.49961087899184575
2023-07-07,16.94370053866694,17.749914884707348,16.94370053866694,17.650789260864258,220000,0.04244557977509991,0.28052528372053703,-0.699174104248832
2023-07-10,17.498800549406795,17.756525437176386,17.44593413199364,17.7367000579834,261900,0.004855442844574245,0.28148543565824136,-0.026421216080698178
2023-07-11,17.82921377626214,17.9613804337256,17.650789166816867,17.90851402282715,243600,0.009640300943935937,0.2836659652353,-0.24336375253573844
2023-07-12,18.23892927794293,18.305012606210497,18.007638259223768,18.19927978515625,256000,0.016105777558140015,0.2898962392639946,-0.00951692684985746
2023-07-13,18.357879691831446,18.99888510059953,18.344662773604963,18.985668182373047,267100,0.0423023672879055,0.3197114907294122,0.2525697710017816
2023-07-14,19.23678319821706,19.23678319821706,18.86010987899754,18.9592342376709,290600,-0.0013932806407420447,0.3116919197708324,0.6468779186634602
2023-07-17,18.939410660729703,19.36895042940399,18.912978084108914,19.342517852783203,232000,0.02001456272049728,0.3167997282877067,-0.38297321499217907
2023-07-18,19.454859212346577,19.884398982631442,19.415208456614636,19.527549743652344,202600,0.009520605439918102,0.3151198979066512,-0.9539091700279935
2023-07-19,19.719189775092747,20.023171316537162,19.66632336525743,19.791881561279297,323100,0.013445555597644241,0.2969970081626381,1.1080438383586804
2023-07-20,19.75223069908293,19.811705567372297,19.4680732751303,19.76544761657715,182700,-0.0013364880383097237,0.29501960214797945,-1.2710143770993356
2023-07-21,19.85135733209275,19.857964530742137,19.587024010468244,19.77866554260254,163800,0.000668515511497482,0.2949448708037614,-1.7272447169790628
2023-07-24,19.824922407624072,19.891005734403077,19.587022935393506,19.70597267150879,183700,-0.003682087845353122,0.2813560150371483,-1.1063430175314923
2023-07-25,19.501117776345406,19.69275805996633,19.435034441828453,19.560592651367188,169900,-0.007404807791330703,0.2582692524335797,-1.3793170679196607
2023-07-26,19.560593185549408,19.77866731310643,19.560593185549408,19.659717559814453,186800,0.005054785083235129,0.25790703626770894,-0.902401310660848
2023-07-27,19.600238488106445,19.8711789746441,19.57380591549607,19.67953872680664,321700,0.0010077042903447262,0.2583257041619706,1.355577100233099
2023-07-28,19.9240469990681,20.08925468771781,19.87118058911758,19.884397506713867,195500,0.010355926646857352,0.25611495644952076,-0.7742642590033118
2023-07-31,19.93726465029452,20.241246203586947,19.897615156481308,20.194988250732422,227100,0.015499087906539118,0.258152492967542,-0.10528128414997617
2023-08-01,20.122296826313367,20.122296826313367,19.65310633874552,19.76544761657715,463000,-0.02149912380179022,0.27574880030486487,2.365409210226511
2023-08-02,19.672931303768287,19.672931303768287,18.84028442555636,18.89975929260254,456800,-0.044786157279139586,0.3261043204003786,1.9676197640560944
2023-08-03,18.813850246393635,19.137657149692714,18.681684857939594,19.012100219726562,231900,0.005926443987659305,0.32163510607495743,-0.21953132052583735
2023-08-04,19.051750113500457,19.63988906659173,19.051750113500457,19.43503189086914,137400,0.02200157507067075,0.3002799352417304,-1.7421442903267907
2023-08-07,19.448249279530856,19.672931836582848,19.401991328449792,19.474681854248047,76000,0.0020380503111883394,0.27068005236010245,-2.722754261718235
2023-08-08,19.084790603446443,19.428422879710418,18.89315035042952,19.335906982421875,182400,-0.007151422713778331,0.2737615262539036,-0.48103126900692705
2023-08-09,19.243394208401398,19.43503449252219,19.038535744821015,19.117835998535156,469700,-0.011342111574114418,0.27803737002316325,1.673742639270667
2023-08-10,17.93494671972014,19.084792109887402,17.93494671972014,18.91297721862793,726100,-0.010773409454478904,0.27780037837773813,2.216244927188978
2023-08-11,18.70811608489249,19.07157371295812,18.318225885212435,18.635425567626953,461600,-0.01478394209296426,0.24095468717108748,1.2105985895193971
2023-08-14,18.542909922924228,18.549518381473543,18.305011717321797,18.33805274963379,184500,-0.016086083533423435,0.2466521449737984,-0.5093855258201216
2023-08-15,18.20588431579976,18.245535063210884,17.63096234311758,17.664003372192383,353700,-0.03744942514182186,0.26302569512381097,0.6899191521209108
2023-08-16,17.670614089266543,18.159628692613634,17.657397171773063,17.994421005249023,403700,0.018532904698419513,0.27074181099319966,0.8635657807371862
2023-08-17,18.199280791438113,18.278579781396108,17.90851488724446,17.9283390045166,236800,-0.00367912015972748,0.26332040166258736,-0.10192642960766654
2023-08-18,17.677221587141606,18.04728643380121,17.677221587141606,17.948162078857422,269700,0.0011050730009628043,0.26384971253383127,0.10760869621001844
2023-08-21,18.020855888006754,18.15302128932204,17.948164098000788,18.100154876708984,108400,0.008432776417472818,0.26715068880357257,-1.5058203867660922
2023-08-22,18.17945354452266,18.245536869649456,17.84903817932327,17.862255096435547,187100,-0.013230662283891992,0.2689487556321251,-0.5232956763858699
2023-08-23,17.882078494310765,18.20588538796416,17.723479276629583,18.119977951049805,169300,0.01432525110907913,0.27659795285722527,-0.7033272466092318
2023-08-24,18.073720379116327,18.25214497537923,17.88207886599664,17.97459602355957,171900,-0.008055654780007944,0.2751280568920832,-0.6656960711510874
2023-08-25,18.040677926028867,18.040677926028867,17.644180507339087,17.85564613342285,207500,-0.006639660798738079,0.2745554186932224,-0.29092097106287734
2023-08-28,17.994422051482875,18.14641283019107,17.91512306278064,18.100154876708984,151100,0.013600726753558863,0.2770063571971437,-0.8288795017923724
2023-08-29,18.11336862142179,18.311617318877953,18.03406964661312,18.258750915527344,204100,0.008723972365298555,0.2717954925377026,-0.28481932158998285
2023-08-30,17.974598971044884,18.238931049353088,17.954773592508726,18.080331802368164,183500,-0.009819760628192937,0.26569654605277504,-0.4085899984347952
2023-08-31,18.16623786227644,18.16623786227644,17.62435682818413,17.644182205200195,303600,-0.024418597755842986,0.23401625743289572,0.5699790576755682
2023-09-01,17.802779806577117,18.027462350405308,17.472364449233847,17.91512107849121,284100,0.015239000291365584,0.2407556819385635,0.4235677516061381
2023-09-05,17.776347718741498,17.776347718741498,16.69258564356169,16.818143844604492,463200,-0.06318681484302921,0.30288754775851046,1.2182440434603867
2023-09-06,16.82474998861498,16.98335047495649,16.58685177997192,16.71240997314453,192900,-0.006306738773105642,0.3011639695510613,-0.5617538256942793
2023-09-07,16.6529333738394,16.917265389524974,16.408425471558694,16.481117248535156,376700,-0.013936239225285522,0.30204217603463257,0.7791294790773088
2023-09-08,16.53398395468335,16.791707517145664,16.43485960453896,16.752058029174805,378800,0.016305801746281684,0.312730006733845,0.8320975350956918
2023-09-11,16.989956436923308,17.181597942054793,16.90404900180422,16.963523864746094,208100,0.012544265688589202,0.31888939433768776,-0.38656242423519427
2023-09-12,16.956916699009053,17.73008871574823,16.956916699009053,17.690439224243164,273900,0.04195895299460854,0.35580168752164987,0.3902827265570789
2023-09-13,17.782957147852965,17.928339473535743,17.617749443944682,17.842432022094727,331700,0.008555105148913309,0.3541625493897282,0.8242863784836713
2023-09-14,18.014248001252554,18.212496739741905,17.703657974836638,18.16623878479004,322700,0.017985417623860574,0.33438707837376064,0.7708731016161663
2023-09-15,18.106762196349234,18.46361140435623,18.027463212637425,18.252145767211914,558300,0.0047177898096493346,0.3288126055880012,2.0530884780415204
2023-09-18,18.238929696081332,18.78741919053769,18.20588740097271,18.7147274017334,329500,0.02502812608413125,0.33890345506180464,0.68254618385238
2023-09-19,18.72794323249984,18.72794323249984,18.470219647788475,18.64203453063965,194400,-0.003891823546034384,0.33951941872231556,-0.5817619623700822
2023-09-20,18.774200738086385,18.998883284723096,18.476826408586454,18.56934356689453,253200,-0.003906926317961832,0.3391755689604785,-0.03544366502012322
2023-09-21,17.915120326374005,18.10676057016164,17.730087280273438,17.730087280273438,549700,-0.04624898280341139,0.37435984659445176,1.8272684654477085
2023-09-22,17.769740082560716,18.390921397057227,17.769740082560716,18.133197784423828,216100,0.022481347222903895,0.37942135768797586,-0.6194778316918522
2023-09-25,17.954770568450726,18.139803622319402,17.796171348178106,17.91512107849121,351800,-0.01209928081010943,0.3807639461038603,0.5980648818969378
2023-09-26,17.736697096346067,17.882079404847897,17.551664036079057,17.630964279174805,232000,-0.01598841895925828,0.3841315157169262,-0.559088368488887
2023-09-27,17.683830418750357,17.849038100621602,17.52523119540611,17.802780151367188,389600,0.009697943108180881,0.38254785716007084,0.800958384035751
2023-09-28,17.79731483254765,18.05702928963257,17.763141020038017,17.99551773071289,213900,0.010768078545420928,0.3832532100394604,-0.9870454855312417
2023-09-29,18.050193196343223,18.330411920274226,18.050193196343223,18.23472785949707,237300,0.013205188148139337,0.3846405209735689,-0.7455914477126431
2023-10-02,18.22105879296124,18.22105879296124,17.667456093198435,17.872493743896484,212600,-0.0200650314564892,0.3813822080095029,-1.0069394994418248
2023-10-03,17.82465222231629,17.82465222231629,17.195868424294186,17.223207473754883,359700,-0.03700512251783416,0.39868391295977923,0.5473035065409005
2023-10-04,17.291553099309944,17.346229896559713,16.915650281167515,17.038673400878906,431700,-0.010772079790768893,0.33306681266986177,1.1201776856028
2023-10-05,16.949822984403514,16.97032727245575,16.587589687331175,16.696943283081055,247800,-0.020260000581293697,0.3401551740416204,-0.6300047402535529
2023-10-06,16.6832721244578,17.20953706723249,16.50557222286125,17.148025512695312,263000,0.026657370800695544,0.34823632467284477,-0.3909533334542778
2023-10-09,17.05234145168085,17.277883383784634,16.901979294546617,17.148025512695312,115000,0.0,0.3442892817765845,-2.4130975679752895
2023-10-10,17.32572467436979,17.722131729125977,17.32572467436979,17.722131729125977,234000,0.03293120215327917,0.35971617793940674,-0.5138209968076749
2023-10-11,17.776809407610052,17.776809407610052,17.284718271336228,17.46925163269043,189900,-0.014371952735303091,0.332969536581449,-1.008634088685703
2023-10-12,17.407739941685218,17.448748513752445,17.189032771716906,17.243709564208984,222000,-0.012994871919559604,0.3338715748358057,-0.5417431254044098
2023-10-13,17.34623137589682,17.510263085232896,17.072847366333008,17.072847366333008,203300,-0.0099580858394524,0.3271557341333349,-0.7110292351267267
2023-10-16,17.100184064820063,17.216372415838173,16.90881463267329,17.059175491333008,203700,-0.0008011172257922003,0.32608148367751816,-0.6405324789728055
2023-10-17,16.970323880983916,17.366730912255814,16.970323880983916,17.277881622314453,243400,0.012738953597717572,0.31526768707436253,-0.08194689462497472
2023-10-18,17.17536383008909,17.43507958093126,17.17536383008909,17.387237548828125,219000,0.0063092983316584885,0.3172063803804118,-0.4148632302943227
2023-10-19,17.346227358858684,17.694792379181052,17.216370799136662,17.366731643676758,147300,-0.0011800613286728943,0.3172832531144106,-1.4363690765493464
2023-10-20,17.38723592849483,17.619612608709744,17.30522009282002,17.366731643676758,248500,0.0,0.2759533205039002,0.16790398235237453
2023-10-23,17.32572540474588,17.571770319161452,17.018167632229463,17.243709564208984,159300,-0.007108987535458392,0.2629795038078486,-1.2047474129029854
2023-10-24,17.30522067314759,17.510259617411833,17.161694585400397,17.230039596557617,176400,-0.0007930653729652439,0.2606286656283505,-0.8002490942631421
2023-10-25,17.154859827051844,17.353062705923616,17.154859827051844,17.18219757080078,193100,-0.0027805257965458786,0.25557209884215376,-0.4727518920307616
2023-10-26,17.250545343021294,17.53076408400986,17.216372834548594,17.448749542236328,126900,0.015394163752325296,0.2593738376596189,-1.6885852506649197
2023-10-27,17.605942793763226,17.62644707824154,17.353061832920535,17.435077667236328,272200,-0.0007838518186625479,0.2558574302101252,0.779701593531246
2023-10-30,17.886162096962487,18.28256915165828,17.626447669512487,17.769973754882812,212200,0.019026030440055307,0.2608210360757993,-0.011748542362010972
2023-10-31,17.72896842999307,17.72896842999307,17.10701938473821,17.346229553222656,375900,-0.024134999272459774,0.264873987603291,1.6341352261730115
2023-11-01,17.469253970232543,17.858826334860613,17.380404658698918,17.530765533447266,267400,0.010582201926351202,0.23380127760095532,0.6817694008575045
2023-11-02,17.71529753282787,18.166381392168592,17.71529753282787,18.152711868286133,204000,0.03486259589494617,0.25748055429655575,-0.07484858150657475
2023-11-03,18.480775093643775,19.143731400749495,18.385089724005507,18.535451889038086,191300,0.02086525283477546,0.24993904384605978,-0.26845244810925123
2023-11-06,18.528615353155303,18.617464648317533,18.30990819251212,18.43292999267578,123200,-0.005546478042626105,0.2394116480527941,-1.6706886482509815
2023-11-07,18.303072261755005,18.31674048072407,18.009184044562623,18.282567977905273,135600,-0.008190702221115247,0.24255551608841006,-1.4311750539873163
2023-11-08,18.227892506289685,18.30990834400823,18.029688325568415,18.043357849121094,174700,-0.013170405494263591,0.22276334124371144,-0.4473339081056522
2023-11-09,18.241562177340516,18.617464952896007,18.077531804174615,18.221057891845703,253800,0.00980032141025515,0.21762234009349826,0.8664622766981975
2023-11-10,18.24839838731855,18.637970717452713,18.2005550507006,18.535451889038086,186200,0.01710726434774975,0.21645675804962836,-0.22760779944934914
2023-11-13,18.432930152333505,18.56962278071822,18.35775037995968,18.419261932373047,100800,-0.006288255408664543,0.21395349571385006,-2.061562662672354
2023-11-14,18.80199946146473,19.075383414558868,18.80199946146473,18.986534118652344,170600,0.03033303609452048,0.23225761433730918,-0.34630113237097493
2023-11-15,19.09588992724425,19.09588992724425,18.74732485754335,18.87034797668457,254900,-0.006138197354705801,0.23363338871903697,0.9257512271485318
2023-11-16,18.781495168968732,18.781495168968732,18.46710394892979,18.61063003540039,236200,-0.013858875195575396,0.2416459012885326,0.6675644991203603
2023-11-17,18.747325012436956,18.747325012436956,18.446601974673534,18.719985961914062,195100,0.00585879640075532,0.2412542819722305,0.021839779754463
2023-11-20,18.726820715504036,18.90452063302401,18.65847439282748,18.7678279876709,122900,0.0025524055254064187,0.24093978745808553,-1.315965214325625
2023-11-21,18.815668990371698,18.92502257164046,18.35091561818069,18.419261932373047,236600,-0.018747165470400996,0.250690769251433,0.6653545894969207
2023-11-22,18.419263334600572,19.075384872162587,18.262066408911757,19.06855010986328,405700,0.034643425618442567,0.27276760957356533,1.9785119443567598
2023-11-24,18.979698916569607,19.212075597208145,18.747322235931065,18.877180099487305,84100,-0.010086596400016908,0.27648422015784824,-2.016081652534068
2023-11-27,18.829338485750235,19.341933921517636,18.829338485750235,19.31459617614746,229500,0.022907298208337045,0.2814023453536824,0.39143151792187125
2023-11-28,19.300926947764655,19.45812257094815,19.17106907037073,19.24625015258789,177600,-0.003544844143000342,0.2822585557727934,-0.20588119107085578
2023-11-29,19.28725699695374,19.321430807932725,19.034377313697238,19.089054107666016,207300,-0.008201157080905458,0.2806075482363365,0.19277591650211082
2023-11-30,19.102722309305612,19.102722309305612,18.78149502633425,18.85667610168457,193600,-0.012248066367950871,0.26867291374196683,0.107222161481844
2023-12-01,18.754157997687464,19.33509973026478,18.754157997687464,19.321430206298828,219100,0.024347832244307956,0.27703928427010943,0.4882922925940028
2023-12-04,19.34193140734589,19.423947239990746,19.09588651660619,19.12322425842285,185200,-0.010311327116580551,0.2585037443503203,0.02348931710034482
2023-12-05,19.15056566383059,19.280422234757943,19.04804683808883,19.089054107666016,128700,-0.0017884387597765484,0.2499738279086088,-0.9376914711300951
2023-12-06,19.280420148529544,19.382940266775762,19.034375254092,19.05487823486328,157500,-0.0017919432973456924,0.2489953863913156,-0.41871753647288673
2023-12-07,19.048045223223237,19.089052489323887,18.86351057037409,19.020706176757812,114600,-0.001794959568362887,0.24680916579034398,-1.271658669074696
2023-12-08,19.020707930279457,19.25308463226845,19.020707930279457,19.21891212463379,133600,0.010366616180947766,0.24214239820701514,-0.7954555464681539
2023-12-11,19.130060648088882,19.246248993793646,18.96603027243467,19.048046112060547,160300,-0.008930270708119952,0.24420436032418236,-0.24200522811193362
2023-12-12,19.12322703053027,19.3214312277219,19.027542964905418,19.294092178344727,233300,0.012834414285847064,0.24133049218789826,0.7686719472236864
2023-12-13,19.212078869699454,19.909207726763103,19.1915745813514,19.902374267578125,247300,0.031040090239891745,0.25932453778096337,0.8514955927223382
2023-12-14,19.90237393080623,20.16892315683207,19.66999721451787,20.16208839416504,516000,0.012964994276269261,0.24332493079083364,2.3770296947528924
2023-12-15,20.20309301783303,20.408131960169214,19.738339646188027,19.745174407958984,846700,-0.02089490109985889,0.2552773866635708,2.7225546235481026
2023-12-18,19.916037779789644,20.237265036623285,19.813518969488495,19.82718849182129,237100,0.004145024217794856,0.2485747672304216,0.27250309578924137
2023-12-19,19.963883629289896,20.16208783029766,19.875034324298667,19.922876358032227,271500,0.004814485279635941,0.248450539482579,0.4997632406320077
2023-12-20,19.902373518556583,20.26460680722235,19.895538756031122,20.004892349243164,335200,0.00410822388620272,0.24847639472488603,0.8195040159718188
2023-12-21,20.230432502222943,20.435470145393754,20.07323688888548,20.32611656188965,301900,0.015929728217129503,0.23902255495862101,0.589893797277093
2023-12-22,20.48331172613454,21.11893023106482,20.326116116243565,20.831876754760742,273700,0.02457776053923474,0.22527760927019747,0.4517992925737332
2023-12-26,21.10525910147384,21.235116958005104,20.900221478401246,21.187274932861328,150100,0.016916412587894673,0.22309272151958218,-0.8571079078582228
2023-12-27,21.197123790529194,21.668483729209836,21.112701876000738,21.64737892150879,283900,0.021483618691868205,0.22174326896525878,0.4853844091035332
2023-12-28,21.54185301113324,21.76697992819976,21.54185301113324,21.633310317993164,169600,-0.0006501099801471693,0.22049028052346117,-0.6066832235046902
2023-12-29,21.64737892150879,21.7810471764892,21.380039727823696,21.64737892150879,274700,0.000650109980147149,0.21560373795408813,0.38894827845963087
2024-01-02,21.56295860878775,22.252410152959946,21.54888784049142,21.978036880493164,212100,0.015159249949138202,0.20713088141670882,-0.16886183943278466
2024-01-03,21.8654737275894,22.308692200303696,21.809191995469135,22.034318923950195,216700,0.002557557899694516,0.19808217824822566,-0.12213834581142279
2024-01-04,22.083563925693696,23.103671767786796,22.069494499918,23.096637725830078,443600,0.047085864952377945,0.2341067156539355,1.2624581286429644
2024-01-05,23.04035473660495,24.22227238511959,23.04035473660495,23.954933166503906,429300,0.03648722643150035,0.24897843666663244,1.0909770456143715
2024-01-08,23.701662684374984,23.764979791680812,22.878542973123544,23.138845443725586,578400,-0.03466145424413174,0.292224906593447,1.5199427210504224
2024-01-09,22.984072096394403,23.209201699888915,22.787086712526854,23.068496704101562,631100,-0.003044918435356663,0.29285142837846956,1.5546190336185226
2024-01-10,23.01221403558812,23.293624032094563,22.83633345870275,22.89965057373047,505100,-0.007346256036810861,0.2983297521214074,1.0189916317965646
2024-01-11,22.934824703364654,23.04035411631849,22.329796469570393,22.442359924316406,255600,-0.02017141056201785,0.3088857992556921,-0.4868920442458714
2024-01-12,22.55492523397332,22.58306408550655,22.22426890400614,22.39311408996582,191900,-0.0021967361887818004,0.31019034795345757,-1.0797900196629118
2024-01-16,22.252408093804707,22.46346557313218,21.816225051879883,21.816225051879883,293700,-0.02609954350441765,0.3176720749003589,-0.17485182600876523
2024-01-17,21.640346293703903,22.16798802320684,21.3167253351737,22.06245994567871,227500,0.01122355779905355,0.31713537776020284,-0.6599354683687212
2024-01-18,22.32979664593283,22.653417587280273,22.076528199822857,22.653417587280273,316900,0.02643320820385618,0.3121184872469827,0.21284240264931292
2024-01-19,22.69562702656382,22.69562702656382,22.252408591234172,22.442359924316406,474700,-0.009360486309710397,0.316895625591428,1.1457437418764578
2024-01-22,22.322760392140616,22.407183651507424,21.97099927152625,22.259443283081055,330500,-0.008183905302833692,0.32063350574606114,0.206123707510492
2024-01-23,22.266479765912063,22.33683226188099,21.90768324414657,21.914718627929688,156300,-0.015607841247251142,0.32871436438346263,-1.5025735534844966
2024-01-24,22.041353539008867,22.167987767325826,21.87954373254266,22.09763526916504,307700,0.008312106860790066,0.32638174049592295,0.10795185810092671
2024-01-25,22.146880666068572,22.153916049769332,21.83733183440853,21.928789138793945,150800,-0.007670255327277813,0.31978878351805545,-1.4382208872465936
2024-01-26,21.992106855150837,22.393114344088595,21.85140186098989,22.357938766479492,162100,0.019381113993748346,0.32130464546740645,-1.2993813795930145
2024-01-29,22.30868828589445,22.33682981794788,22.06949197275082,22.280548095703125,85800,-0.003467444967631521,0.3143396548256874,-2.244968316107369
2024-01-30,22.28758570236405,22.463466269659396,22.25944416750292,22.33683204650879,142900,0.002522962149807665,0.3142745317576984,-1.2116849468927091
2024-01-31,22.308691165098487,22.554925576759185,22.12577655059229,22.132810592651367,157200,-0.009175827518571381,0.3164544859901585,-0.9541779854190859
2024-02-01,22.19612829996725,22.765982336083926,22.15391733717197,22.583065032958984,275300,0.020139140828268957,0.3197043814872434,0.07160122532213455
2024-02-02,22.470502598685908,22.62527702134661,22.25240971992392,22.505678176879883,174900,-0.003432649772779155,0.32007908366395005,-0.7530402419702231
2024-02-05,22.42125613747984,22.435325563567897,22.13281076194693,22.343868255615234,128300,-0.007215708349688442,0.2734620908416285,-1.2022152066456613
2024-02-06,22.386078960194318,22.547888764175823,22.245375307895642,22.357938766479492,116000,0.0006295276305938974,0.23625126847834402,-1.2531856735349716
2024-02-07,22.442359860897405,22.442359860897405,21.963964508647614,22.350902557373047,213800,-0.00031475694543582297,0.20691509525020052,-0.06959797507360514
2024-02-08,22.294621422068122,22.350903150776332,21.921754130712326,22.076528549194336,115500,-0.012351715580018432,0.2101914594739293,-1.2079592373693542
2024-02-09,22.083564048259014,22.266480002980806,22.076528664400993,22.217233657836914,89700,0.006353291069441462,0.2112321122720089,-1.6211126251583952
2024-02-12,22.301657177581614,22.47050236652031,22.17502295041202,22.182058334350586,111800,-0.001584499629043471,0.19997843464083448,-1.0354224167063157
2024-02-13,21.949894076496662,21.95692811794634,21.66145007002197,21.77401351928711,197700,-0.018566560634723745,0.20948520546191213,0.18720394255631742
2024-02-14,21.971000336410846,22.231304168701172,21.914718608059186,22.231304168701172,179400,0.020784174963250118,0.202490894757356,0.029744413976125532
2024-02-15,22.308693138753195,22.4142225650475,22.132812550745886,22.20316505432129,159000,-0.0012665445827754445,0.19905893762315738,-0.2010312251361992
2024-02-16,22.17502224664401,22.421255309229938,22.146880711782877,22.33683204650879,302700,0.006002128521481465,0.1765785576040705,1.2468126824804249
2024-02-20,21.527782333251192,22.12577654787028,21.31672484122325,22.111705780029297,757200,-0.01012983565123937,0.17707505195881626,2.866334160488013
2024-02-21,22.54085224396682,22.744874328883462,22.16798498973751,22.69562530517578,842200,0.02606504648041335,0.19742893059351058,2.535109021017009
2024-02-22,22.69562744278739,23.04035453886414,22.477537254812358,22.9559326171875,730400,0.011404216857723038,0.19099908316784805,1.94883567746927
2024-02-23,22.955931850409723,23.45543200558851,22.667487834235057,23.37804412841797,300600,0.018220891849349476,0.19794561997160864,0.6166358223844289
2024-02-26,23.385079707891265,23.49764315542582,23.22326723606883,23.314725875854492,293600,-0.0027121240127644226,0.19540720488767296,0.53194222347709
2024-02-27,23.314724705271146,23.34286623667293,22.92778804153116,22.93482208251953,189900,-0.016428802222387396,0.19676380105410243,-0.1336298160859441
2024-02-28,22.948894748363394,22.998141090531984,22.618241120049216,22.892614364624023,176000,-0.001842028841332536,0.1963567674094881,-0.3136585082980681
2024-02-29,23.0755311484093,23.18809461025619,22.688594416043408,22.8785457611084,313800,-0.0006147366123132454,0.1964094460657928,0.5404378797681083
2024-03-01,22.97703692421089,23.159951531131032,22.709697713735814,23.047388076782227,306300,0.007352842381567372,0.19379837657067275,0.453168002601855
2024-03-04,23.13181318934161,23.181059533970075,22.86447397298386,22.97703742980957,190100,-0.0030571028747892076,0.18267307871660424,-0.27514893869476165
2024-03-05,22.96296627556433,23.37101047701423,22.955932233760638,23.188093185424805,121500,0.009143577554907217,0.18416977282403943,-0.9390699721919887
2024-03-06,23.363977015315783,23.582069913839046,23.152920843303658,23.55392837524414,203500,0.01565369437913977,0.1876602698123689,-0.1743680048708855
2024-03-07,23.560961542302415,23.673524995951773,23.32879790955563,23.539854049682617,175200,-0.000597714825857467,0.18786338650776502,-0.45408646756624527
2024-03-08,23.65241790667553,23.65241790667553,22.977037173262158,22.991107940673828,203300,-0.023587371813773395,0.20836325415497411,-0.20829489326546974
2024-03-11,23.04035453886414,23.14588395375332,22.836332434731464,22.9559326171875,207800,-0.0015311249617460305,0.20269562632924654,-0.2255092486040858
2024-03-12,23.047388976416865,23.06145974422526,22.60417186721285,22.744876861572266,147600,-0.009236477799636999,0.20551591195142457,-0.8867063638923959
2024-03-13,22.941864272765567,23.047391015076094,22.808193308624197,22.948898315429688,203700,0.008930004530050419,0.20699627677433124,-0.38448087157813887
2024-03-14,22.99814403967887,23.040356345689734,22.70266594877697,22.794124603271484,191500,-0.0067671217564391735,0.19625562086411769,-0.4959353683141495
2024-03-15,22.71673367657261,23.06849479506872,22.6252750343208,22.730804443359375,994400,-0.0027817814138631786,0.18474946283949126,2.129157745116337
2024-03-18,22.787083962728772,23.441359833020286,22.787083962728772,23.32879638671875,229600,0.025967465406977468,0.20356148478517766,-0.3077422820334195
2024-03-19,23.385080989602336,23.65945424027315,23.181058891099887,23.223268508911133,228100,-0.004533764884750915,0.2044529101583408,-0.2956955572764068
2024-03-20,23.082565078977357,23.84236768349752,23.082565078977357,23.814226150512695,261900,0.025128410498792324,0.21464313524151524,0.020400882978482013
2024-03-21,23.905688425147908,24.34187151782685,23.476539374922382,24.30669593811035,383400,0.02046872587732578,0.20801383071568355,0.8738305023200797
2024-03-22,24.2926212304445,24.48960927561987,24.05342356994348,24.461467742919922,208500,0.006347268904351729,0.20625104529961857,-0.28018929243865714
2024-03-25,24.49664227521696,24.841369326821194,24.194127520867582,24.20116424560547,213900,-0.010698392973789104,0.20371810505424484,-0.18376211283168015
2024-03-26,24.236343977667072,24.72177340265063,24.13785128422617,24.68659782409668,177700,0.019859756831575513,0.2124499450305213,-0.5651738623590498
2024-03-27,24.771016943318404,24.79212443503942,24.531819279033332,24.609207153320312,233300,-0.003139850719245559,0.20209074834282367,0.05483537502594454
2024-03-28,24.981880567494308,25.176882566894886,24.627987437823034,24.714656829833984,166200,0.0042758141254859985,0.20121757977675356,-0.7396871422940341
2024-04-01,24.786878038651768,24.895213398810085,24.38965297654236,24.80132293701172,228500,0.00350053441674672,0.20062353129201388,0.04834477333539667
2024-04-02,24.822987104421546,25.400769221449156,24.80854220711055,25.36465835571289,295100,0.022459805823118222,0.21053438733600585,0.6679763435201266
2024-04-03,25.328546990612075,25.653550285995777,25.19132460148669,25.62466049194336,233000,0.010198386470263863,0.2094949029528259,0.07666067761155573
2024-04-04,25.841332596919916,26.715231099643727,25.67522038700259,26.549116134643555,404600,0.035441268260665126,0.23410419840952185,1.2920835623236546
2024-04-05,26.426335029813117,26.83078389141546,26.043554891833242,26.274667739868164,428500,-0.010391185339026391,0.23853981904659974,1.2909950057592785
2024-04-08,26.4118938394579,26.556340078524045,26.15189116015541,26.166336059570312,255000,-0.004131569823215412,0.23993308507837827,0.027224143739098754
2024-04-09,26.397445528019766,26.570781543511025,26.28188910271976,26.39022445678711,399500,0.008519954477488966,0.2162828454676171,1.0056178030621938
2024-04-10,26.397446414200708,26.49133687387221,25.277992989948096,25.862998962402344,681400,-0.020180320074922816,0.23400235972528927,1.9234253749570724
2024-04-11,26.014667511589064,26.072444351419072,25.38632956986809,25.841331481933594,495100,-0.000838130251409376,0.22901315777782863,1.1375412997912133
2024-04-12,25.682440779321198,25.689661850489717,24.873543054323502,24.91687774658203,624800,-0.03642981052395497,0.2718032356758948,1.45894934710438
2024-04-15,25.14799120959455,25.14799120959455,24.281316628824985,24.346317291259766,286500,-0.023164797516297325,0.28551510561801136,-0.19243505905884184
2024-04-16,24.259651712216534,24.360763245927927,23.97798308113976,24.172985076904297,208800,-0.007144907007084809,0.28705068643520865,-0.8328736799371068
2024-04-17,24.274098801215402,24.64243410084459,23.941874373301562,24.042985916137695,196200,-0.005392382361958049,0.2756683233981756,-0.9552004367530003
2024-04-18,24.28131788559065,24.40409814547018,23.27019978492761,23.306310653686523,391300,-0.031119140710160656,0.2974455008127862,0.6794143388315987
2024-04-19,23.291864694037926,23.746869333902712,23.27019872478617,23.58075714111328,233000,0.011706836649665132,0.28669488253527453,-0.5759092655760023
2024-04-22,23.710757671619092,24.100758880484314,23.602422318828353,23.624088287353516,221300,0.0018358775679643564,0.27663842710073605,-0.6377712371978801
2024-04-23,23.71075971866233,23.884092991993093,23.40020128593845,23.55908966064453,418600,-0.0027551627784479,0.2752380546018955,0.834261200067159
2024-04-24,23.580759040873772,23.580759040873772,23.031863898225918,23.161865234375,532700,-0.017004532493229352,0.2786555037054803,1.2791029953587332
2024-04-25,23.002973518547858,23.06797418108628,22.620191992215073,22.670747756958008,241700,-0.021431737949614057,0.27435167157644974,-0.6496744813485811
2024-04-26,22.901862984621857,24.00687436227679,22.901862984621857,23.703536987304688,324600,0.04454882857419938,0.32196407547381256,0.036413506503460515
2024-04-29,23.797427351343707,24.37520954509988,23.797427351343707,24.33187484741211,317300,0.026162935929785747,0.3357865288045877,-0.10452148377259468
2024-04-30,24.180205677025075,24.339096801234536,23.63131332397461,23.63131332397461,269000,-0.029214544581870974,0.3494241115580517,-0.5787744853575865
2024-05-01,23.681871688565895,24.07187571528646,23.472424775503047,23.797428131103516,158100,0.0070048447955156565,0.3395879123068282,-1.7843130220492673
2024-05-02,23.977982667625188,24.44020838809599,23.977982667625188,24.12242889404297,160100,0.013564554085412106,0.3414361670670011,-1.6152852417214125
2024-05-03,24.39687171198325,24.54854175269779,24.302984014258044,24.505207061767578,155500,0.015743560896671716,0.31970961307736595,-1.4943603476280347
2024-05-06,24.678544165347816,24.8591012731016,24.534100683211044,24.750768661499023,215600,0.009970917460618385,0.3222035264999344,-0.6910473745182432
2024-05-07,24.916878943049692,25.14799180269456,24.570209653582392,24.577430725097656,372100,-0.007027973938690319,0.3225053105918708,0.4938722279237403
2024-05-08,24.45465159407931,24.6857644383226,24.41131690262778,24.620763778686523,213200,0.001761571343485811,0.32031029391136545,-0.6859734608146768
2024-05-09,24.570210465903475,24.765212464253825,24.418543163325214,24.606321334838867,211700,-0.000586768208140895,0.31444112445171973,-0.6354231608382589
2024-05-10,24.880769031897575,25.046881233961166,24.6785432056214,24.714656829833984,206200,0.004393086806422298,0.3152836825315505,-0.6273227563036138
2024-05-13,24.873545091142365,25.451330014905903,24.873545091142365,25.02521514892578,141300,0.012487460958218477,0.2929638472817373,-1.5486124307056321
2024-05-14,25.126326571842842,25.386329235358698,24.887989878592414,25.335773468017578,176100,0.012333445561599756,0.2829174872260535,-0.8509556533729266
2024-05-15,25.559661477628644,25.94244163066665,25.43688397762875,25.754663467407227,323800,0.016398348156897485,0.2851828468600285,0.7730570567272584
2024-05-16,25.7402223651249,25.993003984001806,25.624665919521536,25.928003311157227,174000,0.006707877302590021,0.2837634108061107,-0.9039823034334682
2024-05-17,26.00744220414043,26.411891080257046,25.935220469693654,26.238557815551758,298500,0.011906407722804546,0.25514351706728833,0.6151940547825949
2024-05-20,26.253001113681247,26.96800843853268,26.253001113681247,26.94634246826172,340800,0.026617571413551557,0.2646594292298169,0.9158745558230886
2024-05-21,26.90300505408999,27.336340946216865,26.866894188926487,26.917449951171875,208200,-0.0010727993170584378,0.26547551631163296,-0.42846907440231324
2024-05-22,26.83800380108217,26.87411466544687,25.913552448950572,25.956884384155273,247000,-0.036337904749665355,0.30265803324198154,0.11517192886169969
2024-05-23,25.97855787218426,26.23856055143513,25.733000092345428,25.920778274536133,171900,-0.001391971557646051,0.2932930372032622,-0.9095782702787244
2024-05-24,26.094114162815575,26.094114162815575,25.40077277042683,25.49466323852539,176500,-0.01657575155951443,0.2881412411775662,-0.7591333165027015
2024-05-28,25.740219664874946,26.151889631343813,25.704108795990127,25.899110794067383,186900,0.015739490343177304,0.25436452378671376,-0.49911935560566234
2024-05-29,25.646329027086608,25.646329027086608,25.054101965143325,25.299659729003906,346000,-0.023417689644191327,0.2584218459435539,1.5845191543202173
2024-05-30,25.40077048294709,25.85577512805215,25.1768814512136,25.68966293334961,189500,0.015297744300037627,0.23601772140538843,-0.40305108949306667
2024-05-31,25.660769992761267,25.711325752124097,25.35743543658429,25.610214233398438,283000,-0.003097425095675458,0.23697722040951835,0.8812318028037165
2024-06-03,26.16633300290087,26.440780549558156,25.86299841587114,25.877443313598633,262900,0.010380409305314912,0.23552484889109182,0.5587455701425375
2024-06-04,25.56688786590841,25.653554507244106,24.945770966989706,25.184104919433594,243800,-0.027158636365167393,0.2532860470349361,0.2268080687940012
2024-06-05,25.28521293969552,25.501883645491844,25.04687902043502,25.472993850708008,258900,0.01140578793994299,0.2539527713610209,0.415152945176852
2024-06-06,25.35743838663976,25.64632808016756,25.321327519334105,25.509105682373047,284500,0.0014166477267567642,0.25211247800785835,0.8657306166828105
2024-06-07,25.501884534597217,26.050776879214563,25.39354917792202,25.89188575744629,482600,0.014894154393502305,0.2561774921434525,2.355801116626692
2024-06-10,25.790773141592602,26.094110474464575,25.06132373661128,25.11910057067871,198900,-0.030301092749659496,0.280100941900787,-0.5748577575374169
2024-06-11,25.119100306608555,25.371881873858186,24.497983505189215,24.548542022705078,369300,-0.022976071251794718,0.2917067965560185,1.320760403263808
2024-06-12,24.981880805091112,24.981880805091112,24.07187422098295,24.09354019165039,404000,-0.01870870167305973,0.2944518024532056,1.4809729219409906
2024-06-13,24.115203648984316,24.223539001196084,23.638533058400963,23.689088821411133,388300,-0.016929207878650532,0.294194336211123,1.2288785791821586
2024-06-14,23.60242407159628,23.725201575799872,23.421866973591463,23.443532943725586,135400,-0.010419878641640738,0.28624444475658917,-1.8703060684480968
2024-06-17,23.32797573102051,23.76131440478901,23.32797573102051,23.660200119018555,210600,0.009199640423766623,0.28759820317241297,-0.605786629454134
2024-06-18,23.739646367939727,24.324652354685334,23.73242529628825,23.927427291870117,231400,0.011231069768318492,0.2871260946255666,-0.2844035660363791
2024-06-20,23.92742411846508,24.057425431611403,23.573531042659578,23.67464256286621,182600,-0.010620845101770604,0.26454372238005636,-0.9135065513141878
2024-06-21,23.624086896909315,23.81908886740592,23.443529822940125,23.53742027282715,295400,-0.005813034559713237,0.2639031273060696,0.49774046804813465
2024-06-24,23.775756692969658,24.12964980762248,23.775756692969658,23.941871643066406,554800,0.017037370916047994,0.25209092135764205,2.0324775604725973
2024-06-25,24.050207824637546,24.310210518160602,23.616871838821123,23.652982711791992,610900,-0.012139651775637684,0.25351684318611767,1.9665980461260921
2024-06-26,23.717980941087806,23.86242717316942,23.515757869223176,23.739646911621094,328800,0.00365729005196639,0.2509077893343108,0.3645735731782789
2024-06-27,24.451446901723138,24.71083834869601,24.19968478614902,24.550626754760742,293700,0.033590867710711673,0.27456713442166153,0.020884686215110727
2024-06-28,24.680323612650135,24.939715086839303,24.535370666303383,24.90920066833496,348900,0.014499856332860862,0.2696235743724091,0.47502670222555204
2024-07-01,25.061779214420913,25.176217731864526,24.581144425859474,24.756614685058594,288300,-0.006144526663526587,0.26371926814370755,-0.08496145988597827
2024-07-02,24.886307454277834,25.458494186401367,24.84053437829497,25.458494186401367,274000,0.02795673378166644,0.2829750884358401,-0.21983132538909506
2024-07-03,25.519529002822317,25.60345018973317,25.1838442551789,25.20673370361328,91800,-0.009938277807275488,0.2820799936424889,-2.517924789573596
2024-07-05,25.237250893011726,25.45849421788434,25.10755372021805,25.2448787689209,306500,0.0015121448337004522,0.2659221000741378,0.15925224431297477
2024-07-08,25.33642805238149,25.694999339378118,25.17621646426088,25.489011764526367,205400,0.009624133982861395,0.26503908111201047,-0.7062467491369752
2024-07-09,25.43561003017274,25.725518816477226,25.43561003017274,25.626338958740234,233600,0.0053732400414536275,0.26565359739053707,-0.3983149329274241
2024-07-10,25.77128852666846,26.41213775926392,25.626335607617765,26.114601135253906,366300,0.01887390023337572,0.26876332610705966,0.6427729989946993
2024-07-11,26.206151726881206,26.251927714134023,25.92387374788621,26.06882667541504,159200,-0.0017543681394545576,0.24478845210615482,-1.1982352293265803
2024-07-12,26.05356937640105,26.419768521804254,25.916244333088336,26.328216552734375,144700,0.009901016558829209,0.22889372450842552,-1.2694514186825248
2024-07-15,26.305333541250736,26.33585086836419,25.900989143021206,25.90861701965332,190000,-0.01606561996114507,0.2258496823791203,-0.6153921114886395
2024-07-16,26.06882578539316,26.24429894205861,26.015421923900956,26.190895080566406,191400,0.010836217526967723,0.21446198781719755,-0.5346631315763026
2024-07-17,26.190894607749197,26.190894607749197,25.649222306219215,25.809436798095703,148300,-0.014671641941408495,0.21872252898578323,-1.122648415271139
2024-07-18,25.717889380467927,25.763665373433923,25.313544961959224,25.3364315032959,119800,-0.0184968520956598,0.23198978746112608,-1.456650675549169
2024-07-19,25.260137751659702,25.87809756837409,25.260137751659702,25.66448211669922,142800,0.012864676903533958,0.23276479824321236,-1.0079890574361505
2024-07-22,25.763662571451807,26.02305401612982,25.649224056629144,25.90098762512207,133100,0.00917308299565231,0.22785662587053931,-1.0934135972977757
2024-07-23,25.893356385314917,25.939132372501017,25.504270680256,25.519529342651367,84800,-0.014837084602126124,0.23492769882171713,-1.7363392734469216
2024-07-24,25.466127104477234,25.496641520922903,25.023634597651736,25.046524047851562,140900,-0.018708958282517667,0.24216822528287735,-0.7243369767616952
2024-07-25,25.09992574851965,25.283023872563202,24.947342038288543,25.01600456237793,141300,-0.0012192548040094965,0.23694863986897174,-0.6636826037926339
2024-07-26,25.153331115243276,25.18384553088112,25.01600605884964,25.130441665649414,122500,0.004564124101895362,0.23701716210552987,-0.9026834815587506
2024-07-29,25.22199372090045,25.550047699926925,24.61165884159103,24.756614685058594,231700,-0.014987213326339767,0.21608586326650997,0.6304448377662234
2024-07-30,24.924452223469643,24.97785899501339,24.68031945480752,24.863420486450195,114100,0.004304953270254061,0.2105169122588922,-0.986613111190792
2024-07-31,25.10755382228617,25.618708819045228,24.94734223491229,25.42034912109375,178100,0.02215233319795803,0.22272592631769333,0.20032666016386907
2024-08-01,25.2677668712148,25.49664099645792,24.92445422820392,25.03889274597168,183600,-0.015119673933572157,0.20710778885138806,0.3466137710108463
2024-08-02,24.62691501745255,24.825274706282855,24.16916681449233,24.253087997436523,221300,-0.03188637646720914,0.23180452474225455,0.7876459415803835
2024-08-05,23.13160202598818,23.833484474632897,23.07819816388686,23.70378875732422,213100,-0.022909050834338654,0.24254741973121532,0.7807961428019733
2024-08-06,23.658014210894926,24.03184270050751,23.535947824700862,23.810596466064453,226600,0.0044958127161177554,0.23981962964781334,0.9464737129339517
2024-08-07,24.26834776965387,24.26834776965387,23.32233248562327,23.444398880004883,182900,-0.015499098627626327,0.2412653512993055,0.3294489346644373
2024-08-08,23.65801655316602,24.184428805211887,23.65801655316602,24.085248947143555,473200,0.02696796358801583,0.2524068003234285,2.9713729752110596
2024-08-09,23.96318254886426,24.451448141981437,23.96318254886426,24.085248947143555,379900,0.0,0.2526635497019009,1.9845862004020787
2024-08-12,24.283606486533163,25.24488043577751,24.283606486533163,25.160959243774414,278600,0.04369398063259943,0.2986356527404732,1.088486490787092
2024-08-13,25.168588829707414,25.748403449068956,25.168588829707414,25.572933197021484,155500,0.016240938309743002,0.3006433491191526,-0.3298980263764453
2024-08-14,25.756033570436724,25.83995476575196,25.450869026908858,25.832326889038086,147100,0.0100921926368393,0.3002969361666873,-0.4342493985428522
2024-08-15,26.1832674680674,26.38925506320112,26.015425077152695,26.16800880432129,137200,0.012910938891503963,0.29927601117395364,-0.5935575825595892
2024-08-16,26.122234005858513,26.435029316356434,25.72551750542099,25.862842559814453,126100,-0.011730338280416065,0.29470241730780217,-0.8103359773860233
2024-08-19,25.80180853780026,26.572355018490384,25.80180853780026,26.541837692260742,153900,0.02591498045856907,0.3046341690943262,-0.3302961013574866
2024-08-20,26.206152882794182,26.206152882794182,25.267766929912803,25.374574661254883,357600,-0.044974593764481,0.3430057136123938,1.548465539635996
2024-08-21,25.580560724813942,25.756030974472544,25.25250676362414,25.313541412353516,124400,-0.0024081888665560152,0.33936087306449475,-1.029157807344278
2024-08-22,25.420348403226978,25.420348403226978,24.810016485020093,24.95496940612793,277600,-0.014266509277667958,0.33667694992232355,0.8891756235929624
2024-08-23,25.283024120713694,25.519529019407788,25.077036546423788,25.099925994873047,279400,0.0057919207627519145,0.33727828016330585,0.8233308209499205
2024-08-26,25.229620326967748,25.496639640502103,25.229620326967748,25.489011764526367,137500,0.01538255037846811,0.3411186178424374,-0.9608458016269428
2024-08-27,25.48138735920856,25.527160441881914,25.168592016339204,25.3364315032959,87900,-0.006004107777041497,0.3373200621513306,-1.800531433003408
2024-08-28,25.21436118347842,25.36694489271106,25.183843859573454,25.267765045166016,117600,-0.0027138658434600056,0.33735669983233413,-1.13933371909048
2024-08-29,24.794760128073534,24.96260251254176,24.581144664417554,24.84053611755371,158600,-0.017052634815278685,0.33335731486808046,-0.43445095801709394
2024-08-30,24.779499760571497,25.321169169181495,24.64217471186865,25.2448787689209,333300,0.016146474452918967,0.3343811573635149,1.1639384687760364
2024-09-03,25.01600429384266,25.25250627738453,24.672691677081033,25.092294692993164,231300,-0.0060624994520684684,0.31433884208199164,0.3492155573694748
2024-09-04,24.985487118747557,25.054149642508474,24.77187167162123,24.947341918945312,492700,-0.005793534458183179,0.30289373231967975,1.7693251045237135
2024-09-05,25.099925867935475,25.176216268267883,24.810017108146326,25.084667205810547,284000,0.0054895109799681825,0.3029984664173728,0.6264848473068524
2024-09-06,25.168589501744087,25.176217377996664,24.520109429165732,24.550626754760742,208400,-0.021519407547142273,0.3081736103643338,-0.006644759768574792
2024-09-09,24.573512547252633,24.695578935631865,23.932664735834724,23.970809936523438,358300,-0.0239005461725692,0.3070289380245007,1.1536860208962083
2024-09-10,23.94029231893816,24.108134692265597,23.390993577952464,23.772451400756836,384500,-0.008309431385371158,0.30829829354506083,1.297925484661178
2024-09-11,23.764824287873843,24.192056681851376,23.581724690454898,24.085248947143555,286000,0.013072170136873573,0.2685191078710409,0.6764028127937305
2024-09-12,24.016584989109166,24.497222677026496,23.99369845025816,24.306493759155273,383400,0.009143971314129662,0.2634961357069025,1.1648797837789269
2024-09-13,24.291236689345663,24.649808009749787,24.169170290315485,24.268348693847656,360700,-0.0015705690938892256,0.25958718551421195,0.946992625225973
2024-09-16,24.37515616875277,24.4209292462346,24.18442725179898,24.237831115722656,172500,-0.0012582966653475521,0.2532247364456731,-0.5682433751227605
2024-09-17,24.26071927595938,24.26071927595938,23.978441274883213,24.092878341674805,207300,-0.005998389442234991,0.2516936203922648,-0.24984043801658726
2024-09-18,24.146280343016024,24.337009257976888,23.970810090487102,24.207313537597656,325100,0.004738507471395206,0.2304345340010659,0.6381187128141778
2024-09-19,24.504852919543165,24.626919322356493,24.26072011391651,24.581146240234375,197000,0.015324936291998556,0.1872254347483621,-0.3831810124845626
2024-09-20,24.581142042947977,24.726094962071322,24.2607159713436,24.53536605834961,444400,-0.001864146821492789,0.1872021340155761,1.2707834809761054
2024-09-23,24.611658580246655,24.95497121863956,24.611658580246655,24.77950096130371,223300,0.009901147955557464,0.18512270715984422,-0.22142594707943578
2024-09-24,24.97786136855035,25.14570084402201,24.840536309341985,25.138072967529297,262000,0.01436681094763043,0.1909893439769579,0.13741036712002713
2024-09-25,25.176220003562868,25.176220003562868,24.825279453498595,24.962604522705078,263700,-0.007004662254666248,0.1839939941085079,0.08713968768112393
2024-09-26,25.275398014741633,25.35168842080232,24.92445458010213,25.191476821899414,267300,0.009126830032283819,0.18625434820432396,-0.004518503898039785
2024-09-27,25.30103947689927,25.465382032588575,25.011480133638084,25.019306182861328,270900,-0.0068579418013161595,0.187487708872383,-0.09156109660398211
2024-09-30,24.839312763249847,25.06626223133831,24.557580947875977,24.557580947875977,285100,-0.018627171332846502,0.18931280978506349,-0.017388081721725
2024-10-01,24.4793199982811,24.5732295951026,24.111503181509526,24.424537658691406,307400,-0.005432334090383995,0.17986161068669618,0.2700124011688907
2024-10-02,24.463669525540414,24.596709373759268,24.221067976199997,24.494972229003906,312300,0.002879612618583791,0.17971668832870918,0.27925774576242424
2024-10-03,24.33845647719712,24.549755329592628,24.197590575600113,24.228893280029297,262200,-0.010922023170743315,0.18224756990076585,-0.28341033188755577
2024-10-04,24.361932900979166,24.761052454158023,24.252371197518162,24.549755096435547,399600,0.013156020307767195,0.1877468093982905,1.3171733982825888
2024-10-07,24.54975636517984,24.620187826283093,24.260198500497488,24.322805404663086,216200,-0.009287474230111973,0.1752924781957249,-1.106005797148296
2024-10-08,24.134984012744145,24.471496672910966,23.986292059786788,24.408889770507812,421600,0.0035329965468190935,0.15343567785091394,1.4479661340699144
2024-10-09,24.244545661364516,24.870616176579638,24.134983955585042,24.70627212524414,324800,0.012109742792521356,0.15435779382798678,0.49806071712042577
2024-10-10,24.63583870852833,24.956699263110423,24.510624906382454,24.901918411254883,134800,0.007887701536859795,0.1506011942424096,-2.3562989584065868
2024-10-11,24.894092329081342,25.324516079470957,24.894092329081342,25.316688537597656,257700,0.01651895913628697,0.1572822436633904,-0.16715845684911643
2024-10-14,25.293214415034004,25.848850530368516,25.121044300573747,25.543642044067383,209200,0.008924637738691182,0.15852846013450947,-0.7936472138801337
2024-10-15,25.62972504686214,25.62972504686214,25.003656024463325,25.25408363342285,508300,-0.01140057130541788,0.16525916980589284,1.9609237796808092
2024-10-16,25.387121668117654,25.39494921004655,25.097565308731795,25.19147491455078,407800,-0.0024822304607580747,0.1635669567094192,1.1298800615257576
2024-10-17,25.26190837251327,25.38712217789709,25.089741255943395,25.128870010375977,138900,-0.0024882554588718476,0.16402620511656377,-1.969340774121962
2024-10-18,25.293211607408637,25.981889003471505,25.16799780679107,25.934932708740234,403200,0.03157342840657492,0.18873058628571857,0.9966046716445117
2024-10-21,25.911457773949248,26.138408735549174,25.590597201985894,26.060148239135742,311300,0.0048164468706223575,0.18817859253282365,0.31541029263737613
2024-10-22,26.036671425311134,26.044495982238782,25.512336551178674,25.535816192626953,136000,-0.020325236787657526,0.20253375254465839,-1.9069555164383318
2024-10-23,25.371469305485945,25.41060104405801,24.299325942993164,24.299325942993164,217800,-0.04963341228076136,0.2632687074192405,-0.5932269099231607
2024-10-24,24.40889025447175,25.003656585427525,24.369760006777494,24.995830535888672,210500,0.028260421404360716,0.28186004307123425,-0.6491732612316558
2024-10-25,24.99583066257516,25.121042977832417,24.50279998779297,24.50279998779297,250100,-0.019921636157993278,0.2879864173374468,-0.17972117782769342
2024-10-28,24.557579582998677,24.941048529352123,24.510624780601496,24.72974967956543,147500,0.009219563108976142,0.2894723884983831,-1.42945387553346
2024-10-29,24.620187532771777,24.776705537652997,24.275850310299194,24.393238067626953,204100,-0.013700993829591813,0.28608025640510115,-0.565574935016322
2024-10-30,24.643664551413167,25.684505205952597,24.299325852061898,25.340167999267578,454600,0.03808483916031895,0.3145794214511215,1.3353123061179657
2024-10-31,25.27755952685438,25.394948771098463,24.97235107421875,24.97235107421875,235400,-0.014621548861181104,0.31959131924781126,-0.2123469459514446
2024-11-01,25.152346197360973,25.39494924685525,24.776704788208008,24.776704788208008,99300,-0.007865367140737628,0.31833729474126904,-1.9502738149398995
2024-11-04,24.80801040429762,25.04278592528058,24.73757744946946,24.854965209960938,100800,0.0031536511512707506,0.3154226676217262,-1.6879546040638047
2024-11-05,24.94105051126536,25.33234255255713,24.94105051126536,25.214956283569336,142500,0.01437978195446516,0.31673810996844837,-0.9179279183453345
2024-11-06,25.23843131800399,25.36364512140869,24.76105275960714,25.24625587463379,133000,0.0012405407535729203,0.3166718978321314,-0.9633570714989733
2024-11-07,25.551466208276086,25.895803406335066,25.277558972820884,25.661027908325195,196700,0.0162955546325871,0.31874642166839195,-0.11905291465703048
2024-11-08,25.512337219937947,25.69233487265151,25.074090372517784,25.214956283569336,275300,-0.017536095386159994,0.3247445078480301,0.516700825175093
2024-11-11,25.19147573954533,25.340169187738535,25.0897415737983,25.293212890625,108900,0.0030987727710600297,0.31974187805773274,-1.2971613837497005
2024-11-12,25.293212266152427,25.293212266152427,24.38541144169891,24.534103393554688,237500,-0.030471969652885695,0.3345979542906695,0.2667882405397345
2024-11-13,24.534101459900672,24.612360454323433,24.009768137734177,24.41671371459961,330900,-0.004796238793347403,0.33301860011552986,1.0421677217182057
2024-11-14,24.53410380467392,24.90974522260458,24.34628309570859,24.635839462280273,476600,0.00893438531116532,0.3349825139028805,1.7631873604476132
2024-11-15,24.651490111585897,25.019305458430672,24.635838013592615,24.870615005493164,303700,0.009484714902921893,0.3369023602729333,0.743565432502415
2024-11-18,24.808010688463536,25.762764882774942,24.808010688463536,25.684507369995117,339600,0.032200997739157064,0.3376611199325314,1.017191025496194
2024-11-19,25.426253904882813,25.9897145361605,25.34016885397484,25.77841567993164,296400,0.003649556169898488,0.3374554107162493,0.7330770759440803
2024-11-20,25.715807295783172,26.216662459140455,25.637546810675936,26.193185806274414,375800,0.01596175298127521,0.3340125255410414,1.1285429714550925
2024-11-21,26.060146137204317,26.30274917851931,25.637548446655273,25.637548446655273,184400,-0.021441280133328015,0.2915139709632085,-0.37217838333519926
2024-11-22,25.668852464614808,25.817545902109252,25.52016201245279,25.661027908325195,85300,0.0009154040902431758,0.27611308517679883,-1.757481734883207
2024-11-25,25.833195210306737,26.318401293244705,25.700156855048956,26.08362579345703,507800,0.01633433605165359,0.26957054783624274,1.546495165113303
2024-11-26,25.91145516870019,25.919279724888476,25.457553291137586,25.496685028076172,178500,-0.022759308403179447,0.28268269959102155,-0.38220657342387765
2024-11-27,25.473208213620726,25.89580594262811,25.371471059896866,25.754940032958984,166000,0.010078009835003142,0.2785915410758323,-0.4949010262411426
2024-11-29,25.653200652372657,25.848847400448307,25.496685642178107,25.590595245361328,94700,-0.006401543890453355,0.2481254977936214,-1.3827554319886377
2024-12-02,25.551467895507812,25.692333800681972,25.410601990333657,25.551467895507812,222700,-0.0015301438809750061,0.2421666611781539,0.1848336305771594
2024-12-03,25.71581085528954,25.864501319576195,25.504511994251025,25.535816192626953,197600,-0.0006127436073354569,0.2400809273190196,-0.0982660376941632
2024-12-04,25.551466519183585,25.668852776950647,25.230605971421667,25.277559280395508,264800,-0.010165006106115013,0.24329272382067108,0.39308523518306937
2024-12-05,25.668851681324035,25.9192792696037,25.332339049823428,25.794065475463867,254500,0.020227427973038045,0.24819830290964187,0.26232810979441823
2024-12-06,25.887982595444416,25.934935910640004,25.49668904703927,25.606250762939453,173800,-0.007307953029888196,0.24989000127709965,-0.5570302527637541
2024-12-09,25.9505843251398,26.021017273262682,25.551466275998436,25.582767486572266,196300,-0.0009175123422031986,0.24336070725296866,-0.3018797441066082
2024-12-10,25.621898872453333,26.052321111593294,25.567115037703072,25.731460571289062,202600,0.005795410221341459,0.23565195698775632,-0.20582537465911557
2024-12-11,25.825372327965965,26.37318385320147,25.512336317736352,26.0757999420166,296200,0.01329328893398148,0.23943058533850442,0.5205718589124544
2024-12-12,25.98971355992714,26.11492736054471,25.79406680987891,25.934932708740234,148400,-0.005416865733119416,0.21143388256977866,-0.943211340708211
2024-12-13,25.98971597298802,26.13058188492829,25.7705925478955,25.974063873291016,138600,0.0015076836209459682,0.20975984333524342,-0.9920341346127967
2024-12-16,25.974062948227864,26.099276756011655,25.645377822295163,25.715810775756836,159800,-0.009992488786688576,0.21316872005316706,-0.6148410801534315
2024-12-17,25.59059672351384,25.707982987940166,25.21495530375086,25.473207473754883,228800,-0.009478795520542494,0.2149419608675002,0.24700977764478158
2024-12-18,25.457555156310693,25.543640207350872,24.69844627380371,24.69844627380371,270200,-0.030886874740995152,0.21113928684387867,0.6794395604615413
2024-12-19,24.808008913561267,25.21495451863326,24.808008913561267,24.95669937133789,334600,0.010401960271123462,0.21462795126085707,1.1621282037568545
2024-12-20,24.72974994938593,25.46538216074393,24.72974994938593,25.19147491455078,214600,0.009363342208453461,0.20899042492386244,0.18315426603455628
2024-12-23,25.160174314766387,25.183650970458984,24.8627904062188,25.183650970458984,126900,-0.00031062727952549927,0.1964853311905247,-1.0578492023575679
2024-12-24,25.113217336822686,25.316688646415244,25.113217336822686,25.26973533630371,44900,0.003412434949636388,0.19695795147808695,-2.9349288183977116
2024-12-26,25.316689363328354,25.645377470079488,25.29321270760778,25.418426513671875,106300,0.005866916394113481,0.18869438851343617,-1.1203697037691898
2024-12-27,25.25408309134856,25.363644794750055,24.995829438569128,25.081912994384766,170500,-0.013327375755563843,0.1776399718174876,-0.07069587693178243
2024-12-30,25.114823254158246,25.44390837402723,25.034558254718306,25.419828414916992,194700,0.01338252718621144,0.18053052604309855,0.20585306290716884
