Date,Open,High,Low,Close,Volume,log_return,vol_21d,vol_zscore
2015-01-02,6.475987195644848,6.502684318118444,6.2242704302623295,6.2929205894470215,923400,,,
2015-01-05,6.147993822179325,6.159435031868424,5.728465584115512,5.74753475189209,1468900,-0.09065426152140622,,
2015-01-06,5.732278173036054,5.778044822202931,5.587350268813778,5.69413948059082,1122600,-0.009333539452880815,,
2015-01-07,5.747533632655686,5.999250380987908,5.720836511990448,5.888647556304932,1067100,0.033588869751090794,,
2015-01-08,5.907717143408049,6.311989390630886,5.907717143408049,6.20138692855835,1891100,0.05174661081758176,,
2015-01-09,6.250967458837477,6.250967458837477,6.041203733317004,6.216642379760742,696900,0.002456985484267106,,
2015-01-12,6.079342466027001,6.1212951386550065,5.7971146020473,5.884834289550781,1632300,-0.054851368462610774,,
2015-01-13,5.934415035164374,6.094598135473774,5.869578853832013,5.972553730010986,1336400,0.014796014201361295,,
2015-01-14,5.869578010548281,6.041203022003174,5.77423074154879,6.041203022003174,823200,0.01142857153025717,,
2015-01-15,6.094597070907184,6.147992034551979,5.861949872700866,5.911530494689941,1071900,-0.02169840309772542,,
2015-01-16,6.014506733528677,6.132737159729004,5.8848343715894655,6.132737159729004,848200,0.0367364041598249,,
2015-01-20,6.132736206287911,6.1403641622612675,5.907716597167339,6.048830509185791,1060600,-0.01377621991403045,,
2015-01-21,6.067901110973168,6.258595679457409,6.018320479520743,6.243340492248535,629300,0.031650425346494364,,
2015-01-22,6.281477935934354,6.357756043520888,6.163247523872975,6.2891058921813965,716300,0.007303538664747313,,
2015-01-23,6.296735629077999,6.437849222343976,6.285293691471778,6.388268947601318,861500,0.015644418368962403,,
2015-01-26,6.384453701458988,6.544637158948296,6.331059458109888,6.510312080383301,1108000,0.018924062215940632,,
2015-01-27,6.453104365967957,6.556079609759429,6.414965305959035,6.5370097160339355,579400,0.004092437256978082,,
2015-01-28,6.54463648742829,6.624728571676007,6.346313993277874,6.373011112213135,1096200,-0.025407770973466113,,
2015-01-29,6.403523415890763,6.449289701078714,6.075528553128505,6.20138692855835,1016000,-0.027299094781000524,,
2015-01-30,6.163248135615608,6.342500760561428,6.08697038417898,6.216642379760742,2211600,0.002456985484267106,,
2015-02-02,6.388267610555793,6.639984365671886,6.292920332786304,6.636170387268066,1544200,0.06530509752611927,,1.0566215379058446
2015-02-03,6.754401258462683,7.5934576497668145,6.674309888967259,7.551504611968994,2526600,0.12921178156025165,0.7093499802492458,2.0482579567353083
2015-02-04,7.2769056915851005,7.299788839224202,6.948910756508687,6.990863800048828,1251900,-0.07714270460389164,0.6866913583380694,0.3144286573466847
2015-02-05,7.177743924105734,7.24258011084871,7.051885529539026,7.192999839782715,1397400,0.028504183455499522,0.6862462077211001,0.5611688344214045
2015-02-06,7.307415712508579,7.326484878135897,7.044257007687766,7.109093189239502,689100,-0.011733613121305131,0.6855138925019829,-1.1195078050891456
2015-02-09,7.097653679086535,7.21969811416368,7.063328590790811,7.13960599899292,652200,0.004282897125164126,0.6676804812435607,-1.144568865667233
2015-02-10,7.135790309755217,7.135790309755217,6.685751745096518,6.735332012176514,822800,-0.05829048743075581,0.7046907904294182,-0.6036429977447494
2015-02-11,6.578962445247826,6.63235669028288,6.250967563022137,6.487429141998291,1001200,-0.03750077898723796,0.6888760289122978,-0.058088192044468114
2015-02-12,6.559893709357477,6.887887885615897,6.559893709357477,6.834493637084961,1832200,0.052116057413761865,0.7076813190586587,1.4009684053537406
2015-02-13,6.91077132297284,7.154860132236364,6.903143365822847,7.055698871612549,688700,0.031853257257355036,0.7130196941925457,-0.9798589346713981
2015-02-17,7.044255863066525,7.044255863066525,6.77728395045415,6.975606441497803,1045400,-0.01141637192260861,0.7086100394273985,0.037250392387217265
2015-02-18,6.880260758556779,7.036630255120152,6.807796614862847,6.914585113525391,639700,-0.008786303672820113,0.7027763586373588,-1.0943794955602808
2015-02-19,6.777284775867321,6.7849127327846155,6.498870895364192,6.712448596954346,704600,-0.029669163276462924,0.7104445590180314,-0.8057197559250725
2015-02-20,6.678123307891604,6.7429594847620855,6.533195040796652,6.556078910827637,527700,-0.023571104758242808,0.7100552779364904,-1.4225087937364667
2015-02-23,6.449290598027358,6.5942188853100445,6.334874141702785,6.521754741668701,708500,-0.005249225351235419,0.7102783180447043,-0.7522174299272689
2015-02-24,6.578962596792988,6.666681923497469,6.540823537699981,6.601845741271973,382500,0.012205795817140597,0.7095290170431269,-1.868060399182819
2015-02-25,6.590404987335205,6.609474154476006,6.430221510049353,6.590404987335205,595500,-0.0017344662469353253,0.7067646022978487,-0.8820201856410051
2015-02-26,6.514125390439144,6.556078421589945,6.365383883547298,6.373011112213135,504100,-0.03354274148706298,0.7163686243196667,-1.1869568840344658
2015-02-27,6.407336430790434,6.475986583485796,6.365384125487015,6.376825332641602,766700,0.0005983167797876546,0.7109441917585363,-0.3201732930797289
2015-03-02,6.380639772092979,6.380639772092979,6.0030646324157715,6.0030646324157715,1063500,-0.06040026585200718,0.7357888193332282,0.325682014408813
2015-03-03,5.804742354576805,5.884834082205431,5.545397643451542,5.6369309425354,2111500,-0.06293035262096822,0.7655667049052841,1.7055774776263917
2015-03-04,5.636931518896655,5.819998499503482,5.537770616610704,5.8161845207214355,1306900,0.031304707847612294,0.7348582742029908,0.7731461927752628
2015-03-05,5.789487083831527,5.8733924301761755,5.709395352341806,5.758975982666016,826800,-0.009884788008569696,0.5452144953493415,-0.05669365629083805
2015-03-06,5.697952870779209,5.797114121928487,5.492002775780465,5.530141830444336,823800,-0.04054621545213083,0.5040710881904996,-0.01925441263471316
2015-03-09,5.549212143129901,5.629303878282247,5.28605342889175,5.297495365142822,1020800,-0.042979326417756876,0.4939162830569213,0.5437900656256033
2015-03-10,5.247915803887397,5.316565616803191,5.068662766958326,5.301310062408447,1944800,0.0007198353543558211,0.49669211556096216,1.8301453374961263
2015-03-11,5.2441003620364866,5.385214291768402,5.2441003620364866,5.358517169952393,617200,0.010733317811578312,0.5001697360061246,-0.7336842663645429
2015-03-12,5.430980961226606,5.4767476118091825,5.358517188734443,5.46149206161499,1056600,0.019034734371235134,0.48473034569742834,0.4377405033818901
2015-03-13,5.4462362848962504,5.4462362848962504,5.228844612740698,5.381400108337402,917400,-0.014773440281353927,0.47476490986362274,0.133446986354718
2015-03-16,5.331819481338226,5.419539164097075,5.1106138308625075,5.381400108337402,1432500,0.0,0.4217341807977882,1.1990455399687858
2015-03-17,5.328006365339322,5.553026015192773,5.141125411093608,5.499631404876709,1441700,0.021732489195822217,0.4099534976359253,1.1028126755338126
2015-03-18,5.400470464712332,5.701767887529103,5.366145382006958,5.675070762634277,833000,0.031401959778861274,0.4365161258406513,-0.11148975045558496
2015-03-19,5.5644675875029925,5.671256444414096,5.415725692586043,5.499631404876709,1622500,-0.0314019597788613,0.44282239086898684,1.2598188615351724
2015-03-20,5.656001106922703,5.778045519427892,5.545398267159616,5.766603946685791,1486500,0.047402263781692384,0.48054454465979246,0.9728017952443924
2015-03-23,5.835253836277257,6.029762382354737,5.785673205097447,5.930601119995117,1535900,0.02804224070067547,0.49156817761641375,0.9519410443828237
2015-03-24,5.9267876733915745,6.025948944652742,5.850509912314158,5.8733930587768555,1307000,-0.009693076473929982,0.4918631874498597,0.5359727776053874
2015-03-25,5.945856284432769,5.991622933996544,5.858136599978119,5.907717227935791,807200,0.005827000247614182,0.48954480810872825,-0.7001406138331349
2015-03-26,5.995437438644523,6.075529173341492,5.846695541715574,5.942042827606201,1657800,0.005793483668776953,0.49092632601518105,1.0329392671213011
2015-03-27,5.930601652375709,6.018320986684474,5.83906833908281,5.8733930587768555,1445600,-0.011620483916391278,0.480593040628053,0.6120596874924822
2015-03-30,5.907717190267376,5.942042268151595,5.7704172424514955,5.8810200691223145,469600,0.0012977273017128264,0.4806813972906087,-2.326706583585975
2015-03-31,5.819997407982056,5.869578031686867,5.778044376689772,5.804741859436035,691200,-0.013055082505314597,0.43644985954585724,-1.2175546690105747
2015-04-01,5.8085563495059604,5.96492620032891,5.800928755943463,5.930601119995117,1483700,0.021450431677531568,0.3814666029645015,0.7776468796974795
2015-04-02,5.930601462085424,5.9687401595398795,5.8123706634182115,5.919159889221191,634800,-0.0019310489587666924,0.36684964650438256,-1.3173403103069679
2015-04-06,5.949670444988827,6.296734487597657,5.949670444988827,6.231898307800293,1225400,0.05148646246712335,0.40397521120997737,0.30317872210653596
2015-04-07,6.235711661033396,6.315803019400372,6.109853292569615,6.296733856201172,1290900,0.010350072751455244,0.37075189521971585,0.3852086890338767
2015-04-08,6.3386876756282655,6.407337108138908,6.132737195770225,6.1594343185424805,1012600,-0.022046121516476513,0.3417338779287784,-0.23989814366026496
2015-04-09,6.235713438980414,6.296735651547043,6.121296244836369,6.193760395050049,1357800,0.005557455484350575,0.34099193201002653,0.588435769693548
2015-04-10,6.209015514496613,6.2547818043228,6.11366822867632,6.128923416137695,610300,-0.010523288309557828,0.34629016314864025,-1.5708498211561335
2015-04-13,6.178504094591786,6.178504094591786,6.048831370624233,6.071714878082275,572200,-0.009378026944766095,0.3472110060087567,-1.5567775421375836
2015-04-14,6.140365352315273,6.174690433405943,6.064087232682214,6.128923416137695,885900,0.009378026944766136,0.33984395801959966,-0.44885318611286523
2015-04-15,6.178503948358086,6.399709605759242,6.140364891404368,6.323431491851807,1461400,0.03124290928410757,0.3497582170739621,0.8078603158152516
2015-04-16,6.327246974032024,6.4683605726233875,6.281479949322118,6.392083168029785,790500,0.010798201265941991,0.3462569466126628,-0.6675883698655638
2015-04-17,6.323430975656831,6.388267148952836,6.273850714873743,6.296733856201172,584000,-0.015029156208365807,0.3426375269450127,-1.3328177293555856
2015-04-20,6.296734934246788,6.392082221450813,6.189945710699136,6.205201625823975,500600,-0.014643151221774023,0.32468226771466663,-1.5245641087472592
2015-04-21,6.228085404625213,6.296735574786325,6.090785428024062,6.125110149383545,544600,-0.012991172376015941,0.29290384873395164,-1.2013964053415545
2015-04-22,6.151807072745233,6.216643261593653,6.071715695166542,6.15562105178833,443000,0.004968916700720307,0.2784709367770322,-1.5081373998530785
2015-04-23,6.189944658559011,6.319617005310703,6.189944658559011,6.304361820220947,516300,0.023876089705513703,0.28525216472010323,-1.0536194267824535
2015-04-24,6.292921192312079,6.422593565985393,6.273852025130397,6.403524398803711,513600,0.01560677985794534,0.2883081594062341,-0.9903454223951693
2015-04-27,6.43022103821963,6.620915605403442,6.407337166399301,6.5827765464782715,982400,0.027608097777754158,0.2998455319817031,0.5241236308750101
2015-04-28,6.598032374907239,6.662868563149449,6.449290830827745,6.517940998077393,549800,-0.009898095660813034,0.2987087382246584,-0.7602145122046441
2015-04-29,6.487428785754381,6.628542347724356,6.437847794565586,6.575148105621338,504500,0.008738575156884311,0.29867188987702253,-0.9880143985639107
2015-04-30,6.590403950192069,6.594217928508437,6.472172804710635,6.52938175201416,732200,-0.006984842672734623,0.2946817771270438,-0.07563775631829568
2015-05-01,6.540823291889798,6.575148371039331,6.3425007740129455,6.411150932312012,325800,-0.0182734532694676,0.29984665609852346,-1.8583294632057143
2015-05-04,6.407336800889334,6.498870828064955,6.373011722558977,6.475986957550049,653900,0.01006221440869882,0.2998818692674431,-0.17657703917947937
2015-05-05,6.55989176834732,6.716261216298595,6.55989176834732,6.598030090332031,975400,0.018670111472770878,0.25261573333603454,0.8433969040604876
2015-05-06,6.689565159418235,6.834492697262437,6.651426103951241,6.666681289672852,1194100,0.01035104501521932,0.25261610344523006,1.3772997605779713
2015-05-07,6.594218308282002,6.643798574366231,6.395895789061034,6.445476055145264,798100,-0.033743680412701996,0.26973506376984085,0.3936593702095825
2015-05-08,6.479800690898256,6.4912426257229665,6.2357119008402275,6.300548076629639,672600,-0.022741872017753358,0.28274634503328827,0.04134570824718891
2015-05-11,6.3386880467895965,6.3386880467895965,6.064087390899658,6.064087390899658,562900,-0.03825256623967724,0.3116002293222564,-0.4494857635589348
2015-05-12,6.079341419870084,6.159433136538152,5.961111015663523,6.086969375610352,548500,0.0037662587210690233,0.3102086038352745,-0.5153958501551178
2015-05-13,6.174690071121859,6.529382069953435,6.174690071121859,6.216642379760742,993900,0.021079632287844347,0.3171792411922991,1.1213390959787333
2015-05-14,6.254780824232596,6.373011236439918,6.132736433897045,6.296733856201172,1431500,0.012801112766517726,0.3007968384496115,2.1462750596438465
2015-05-15,6.239526493441295,6.277664825061373,6.140365230856589,6.220456600189209,694700,-0.01218775099232973,0.300744855558381,0.1524648884522021
2015-05-18,6.186130203652803,6.22045527676171,6.003063632033228,6.0526442527771,512400,-0.0273480693156688,0.310695665624424,-0.6757611198533906
2015-05-19,5.968739312336339,5.980181247297546,5.732278112286287,5.7360920906066895,661100,-0.053717085115512556,0.35695637198048313,-0.005954279108735855
2015-05-20,5.747533984363055,5.842881265397457,5.644559109980826,5.800928592681885,456000,0.01123984890772745,0.3589103251872881,-1.0076418883252936
2015-05-21,5.819998418056929,5.942042827606201,5.812370460599583,5.942042827606201,708200,0.024034977698432908,0.3698788083314751,0.1504472073531379
2015-05-22,5.884833761517109,5.968739099244473,5.823811565453216,5.934414386749268,688300,-0.0012846325749065982,0.35805341209848435,0.030721741814188255
2015-05-26,5.854322934535388,5.865764505896859,5.648372831423943,5.69413948059082,1208000,-0.04133086742720024,0.3749401057145525,1.4747220241593124
2015-05-27,5.656000072819161,5.671255621593091,5.423352863086474,5.442422389984131,2788000,-0.04521323058908239,0.37853909854893064,2.8374813432365267
2015-05-28,5.442423545630741,5.522514920909785,5.3775873586439475,5.507259368896484,580100,0.011842853178325884,0.38536214849090816,-0.5468800016314755
2015-05-29,5.476747226659113,5.621675125172448,5.457678063048159,5.530141830444336,1374000,0.0041463554541537285,0.3831674378212355,1.1883335428899402
2015-06-01,5.553025362334546,5.553025362334546,5.331819353443904,5.377586364746094,740200,-0.027973820243070525,0.3891513224601978,-0.12252945848302897
2015-06-02,5.400470297992957,5.484376012713479,5.400470297992957,5.434795379638672,550900,0.010582228803335102,0.39352622684448374,-0.8678104868257733
2015-06-03,5.461491834455921,5.495816911895427,5.358516965858393,5.381400108337402,578200,-0.009873287722206102,0.38810380258023286,-0.7370903516925529
2015-06-04,5.3394474146468385,5.3966556343153735,5.255541710574797,5.278425216674805,684800,-0.0193207846878751,0.3763364397576374,-0.31472672660729023
2015-06-05,5.255541951476016,5.358517188064701,5.209775300899159,5.2822394371032715,686400,0.0007223447991887419,0.37101448869233883,-0.2549920431578705
2015-06-08,5.28986737799764,5.4119117875568845,5.28986737799764,5.366145133972168,410800,0.015759654981825428,0.3725474476620307,-1.315415361364157
2015-06-09,5.408097488331068,5.54158345346795,5.404283510084618,5.480561256408691,669700,0.021097716173293177,0.3825853726701962,-0.22714400906596674
2015-06-10,5.541583206188786,5.6674415729376415,5.514886087096898,5.560652732849121,771300,0.014507984598199974,0.37113878426819485,0.054363492410595474
2015-06-11,5.591163733121097,5.591163733121097,5.385213648944773,5.492002487182617,1493900,-0.012422558586963124,0.37103743875399325,1.3781419143639808
2015-06-12,5.4691200812285095,5.472934059751003,5.392842329383686,5.419539451599121,615700,-0.01328210096782387,0.3596430342610524,-0.488728277543369
2015-06-15,5.366144860551169,5.61404800948827,5.362331245737531,5.522514343261719,554500,0.018822413737908886,0.3642966780588702,-0.6415073351656171
2015-06-16,5.350890229517445,5.46149307997888,5.217404231358374,5.3089375495910645,1322300,-0.039441523138020004,0.3817132584665884,1.1950156564620351
2015-06-17,5.434182661612041,5.442422702875219,5.252906075796864,5.376503944396973,1119500,0.012646608073302538,0.3807116763769287,0.7578785409947605
2015-06-18,5.388864022732671,5.504221858832389,5.380624373750387,5.413583755493164,966100,0.006872966761913762,0.33998387700610794,0.3986542379310885
2015-06-19,5.392983182384887,5.442422247103331,5.285865012374877,5.294105052947998,676000,-0.02231735786303096,0.34244264669197655,-0.4324289988023539
2015-06-22,5.302345353420436,5.458902607423667,5.294105704739638,5.430063247680664,734000,0.02535683431771644,0.34385109764022204,-0.25128053651806354
2015-06-23,5.421823665033026,5.574260911145778,5.3682645689004085,5.557781219482422,548900,0.02324818567085881,0.3568112189861663,-0.867799618001416
2015-06-24,5.537179982851024,5.660777832765628,5.479501274355813,5.549540042877197,540000,-0.0014839182054483997,0.32863472136257016,-0.8213187102621425
2015-06-25,5.537180586436655,5.582500025659248,5.475381851196289,5.475381851196289,384100,-0.013453031385478816,0.29137418595264836,-1.6623343919732039
2015-06-26,5.467141775353923,5.467141775353923,5.355903589138125,5.463021755218506,665000,-0.0022599460914300277,0.28840756724750294,-0.1991191453250573
2015-06-29,5.37238449702108,5.500102399880807,5.360024826714279,5.384744167327881,440400,-0.014432270598552914,0.29189014690251547,-1.2310398927564599
2015-06-30,5.4547817149476705,5.471261402582595,5.384742944272555,5.463021755218506,789900,0.014432270598552923,0.2797163553514917,0.42687077659921013
2015-07-01,5.438303478456598,5.479502904990838,5.125188936935555,5.17050838470459,1240200,-0.05503105440536378,0.33711468077445167,1.5156015117431076
2015-07-02,5.199346807416681,5.3476640088897005,5.199346807416681,5.240546226501465,708600,0.013454717314442312,0.34024696254887504,-0.018915103977600375
2015-07-06,5.158147723495554,5.174627412363629,4.935671334416378,5.030429840087891,1121000,-0.04092029885249949,0.3622091382955128,1.1240546346233395
2015-07-07,4.9974710153703565,5.063389778137207,4.770874973679195,5.063389778137207,897800,0.006530739886887193,0.3633750906099536,0.5046720617353132
2015-07-08,5.013950330854489,5.013950330854489,4.8738727740039085,4.943911552429199,891200,-0.02387934551876469,0.3648854026119987,0.41390033201684934
2015-07-09,5.042789722995685,5.125188170840688,5.001590695526579,5.083989143371582,1117500,0.027939387760267588,0.3715014843806856,0.9541135632821445
2015-07-10,5.116947532327831,5.154026924909539,4.99334968802438,5.013949394226074,481500,-0.013872311084318006,0.36707595892481626,-1.222192552420071
2015-07-13,4.980990773483666,5.051029549399678,4.943911375303803,5.030429840087891,736500,0.00328152895592784,0.36706719897660106,-0.027708711302645458
2015-07-14,5.001590695526579,5.092228791702686,4.9892306336697345,5.083989143371582,1257200,0.010590782128390108,0.36891967234850187,1.3385422188486114
2015-07-15,5.055149213885366,5.063388861285822,4.915071671916893,4.956270694732666,993600,-0.025442636000501482,0.3677273819819589,0.6281479666720549
2015-07-16,4.997470691787226,5.005710340146161,4.865633174789923,4.931551933288574,554500,-0.004999849586367162,0.34597218484660075,-0.8953794930917949
2015-07-17,4.943911735864408,4.943911735864408,4.812074215304867,4.857393264770508,669200,-0.01515180354440225,0.343002641881373,-0.298433041264764
2015-07-20,4.8367931569553715,4.960391018788506,4.754394713368873,4.762634754180908,543100,-0.019700893849871594,0.3439250443073878,-0.8301395452944509
2015-07-21,4.795594541548695,4.915072393188923,4.787354500032291,4.8326735496521,608500,0.01459880957830018,0.3457625313667511,-0.47922043546362003
2015-07-22,4.787353486589401,4.787353486589401,4.680235326992999,4.717314720153809,412600,-0.024160121989820607,0.3345372031222224,-1.4470840006317067
2015-07-23,4.704955842040778,4.774994620216177,4.667876442664769,4.746155261993408,597100,0.006095149280653519,0.3201567336369926,-0.4425737309808207
2015-07-24,4.7131954196572785,4.746155190869533,4.540158880006935,4.593717575073242,607900,-0.032645246296155665,0.330779138376503,-0.4123477551225392
2015-07-27,4.531917969955746,4.589597067383415,4.474238872528076,4.474238872528076,757200,-0.02635337255707387,0.335945085053755,0.12144611692324363
2015-07-28,4.519558796585089,4.589597567918915,4.482479400831093,4.568997859954834,1428900,0.020957641287748734,0.3516125636960253,1.7753152240185561
2015-07-29,4.56899794205537,4.758514551498199,4.55663827421753,4.75439453125,2323800,0.03977546062204193,0.3883336014227892,2.524468777596122
2015-07-30,4.758514330036433,4.812073412050104,4.585477416732799,4.700835227966309,969800,-0.011329153813616977,0.38150854757289915,0.3897223029342036
2015-07-31,4.713195971573682,4.766755065818555,4.601958154993429,4.651397228240967,1368900,-0.010572547349701235,0.3400436699514685,1.1919425833547435
2015-08-03,4.601958248687789,4.601958248687789,4.371242175928483,4.391841888427734,718100,-0.05741894999943269,0.37799188512782783,-0.3415314538498808
2015-08-04,4.420681360880131,4.540159617786255,4.39184199840312,4.437161445617676,532600,0.010266154289083807,0.36385110792455366,-0.956722680445238
2015-08-05,4.465999471697445,4.544277886242668,4.268242835998535,4.268242835998535,719600,-0.03881262921787806,0.37784826929973964,-0.2250110570883616
2015-08-06,4.181724933749174,4.412440973712951,4.177605306160384,4.395961284637451,902900,0.02948400082242674,0.3946754359042303,0.3068948722115695
2015-08-07,4.383601849645476,4.503079700036133,4.185845177294886,4.202324867248535,621700,-0.04504831758649113,0.3975145637519217,-0.5097747818403044
2015-08-10,4.202324690715064,4.395961334216151,4.1940850425377745,4.383601665496826,909700,0.04223277258141869,0.43474207018960953,0.33247298718986634
2015-08-11,4.305323161652268,4.305323161652268,4.165245596234122,4.222924709320068,842300,-0.03734273747119793,0.44597716751475197,0.1283029162632568
2015-08-12,4.222923269188315,4.317681358828555,4.210563603780171,4.30532169342041,1116500,0.019323913547107843,0.45163628295782376,0.84485783909064
2015-08-13,4.276483020859343,4.3053223756840735,4.194084583569583,4.23116397857666,1060900,-0.01737473317548215,0.4485455886805058,0.7064702987378169
2015-08-14,4.235284297795609,4.276483719625738,4.177605578721593,4.18996524810791,440400,-0.009784687553602579,0.4485114649804564,-1.3952940655336827
2015-08-17,4.173485675941393,4.202325036293688,4.119926583210835,4.140526294708252,449800,-0.011869535808716776,0.4479736815421782,-1.2500501867711533
2015-08-18,4.1240458488464355,4.165244871389589,4.091086473649215,4.1240458488464355,741200,-0.0039882204233306455,0.44592948360242385,-0.13573544222369968
2015-08-19,4.11992627899145,4.124046299568071,3.934529675018192,3.955129384994507,556000,-0.04182136869110273,0.4544759558377668,-0.7937735324513046
2015-08-20,3.955128963921004,3.9839683190734583,3.8974498607093504,3.9468889236450195,995800,-0.0020856606539702556,0.45195594905595354,0.49121630442903835
2015-08-21,3.9551286018801095,4.004567660290272,3.872729778289795,3.872729778289795,1459300,-0.01896802686188882,0.45009955074294633,1.2875168216036499
2015-08-24,3.699693406164554,3.732653176055347,3.567855898228445,3.654374361038208,1841300,-0.05803472235364695,0.47435821280747825,1.621430021564135
2015-08-25,3.810931605405556,3.827411293928877,3.625535011291504,3.625535011291504,685600,-0.007923038361136161,0.47107495804915944,-0.5923623586477705
2015-08-26,3.6955735865191945,3.7450126494239675,3.5925754405742305,3.642014503479004,760500,0.004535096843472713,0.4607924307980299,-0.3007023757209066
2015-08-27,3.724413479560703,3.951009511947632,3.707933789545661,3.951009511947632,1274500,0.081434155323203,0.5350205105641295,1.0847145210246054
2015-08-28,3.9345299176128683,4.292963478836555,3.905690164705115,4.152885913848877,1303800,0.04983237458598276,0.5720660065701374,1.0769445251505023
2015-08-31,4.111685965909465,4.3300423271477735,3.97572843912692,4.317682266235352,1220200,0.038915252345339664,0.5923032201379654,0.9368933220124805
2015-09-01,4.198204937111771,4.231164710636993,3.9757289214840767,4.012808322906494,1085700,-0.07322741973240217,0.6126041737353988,0.5817049395692997
2015-09-02,4.070487159820135,4.128166268450179,3.8438911387317716,3.967489004135132,1362200,-0.011357924173738265,0.6107034480023255,1.063847793898
2015-09-03,3.9798489754759347,4.144646272849051,3.9592492641909436,4.025168418884277,660900,0.014433351266129352,0.6017061278533966,-0.8049752111558569
2015-09-04,3.942769127484503,4.025167963298208,3.922169811437845,3.971608877182007,676900,-0.013395481856208582,0.5909633108580575,-0.6984801683616437
2015-09-08,3.9839690110866544,4.066367463625335,3.827411754809754,3.9015705585479736,663700,-0.0177920919492144,0.5749182613210098,-0.762057907696888
2015-09-09,3.9056899465106696,3.979848745692221,3.769732409949019,3.806811809539795,709700,-0.024587135957239582,0.5541130816290362,-0.5548163075147928
2015-09-10,3.8150521412006526,3.8933305740356445,3.67497457337368,3.8933305740356445,1216600,0.022472936574474328,0.551193233692564,0.7637455392598151
2015-09-11,3.823292010599645,3.893330798552053,3.7944526483510685,3.8191723823547363,966100,-0.019231234696185862,0.5469162014371017,0.20318504452414968
2015-09-14,3.8109323400512327,3.8562513939999734,3.7656132861024925,3.8191723823547363,780200,0.0,0.5455553747105422,-0.3012799002050553
2015-09-15,3.8068116202607154,3.8933300840351306,3.7573725542334455,3.794451951980591,903700,-0.006493758073151953,0.5453015057303519,-0.0167544255824073
2015-09-16,3.856250664205528,3.9798485250193165,3.8068115984613664,3.971608877182007,1335700,0.04563128410131763,0.5715525153405272,1.0027323240617578
2015-09-17,3.959248823199224,4.054007327393002,3.89333006875491,3.9757285118103027,1373600,0.001036733385193648,0.5715954977502022,0.9881556700877353
2015-09-18,3.8768505070390873,3.9221699468830047,3.806811729922835,3.8686108589172363,1186700,-0.02731251330605532,0.5608870905022895,0.4800651234667375
2015-09-21,3.9386491460308126,3.971608520231344,3.8686103776280008,3.8974497318267822,854600,0.0074269329046640405,0.5616339643439301,-0.54939544564
2015-09-22,3.8232918003970515,3.8562511819852903,3.724413655632336,3.765613079071045,855500,-0.03441173992168041,0.5704763007982748,-0.479213536126459
2015-09-23,3.8026915796020906,3.823291288563712,3.5925756483325086,3.6008152961730957,903900,-0.044750393421564616,0.5554997976403517,-0.21065501939433687
2015-09-24,3.5802161333814175,3.6584949607958333,3.5019376988738307,3.629655599594116,679100,0.007977476650326023,0.55562663168186,-1.2714345958949747
2015-09-25,3.6914538652303515,3.7202932226995116,3.613175440854013,3.633774757385254,730100,0.0011342184147938748,0.5554058999577713,-0.9881495967308946
2015-09-28,3.588455702512108,3.588455702512108,3.4071791242785565,3.4112987518310547,708900,-0.06317890162153156,0.5121245475770742,-0.9978529300815666
2015-09-29,3.423658542879595,3.4978169407571738,3.394818794848611,3.489577293395996,678200,0.022687525083893892,0.4819143510439851,-1.0604216959379391
2015-09-30,3.5266566707164553,3.563735673011867,3.4895772755143,3.5431363582611084,842800,0.015231702301703967,0.459130677706803,-0.18454001836954342
2015-10-01,3.633774651998056,3.7532524917853207,3.5307765007019047,3.5307765007019043,1207100,-0.003494493184552906,0.3962534544297965,1.1689534449781573
2015-10-02,3.4978172038097832,3.6955738631379798,3.4978172038097832,3.687333822250366,900200,0.04338583687286179,0.4309495465772255,0.1359341908967329
2015-10-05,3.7491323287177436,3.872729778289795,3.724412603059307,3.872729778289795,1383000,0.049055971954952315,0.464475687393013,1.6773834817702595
2015-10-06,3.885090240261446,4.095206162056447,3.885090240261446,4.086966514587402,1031600,0.05384338394350169,0.5004077934155593,0.4611147752471636
2015-10-07,4.1446456178051125,4.297082828571081,4.1158058694014015,4.23940372467041,1777400,0.03661961698395903,0.5095782701557342,2.2280742559546933
2015-10-08,4.218803603374894,4.383600858559254,4.198203897363511,4.379480838775635,1178900,0.03250755902277921,0.5076636884608828,0.6580554106629457
2015-10-09,4.416561744926576,4.4330414368032605,4.325923243151392,4.342402935028076,1082100,-0.008502320845057927,0.5068561449419741,0.36399740270739944
2015-10-12,4.354762233051588,4.358882253894901,4.132286215301242,4.222924709320068,581400,-0.0278999194841962,0.5129732379917294,-1.7343274381467506
2015-10-13,4.169364966072118,4.297082841925248,4.128165942792247,4.214684009552002,886700,-0.001953326508213938,0.5132473928769248,-0.2965521802793845
2015-10-14,4.21056490867876,4.247644309301171,4.140526128149051,4.202324867248535,829700,-0.002936708602006902,0.5124178125247525,-0.5122508571915136
2015-10-15,4.169365291892658,4.218804359436035,4.111686183305326,4.218804359436035,926800,0.003913848791594058,0.4905058982204468,-0.06837029161490304
2015-10-16,4.222924495568006,4.255883874832579,4.119926337139518,4.169365406036377,690400,-0.011787917331930263,0.49311649117423734,-1.0354030113585129
2015-10-19,4.136406307275766,4.136406307275766,3.8356518528646464,3.8933305740356445,1150100,-0.06849886341541325,0.5424182793109236,0.8574318105949855
2015-10-20,3.880971072322083,3.9798492211044305,3.868611401950999,3.930410146713257,807800,0.009478803459091936,0.5428042501758779,-0.44135961113892863
2015-10-21,3.8974499532464666,3.8974499532464666,3.728533052645651,3.798571825027466,701700,-0.0341186228977081,0.5425682803890679,-0.9078453238804984
2015-10-22,3.8274117054128944,3.926289847183183,3.82329168461243,3.9139301776885986,666500,0.029916869126476068,0.5256414219808748,-1.0131704359549574
2015-10-23,3.8809701482855155,3.9510089185572275,3.8274110655538096,3.876850128173828,572300,-0.009519028402737975,0.5274521200839704,-1.4674205943472007
2015-10-26,3.8768499973067425,3.9015697242356837,3.80269120942665,3.827410936355591,687100,-0.012834422418312313,0.5303323022035814,-0.8302887343754033
2015-10-27,3.761492264661424,3.790331619240784,3.6708537879604863,3.7367725372314453,982600,-0.023966297970447015,0.48459285580073047,0.3269433974229898
2015-10-28,3.765612532628865,3.9056896875983456,3.728533135496122,3.831531286239624,887100,0.025042256023605606,0.4857834201941215,-0.06677648432995963
2015-10-29,3.7985717765252196,3.92628925895064,3.7862117159755977,3.810931444168091,459600,-0.005390904133210592,0.48526975410941403,-2.0102364851732974
2015-10-30,3.848011312129367,3.938649802746926,3.786212180519159,3.839771270751953,869300,0.007539167122473869,0.48477962417329296,0.016263774345377152
2015-11-02,3.827411898448711,4.016928542853455,3.823291877440453,3.996328830718994,547900,0.03996334745316123,0.4814088845643092,-1.3151807619527396
2015-11-03,4.025167806541785,4.165244957575018,4.000448078179007,4.157005310058594,791800,0.03941879027687149,0.4710478382276898,-0.12311578340327482
2015-11-04,4.165244933623697,4.189964661844329,4.049887118709829,4.086966514587402,991400,-0.01699192625077824,0.4381846719110575,0.6126286427512095
2015-11-05,4.054008811882628,4.111687546688713,4.000449706057754,4.058128833770752,1378300,-0.007081022401515817,0.4178458809760935,1.8955965541224118
2015-11-06,4.004568821810579,4.041648224599713,3.9427696861930785,4.008688449859619,592000,-0.01225787103594765,0.3995291691758758,-1.0294555029911867
2015-11-09,3.9922081080363574,4.037527545348148,3.9180497074560128,3.9386494159698486,639800,-0.017626241239266528,0.4020059658961125,-0.6715993661463204
2015-11-10,3.913929132248804,3.946888504035205,3.876849740762427,3.909809112548828,606700,-0.00734932423422377,0.3932361736212955,-0.884815053416519
2015-11-11,3.905689752315255,3.9221698338977826,3.7573725542334455,3.794451951980591,984500,-0.029948565246870094,0.4035212984129516,0.909532420052085
2015-11-12,3.7244131353559573,3.7450128441976656,3.609055315911862,3.654374361038208,1287300,-0.03761508213932487,0.4188746495920864,1.6897135660626992
2015-11-13,3.6255351669597307,3.637894835656212,3.5101773423434093,3.592575788497925,838100,-0.01705547003963422,0.4185077220638023,0.23332876387776436
2015-11-16,3.5760961647890124,3.7862121081061195,3.5596164752561648,3.777972459793091,608100,0.05031804436707799,0.4636386492318195,-0.843638175434982
2015-11-17,3.7697316125037688,3.8274107099887957,3.5225363223680257,3.539016008377075,1184000,-0.06533875465546558,0.45825708692596046,1.4150268693533887
2015-11-18,3.5554963964221646,3.6584945525424817,3.4730979501072676,3.5966954231262207,1083800,0.016166761107152167,0.4614104415442727,1.037755186538991
2015-11-19,3.580215316841128,3.6708537936833716,3.501936900186512,3.5266566276550293,647100,-0.019665194721127658,0.45223713407786054,-0.643041293284931
2015-11-20,3.5266568801938614,3.5802155732152214,3.4936971102400576,3.5019371509552,827500,-0.007034004069455436,0.4356052713586203,0.1282731513914136
2015-11-23,3.4730978147034253,3.5760959668082077,3.431898396698805,3.5719759464263916,889200,0.019802641980513763,0.4437893622735452,0.304921347557441
2015-11-24,3.62553492007992,3.6996933201157955,3.6049352117173266,3.62141489982605,1901200,0.013745876710393295,0.44659018030287123,2.3220080571005615
2015-11-25,3.596695712117803,3.613175795611728,3.510177631215592,3.584336042404175,964700,-0.01029155322994997,0.44083528359051427,0.35902965777482443
2015-11-27,3.5390168053869075,3.58021583323447,3.4607379845349873,3.477217674255371,382800,-0.0303407974402826,0.43980093193061914,-1.9693437255467157
2015-11-30,3.4772176262067354,3.5225370669916583,3.4195389094358015,3.456618309020996,1741700,-0.005941711308788077,0.43981722660212585,1.7460383112436397
2015-12-01,3.485457548470896,3.501937237401219,3.378339373970409,3.4112987518310547,863500,-0.013197659375645755,0.43844199784523996,-0.025642354671214618
2015-12-02,3.357739861399827,3.3948192618932134,3.2506218770738453,3.283581256866455,1672600,-0.03815841105343111,0.4191669194307266,1.475801398422777
2015-12-03,3.31654097372469,3.34126031316378,3.262981881064241,3.291821241378784,769000,0.0025063070520375285,0.3829918631832719,-0.4382833010094782
2015-12-04,3.246501494722057,3.254741338253702,3.073464584104142,3.0858242511749268,1112300,-0.06462217846806823,0.4253985404828368,0.4559221555240176
2015-12-07,2.9910665439943553,3.032265767096194,2.8509889889947124,2.900428056716919,901200,-0.06196047009043801,0.4565013025193314,-0.01112514416726661
2015-12-08,2.8509886873158443,2.933387124800487,2.7974296047241407,2.8139092922210693,1618200,-0.030283608154585563,0.4589070254985283,1.3197430255120914
2015-12-09,2.842748714390941,3.0034257584114057,2.842748714390941,2.929267168045044,1074000,0.04017755474058397,0.4995628292607109,0.2496968382300295
2015-12-10,2.904547462894093,2.982825872003715,2.8715878949307223,2.8798277378082275,601700,-0.01702179935228446,0.4990394935326228,-1.2172435323014794
2015-12-11,2.83450921989217,2.846868888247794,2.731511066812833,2.743870735168457,1479200,-0.048360878518684765,0.5101458251849695,0.9859892462832737
2015-12-14,2.743870808018563,2.743870808018563,2.653232517341779,2.6779520511627197,1557700,-0.024317258189488662,0.5049145007240398,1.0695835556079234
2015-12-15,2.7809497117996216,2.9375069279089985,2.7685898488632574,2.8839478492736816,1569900,0.07410779409332667,0.5911801386698445,0.9942720181924334
2015-12-16,2.883948763847632,2.9539875509736215,2.8139099767216424,2.867469072341919,792200,-0.0057303521024589,0.5489477325058185,-0.6746461466638536
2015-12-17,2.8633487394298043,2.8674687600842854,2.7768302702196697,2.8221495151519775,1194200,-0.015930950371940363,0.5153978329896588,0.32588641094156784
2015-12-18,2.826269247702135,2.9086676878582534,2.8015497156553,2.8180294036865234,1432900,-0.0014609863472774033,0.5073402638231916,0.7278392088668034
2015-12-21,2.8303891139962243,2.9251474198257363,2.809789601874475,2.8345091342926025,701200,0.005830929656663027,0.5099258957277112,-1.0116173335138168
2015-12-22,2.838628752532682,2.94574691503934,2.838628752532682,2.8921878337860107,475500,0.02014447431122935,0.5207652797619504,-1.7503454747837508
2015-12-23,2.986946407083167,3.114664091949558,2.9622268741851605,3.073464870452881,760800,0.06079229585181237,0.5667653467265322,-0.6702990725895442
2015-12-24,3.0734649271067185,3.098184460460385,3.024025860399385,3.0487453937530518,315000,-0.00807538779837541,0.561642354905875,-2.2186191562145834
2015-12-28,3.040506167538849,3.0446259923754653,2.908668433058866,2.9745872020721436,624600,-0.024624885918602697,0.5645033755572736,-0.7793541945183302
2015-12-29,3.019905741659136,3.0363854300252213,2.9086677469613704,2.933387279510498,431100,-0.013947450374982495,0.5594845896818675,-1.5591694415658914
2015-12-30,2.9086675935550943,2.925147281052023,2.8139092922210693,2.8139092922210693,473400,-0.041583099679520216,0.571252395046808,-1.2458707773482354
2015-12-31,2.793310355185187,2.900428345931165,2.7850705097431887,2.888068675994873,396400,0.026013276814824845,0.5843098812509229,-1.4452191725297958
2016-01-04,2.888068262303064,2.945747172135027,2.8139094674942995,2.8509888648986816,625900,-0.012922096284234953,0.5743133540404372,-0.49862690207912863
2016-01-05,2.838628532694425,2.8592282381821614,2.7315105749369084,2.8097891807556152,696700,-0.014556448351193256,0.5738983300571098,-0.27431979183278965
2016-01-06,2.73563062027858,2.73563062027858,2.661472028117546,2.6861915588378906,685100,-0.0449850428187172,0.5529367509399409,-0.264322892230115
2016-01-07,2.620273379902133,2.6738322765466567,2.566714286804199,2.566714286804199,730900,-0.04549781975056263,0.5348143265918675,-0.11391227794133633
2016-01-08,2.57907397144274,2.620273195365242,2.5213948614978423,2.541994571685791,608900,-0.009677556004894783,0.5276539467304096,-0.41193663565203453
2016-01-11,2.546113998454181,2.5708335289494606,2.40603665898093,2.422516345977783,680400,-0.04814222498919274,0.5213742469066293,-0.1299307178317401
2016-01-12,2.451355661393195,2.5090347614272517,2.368957227706488,2.3936767578125,1223600,-0.011976236105440099,0.5206941184911843,1.0468740251589683
2016-01-13,2.4307566271551093,2.5625941468684275,2.3895574022446975,2.4060370922088623,1745400,0.005150457759087529,0.5021384864125424,1.7352376344020601
2016-01-14,2.426636531977048,2.5419945546398894,2.426636531977048,2.4719557762145996,2022000,0.027028615575277862,0.5103046811151035,1.9242684254861677
2016-01-15,2.3730773334185042,2.4513557500244296,2.360717469691934,2.426636219024658,997700,-0.018503623198047034,0.4260100710032334,0.6007046316217564
2016-01-19,2.3730773228411053,2.459595582727988,2.2494794719397846,2.2865588665008545,1414000,-0.059458017327780256,0.4612499308629159,1.2151084680326945
2016-01-20,2.216520449023634,2.2659595186452597,2.1258819582639195,2.2247602939605713,1654400,-0.027398832265612995,0.46456237302635844,1.4417608627257952
2016-01-21,2.208280864157021,2.3730779787574114,2.208280864157021,2.352478265762329,936300,0.055820176888284855,0.5190684271715862,0.40389252085702215
2016-01-22,2.459595927387392,2.570833930204844,2.459595927387392,2.541994571685791,1239700,0.07747968366342284,0.597568067678832,0.8871669801538046
2016-01-25,2.500795463741304,2.5131551332645543,2.2989189624786377,2.2989189624786377,1213200,-0.10051004118568342,0.6743579180380089,0.7662240030654005
2016-01-26,2.3195181674944636,2.406036621092187,2.3030384807571225,2.3936767578125,1500600,0.04039158009105048,0.6502918553478054,1.0844983858069484
2016-01-27,2.3359979852641257,2.45547581903836,2.3195182976023947,2.414276599884033,1407800,0.008569121450398062,0.6540716110708376,0.897679095296985
2016-01-28,2.6243928241663386,2.6573522008507853,2.500795161599663,2.546114206314087,1387600,0.053168658612538,0.6884323229395203,0.7892824034455392
2016-01-29,2.57083416118001,2.6532328128814697,2.5090354179706815,2.6532328128814697,3010700,0.041210469594967866,0.7080650090559979,2.073998153099768
2016-02-01,2.5996738942010125,2.5996738942010125,2.4472366434771082,2.509035587310791,1383300,-0.05588037473202486,0.7190750008979443,0.4898807104878749
2016-02-02,2.4348763594264873,2.4678357381095664,2.3936771360726383,2.401916980743408,973800,-0.04363129064039831,0.7211344735690384,-0.36595565971661675
2016-02-03,2.4513562169131577,2.5543543805893982,2.3524780740816023,2.55023455619812,1719800,0.059918177257257864,0.7590092854142697,0.8818059853965882
2016-02-04,2.587313313363515,2.6944312747428407,2.587313313363515,2.624392509460449,1041800,0.028664106530282677,0.767097726577383,-0.3944354132087206
2016-02-05,2.5584735813677897,2.6285123416506884,2.5419938961780892,2.599672794342041,858700,-0.009463855515362482,0.7524772111874535,-0.9422374321176537
2016-02-08,2.5419941761305913,2.6120329441269337,2.50903480212134,2.587313413619995,1000300,-0.004765543464761901,0.7355475616656001,-0.606748386482826
2016-02-09,2.5296345385834096,2.566713935882227,2.4595957643315915,2.4760756492614746,1977500,-0.0439451379439893,0.7508708993121936,1.183981536349448
2016-02-10,2.4595959032098986,2.5461143708233847,2.4266365243958834,2.4843156337738037,950700,0.0033223153664388902,0.731284457042451,-1.0978420667693194
2016-02-11,2.401916772541135,2.480195388354819,2.381317260876508,2.4595956802368164,1263000,-0.010000243926808294,0.7308677880961761,-0.19993142880537954
2016-02-12,2.513155185214299,2.5831939688051797,2.4884356492034128,2.5790741443634033,1706800,0.047433496945666904,0.7481520937720153,0.7640875241671466
2016-02-16,2.632632697294729,2.6655920743417076,2.4637157917022705,2.4637157917022705,2514100,-0.04575978101249808,0.7614445390843748,1.8640289903386884
2016-02-17,2.533754359632651,2.8468686125110305,2.533754359632651,2.8386287689208984,2358800,0.1416504129875291,0.9019716358174464,1.4887399323821686
2016-02-18,2.8757083415985107,2.958106782608574,2.8633484772203115,2.8757083415985107,2202600,0.012977915859798055,0.8685342509377827,1.182037135417247
2016-02-19,2.8097894252739035,2.867468330624306,2.752110323470133,2.7974295616149902,1696600,-0.027598041749683288,0.8686452488439224,0.4468279576176876
2016-02-22,2.8880684289694294,2.962227031604399,2.8839484083741227,2.916907787322998,1033400,0.04182309638417745,0.8608447035985629,-0.9677385084764534
2016-02-23,2.8715880449384774,2.900427594742958,2.82214898509082,2.8468685150146484,1444000,-0.024304454691352482,0.8324112047290441,-0.0383672715856086
2016-02-24,2.756230475342746,2.846868759514476,2.7397507873115226,2.8180294036865234,1354600,-0.010181775870988683,0.7414530976736595,-0.23728691679689892
2016-02-25,2.8139090843587837,2.945746771048789,2.8139090843587837,2.8839478492736816,1676900,0.023122288821676617,0.7348284090292357,0.35949423338864395
2016-02-26,2.995186779737904,3.0157864923467543,2.867469072341919,2.867469072341919,2222500,-0.0057303521024589,0.7365703854093831,1.0706186204065549
2016-02-29,2.879828165422324,2.9416270944065612,2.82214925671528,2.8757083415985107,1895700,0.002869239208629341,0.7182522126309606,0.5832427400059029
2016-03-01,2.888068208256722,3.015785890149837,2.875708343868765,2.9993062019348145,2538100,0.04208197231100925,0.7187997688760273,1.4676301700613978
2016-03-02,2.9869460432612938,3.2465014017555642,2.9704663566699137,3.2300217151641846,2063300,0.07410786427274305,0.7192111379253796,0.8063070568937153
2016-03-03,3.225902153138228,3.4318984612206522,3.2011826197427435,3.4112987518310547,1795000,0.05460422425110979,0.7037616449386225,0.3455052713518931
2016-03-04,3.4483782130474347,3.6337748151217903,3.42777850328211,3.592575788497925,3226000,0.05177635063557808,0.6980042318223093,1.8114241499605488
2016-03-07,3.563735779373894,3.815051513063966,3.460737630919079,3.798571825027466,3295100,0.055755725509680755,0.7102436024343473,1.658951031676368
2016-03-08,3.7079338411715757,3.732653572991715,3.3906993128316287,3.423659086227417,2199100,-0.10391527318515838,0.8221529458128313,0.539868566712821
2016-03-09,3.497817336299265,3.559616466576853,3.4483782678212687,3.456618309020996,959100,0.009580856415545442,0.8197210001691358,-1.7880720959014853
2016-03-10,3.444258404352924,3.4689781361730634,3.3618599531304727,3.423659086227417,2738800,-0.009580856415545342,0.7975666541528785,1.0792745729798028
2016-03-11,3.460738049009219,3.5884559414017003,3.4524984004489183,3.5348968505859375,1221000,0.03197423207208724,0.7982615446069873,-1.2153296089311945
2016-03-14,3.4442574876648915,3.522536290172448,3.4195381553306023,3.468977212905884,1103200,-0.018824320269205608,0.8025672247726868,-1.451810478916994
2016-03-15,3.382458696458154,3.4277777334382487,3.2877004064355093,3.357738971710205,1710800,-0.032591976813951706,0.8113741618845296,-0.22330089841298265
2016-03-16,3.3742192702178566,3.514296819121147,3.3536199542435337,3.5019371509552,1480500,0.04204846471472924,0.7885399189014393,-0.5638949019595217
2016-03-17,3.5637360619749368,3.69557396962832,3.5637360619749368,3.666734218597412,1543700,0.0459851201265111,0.6561248397847044,-0.3926613363367526
2016-03-18,3.7038132967066693,3.7656124210659203,3.559616125681922,3.6049351692199707,2321600,-0.01699762021201211,0.6638423539932254,0.7649371583171848
2016-03-21,3.596695440661586,3.7120536589716444,3.588455792443317,3.666734218597412,1107700,0.01699762021201213,0.6491859326901867,-1.233661161379339
2016-03-22,3.6255351669597307,3.6667341935835966,3.567856058198178,3.592575788497925,1979700,-0.020431972154692554,0.6500407389527282,0.28431484902686277
2016-03-23,3.5513756421980194,3.571975347747729,3.468977212905884,3.468977212905884,2292500,-0.03500963587259599,0.658149868489146,0.6438081300324252
2016-03-24,3.382459690916731,3.4483784524160837,3.30006123904254,3.3701000213623047,1582000,-0.028917375333808594,0.6682994870864651,-0.45429842498374373
2016-03-28,3.3824594865188398,3.54313675264409,3.3824594865188398,3.5101773738861084,1080000,0.04072414621837032,0.6758842544768395,-1.4303015641432884
2016-03-29,3.444257500171059,3.444257500171059,3.312420012824938,3.4154181480407715,1286300,-0.02736664002317691,0.6860491688275988,-0.863620432131699
2016-03-30,3.5225363223680257,3.6008147326843343,3.4854569306209875,3.539016008377075,1453100,0.035548794722823476,0.6920868280172634,-0.49206789694494174
2016-03-31,3.522536421216934,3.6049348535744343,3.5101767545899882,3.547255754470825,1098800,0.0023255528670133455,0.6824166267506682,-1.137779191304259
2016-04-01,3.4524982714474306,3.526657070253229,3.3948191620532775,3.5142970085144043,1183900,-0.009334769955576118,0.6404804686240932,-0.8546635755757853
2016-04-04,3.5060573004879827,3.5472563268613095,3.415418813815814,3.427778482437134,1248300,-0.024927129094363114,0.6202669136376145,-0.6599515177283877
2016-04-05,3.382459169401817,3.415418545069745,3.3330201058999247,3.3536198139190674,1246200,-0.021872074647771907,0.5951069098965162,-0.5959149698126673
2016-04-06,3.394818592003825,3.4154182985360277,3.345379532070572,3.3824589252471924,3511400,0.008562633736468742,0.5573797573938151,2.354170395652453
2016-04-07,3.353619657660368,3.3659793247332663,3.23826165174424,3.2506213188171387,1301000,-0.039756784586396414,0.44832011476190325,-0.4083173565173966
2016-04-08,3.370099447903804,3.4442578455183255,3.3618594076651105,3.3948187828063965,1497800,0.04340422882416769,0.47433158493923777,-0.0626462227150151
2016-04-11,3.436018396861126,3.52253685983629,3.436018396861126,3.5019371509552,1688800,0.031065905173026976,0.4856775124793248,0.4074016852572456
2016-04-12,3.5307769091345027,3.7779726580030393,3.506057569991736,3.761492967605591,2517800,0.07149965735668597,0.5342332458995963,1.5355379596371266
2016-04-13,3.782092172883583,3.918049698701655,3.765612484690688,3.843890905380249,1792200,0.021669165766530867,0.53183991737784,0.4022663993434141
2016-04-14,3.8562508780252323,3.868610939826684,3.786212099444165,3.806811809539795,1116900,-0.0096930667775757,0.5172221250062217,-1.033196080931265
2016-04-15,3.7326534863414644,3.745013155511211,3.650254644125021,3.7120537757873535,1010000,-0.02520674160282681,0.5105520726654529,-1.2399957257193461
2016-04-18,3.5760963524075944,3.827411729195384,3.5307769091345027,3.761492967605591,1075000,0.01323064261387159,0.48772047889552345,-0.9744197581010905
2016-04-19,3.8150515577935944,3.97984844009076,3.8150515577935944,3.9386494159698486,1380500,0.046021932275185445,0.506562472809615,-0.1728646989540038
2016-04-20,3.92628937052069,4.103446314365216,3.868610657943783,4.037527561187744,1266200,0.024794638106091102,0.509751383844026,-0.4649342803548528
2016-04-21,4.0581276166643265,4.0952066238160345,3.9963284855978904,4.016928195953369,1685900,-0.005115034651187368,0.502995732682235,0.4607357183230092
2016-04-22,4.012807832292812,4.161125419848884,3.9757284354037936,4.037527561187744,1086300,0.005115034651187473,0.4811954545170415,-0.8545657410475146
2016-04-25,4.033408164821961,4.037528185759576,3.9139303079788785,3.934530019760132,1618100,-0.025841075982745744,0.4783937673270164,0.45615938914441934
2016-04-26,3.9798482631845347,4.07048674087243,3.9716086158893127,4.054007053375244,736600,0.0299143490409528,0.4702955910472293,-1.9068422958630284
2016-04-27,4.099326073096753,4.16936484279917,4.062246678206446,4.1364054679870605,1728800,0.020121378363072696,0.45528179855693424,0.6258452622491097
2016-04-28,4.119925780581006,4.239403612501586,4.103446093174952,4.1364054679870605,1073400,0.0,0.4458371105448076,-0.748648543923737
2016-04-29,4.2023244307056995,4.222924139234538,4.049887216243118,4.095206260681152,1875300,-0.010010081301857508,0.4496473490467562,0.8197829628375894
2016-05-02,4.0828466768796785,4.124046094786531,3.9386495000192325,3.971608877182007,1123000,-0.03064581360528972,0.46510128814422536,-0.6759275923644205
2016-05-03,3.876851106851889,3.9180505325557204,3.7656132861024925,3.8191723823547363,880500,-0.039137526028165594,0.47932759899642335,-1.2839134426270227
2016-05-04,3.860370111913932,4.066366385076297,3.8521304652989263,3.872729778289795,1840200,0.013925882141170007,0.4698481224516688,0.7229686799674117
2016-05-05,4.029288120948455,4.029288120948455,3.839771480871989,3.8933305740356445,1637800,0.00530535255501559,0.4698342992589669,0.6065168851522073
2016-05-06,3.843891176649605,3.9345296645604044,3.81917183906916,3.8892102241516113,1148700,-0.001058870200840588,0.43978665441836173,-0.5609030435898567
2016-05-09,3.8603698397301085,3.8603698397301085,3.712052674957047,3.745012044906616,1006600,-0.03778127657969863,0.4485303068292394,-0.9195322469543997
2016-05-10,3.7120532527737664,3.885090168397203,3.7120532527737664,3.876850128173828,1123900,0.034598168065661204,0.4513073180693235,-0.5005483296149769
2016-05-11,3.8727304706642243,3.996328335240057,3.806811714332255,3.9262895584106445,1168200,0.01267184589408698,0.38261104206747254,-0.2898447182918947
2016-05-12,4.000448432616969,4.058127541969293,3.889210234488942,3.955129384994507,1282400,0.007318467781634254,0.37651632853757916,0.12990871080388725
2016-05-13,3.9180499263686883,3.934529615519172,3.8562507973742868,3.8686108589172363,995900,-0.022117823549725146,0.3835066160557121,-0.841358000103131
2016-05-16,3.9510098592696217,3.996328912568155,3.9056904130642516,3.930410146713257,1254400,0.01584829204797387,0.37474204134760425,0.022887230003031642
2016-05-17,3.9180497841668624,4.012807895116296,3.9015700956144928,4.000448226928711,967800,0.01766262810709119,0.37661783658118864,-0.9745429538165412
2016-05-18,3.996328461704744,4.008688130681418,3.819171896683113,3.8480112552642822,1184000,-0.03884995381026907,0.3689474215382636,-0.1562197037281278
2016-05-19,3.8232914990349407,3.8274115196354246,3.699693631367952,3.806811809539795,1918900,-0.010764414330388194,0.35788816055256517,1.5568094350941364
2016-05-20,3.831531406680307,3.8850904938993205,3.777972319461293,3.7862119674682617,1020400,-0.005426005032354165,0.3579151050930765,-0.6906631504279485
2016-05-23,3.736773245789422,3.777972668349276,3.699693844066916,3.7326536178588867,621500,-0.014246631989315873,0.35879198773833926,-2.144768968525673
2016-05-24,3.769732535045064,3.7738525557822684,3.691454105572202,3.7285335063934326,1179900,-0.0011044118893213265,0.3497094638773378,0.008676322384640552
2016-05-25,3.7697317452480625,3.852130571101543,3.7450124118173953,3.8232908248901367,1705900,0.025096529725831006,0.3444306474303584,1.1550323785452208
2016-05-26,3.8603707640648617,3.872730432528703,3.769732278547548,3.7862119674682617,1062000,-0.009745485847193754,0.33480223886101745,-0.43127560505414486
2016-05-27,3.7573725266214586,3.7820922559068197,3.7161735016882136,3.7532525062561035,682200,-0.008743239334877166,0.3347861194554587,-1.7870326088519661
2016-05-31,3.7573727238824794,3.7697323927206554,3.604935498522349,3.609055519104004,1355400,-0.03917669000941868,0.35531012874363066,0.5666989534465072
2016-06-01,3.555496430262857,3.6131755396856584,3.473097983163704,3.609055519104004,1168500,0.0,0.3442318803746254,0.03941816995157636
2016-06-02,3.5596162843285217,3.7038134617799146,3.5019371776039026,3.699693441390991,1232700,0.024803853482638253,0.3344239222073089,0.17499505035533475
2016-06-03,3.7244129555056946,3.7862116861398203,3.699693227507996,3.7697319984436035,808800,0.018753948447545257,0.33763523448202887,-1.2373831434996323
2016-06-06,3.8150511601393706,3.90980925935663,3.8109311402846937,3.905689239501953,741300,0.03543035852305628,0.3604022085281327,-1.4163936269485782
2016-06-07,3.9427695508292557,3.9922086218818107,3.8603710990749973,3.98396897315979,1434800,0.019844282320413482,0.3667366707705817,0.963515456949862
2016-06-08,4.041647471240785,4.140525598309814,4.029287410677093,4.086966514587402,1558900,0.025524459565957083,0.3471106877844355,1.148982809797968
2016-06-09,4.0292879606648055,4.124046473386988,4.004568621976795,4.119926452636719,1660100,0.008032300503846488,0.32951209552727606,1.2492470627044412
2016-06-10,4.037527899095645,4.037527899095645,3.9098100094452852,3.9180500507354736,1129200,-0.05024121789717875,0.3749344871052034,-0.035095566493070725
2016-06-13,3.8644903184472104,3.9056893393268233,3.810931237687657,3.852130651473999,917500,-0.01696768281432899,0.3783034088548515,-0.6712815811146544
2016-06-14,3.8356515038416585,3.8850905715924706,3.790332063723326,3.815051794052124,759900,-0.009672170121986954,0.37206109715785285,-1.2102243523041734
2016-06-15,3.786212124567329,3.905689972426621,3.777972476218477,3.8480112552642822,805700,0.008602216697075999,0.36884195606087306,-0.936773475103273
2016-06-16,3.7985719094342443,3.86037064271764,3.749132844226175,3.831531286239624,1133300,-0.004291920835945617,0.3626269357476464,0.11197503397605361
2016-06-17,3.901570361061891,3.926289699118868,3.8686109817147263,3.9180500507354736,1651200,0.022329557075185445,0.3459550117690123,1.2020159420411969
2016-06-20,3.9963281283204766,4.0045681688887145,3.9180497074560128,3.9386494159698486,921400,0.005243782716602175,0.34361473074168153,-0.4966773277486537
2016-06-21,3.918049568492566,3.955128963921004,3.9015698808473425,3.9468889236450195,1188700,0.0020897775951171423,0.3426575502627344,0.3093603101255176
2016-06-22,3.967488435767329,4.00868745639524,3.9551287688696277,3.9633684158325195,1128900,0.004166619446517148,0.3375704275050432,0.05371810917841999
2016-06-23,4.0334075408874615,4.124046022959866,4.012807832292812,4.037527561187744,667700,0.01853824106445704,0.34150174596617,-1.6059669517395694
2016-06-24,3.8603713512420654,3.8974507551802837,3.8109322769600524,3.8603713512420654,1448900,-0.04486913099151813,0.37121664347420885,1.0315200246550276
2016-06-27,3.798571966191305,3.835651363878077,3.67497410487099,3.699693441390991,1170200,-0.04251342129481508,0.3988903702740636,0.2792451476306302
2016-06-28,3.806811891055895,3.852131332818074,3.777972532048544,3.839771270751953,679900,0.03716283737771776,0.41899985097317133,-1.585173717769271
2016-06-29,3.897450275642183,3.9798487226406545,3.84389118686648,3.955129384994507,660600,0.029600515051611626,0.40316637950745793,-1.495976043733213
2016-06-30,3.946889063631327,3.946889063631327,3.889209958373939,3.9386494159698486,833900,-0.004175438249087241,0.4039939861393077,-0.67362313894209
2016-07-01,3.951009314941803,4.008688030665064,3.9262895846984174,3.967489004135132,1056400,0.007295525210302971,0.3972178684546014,0.12054274662656614
2016-07-05,3.8686108049786068,3.909809830827003,3.7738522990044205,3.7862119674682617,1020500,-0.0467673635288873,0.42875147710670686,-0.029707737728772103
2016-07-06,3.7532528192031642,3.7985722611872768,3.7038137494169687,3.782092571258545,882500,-0.0010885916642067825,0.40916601865370383,-0.5548459253491409
2016-07-07,3.8809707375087563,3.918050138329987,3.707933795614215,3.7285335063934326,1391400,-0.014262452214430519,0.4037375253613035,1.0102978627261103
2016-07-08,3.8026917889393106,3.8397711885300865,3.757372741054357,3.806811809539795,808300,0.020777048910991316,0.3998041215363956,-0.7762135409659984
2016-07-11,3.8356513065669873,3.8686106833723666,3.802691536854844,3.831531286239624,748100,0.006472493494442503,0.39927921152029217,-0.979816630276127
2016-07-12,3.8603713597657183,3.955129880362262,3.8603713597657183,3.930410146713257,889700,0.025479246539123576,0.3727639982777977,-0.2777279039454185
2016-07-13,3.9221693189206612,3.959248318892598,3.8727298664779743,3.905689239501953,1326800,-0.00630951395697645,0.3684000456930314,1.1481312787822695
2016-07-14,3.9551296132725025,3.98396897315979,3.922170232570799,3.98396897315979,871700,0.019844282320413482,0.3721422753282411,-0.44086704457776943
2016-07-15,4.000448639774457,4.000448639774457,3.90569012613919,3.9427695274353027,904500,-0.010395149712274223,0.37375146710602514,-0.3261066882794605
2016-07-18,3.9098101701275523,3.98396897315979,3.8933304797767008,3.98396897315979,425400,0.010395149712274178,0.37451492500350014,-2.500013511618844
2016-07-19,3.975728969379379,3.975728969379379,3.8933305168406984,3.9015705585479736,566500,-0.020899372439763697,0.37467989850337435,-1.4793596243022393
2016-07-20,3.8644906986800773,3.8644906986800773,3.699693420226794,3.7532525062561035,1102400,-0.03875638032447089,0.3969638804438686,0.6469397357658876
2016-07-21,3.8026922977477295,3.893330798552053,3.7367735309470733,3.8191723823547363,1693300,0.01741094624551975,0.40260462482154746,1.8280501729891516
2016-07-22,3.8232914422238675,3.839771131474138,3.7738523744730554,3.815051794052124,653100,-0.0010795042449762546,0.402073165393751,-0.9200537886514363
2016-07-25,3.7697323253494877,3.7697323253494877,3.6461348533630376,3.646134853363037,964300,-0.04528657883416932,0.4216732712430611,0.17784011271400935
2016-07-26,3.6378952155327218,3.6749746184008574,3.5802161007481974,3.617295503616333,736600,-0.007941014060637522,0.39615189274017343,-0.5578378163699433
2016-07-27,3.621414969523879,3.6584943667088266,3.5266568593016934,3.5554962158203125,682100,-0.01723201214832778,0.37348928030470857,-0.7237866286077843
2016-07-28,3.547256167506819,3.5596162284796655,3.44013838942283,3.460737705230713,789200,-0.027012860075754465,0.3546182847161086,-0.2886832112370572
2016-07-29,3.436018759342908,3.539016921707351,3.4277787177584846,3.5225372314453125,1189700,0.017699758395214014,0.34218747449888326,0.9316098513959528
2016-08-01,3.4730977576944033,3.4813374054160167,3.3247801696377373,3.3330202102661133,984100,-0.0553026713497407,0.38305778412328917,0.30116781960771644
2016-08-02,3.3742192775707593,3.419538715789268,3.1929427034170286,3.2259020805358887,1434900,-0.03266623696375386,0.38799915468657514,1.3898903462450707
2016-08-03,3.2300224998742437,3.3000612831296916,3.155863695743342,3.291821241378784,1399400,0.02022835439306319,0.37693879583424533,1.2213584180059351
2016-08-04,3.2877011635336766,3.357739744936992,3.25886160898874,3.3165407180786133,625800,0.007481306909954436,0.37969468284643526,-1.0557362365807337
2016-08-05,3.3247806849000123,3.3577400667079145,3.29182130309211,3.3495004177093506,674500,0.00988891834146409,0.38248407727417844,-0.763403425930976
2016-08-08,3.3783394003369227,3.473097907105912,3.3783394003369227,3.452498197555542,771000,0.030286878557667096,0.39189523031320767,-0.3663770324422383
2016-08-09,3.47721720775462,3.497816915368158,3.407178830519379,3.4195384979248047,555500,-0.009592484390060264,0.3900964296791917,-1.2331768271593389
2016-08-10,3.4401382183057225,3.468977573327662,3.39069876268705,3.3948187828063965,609900,-0.007255217926899296,0.37356005379992163,-0.9010173119148351
2016-08-11,3.427777943448129,3.5060567491902996,3.4154182767702617,3.493696689605713,1205300,0.028710017100936843,0.3935118600351296,0.9962175169674629
2016-08-12,3.51017726327138,3.5225369316894413,3.4318984465078506,3.436018466949463,537600,-0.01664702035948939,0.3843190762721483,-1.1475765313600637
2016-08-15,3.452497898003834,3.510177001159058,3.4442578577359115,3.489577293395996,513500,0.015467230851713924,0.39184784222960367,-1.1574209355688378
2016-08-16,3.460737881743916,3.6172951258908874,3.4524982335818564,3.592575788497925,1264400,0.029088825551684058,0.4066622522106323,1.0952449519954988
2016-08-17,3.5843360109688622,3.7573729570693493,3.563736299688935,3.7326536178588867,1312200,0.03824997135215269,0.42842266809092144,1.0871809115702848
2016-08-18,3.7573723605066482,3.827411131994169,3.7573723605066482,3.810931444168091,959900,0.020754226382902058,0.41362200809421873,0.2588160131114604
2016-08-19,3.7985721048018535,3.839771131474138,3.7738523744730554,3.815051794052124,679200,0.0010806082720799938,0.4091664149460664,-0.6187221866396396
2016-08-22,3.757372741458868,3.757372741458868,3.625535225483508,3.6790943145751953,440900,-0.03628762934585875,0.42802415316118164,-1.7237383253731346
2016-08-23,3.6914534953343456,3.761492264661424,3.6543741006427464,3.7367725372314453,715900,0.015555669183383374,0.40104976195507414,-0.3401285056356557
2016-08-24,3.703813167423252,3.7532522294409065,3.6749738128063045,3.707933187484741,470300,-0.007747651840773127,0.4009949729208827,-1.3775976650966495
2016-08-25,3.703813247658737,3.7862116861398203,3.683213539811779,3.7697319984436035,879800,0.016529281923469526,0.39851161671693164,0.2467302651432589
2016-08-26,3.798572102024157,3.852131190275068,3.707933614760555,3.7202932834625244,890100,-0.013201406169220251,0.38823842778827883,0.2619317899992591
2016-08-29,3.6955740859254247,3.7532528039887763,3.662614706201567,3.7120537757873535,453700,-0.0022172029871399715,0.3851417295296556,-1.367577389590573
2016-08-30,3.732653211595609,3.7573725481156104,3.6873337731309905,3.699693441390991,490500,-0.0033353392911850323,0.32411473378427524,-1.0591797627166022
2016-08-31,3.6708541976643243,3.707933596494353,3.633774798834296,3.650254487991333,950600,-0.01345307463827815,0.30208886458299944,0.7125054369061554
2016-09-01,3.625535383616087,3.6420150738317907,3.530776870195685,3.5513765811920166,783000,-0.02746159022715066,0.31829539504344523,0.28640435665469466
2016-09-02,3.6049355153856606,3.691453983471188,3.600815494784733,3.6790943145751953,451800,0.035331314046893984,0.33665052607226637,-1.2407183231354275
2016-09-06,3.6832144346948295,3.827412031751397,3.6832144346948295,3.8191723823547363,487900,0.03736713359083499,0.3547124827900781,-0.9553635502231462
2016-09-07,3.8191710365895775,3.942768484335229,3.7903312915964484,3.909809112548828,1057500,0.023454807173718083,0.3496318930226418,1.1104647965181462
2016-09-08,3.938649431421537,4.054007249482112,3.922169743127169,4.037527561187744,1488400,0.03214396234031495,0.35612738799141264,1.7586873321470458
2016-09-09,4.016927878996574,4.029287547071901,3.831531286239624,3.831531286239624,800000,-0.05236797789787878,0.41047535296928733,0.18616010069558914
2016-09-12,3.7779722426393327,3.823291288023076,3.7244131565093994,3.7244131565093994,1304100,-0.028355239384140488,0.4178132367265565,1.3779945402318103
2016-09-13,3.6502539831403236,3.6832133568959278,3.5431362148879746,3.5802152156829834,1207800,-0.03948638282555348,0.4383622084203811,1.0786822823531137
2016-09-14,3.5719754806314343,3.61729452020138,3.506056734745434,3.547255754470825,1148900,-0.009248637079945601,0.4371242119323037,0.8698986125812855
2016-09-15,3.559615714115064,3.588455066404224,3.4895769503499268,3.539016008377075,1191400,-0.002325552867013361,0.4248646668907467,0.9729355655316753
2016-09-16,3.4772175498291946,3.4772175498291946,3.415418813815814,3.427778482437134,1213000,-0.031936346182925957,0.4131655556659675,1.0376938800608315
2016-09-19,3.473097922226609,3.489577611357296,3.427778482437134,3.427778482437134,555800,0.0,0.40360618033746276,-0.8297009527870717
2016-09-20,3.4195391331096046,3.436018823680215,3.34538032908845,3.386579751968384,1270300,-0.012091889224345807,0.40366631176913725,1.0955975106940394
2016-09-21,3.4360185752272567,3.51841702212221,3.419538885848266,3.5101773738861084,1412500,0.035846080707625176,0.4119896631748677,1.234869088703144
2016-09-22,3.5596158140044887,3.646134266206544,3.5431361275329887,3.547255754470825,510200,0.010507707566659844,0.40960681740551574,-1.1550936320527274
2016-09-23,3.5225373043275585,3.530776953175654,3.3783397168711278,3.3906993865966797,567000,-0.045138068794104154,0.43533789666981354,-0.9523971246152674
2016-09-26,3.403058631779395,3.448377671824863,3.3783389053594073,3.3824589252471924,653500,-0.0024332711671382857,0.428835896626643,-0.5717679713758086
2016-09-27,3.3495001884251274,3.3618598575303253,3.2465020290992874,3.3206608295440674,852200,-0.018439129512130396,0.4304539045116956,0.06688406859872616
2016-09-28,3.3330202453624436,3.5060571713127713,3.2753411390767457,3.5019371509552,1289300,0.05315247892292884,0.4759590858706437,0.9677155162688093
2016-09-29,3.5142968952722153,3.6214150694496055,3.510177267732143,3.5637359619140625,1523000,0.017493135015904052,0.48109115187672347,1.2606697626029415
2016-09-30,3.6008154779406945,3.6420148979436653,3.5760961402643425,3.609055519104004,1231900,0.012636686953087155,0.4816057483147426,0.691520972758671
2016-10-03,3.4730974474306344,3.5843352356291156,3.341259559501491,3.5802152156829834,1644100,-0.008023194338601458,0.4725368634606216,1.2655792448981504
2016-10-04,3.6049348535744343,3.6049348535744343,3.5142963815278248,3.547255754470825,963400,-0.009248637079945601,0.45593912591354097,-0.0956238568439685
2016-10-05,3.600815213686494,3.6955737155765385,3.5554961693345004,3.691453695297241,1389500,0.039846058199174215,0.45869059852560023,0.791221909247183
2016-10-06,3.695573792768207,3.77385221517611,3.6914537724028524,3.7532525062561035,936700,0.016602463228791435,0.4545664752933388,-0.3074539750266091
2016-10-07,3.7614916924736015,3.794451062095392,3.703812599182129,3.703812599182129,622200,-0.013260077735579877,0.438593093137243,-1.3172217212166604
2016-10-10,3.765612532628865,3.852130994969677,3.765612532628865,3.831531286239624,511000,0.03390181559725379,0.4204244051011386,-1.680668808588117
2016-10-11,3.815051383109803,3.8191714032052744,3.7285329256386133,3.7491326332092285,626100,-0.02174002150998417,0.41539727528913606,-1.0506023533613937
2016-10-12,3.7326533450712773,3.749133034309497,3.6708542157478643,3.7202932834625244,580500,-0.007722010600145392,0.3909003587368706,-1.1262015379818648
2016-10-13,3.6873335653788355,3.75325231626053,3.662614230251574,3.7408926486968994,859600,0.005521754252154209,0.38897086675245385,-0.12060691530713082
2016-10-14,3.76149255405372,3.786211890478755,3.699693427177596,3.7244131565093994,719500,-0.00441496152616528,0.3893667072643985,-0.5079028188681752
2016-10-17,3.7161729574455173,3.72853262382471,3.6090548010746164,3.6378941535949707,768100,-0.023504312539936203,0.38099462378878196,-0.2934290640257767
2016-10-18,3.691453983073774,3.806811809539795,3.691453983073774,3.806811809539795,1075500,0.04538705842963414,0.40821133123234327,0.4982208525587921
2016-10-19,3.8438916598147275,3.922170488774708,3.8315319894709337,3.8603713512420654,1169200,0.013971340400803176,0.404432834954667,0.7341480642438623
2016-10-20,3.823291599626974,3.839771289555706,3.777972550549662,3.782092571258545,701600,-0.020485937097364116,0.3995135765861718,-0.5465464214452477
2016-10-21,3.7491331914010813,3.794452240478394,3.7408931499833153,3.782092571258545,570900,0.0,0.3988664534439807,-1.1477763509038208
2016-10-24,3.7697319984436035,3.823291081682995,3.7285329756564356,3.7697319984436035,1006500,-0.003273535749905767,0.35956320302396777,0.37049215709484046
2016-10-25,3.7573722804934295,3.7985716956346596,3.7367725729228143,3.7491326332092285,578800,-0.005479395569074931,0.36051515362825143,-1.1878669441536027
2016-10-26,3.6955740859254247,3.745013155511211,3.646135016339638,3.7120537757873535,1326500,-0.009939213587285244,0.35473757435680237,1.0696181741461988
2016-10-27,3.740893175698242,3.74913321717265,3.691454105572202,3.7285335063934326,751800,0.004429692691835493,0.30915823634491935,-0.42963845910304616
2016-10-28,3.7285329617890435,3.749132669559385,3.6296548359794967,3.642014503479004,808800,-0.023478030940860622,0.3174017376790683,-0.1494445285895531
2016-10-31,3.6131749823453148,3.6337742962625215,3.567855548751314,3.5802152156829834,684500,-0.017114048863399522,0.32041671671660665,-0.5807856664797497
2016-11-01,3.6172947938943905,3.6584942096437443,3.5554960631771078,3.5884554386138916,1132100,0.002298955261735878,0.31930836964642206,1.1299770589044262
2016-11-02,3.5431367596648746,3.576096138488166,3.5101773808415837,3.5142970085144043,2880700,-0.02088236229725756,0.3260758714671392,3.0134484953878062
2016-11-03,3.5307762234963596,3.57197563794291,3.485457181930542,3.485457181930542,713900,-0.008240286441479696,0.29197583812659494,-0.3839390174248093
2016-11-04,3.4607373165269206,3.518416415868167,3.4442576299875247,3.493696689605713,937200,0.002361177774521532,0.28415499550382506,0.3160382249149507
2016-11-07,3.543136727701626,3.6049354642111027,3.5101773491756676,3.5966954231262207,539500,0.02905508686267317,0.3028696865985708,-1.0692555767599432
2016-11-08,3.571975925364019,3.6584943883381458,3.55961625719822,3.625535011291504,488800,0.007986380859733343,0.27701351089081294,-1.3044053088460046
2016-11-09,3.522536729647722,3.625534877339721,3.522536729647722,3.6049351692199707,497300,-0.005698079735817494,0.2685142122849231,-1.200702805645665
2016-11-10,3.588455412065413,3.588455412065413,3.3618594129338883,3.3659794330596924,1072200,-0.06858480145454705,0.3543025668319419,0.6117094928320522
2016-11-11,3.3124208219224283,3.32890051186605,3.1517437467454132,3.254741907119751,1576000,-0.03360600423846648,0.36572978646632726,1.410443338197688
2016-11-14,3.246502190469242,3.3083009319737826,3.246502190469242,3.291821241378784,737800,0.011327999113361558,0.37095925459991114,-0.36390636819715116
2016-11-15,3.345379660630724,3.452497824389262,3.34125964058461,3.4318981170654297,1465300,0.041672514592595744,0.399548397221835,1.1296447976397603
2016-11-16,3.4030588774209596,3.431898232903709,3.3453797735487103,3.3536198139190674,1103700,-0.023073191074709884,0.3644038082302215,0.48545997917330047
2016-11-17,3.440137792265571,3.456617477795305,3.341259286180471,3.357738971710205,1113200,0.0012275184325377135,0.35820918048981326,0.5116878044120086
2016-11-18,3.3824595679768525,3.39481923708205,3.3000611190975397,3.3206608295440674,781300,-0.01110401420819956,0.35510163345604046,-0.3033711408226717
2016-11-21,3.403059219943136,3.4607379367140703,3.403059219943136,3.456618309020996,954600,0.04012693563481509,0.3894669377041702,0.0997116951956351
2016-11-22,3.473097922226609,3.4772175498291946,3.38245943555444,3.427778482437134,892100,-0.008378365211381387,0.38970127027725976,-0.04538888146115032
2016-11-23,3.39069876268705,3.419538510615733,3.3659794277844575,3.3948187828063965,705900,-0.009661996673531896,0.39009905244148146,-0.6285476911514998
2016-11-25,3.361859461382674,3.4030588774209596,3.3453797735487103,3.3536198139190674,292300,-0.01221007797424007,0.3905603745630166,-2.244955495225811
2016-11-28,3.3700991226190173,3.411298141115689,3.3494994169173284,3.361859083175659,823500,0.002453815585468926,0.39002938738489235,-0.08627018848023718
2016-11-29,3.2877011534153833,3.3165407078715625,3.2300222409564165,3.2341420650482178,756900,-0.03873043074966409,0.4025467034058597,-0.25611799320940914
2016-11-30,3.3989387560633797,3.55549598227935,3.394818736000837,3.5266566276550293,2432600,0.08658660238091756,0.5110250389810549,1.8731004145023409
2016-12-01,3.6131747918711516,3.69145320218746,3.530775968919197,3.539016008377075,1501400,0.003498433613975521,0.5111311385293897,0.9132912384231452
2016-12-02,3.543136892053041,3.6049356314291043,3.530776829852386,3.5348968505859375,917200,-0.0011646053150027682,0.505838504398819,0.10797121920516503
2016-12-05,3.5760957333504146,3.629654816097223,3.5431363582611084,3.5431363582611084,1248600,0.0023281923534102804,0.5049199771277223,0.7052722233669998
2016-12-06,3.5101770201782165,3.6255348342069604,3.5101770201782165,3.5884554386138916,1218600,0.012709558170287192,0.5065976493794816,0.6208859888181074
2016-12-07,3.6337748151217903,3.642014856190634,3.567856058198178,3.592575788497925,988300,0.0011475650796929672,0.4964370991275877,0.12400097829370649
2016-12-08,3.6131748932635435,3.6131748932635435,3.5101767545899882,3.547255754470825,1283700,-0.012695157421374397,0.49738492439999166,0.6185023432933545
2016-12-09,3.5060571850191153,3.6296550458820724,3.5060571850191153,3.6008152961730957,539300,0.014986013342208173,0.5000974524495976,-1.375648956545217
2016-12-12,3.712053495379753,3.7532525204690113,3.6749740977646814,3.6955738067626953,2262200,0.02597554412687921,0.4405621193365322,1.6961195233706183
2016-12-13,3.7367725729228143,3.7697319478731015,3.703813197972527,3.7491326332092285,715700,0.014388680310567978,0.4191793435255097,-0.6720067212443285
2016-12-14,3.716173522946685,3.765612588893457,3.6955738139088377,3.699693441390991,1712100,-0.013274552878470238,0.4244130872635897,1.0878847384556947
2016-12-15,3.658493564178837,3.7079326186115225,3.547255397025286,3.703812599182129,876800,0.0011127587912006678,0.4036820108525662,-0.267818966835291
2016-12-16,3.7326523794021984,3.773851395385819,3.7038126360163135,3.745012044906616,632300,0.011062111896746206,0.3923909568192953,-0.8885331186719978
2016-12-19,3.749132962076738,3.794452008382007,3.736772900706121,3.7862119674682617,712600,0.010941205173710918,0.3925770250696345,-0.5909486577957385
2016-12-20,3.8026914038016764,3.852130860186662,3.794451756342012,3.810931444168091,689300,0.006507594393586222,0.3877789288495043,-0.6430423278519897
2016-12-21,3.8232907360911748,3.8438904420761,3.7779716972497077,3.7903313636779785,417900,-0.005420186472694409,0.3697790297839467,-1.494618502428563
2016-12-22,3.7738523717134353,3.790332060951655,3.7202932834625244,3.7202932834625244,458400,-0.018650941504224496,0.37590934704943335,-1.205935414951277
2016-12-23,3.707933638409117,3.7120536589716444,3.646134901598346,3.666734218597412,724600,-0.014501097603443164,0.3784740479592285,-0.3587555019019528
2016-12-27,3.6955742060157974,3.7697326163509093,3.6955742060157974,3.761492967605591,385500,0.025514537230174807,0.38108353850746435,-1.633028055328114
2016-12-28,3.7656123206843723,3.7903316554437168,3.71205323816347,3.7491326332092285,279100,-0.0032914290265863904,0.38217377000783276,-1.9385628565836723
2016-12-29,3.75325231626053,3.7779720442945397,3.7326530012900614,3.7408926486968994,362200,-0.0022002563479910343,0.34876504168991196,-1.352867256466699
2016-12-30,3.7367731549610377,3.769732535045064,3.7202934649190245,3.7285335063934326,262400,-0.0033092645474587655,0.19535457944647844,-1.729348360092737
2017-01-03,3.773851765122081,3.8438905313535066,3.7697317452480625,3.8232908248901367,1020900,0.025096529725831006,0.21029156516509978,0.6015369873432902
2017-01-04,3.8356507791622056,3.8768497980506527,3.798571387127906,3.872729778289795,549000,0.012848103204618891,0.21182156488098036,-0.42970486559932536
2017-01-05,3.889209958373939,3.9716087924292816,3.889209958373939,3.9386494159698486,1154800,0.016878249266771818,0.21602964372249658,0.8687775891277145
2017-01-06,3.9386488575419567,3.983967895521582,3.8933294266556273,3.909809112548828,794200,-0.00734932423422377,0.21821990508581726,0.25838068634673367
2017-01-09,3.8562506223902764,3.8686106833723666,3.806811557182207,3.831531286239624,639900,-0.02022401555756385,0.2338426541959616,-0.09067543306026994
2017-01-10,3.848011680898271,3.8727310215858592,3.835652010554477,3.8603713512420654,473800,0.007498846906360696,0.2270573977685055,-0.5623929706029491
2017-01-11,3.885090817898967,3.926289847183183,3.8562510652025264,3.9139301776885986,738800,0.013778645861530929,0.22636066691247508,0.23360462087570488
2017-01-12,3.9427698170843413,4.000448933660795,3.9262901256206164,3.930410146713257,1265000,0.004201753771232051,0.21178810676041504,1.4291714515617684
2017-01-13,3.8809709041999767,3.9262899555353066,3.8686112343643084,3.8933305740356445,759900,-0.009478803459091965,0.21166098230172264,0.3690069386214878
2017-01-17,3.9139296871718936,3.963368751861043,3.9056896466036557,3.9386494159698486,1169300,0.011572896711756082,0.20681363095596708,1.390261449310548
2017-01-18,3.885090737191317,3.930409786334553,3.8686110472386126,3.8809707164764404,949800,-0.0147525697166592,0.2157291523299147,0.914790193190564
2017-01-19,3.8892101756752546,3.9304095950048556,3.86449083840292,3.8686108589172363,1232000,-0.0031898155839787147,0.21401541765611617,1.3474887418273955
2017-01-20,3.9221702192895274,3.946889558278695,3.9015705081940153,3.9139301776885986,1068400,0.011646538276741818,0.21441912011193845,0.9844119677541893
2017-01-23,3.8809703107124607,3.9386494159698486,3.8809703107124607,3.9386494159698486,934100,0.006295847023896107,0.21435904992450747,0.6730490768432199
2017-01-24,3.946888781066685,3.963368468116592,3.9180494269560304,3.9221694469451904,923700,-0.004192945660316118,0.2138964759411051,0.5831561063179536
2017-01-25,3.9056893789235483,3.930409106027313,3.876850024724767,3.8974497318267822,1758200,-0.006322506735657885,0.2031633402049842,1.6666291615999638
2017-01-26,3.905690243871313,3.9139302856996383,3.876850883285814,3.8933305740356445,549800,-0.0010574443157820954,0.19437326104129662,-0.5442452747850691
2017-01-27,3.8480111972152744,3.905689913507503,3.8480111972152744,3.8892102241516113,1069500,-0.001058870200840588,0.17629813858737742,0.6543316029530976
2017-01-30,3.8562507140178233,3.8809704436626,3.823291336429303,3.835651397705078,1726600,-0.01386683342615446,0.1836409749314618,1.5051335930599363
2017-01-31,3.860370111913932,3.893329484187374,3.843890425777211,3.872729778289795,904200,0.009620351071979357,0.1855308512234777,0.07694215294396885
2017-02-01,3.905689508078589,3.9592485911522504,3.876850152926135,3.9468889236450195,1082900,0.01896802686188888,0.19389004645858596,0.42379656372930036
2017-02-02,3.97572808273022,3.9839681225998382,3.9304090421674998,3.9633684158325195,855600,0.004166619446517148,0.17618949904286557,-0.2320675496718085
2017-02-03,3.975728931530959,4.016928353861493,3.971609303623354,3.98396897315979,849900,0.005184278069138885,0.17203817957456385,-0.3310990619681617
2017-02-06,3.9674889775715156,3.996328335240057,3.9139298898250954,3.9262895584106445,1659000,-0.014583704643320015,0.17077113379233677,1.5723635201971233
2017-02-07,3.8933305740356445,3.918050306613801,3.8644912134501457,3.8933305740356445,1672700,-0.008429867179209035,0.1713850499976873,1.4235646355099199
2017-02-08,3.864491026523736,3.8809707164764404,3.827411625903452,3.8809707164764404,779900,-0.003179673004903123,0.1557522683784592,-0.7248245229243758
2017-02-09,3.9262898573326095,3.930409878143724,3.8850908279418945,3.8850908279418945,851900,0.0010610556788502967,0.15374849733290358,-0.6285400000826111
2017-02-10,3.938649082037118,3.967488435767329,3.905689315465372,3.9633684158325195,967700,0.019947911079443093,0.16183376756883316,-0.26822314230187083
2017-02-13,3.9304093754016103,3.942769043347208,3.88509033099658,3.9386494159698486,582700,-0.0062563970416340715,0.16295035556885462,-1.6989506436370632
2017-02-14,3.94276938879245,3.9510094300826384,3.901570361061891,3.9180500507354736,902600,-0.0052437827166021776,0.1604549754193377,-0.38212089021994206
2017-02-15,3.8974505376943362,3.9098102073484347,3.8562511149715886,3.9015705585479736,1464300,-0.004214914612388476,0.1557320022246547,1.0722489314227441
2017-02-16,3.9139299058543715,3.9386496360334884,3.8686108589172363,3.8686108589172363,959000,-0.008483687971647268,0.1498821146941778,-0.2213548376732831
2017-02-17,3.8397705114794887,3.848010551227525,3.8026911184267664,3.8232908248901367,1200000,-0.011783967170752732,0.1549480293874617,0.4680840910672784
2017-02-21,3.8397717022998092,3.8480117446033124,3.790332627199317,3.8191723823547363,1237400,-0.0010777789365512896,0.14844987111403357,0.5366805893156932
2017-02-22,3.782092555927251,3.782092555927251,3.7120537757873535,3.7120537757873535,1098600,-0.02844844348111518,0.1731737796731986,0.15207788798303118
2017-02-23,3.773851855431827,3.827410936355591,3.753252148475498,3.827410936355591,2403400,0.030603277044110713,0.20812485623163807,2.1067299212717567
2017-02-24,3.7944517320149633,3.7944517320149633,3.724412960976476,3.7408926486968994,1280500,-0.02286431980481658,0.2207931885453978,0.48021210413790516
2017-02-27,3.7491331013373057,3.7862121081061195,3.7326534118044585,3.777972459793091,739100,0.009863220356787947,0.22455962749373296,-1.1596304359585266
2017-02-28,3.7408929861916116,3.761492695927286,3.703813587248754,3.7161736488342285,656400,-0.01649292952549818,0.23052184756226618,-1.3699019817231632
2017-03-01,3.7161742542834326,3.7244139037760586,3.6420154443155623,3.6708548069000244,1324700,-0.012269997544401003,0.22956507829115624,0.6688699332202885
2017-03-02,3.62141518794218,3.654374566781841,3.580215767939209,3.609055519104004,643900,-0.01697844330000613,0.23095445354342342,-1.3360961101587394
2017-03-03,3.6172951096772588,3.679094238696234,3.600815420520222,3.650254487991333,502300,0.01135077884436004,0.22304861692410885,-1.7653090171584127
2017-03-06,3.6914536725148124,3.6996933201157955,3.5966951712095865,3.62141489982605,1095200,-0.007932082122444378,0.22159093440000183,0.20364615056175953
2017-03-07,3.621415171129966,3.6873339285032642,3.621415171129966,3.666734218597412,808400,0.012436601435604237,0.2268621070392157,-0.5692509637333711
2017-03-08,3.6378942265174348,3.6543739129889348,3.5431361275329887,3.547255754470825,1546300,-0.03312712957606692,0.24609182135973134,1.1138663864972833
2017-03-09,3.5348961674942485,3.5802152080853498,3.4772170670909794,3.5760955810546875,976000,0.008097307798595086,0.2496827205224807,-0.012660991414983008
2017-03-10,3.609055128209155,3.642014503479004,3.588455420438813,3.642014503479004,1174400,0.018265378144749843,0.26139821131793234,0.4396098858164679
2017-03-13,3.6420152364973646,3.654374906484468,3.6090558545938722,3.617295503616333,627000,-0.006810315409642635,0.2612695965755859,-1.1940396695948599
2017-03-14,3.58021536055652,3.5843353806693696,3.506056963058953,3.5431363582611084,978100,-0.020714336362308204,0.25333282730211526,-0.020904336253781863
2017-03-15,3.5925756546793957,3.699693434236883,3.5637359049194686,3.6955738067626953,906200,0.04212352329769332,0.3019011507132133,-0.2927169445740037
2017-03-16,3.7161734240662665,3.720293051438804,3.662614339155678,3.691453695297241,1147700,-0.001115499269913267,0.3018590208926926,0.3321112228079997
2017-03-17,3.707933672968108,3.7367730313610203,3.6790943145751958,3.6790943145751953,901300,-0.003353724116523733,0.30182422273457693,-0.2822898537104991
2017-03-20,3.6502546840137673,3.740893175698242,3.646135056183366,3.7285335063934326,562100,0.013348382801555213,0.3060853774992276,-1.4655786165417735
2017-03-21,3.7408929932369954,3.757372682475215,3.695573946058586,3.7202932834625244,807900,-0.0022124897046955114,0.3039225396417402,-0.44238119431824025
2017-03-22,3.7079335315626247,3.7120535520064313,3.6708541333819142,3.687333822250366,1329100,-0.008898849319806973,0.3050558266774782,0.8831497867871305
2017-03-23,3.67497410487099,3.7408928594666864,3.67497410487099,3.699693441390991,721400,0.003346307041482099,0.28937275776334664,-0.6911412366755749
2017-03-24,3.7038137748770112,3.753252845003051,3.7038137748770112,3.7285335063934326,532000,0.007765031983020531,0.2688704087131747,-1.4982043550615929
2017-03-27,3.687333253756357,3.724412646220358,3.666733547620055,3.683213233947754,470600,-0.012229461926504257,0.260489770198104,-1.657027613743432
2017-03-28,3.703813197972527,3.7573722804934295,3.6749738431177112,3.7491326332092285,988200,0.017738982821954033,0.26590158473793163,0.4638291997747874
2017-03-29,3.757372444140861,3.8480109256551622,3.757372444140861,3.843890905380249,972200,0.02496059479311729,0.2729039899945148,0.365814363661161
2017-03-30,3.8644914363034766,3.8644914363034766,3.8150523612029845,3.8191723823547363,625400,-0.006451364899287256,0.26990328569344385,-0.8464914322831308
2017-03-31,3.806811891055895,3.868611022666103,3.806811891055895,3.839771270751953,588900,0.005379054605417334,0.26118498114544036,-1.002995214765062
2017-04-03,3.8315308971561954,3.872729917525869,3.815051210426981,3.864490270614624,662400,0.006416990013291528,0.2597408693430513,-0.7251195515662665
2017-04-04,3.864490219675339,3.905689239501953,3.8397704934539956,3.905689239501953,730800,0.010604479579592253,0.2580982196891815,-0.36394663509187847
2017-04-05,3.9345298070494295,3.9674891869548374,3.872730675046688,3.8809707164764404,1282200,-0.006348962507018631,0.2581967427144249,1.2883949738113634
2017-04-06,3.9139302282020725,3.9510096300711823,3.889210495987061,3.9015705585479736,1119100,0.005293872387668431,0.222907182917656,0.9929932794812344
2017-04-07,3.9056896466036557,3.9674887721451624,3.9056896466036557,3.9386494159698486,1178200,0.00945869732899067,0.22323107779941503,1.1034132444853075
2017-04-10,3.9633682117254927,4.008687249954356,3.9510085454642945,4.004567623138428,757000,0.01659773870623644,0.22201607604214346,-0.2432215469928889
2017-04-11,4.0128072696769905,4.0210473091222605,3.9757278779866905,4.004567623138428,1087800,0.0,0.21886838303651546,0.8589790917013875
2017-04-12,4.008687605117361,4.016927645292684,3.942768855341739,3.9592485427856445,1086300,-0.011381370089490936,0.20721415073982571,0.8285312974690209
2017-04-13,3.983968063816359,3.983968063816359,3.8191711979228393,3.8232908248901367,1396900,-0.03494272108813619,0.2065683287091413,1.4847852446655312
2017-04-17,3.864490848450129,3.975728652278405,3.864490848450129,3.967489004135132,970600,0.037021877681693564,0.23978538827678217,0.4048275206312532
2017-04-18,3.9427687090652004,3.99220776956273,3.934529062102309,3.9633684158325195,876900,-0.0010391281686688292,0.23909289019475788,0.09394069460410395
2017-04-19,3.9551285434351575,3.9922075420148304,3.8974494463556035,3.909809112548828,2229200,-0.01360572127585791,0.24336033114994168,2.4248556705999382
2017-04-20,3.9098099444652568,3.9674890538175807,3.9056899238886365,3.955129384994507,2074700,0.011524762483311147,0.24482706454190437,1.9033552544915602
2017-04-21,3.955128938668915,3.971608626208921,3.876850128173828,3.876850128173828,1641700,-0.01999031367572133,0.25439833242118937,1.27390235426399
2017-04-24,3.9015706380728554,3.983969092291046,3.9015706380728554,3.934530019760132,785000,0.014768437549979547,0.25799287191198905,-0.4894940245275356
2017-04-25,3.9433295866415903,3.9517109254433707,3.8930427527635993,3.9475202560424805,1063200,0.003296159651110812,0.25740150231755554,0.16480072252183087
2017-04-26,3.913995251516397,3.9559007417895575,3.8972329754782957,3.909804582595825,999800,-0.009600204621670409,0.25563279937622363,-0.08962954597705906
2017-04-27,3.8637088190412245,3.8720897580963807,3.779897430268533,3.7966597080230713,2106500,-0.02936573791298351,0.27256597062238963,1.73863190806402
2017-04-28,3.821803596351393,3.84694721722323,3.79246970503783,3.8301849365234375,957600,0.00879143236579914,0.25981419551050894,-0.28351485603340815
2017-05-01,3.813422175450483,3.838565393510757,3.7798976182739543,3.8050408363342285,472700,-0.006586364786977583,0.2598557364124827,-1.944434599453719
2017-05-02,3.8092312741030128,3.8427558292395934,3.784087657928467,3.784087657928467,2101900,-0.005521907202561373,0.2596629240939743,1.5088598559329345
2017-05-03,3.8050405499251148,3.8720896592313205,3.7798973337573956,3.859518051147461,1058100,0.01973750212992734,0.26821932257321757,-0.20106193606314296
2017-05-04,3.817612768452646,3.817612768452646,3.7463729785123685,3.7589449882507324,1105800,-0.026403988667372633,0.28005368966540106,-0.14484126841752432
2017-05-05,3.763134433130923,3.8888517054303673,3.750562825794236,3.8846614360809326,1338800,0.03289750378385264,0.3040359738838056,0.34497014528361614
2017-05-08,3.905614376068115,3.922376654090733,3.867899150606166,3.9056143760681152,2104400,0.005379267953496353,0.30405469206171565,1.3659930338083133
2017-05-09,3.918186214966466,3.918186214966466,3.867898983427893,3.8804709911346436,879500,-0.006458565799952531,0.30284538651671555,-0.7346793049828039
2017-05-10,3.92656710599731,3.960091660185471,3.901423890178294,3.934948444366455,1095700,0.013941244234923551,0.30106720123745695,-0.25222152234697753
2017-05-11,3.9391387409578296,3.951710748597882,3.897233247756958,3.897233247756958,2222500,-0.009630902247189129,0.30257532084328626,1.3624179813318715
2017-05-12,3.99361571502874,4.169619802331881,3.9768534400305438,4.148666858673096,2599300,0.0625201660368914,0.37189071588170447,1.5362932787364938
2017-05-15,4.203146105374542,4.333054090525646,4.190574493793573,4.2911481857299805,2004200,0.03376729573100456,0.3613851560635112,0.8977326241497392
2017-05-16,4.307909319788,4.341433874833493,4.211526323943264,4.236669540405273,1305000,-0.012776864656580558,0.3475587634052573,-0.07290989887515444
2017-05-17,4.224098126644747,4.22828879612942,4.085809230804443,4.085809230804443,1588000,-0.03625766802555026,0.37333328331283233,0.30599585415452346
2017-05-18,3.9936163148325967,4.069046763475509,3.9223765354796734,4.031331539154053,1631700,-0.013423078684984067,0.3732410089066579,0.41202770116528015
2017-05-19,4.07323726931757,4.178001599498053,4.07323726931757,4.165429592132568,770300,0.03272268554477434,0.3874001345491018,-1.207016066766506
2017-05-22,4.16123938399685,4.173810991903452,4.081618268085212,4.115142822265625,946300,-0.012145872422852954,0.3825936955498671,-0.6718332061528782
2017-05-23,4.136096575450089,4.136096575450089,4.0774283943666925,4.094191074371338,593100,-0.005104383290795235,0.38097720722355805,-1.6359912723567287
2017-05-24,4.07742766049519,4.115142884428932,4.056475113549081,4.064856052398682,626600,-0.007190827046676136,0.38222094432466414,-1.3895007738746645
2017-05-25,4.05228454976168,4.098380713744661,3.972663430575171,3.9810447692871094,981500,-0.020834041214749223,0.3882265366163121,-0.45384671777217017
2017-05-26,4.001997450810887,4.022950396555863,3.9642822283987686,4.018759727478027,733100,0.009429039830181713,0.3731365243949873,-0.9652645438250267
2017-05-30,3.9768546193376726,3.9810452892409742,3.918186839268565,3.922377109527588,613200,-0.024275454019577435,0.3837733829980801,-1.246908424438443
2017-05-31,3.842755575947672,3.872089459847607,3.7296099100864457,3.825993299484253,2542700,-0.02487975579902558,0.3935177044276665,1.5042045007390605
2017-06-01,3.8511367126620777,3.9181862216124985,3.825993496494358,3.859518051147461,1061900,0.008724198760180837,0.39397379340775357,-0.2479762068320588
2017-06-02,3.85532737432345,3.863708712792352,3.8134218809115845,3.83437442779541,1447200,-0.006536018778827561,0.38865557567835674,0.38238343475001646
2017-06-05,3.8678991081377383,3.9852354526519775,3.851136830299165,3.9852354526519775,1614400,0.038590095540561906,0.3987579393212105,0.5731238140701781
2017-06-06,3.989426273194322,4.0522847175598145,3.9768542646058296,4.0522847175598145,1151300,0.01668445462324983,0.3871158676586777,-0.12875299814396854
2017-06-07,4.018760037280692,4.056475262600243,3.9307579780831503,3.9475202560424805,1480500,-0.02619325135651772,0.398925089670627,0.454085982265459
2017-06-08,3.901423944285947,3.9265671604536667,3.8469464430636013,3.859518051147461,2185800,-0.022545280028466362,0.4062891152053972,1.1810540069296935
2017-06-09,3.8595186595551785,3.9559016694654434,3.8469470494895526,3.922377109527588,1285000,0.01615555703884476,0.4073352437230038,0.032043887478879256
2017-06-12,3.9600917083896565,3.989425993394526,3.872089652663477,3.8804709911346436,877900,-0.010741339768821042,0.4076788386310678,-0.7060004273823035
2017-06-13,3.880470950137223,3.9265671123089882,3.855327334633581,3.9139955043792725,696000,0.008602184637372692,0.3403831858249249,-1.1276168026379405
2017-06-14,3.9098052057333454,3.9098052057333454,3.813422203063965,3.813422203063965,1382500,-0.026031718361864763,0.32203766488098773,0.508246944755005
2017-06-15,3.7757074243380373,3.8343752069651638,3.7715167542520156,3.8301849365234375,775200,0.004386086314080124,0.3227194165836235,-0.8033269225837734
2017-06-16,3.863708521437995,3.8678987908207034,3.813421692047737,3.825993299484253,683800,-0.0010949686197925495,0.3018491069616951,-0.9985575819216326
2017-06-19,3.8301842209744312,3.855327437504756,3.7673253803601767,3.784087657928467,433000,-0.011013303369746395,0.3009276071257691,-1.801437742295087
2017-06-20,3.725420314498703,3.7338012544241264,3.629036907668593,3.6541805267333984,1334800,-0.0349329543641124,0.2907864434920368,0.6127658633237199
2017-06-21,3.6541807384775953,3.6960862398214935,3.6080841674617297,3.645799398422241,1707300,-0.002296206860728506,0.2902653063630841,1.0585957710445297
2017-06-22,3.683514598075719,3.742182779031691,3.6667523177517682,3.708658218383789,682700,0.01709448988754202,0.3008950986936674,-0.9201116663859824
2017-06-23,3.683514298224957,3.7673256930221752,3.683514298224957,3.71284818649292,519300,0.001129142340037185,0.30141047626570466,-1.454253204486452
2017-06-26,3.7296104654523634,3.763135023371251,3.700276577184401,3.71284818649292,227500,0.0,0.29560661735992894,-2.4985288847948803
2017-06-27,3.733801439047572,3.7673259996954735,3.7044675483917295,3.708658218383789,605200,-0.0011291423400371827,0.2921105433187588,-0.7840142779281458
2017-06-28,3.7086577062083577,3.750563201408832,3.704467036795041,3.721229314804077,997600,0.0033839296651748765,0.28329144049461014,0.03147379496079604
2017-06-29,3.700276346210788,3.7757067966419946,3.700276346210788,3.7379915714263916,986000,0.004494379532034347,0.2721158952033014,0.09671369199529635
2017-06-30,3.7924692410500764,3.8259937983481165,3.750563344605403,3.8092315196990967,769100,0.01887901373214761,0.2789275833159427,-0.3401154349049513
2017-07-03,3.809230926367218,3.930757527554498,3.7924686503291167,3.909804582595825,601800,0.026059925944665507,0.2927366239527927,-0.7250769860761551
2017-07-05,3.8678994187393654,3.8678994187393654,3.704467296600342,3.704467296600342,918600,-0.05394792505681679,0.3172175243257837,0.12616709506949425
2017-07-06,3.737991304458159,3.792468803696098,3.717038358652152,3.729609966278076,650300,0.006764192691042799,0.3110743439314534,-0.4950778432609079
2017-07-07,3.7170391421385496,3.7296107524143474,3.6374184108661143,3.67932391166687,640600,-0.013574645860192205,0.3026636805017716,-0.4591867635150053
2017-07-10,3.683514598075719,3.733801439047572,3.675133657735887,3.708658218383789,668900,0.007941129351944177,0.29666774885220726,-0.29110202869529833
2017-07-11,3.7170383528853392,3.7715158520387586,3.6835137995054197,3.750562906265259,920500,0.011235792056073966,0.293366448810716,0.4803190621158946
2017-07-12,3.8218026304573494,3.855327183384188,3.7966594155843176,3.825993299484253,1484700,0.01991218265097124,0.3011475085247493,1.4533779092658878
2017-07-13,3.8259934889707226,3.87628032085149,3.8259934889707226,3.83437442779541,1356200,0.002188179981353195,0.2994733352429446,1.1437884544415662
2017-07-14,3.8595178217633674,3.901423712411246,3.838564876439428,3.8846614360809326,839300,0.013029533895307512,0.2886743240383233,0.17867600703424108
2017-07-17,3.8930426335954875,3.8930426335954875,3.821802854537964,3.821802854537964,416500,-0.016313570848069503,0.29435761690317214,-1.2507783227388638
2017-07-18,3.8595175596544626,3.87627983484641,3.8385646157534867,3.8553268909454346,497800,0.008733537299709711,0.2959057958250163,-0.826581264510507
2017-07-19,3.8637087073532896,3.9181862083918184,3.8553273688961864,3.901423931121826,928600,0.011885797009158533,0.29544455137731374,0.40813071991105004
2017-07-20,3.9139961827837304,3.9642830228629133,3.9056148429483932,3.926567792892456,586100,0.006424112116962251,0.2643668180883608,-0.5107462291299961
2017-07-21,3.9056145078638145,3.922376786452079,3.800850166776101,3.8050408363342285,805900,-0.03143898562160671,0.2903136006381271,0.30131993299511284
2017-07-24,3.8301842635321477,3.834374533237613,3.779897430268533,3.7966597080230713,575400,-0.002205067578821579,0.2853556873656473,-0.49770967763796176
2017-07-25,3.8511366920921395,3.884661646210392,3.838565084075428,3.8762803077697754,997600,0.02075435428013382,0.2933526716490331,0.7607817600916057
2017-07-26,3.888851426529961,3.901423432609201,3.8511362075805664,3.8511362075805664,932600,-0.0065077866269054934,0.2947887486836526,0.5649751405666997
2017-07-27,3.8511364215636537,3.918185925445959,3.8511364215636537,3.8888516426086426,715600,0.009745682879622646,0.29585958628986553,-0.29867909176714785
2017-07-28,3.888851902943076,3.947520072900993,3.888851902943076,3.9181861877441406,475500,0.007514933019822289,0.2964030365628288,-1.4317476234002187
2017-07-31,3.905614165996655,3.930757781500297,3.8720896117546055,3.9139955043792725,617800,-0.0010701191390893616,0.29654760674237074,-0.5656895218360681
2017-08-01,3.893042110038358,3.9139950539393333,3.8553268909454346,3.8553268909454346,738600,-0.015102920339276248,0.29581585911202063,-0.007261000898918204
2017-08-02,3.8469461522819097,3.9056139186681724,3.842755483355981,3.8888516426086426,598000,0.008658106458543272,0.28277929378396005,-0.6593587805422987
2017-08-03,3.9139955185376727,3.955901011669717,3.8972332413560125,3.9181861877441406,911300,0.007514933019822289,0.2052672591387716,0.6451618319802258
2017-08-04,3.913995319747933,3.9223762580909938,3.8762800980936802,3.8846614360809326,597200,-0.008593005930005806,0.20828026531320845,-0.6458541437588458
2017-08-07,3.8678989823825884,3.8720896516170393,3.8092312116771336,3.83437442779541,345800,-0.01302953389530753,0.20777660571646336,-1.9971142723053639
2017-08-08,3.817612473008189,3.8637090391928917,3.800850194298547,3.813422203063965,693300,-0.005479297675640811,0.20811418599488474,-0.09138128563592164
2017-08-09,3.8553268686798243,3.8930420875549316,3.8259929871743688,3.8930420875549316,812400,0.02066387764386671,0.2161770163976447,0.36395927640327963
2017-08-10,3.9098049110417157,3.926567188487944,3.821802854537964,3.821802854537964,1290800,-0.018468616920987765,0.2164896681976627,1.7299375374334922
2017-08-11,3.79246970503783,3.867899768364749,3.7715167542520156,3.8301849365234375,818700,0.0021908255912013257,0.2164900133584778,0.5365758792050485
2017-08-14,3.838565097029861,3.8595180435579013,3.8259934889707226,3.83437442779541,734100,0.0010932113615606438,0.21128831913676946,0.21365304008041652
2017-08-15,3.813422655823645,3.8343752069651638,3.7798980944240594,3.8301849365234375,495000,-0.0010932113615607104,0.203478556470328,-1.1116359045218485
2017-08-16,3.8176124453643654,3.8720899506872857,3.805040836334228,3.8050408363342285,1077700,-0.006586364786977583,0.20220907207156194,1.3242386972175662
2017-08-17,3.8050408501257795,3.8637090252194737,3.800850180552463,3.8092315196990967,476600,0.001100744389496487,0.19719036073711374,-1.2083163420073515
2017-08-18,3.8218023260173317,3.8595175449667263,3.7924684444540975,3.8511362075805664,453600,0.010940755684910248,0.19997410286276773,-1.2791573301139203
2017-08-21,3.834374490633338,3.8678990457699185,3.7715160496633047,3.784087657928467,328100,-0.017563407276968045,0.17784797997643456,-1.9345897333571975
2017-08-22,3.8134219089566885,3.8469464637904167,3.809231239691418,3.8427557945251465,455400,0.015384947696989386,0.18569310004580195,-0.9718052043364868
2017-08-23,3.8301836779795955,3.872089166137382,3.8134214027876476,3.8553268909454346,495000,0.0032660360010579583,0.17105181447017537,-0.6708516445317887
2017-08-24,3.842755284462515,3.872089166137382,3.8301836779795955,3.8553268909454346,433700,0.0,0.16953470008767152,-0.9454075488841254
2017-08-25,3.8595182540786186,3.918186427628394,3.8343746369446476,3.8720898628234863,2121800,0.0043385774849897755,0.16664925807961659,2.6759114091208285
2017-08-28,3.8595183556461565,3.8804713038684935,3.8050408501257795,3.8092315196990967,857900,-0.016366909590979348,0.17311741346045462,0.5940998618433436
2017-08-29,3.77989735412296,3.8511367334114697,3.77989735412296,3.8427557945251465,747900,0.008762296104931585,0.17662771545853298,0.2665303630077053
2017-08-30,3.8218031287747998,3.8469467465704534,3.8092315196990967,3.8092315196990967,651000,-0.008762296104931646,0.17148281511450197,-0.02997362049887584
2017-08-31,3.8427557738209095,3.867898989988629,3.821802827251666,3.859518051147461,1124100,0.013114850537869488,0.17516114535166327,1.0902095610589775
2017-09-01,3.8595177594155112,3.901423649386429,3.8343741455041234,3.8888516426086426,606800,0.007571588026663368,0.17519334815194149,-0.20667029832281408
2017-09-05,3.9265668586339264,3.9517104725131706,3.8888516376371527,3.909804582595825,662100,0.005373487380132498,0.17359451704336118,-0.02652299170622049
2017-09-06,3.9265670856557997,3.9642823088331505,3.922376416492937,3.9517107009887695,659500,0.010661180142495418,0.17002333725622767,-0.1087085489830918
2017-09-07,3.9475199689684137,3.964282245708747,3.9391386307761462,3.9559009075164795,393500,0.0010597907756094455,0.16817140518309331,-1.198287719288852
2017-09-08,3.9475195815251793,3.9600911879354945,3.8804704811446165,3.8930420875549316,899800,-0.0160174851355026,0.1641384818693124,0.6353488443906289
2017-09-11,3.9098045926465304,3.9098045926465304,3.8595177644029572,3.86789870262146,1425100,-0.006479490974379521,0.15194229841925713,1.6190960003590473
2017-09-12,3.8678991933604516,3.8930428104944226,3.8595182540786186,3.8720898628234863,462400,0.0010829888380912715,0.15184191030890343,-0.7715080366174316
2017-09-13,3.8972332413560125,3.930757795719333,3.88466163338082,3.9181861877441406,608900,0.0118344619933759,0.1568314855018614,-0.15798964355181516
2017-09-14,3.9349481432558715,3.964282026014769,3.9307574743919775,3.939138412475586,1176700,0.005333182847649059,0.15731468824278078,1.1464847114591297
2017-09-15,3.9223768404644987,3.972663676921758,3.9223768404644987,3.960092067718506,606100,0.005305252060110992,0.1551478439203386,-0.19740254955375064
2017-09-18,3.9517109254433707,3.9894261507629216,3.92237663928137,3.9475202560424805,675400,-0.0031796759257795453,0.1561317991909839,0.00026121108429319175
2017-09-19,3.947520458515254,3.981045016153427,3.926567510080333,3.960092067718506,540800,0.003179675925779619,0.15261808547845,-0.510698329904463
2017-09-20,3.97685409993114,4.0019977164227285,3.96009182215149,3.9810447692871094,342800,0.005277015273994507,0.13667005996923304,-1.5371589368889251
2017-09-21,3.9600915565582584,3.985235171363529,3.9559008874833466,3.972663164138794,567800,-0.002107597694318022,0.12897200585676438,-0.44130523416543627
2017-09-22,3.9642827205980886,4.014569556843049,3.9642827205980886,4.001997947692871,408500,0.0073570313413711085,0.13041511912156947,-1.1443849531829176
2017-09-25,4.02714067178954,4.02714067178954,3.9726631726318207,3.9978067874908447,753000,-0.001047815721565226,0.13064542175136368,0.16174339947431499
2017-09-26,3.985235174143745,4.031331335067334,3.985235174143745,4.018759727478027,1216800,0.00522742190469393,0.13090522724334394,1.517155789571065
2017-09-27,4.01037885959589,4.01876019873439,3.9684733628361255,3.9936165809631348,766300,-0.00627609789607135,0.11724315406385626,0.3179926240886902
2017-09-28,4.006188413914218,4.043903239450134,3.9810447972460454,3.9894261360168457,807200,-0.0010498366298988043,0.11528771626613762,0.4444253033119138
2017-09-29,3.985235185683602,3.997806793309311,3.9600915707879834,3.976853847503662,922400,-0.0031563788812461013,0.11035646856849833,0.7418385691190759
2017-10-02,3.930757949765558,3.9852354526519775,3.922376611024158,3.9852354526519775,520800,0.0021053791105286445,0.10277846637804597,-0.6697051730853961
2017-10-03,3.9936166084965863,4.006188617291014,3.9642827205980886,4.001997947692871,780400,0.004197328113559077,0.10092575936779269,0.3823198933506462
2017-10-04,4.014569064182128,4.02714067178954,3.976853841715691,3.9978067874908447,535400,-0.001047815721565226,0.10016126958438021,-0.5937770359015778
2017-10-05,4.014569058400192,4.035522004145168,3.985235174143745,4.018759727478027,553600,0.00522742190469393,0.09524643083094339,-0.4800935266140133
2017-10-06,3.964282491507459,3.9978070470667597,3.9517108830837775,3.9810447692871094,712200,-0.009429039830181833,0.10160567635286015,0.11546653364529137
2017-10-09,4.0019974682855475,4.0019974682855475,3.94332929987228,3.9559009075164795,437500,-0.006335924903339414,0.08641194232324795,-1.1217998488281626
2017-10-10,4.0019977164227285,4.010378655490441,3.9810447692871094,3.9810447692871094,658700,0.006335924903339485,0.0842554196677788,0.10745073420606868
2017-10-11,3.9852356414688805,4.01037885959589,3.972663632761129,3.9936165809631348,464100,0.003152941934110521,0.08447049579377065,-0.9823433756045452
2017-10-12,3.9768543297482664,4.027141165993227,3.9768543297482664,4.001997947692871,910000,0.0020964917129426643,0.0756979459725738,1.0239184354757063
2017-10-13,4.043903356784412,4.081618583058868,4.043903356784412,4.069046974182129,572400,0.016615090016432313,0.09212635568135182,-0.3010964516862265
2017-10-16,4.098380322078684,4.144476881300627,4.0774273769454545,4.119333267211914,556500,0.012282508561721958,0.09865388508354937,-0.37965604810101433
2017-10-17,4.127715517830404,4.17800235748291,4.090000288179955,4.17800235748291,1484600,0.014141905476130546,0.10547810305516389,2.3216030504112637
2017-10-18,4.173810918515978,4.224097748902412,4.144477034034943,4.207335472106934,1196800,0.0069963154427101935,0.10651927991693151,1.5212018255621667
2017-10-19,4.169620994596266,4.203145554178695,4.165430324737394,4.194764614105225,907800,-0.0029923155526894417,0.10801966579147744,0.7218329921499173
2017-10-20,4.178001599498053,4.182191868975678,4.152857984411288,4.165429592132568,959800,-0.007017813616285333,0.11192177235047843,0.8038095110610244
2017-10-23,4.173811020611865,4.173811020611865,4.115142850570505,4.123524188995361,1383900,-0.010111230262976818,0.11807976545031733,1.6686357565450858
2017-10-24,4.152858257293701,4.157048926690896,4.110952762254439,4.152858257293701,1116000,0.0070886504635298145,0.11929096934870327,0.9826785800427307
2017-10-25,4.228289197135417,4.249242146901697,4.144477797714573,4.17800235748291,1099900,0.006036393525711447,0.11961528628174084,0.9707268007295451
2017-10-26,4.207336243535185,4.370768771990109,4.173811683797396,4.366578102111816,2458000,0.04414643197886537,0.1857174951861438,2.5063140615538284
2017-10-27,4.383339498853879,4.534199987279533,4.36657722236214,4.521628379821777,2471100,0.03489253061404802,0.2125829719014059,2.100814574813842
2017-10-30,4.584487192527353,4.672489251233221,4.550962636795997,4.605440139770508,1896300,0.0183660538206323,0.21401873795590676,1.420303066210929
2017-10-31,4.613820990720804,4.66410781900117,4.613820990720804,4.647345542907715,1376500,0.009057961805348572,0.21337438344511706,0.7356180194941329
2017-11-01,4.7060141437624585,4.789825938733282,4.676680255309225,4.773063659667969,2920000,0.026692169774604868,0.22322911610805424,1.868657545319538
2017-11-02,4.777253515469277,4.844303025560977,4.697632796723951,4.722776412963867,1652300,-0.010591525641179135,0.2306384380090026,0.7943500103368692
2017-11-03,4.722776180452444,4.739538457239074,4.592868235622908,4.7018232345581055,1796200,-0.00444649400760629,0.2344724943156529,0.8563893732349525
2017-11-06,4.731157265820417,4.978401155827765,4.718585657751427,4.970019817352295,1310900,0.05547347175537889,0.27906618561366064,0.2414464687733047
2017-11-07,4.990972953118228,5.0286881783993,4.898780224613857,5.0244975090026855,2041400,0.010901623241148788,0.27221628030127876,0.976892920148886
2017-11-08,5.053831965431857,5.1544056364742215,4.861065562778537,4.865255832672119,1395100,-0.03220615011489625,0.31118009569581434,0.17290689559477798
2017-11-09,4.831731549429633,5.078975471151096,4.8233506095233505,5.041260242462158,2154300,0.0355367983123624,0.3227943344311944,0.9996181539994192
2017-11-10,5.041259541378807,5.074784095630241,5.0035443179348915,5.045450210571289,1573900,0.0008307898535676542,0.3232682555987756,0.24397780031419802
2017-11-13,5.028687987747938,5.045450265054662,4.882017761580937,4.970019817352295,1477100,-0.015063061292182673,0.3347959247791103,-0.00500030644903725
2017-11-14,4.940686495855808,4.974211054295406,4.898780597984181,4.902971267700195,1597400,-0.013582424990299267,0.34397471536730695,0.08353041215141693
2017-11-15,4.810778626275633,4.882018414264407,4.794016346727937,4.861065864562988,1215600,-0.008583674942358944,0.34808960198999206,-0.7475072651467889
2017-11-16,4.856874920799682,4.911352426167808,4.8526842512380775,4.8736371994018555,1072200,0.0025827889653472864,0.34845941597719887,-1.107889841026831
2017-11-17,4.902971037245394,4.923923985196355,4.8652558108625135,4.882018089294434,721300,0.0017181607398614254,0.34713691498508903,-2.155865783518934
2017-11-20,4.890399772854083,4.890399772854083,4.7227769767261005,4.819159984588623,2038300,-0.012959041449770491,0.35079910158220934,0.7782161510951122
2017-11-21,4.8610654090805845,4.89458996503472,4.827540853126448,4.844303131103516,1253200,0.00520376659006125,0.34538839537348615,-0.6598903316435816
2017-11-22,4.873637097409371,4.995163714642956,4.869446427935466,4.9825921058654785,1334800,0.028146856399347612,0.35256968096111413,-0.507947684594673
2017-11-24,5.003544207104108,5.0203064838585325,4.915542154232328,4.923923492431641,790600,-0.011844588292615393,0.3596256792238429,-1.9049196891564042
2017-11-27,4.877827986874985,5.003544879608112,4.819159810527071,4.9784016609191895,1834200,0.011003217382924473,0.33492420604055884,0.5279435062543615
2017-11-28,4.890399040629165,4.957448149041295,4.831730870946447,4.840112209320068,1980900,-0.02817098369429645,0.3381869905813364,0.8137237805326558
2017-11-29,4.82754072095764,4.95325760252165,4.82754072095764,4.919733047485352,1375800,0.016316366187357483,0.3371047694783014,-0.2510448124820392
2017-11-30,4.923924312955781,4.944877262301468,4.8568751947649975,4.861065864562988,1117300,-0.011996542828217164,0.34032504848259004,-0.8453265074441558
2017-12-01,4.894590283101113,4.965830069044104,4.894590283101113,4.936495780944824,484800,0.01539799584096031,0.3322111670274029,-2.742185775160597
2017-12-04,4.915542295805468,5.016116358872864,4.902970687788623,4.986782073974609,1033600,0.010135103383431028,0.3303784703238849,-0.6628054234408122
2017-12-05,4.995163433134489,4.999354102372224,4.9448766012143155,4.970019817352295,838200,-0.0033669992917331006,0.33010982503359465,-1.1046690781386634
2017-12-06,4.995163496139133,4.995163496139133,4.882017823158461,4.919733047485352,1427100,-0.01016955710444093,0.27071361705865193,0.2735226932787927
2017-12-07,4.919733262689614,4.9825921058654785,4.8903993756607536,4.9825921058654785,452300,0.012695988416629944,0.27173396276991124,-2.25664739911755
2017-12-08,5.016115795576631,5.129261054310753,4.978400576117202,5.095736503601074,781700,0.022453951610726924,0.2566701179662492,-0.9057696705971684
2017-12-11,5.099927338666435,5.229834876991858,5.049640510961996,5.2088823318481445,1246300,0.02196109869586492,0.23809190468385702,0.2280212804163276
2017-12-12,5.166977498645221,5.326219352087883,5.078975432259652,5.288504123687744,1385300,0.015170122417663575,0.24267782259572626,0.5016285331209056
2017-12-13,5.26336082011137,5.397459052588721,5.26336082011137,5.380696773529053,1042000,0.017282446064276934,0.23946426347815467,-0.15070257679814228
2017-12-14,5.322028304846758,5.460317199408759,5.288503748567742,5.410030364990234,923400,0.0054368279988557195,0.23100225912714428,-0.38989710167028746
2017-12-15,5.426792643129743,5.460317199408759,5.389077417404791,5.410030364990234,1390000,0.0,0.2266622537621984,0.6106320012866059
2017-12-18,5.447744836945721,5.5357468849129186,5.447744836945721,5.489650726318359,1401700,0.014609927924169139,0.22880157968961184,0.59421417936455
2017-12-19,5.485460694773006,5.569272083611616,5.472889086358271,5.535747528076172,923800,0.008361978278675184,0.22851384832841837,-0.4689909598737607
2017-12-20,5.569271986083852,5.653083373454778,5.527366092576281,5.644702434539795,660300,0.019490871312507638,0.22217998707377856,-1.2073816801026698
2017-12-21,5.581843780315964,5.711751734803769,5.556700563088796,5.6991801261901855,594500,0.00960484387405935,0.22212259835771178,-1.3274570130968688
2017-12-22,5.72013276875823,5.820706838265714,5.686608212137148,5.795563220977783,708600,0.016770335934937305,0.212228311748912,-0.8152415552061283
2017-12-26,5.795563058013774,5.958995566679208,5.741085555125296,5.95480489730835,912800,0.02710577651465963,0.21108273050133355,-0.21262529227726076
2017-12-27,5.946423558566632,5.988329452986762,5.929661280727426,5.95480489730835,466200,0.0,0.21323166538406615,-1.6817887534496423
2017-12-28,5.9757582114117955,6.03861665725708,5.946423923658977,6.03861665725708,822400,0.013976516025838158,0.16675128556240762,-0.22257331029235553
2017-12-29,6.0721411320385075,6.160143194806206,6.046997913901591,6.130809307098389,920200,0.015151809770354628,0.16629072036745993,0.13328706374648855
2018-01-02,6.231383570781177,6.4576745537274025,6.155953109917674,6.449293613433838,1244500,0.05064384228295101,0.19813861730188562,0.9431229653238117
2018-01-03,6.466054312365757,6.767775282744128,6.466054312365757,6.763584613800049,2069400,0.04758241031278387,0.23077849548815293,2.043683643164794
2018-01-04,6.763585725914201,7.107212642946438,6.763585725914201,7.090450763702393,3179400,0.04719589808817961,0.25534648792147174,2.487623819592568
2018-01-05,7.1155931281797375,7.224548127698724,6.931208482183061,7.186832904815674,2150500,0.013501672658908602,0.24507283781619407,1.4679585117921188
2018-01-08,7.161688945039502,7.161688945039502,6.859967992620079,7.0694966316223145,1728300,-0.016461308989555556,0.2548191798470442,0.9909093451143028
2018-01-09,7.077879011031503,7.341885612457027,7.0694984707503465,7.308361053466797,1627800,0.033229762948189356,0.2600556556058502,0.7988917500349116
2018-01-10,7.312551756193509,7.559795679593444,7.312551756193509,7.387981414794922,2571400,0.010835504208638458,0.260797668444327,1.5644840197809222
2018-01-11,7.3376936260885275,7.434076615980616,7.161689523147658,7.2077860832214355,2672300,-0.024692704563123433,0.2985141605662168,1.4767402309744304
2018-01-12,7.224547376882507,7.224547376882507,6.910254418379153,7.0694966316223145,2150600,-0.019372562593704457,0.3220047514476453,0.9992027895065246
2018-01-16,7.03597208135349,7.1323550634653206,6.859967992620079,7.0694966316223145,2032600,0.0,0.325213777213708,0.8235214529940749
2018-01-17,7.119783801605541,7.341884469907678,7.098831255230499,7.279026031494141,1520100,0.02920778679219726,0.3286563028697763,0.25319950135245595
2018-01-18,7.232930373526196,7.362837935708009,7.1826431369427635,7.312551498413086,755500,0.004595188675547094,0.32654563227919514,-0.9540586628619161
2018-01-19,7.270645366175838,7.29997925353131,7.182642904820939,7.266454696655273,1100400,-0.006323744534783866,0.33429514131890187,-0.25903854237781654
2018-01-22,7.258071994809777,7.647795394873,7.258071994809777,7.635223388671875,2201300,0.04950368622934532,0.3562173868963148,0.8967405623484124
2018-01-23,7.631033246771704,7.953707567949144,7.593318824141256,7.941136360168457,3746800,0.039284186681940746,0.36561820083956054,1.6341090254233992
2018-01-24,7.941138061779855,8.498484372655051,7.941138061779855,8.402100563049316,3625900,0.056425358189692895,0.3900476048774226,1.4398935037008385
2018-01-25,8.469148192977741,8.6116277480666,8.0961874278096,8.23028564453125,3086600,-0.02066101981124943,0.4129971585953722,1.0646567639316653
2018-01-26,8.251239173564816,8.309906944860417,8.133902831685177,8.25961971282959,1186400,0.0035578250578720046,0.4135778562094072,-0.6484836237449357
2018-01-29,8.108759697820759,8.200952024978823,8.062663134597502,8.192570686340332,1428000,-0.008150817133381094,0.41838261825329387,-0.4835331541160079
2018-01-30,8.062664881960021,8.180001250463015,7.882470058622381,7.957900524139404,1881700,-0.029062517912174096,0.4456349073717763,0.01459319423730433
2018-01-31,7.983041010465699,8.066852787715746,7.861514812670309,7.90761137008667,2046200,-0.006339451611644608,0.4506048191466753,0.12730926141132404
2018-02-01,7.907611697498728,8.297334319769252,7.907611697498728,8.28895378112793,2073600,0.04709799845843209,0.44693755900646664,0.10368091127662007
2018-02-02,8.154855519795474,8.17161819719176,7.798657417297363,7.798657417297363,1871300,-0.06097216577260441,0.4936472443522543,-0.14269273536348892
2018-02-05,7.43826746209433,7.635224115600324,7.216166793792193,7.279026031494141,3250900,-0.06895452651699231,0.5359890732581174,1.2407115245275748
2018-02-06,7.082068358660046,7.534650220179584,6.663011049872015,7.438267230987549,2557900,0.02164085628333096,0.5390660158988552,0.6130634738193439
2018-02-07,7.438266250082659,7.484362803742744,7.09044876162779,7.107210636138916,2170700,-0.04552807141201107,0.5603460922720638,0.17840077717929564
2018-02-08,7.191025287253632,7.195215957382248,6.809683097724167,6.813873767852783,2013500,-0.04214905759031103,0.5652708552021835,-0.034526357853022285
2018-02-09,6.889303531209106,7.082069541796836,6.68815578157195,7.031783103942871,3587700,0.031479522101324764,0.5762097987430915,1.3236880673320213
2018-02-12,7.136546637789116,7.270644855881504,7.044353513384277,7.052734851837158,1805200,0.0029751480902093265,0.5706382253215738,-0.29238629870513666
2018-02-13,7.0150185718266584,7.0150185718266584,6.809680606379653,6.914444923400879,1119300,-0.019802773334327783,0.5708143327846014,-1.3164038301159524
2018-02-14,6.805492238749348,7.287408100127075,6.755205797178558,7.283217430114746,2013800,0.051960028747605864,0.5996748227234903,0.04821340743134425
2018-02-15,7.308361382230547,7.496936735300374,7.241312261233911,7.35864782333374,1258700,0.010303476945040814,0.5921653094595913,-1.004326379515359
2018-02-16,7.312551426527685,7.492745424233039,7.17426252639332,7.3376946449279785,829900,-0.002851483986368242,0.5920811511053816,-2.0098828281489096
2018-02-20,7.216167461696975,7.3963622546388565,7.211976792176411,7.266454696655273,1460000,-0.009756201703730108,0.5926741090249862,-0.7490489195590411
2018-02-21,7.287407634396945,7.333504202298004,7.165881408960326,7.170072078704834,1484300,-0.013352803137453208,0.5659159255685069,-0.6572128447359362
2018-02-22,7.312551822644621,7.605891517974098,7.258073913989695,7.526270389556885,1297700,0.048483911539527455,0.5753935543701313,-0.8989590860471693
2018-02-23,7.618463628188572,7.752561867744468,7.605891618496997,7.7232279777526855,1117000,0.025832789558683816,0.5448290118677733,-1.182982994297903
2018-02-26,7.7399892045453695,7.882468771865727,7.723227325660409,7.857325553894043,1396100,0.017213879743434433,0.5460421342197003,-0.5281600768467255
2018-02-27,7.827990433150264,7.874086991576665,7.685510888276264,7.689701557159424,1310400,-0.021564314668196947,0.5496226566514801,-0.724476103366613
2018-02-28,7.777704563731368,8.01237726642911,7.312551426527685,7.3376946449279785,2145600,-0.04685726133226555,0.5698182195823098,0.5960638631294067
2018-03-01,7.32093230119981,7.3335043106190305,7.052735827898075,7.224549293518066,1977100,-0.015539861687454436,0.564598772326645,0.36117338597008813
2018-03-02,7.140737450016392,7.341884781183164,7.073687540339024,7.320931434631348,1059600,0.013252714513760155,0.5679094049124593,-1.2380648823796336
2018-03-05,7.245502019605934,7.459220566338107,7.153308890368518,7.36702823638916,952600,0.0062768354674467884,0.5387874430823635,-1.3638811501531298
2018-03-06,7.459220112236232,7.492744666475714,7.3670277878997625,7.375409126281738,905300,0.0011369749233785323,0.4999397418586238,-1.3424410969872993
2018-03-07,7.279027094196456,7.362838091221032,7.170072078704834,7.170072078704834,1457100,-0.0282356680583145,0.4492296807127794,-0.09117176362133177
2018-03-08,7.216166621998893,7.237119967163515,7.065306533255569,7.2077860832214355,852100,0.005246134798197063,0.44248750115550933,-1.3938194878666188
2018-03-09,7.253883471865423,7.392172383832058,7.241312261233911,7.35864782333374,1241800,0.02071435402935434,0.41827447118050015,-0.31901557736270764
2018-03-12,7.329312393279271,7.438267391834841,7.270644624552581,7.304169178009033,916000,-0.007430890804079641,0.38870708779366187,-1.0575693362950487
2018-03-13,7.3460757871016185,7.45503079629821,7.316741100584917,7.350266456604004,1531600,0.006291259764379749,0.37526706667719134,0.6072491867911742
2018-03-14,7.387980041643584,7.446648608702869,7.346074949972024,7.40474271774292,905600,0.007384137552706933,0.37570578641673313,-1.127310262844533
2018-03-15,7.48017418996074,7.517889417080811,7.4173157445234565,7.492745399475098,923900,0.01181456963549268,0.3681369297593023,-1.0010571515364477
2018-03-16,7.496936312302006,7.67294044480967,7.4424592042992055,7.589129447937012,1584500,0.01278161523278687,0.3262216118818784,0.9484034341222439
2018-03-19,7.551413564055274,7.660368569891019,7.42988655010017,7.559794902801514,881100,-0.0038728270234289265,0.3253478666005212,-1.0928077987722205
2018-03-20,7.614272347077474,7.83637303806878,7.614272347077474,7.7735137939453125,1109300,0.027878227324926737,0.3376098362258556,-0.34338109993532984
2018-03-21,7.815418618826984,8.13390226818933,7.786084735211359,8.121330261230469,1646200,0.04377167814107582,0.3626250519687259,1.0702626011821508
2018-03-22,7.970469978024265,8.058471626705543,7.6729388816267825,7.689701557159424,2149600,-0.05461199247796282,0.4139021554889977,1.8160076325957246
2018-03-23,7.74837059149845,8.054282276457288,7.714846034232941,7.9872331619262695,1767600,0.03796243863562368,0.40083875855630424,1.0808726177897348
2018-03-26,8.058472615172105,8.36857495696841,7.945326939313215,8.305716514587402,2021100,0.03909960224151624,0.41288491365166835,1.3576646996946313
2018-03-27,8.364383896788024,8.502673582569203,7.93275535979254,7.9914231300354,1654900,-0.038575156614974404,0.43415440818222945,0.7079385296117301
2018-03-28,7.9746619479013265,7.987233157313324,7.752561256590288,7.823801040649414,1388000,-0.02119835477024802,0.43391860468393484,0.16389144096785516
2018-03-29,7.86989868121956,8.234478191143173,7.81961143883944,8.100379943847656,1230800,0.034740464181834914,0.41248022701202847,-0.12904703243648352
2018-04-02,8.112951675304267,8.293146488644918,7.991424643315986,8.087807655334473,1582900,-0.001553267277618951,0.4066331561870475,0.748556950410605
2018-04-03,8.192571602779982,8.305717289191008,8.121331814960655,8.276383399963379,1052400,0.02304838558515935,0.41042250432392224,-0.624372154383705
2018-04-04,8.050090881428169,8.326669453054473,7.9998044497058745,8.280572891235352,1156600,0.0005060702326806479,0.4108319903392308,-0.3451705791893757
2018-04-05,8.3434313720113,8.389527934059588,8.238667039565867,8.247048377990723,1723800,-0.004056791800363631,0.4119300715479029,0.9353740920983159
2018-04-06,8.209332355984932,8.276381458286208,8.045900269036615,8.11294937133789,1268900,-0.016393891009167483,0.40169130352765703,-0.11131287288576423
2018-04-09,8.17999878590696,8.423051990849622,8.17999878590696,8.28895378112793,1288900,0.021462285708395416,0.405279112540272,-0.13369536933375892
2018-04-10,8.490102938911797,8.548770718579718,8.389529259785983,8.469149589538574,1305400,0.021506342306143934,0.40563441359337415,-0.09531052156563656
2018-04-11,8.494292601050107,9.240214165894896,8.494292601050107,9.210880279541016,2839300,0.08395532339741481,0.4819025746797725,2.3292338412925675
2018-04-12,9.219262946379587,9.420410309744065,8.896588551427044,9.156404495239258,2118400,-0.005931845093632154,0.48527016096710196,1.247878113644812
2018-04-13,9.173164075342028,9.248594517508687,8.95106421706061,9.047447204589844,1742100,-0.01197093819540347,0.49141034411484075,0.5493724774428578
2018-04-16,9.013922972025082,9.043256856288066,8.724773199897216,8.779251098632812,2254900,-0.030091533353966762,0.5100555506341674,1.3092099408897557
2018-04-17,8.795240654038206,9.21879503503293,8.769308971866959,9.115067481994629,2176100,0.037537703777807824,0.5203629409029672,1.0975197983473393
2018-04-18,9.296593525419029,9.67692799372704,9.249051407747949,9.387354850769043,2637300,0.029434743498419,0.5229883823285096,1.6223647237876986
2018-04-19,9.499725051326184,9.629385126227188,9.365743715846548,9.612096786499023,2077400,0.0236588321617948,0.5214043803770493,0.7180477842535871
2018-04-20,9.542945631324338,9.590487743988497,9.39167594731848,9.482438087463379,1511900,-0.013580921740705824,0.512526057035191,-0.41255756804888966
2018-04-23,9.434898042372488,9.465151820932812,9.231764940357714,9.460829734802246,1192300,-0.002281376395658369,0.462380931518159,-1.1465144670829015
2018-04-24,9.512691596989464,9.793620531334751,9.374388172348919,9.499725341796875,1901000,0.004102797771281323,0.451202750293974,0.4887443185672756
2018-04-25,9.430575704187845,9.491083259691287,9.019987425001656,9.404644012451172,1934600,-0.010059275644503953,0.4408813916450957,0.560477641450707
2018-04-26,9.499725871195906,9.564555502064797,9.296592807979122,9.374388694763184,1207700,-0.00322224731569546,0.4119908552612978,-1.0237503784064315
2018-04-27,9.395999339949055,9.469473149584108,9.300915925743402,9.45218563079834,723400,0.008264634607516879,0.398460785945799,-2.296427466441672
2018-04-30,9.443538485776715,9.607773572120493,9.326844679389833,9.542943954467773,943000,0.009556030024907392,0.3873605823441417,-1.417605538674658
2018-05-01,9.50837080967524,9.564556274471396,9.201510147416332,9.38303279876709,696000,-0.016898991616886964,0.395591728636957,-1.9400327235219137
2018-05-02,9.348457968468443,9.586167759527747,9.348457968468443,9.460829734802246,637700,0.008257052173380887,0.3913614013352449,-1.926198550507561
2018-05-03,9.421930711524316,9.508370775589274,9.300915611057631,9.387354850769043,803000,-0.007796534025430482,0.3939767382898787,-1.299586492835275
2018-05-04,9.465148996871621,9.672604123119788,9.400319372963242,9.547266960144043,1410700,0.016891376348794913,0.3939396546445335,-0.01961796835678987
2018-05-07,9.599130717075532,9.655316997923691,9.249050074353752,9.257694244384766,1249200,-0.03079991538512285,0.4076287536975539,-0.2905867336402247
2018-05-08,9.279306926059562,9.361424919912464,8.88600612695092,9.318204879760742,2071400,0.006514984712471932,0.40388805060748434,0.781028254604212
2018-05-09,9.486760954559907,9.638029826680114,9.413287149092866,9.577522277832031,1260800,0.02744892297098364,0.40735156867893285,-0.3117642449859882
2018-05-10,9.616420881183082,9.733114725676005,9.460829088525848,9.599132537841797,1206500,0.002253810100376166,0.2919609831059903,-0.33804218658155866
2018-05-11,9.63802876643742,9.689892962854342,9.491081171668482,9.499725341796875,817200,-0.010409846950792067,0.2938929909640936,-1.1327623743800435
2018-05-14,9.629385430483413,10.087515731160822,9.629385430483413,10.009719848632812,1306600,0.052293718987162244,0.3372050287680909,-0.013539062340486645
2018-05-15,9.897348794531101,9.992433023910717,9.685571557640992,9.953535079956055,1901800,-0.005628833296280978,0.3152317201018145,0.9039094861216775
2018-05-16,9.936247228100095,10.044296894553145,9.599131971999306,9.655318260192871,1377900,-0.030418893900967192,0.3173986895983897,0.19237412668519974
2018-05-17,9.681248554611958,9.78929820549904,9.434895482485954,9.439217567443848,1636700,-0.022635786671067342,0.3134521893761726,0.7341981384111036
2018-05-18,9.408964951525912,9.486760841606333,9.305237372869856,9.339813232421875,1143700,-0.010586836405486117,0.3035366905578892,-0.16464792504119433
2018-05-21,9.39599878713,9.560234739876527,9.262017433097276,9.417609214782715,880900,0.008295002008442893,0.3019018897762142,-0.8270644148770911
2018-05-22,9.426253618172796,9.555913725563396,9.378712320714499,9.404644012451172,1075500,-0.00137764636630741,0.3018443894766161,-0.24995906271674273
2018-05-23,9.296592516368262,9.408964257714475,9.13667866251118,9.141000747680664,1277100,-0.028433740688380914,0.3165707165352401,0.3012422461083989
2018-05-24,9.110746911329333,9.344134562707977,8.89032551536732,9.31387996673584,1541600,0.01873588660906942,0.322796618052269,0.9276956242783568
2018-05-25,9.205832055749756,9.205832055749756,8.739057488896178,8.834141731262207,2668300,-0.052881800191604995,0.37046590761782755,2.1720535774096974
2018-05-29,8.968119382858276,9.244726174729294,8.838460155257053,9.07616901397705,3270100,0.027028231938559792,0.3830329511357346,2.2638667731140205
2018-05-30,9.166932304067672,9.439217895401363,9.05023930356382,9.413286209106445,2084000,0.03646992900775706,0.4039786764937759,1.0733108708996342
2018-05-31,9.326846551669139,9.434896210898092,9.24472857983616,9.287948608398438,2025300,-0.013404406567533956,0.40238600648144385,0.9231844277250585
2018-06-01,9.326845599241596,9.465149017035,9.266338060045332,9.37870979309082,1724600,0.009724493584329233,0.40281958284228986,0.45587935403988833
2018-06-04,9.439217828620395,9.685570907562814,9.236084776099357,9.331168174743652,1672000,-0.005081991528632093,0.40230225691048177,0.2973148536529129
2018-06-05,9.249049294058358,9.426250642977422,9.162610074100941,9.326845169067383,720500,-0.0004633940038488984,0.3974280570056918,-1.872114578009823
2018-06-06,9.378711997443943,9.482439585168914,9.158290564395786,9.179900169372559,1590700,-0.015880489536710337,0.3865986154886981,0.19192955023820735
2018-06-07,9.279303321333078,9.413285476190804,9.171253675104616,9.309557914733887,901400,0.014025275393287658,0.38915860145277215,-1.1893126701862322
2018-06-08,9.383031512943088,9.391675683066708,9.171254291035005,9.244728088378906,986300,-0.006988152513155816,0.37658522235193453,-0.9062771982128314
2018-06-11,9.244728713895833,9.287948743084854,9.132356967745778,9.197187423706055,673100,-0.005155730157247339,0.3764836816150565,-1.6796006768619498
2018-06-12,9.201509581952202,9.214475013764172,9.058883237192541,9.09778118133545,844700,-0.010867164934651691,0.37661514233835863,-1.1504145276737285
2018-06-13,9.076171908543587,9.132357371928542,8.92922429740936,9.071849822998047,842600,-0.0028543646194362027,0.3206235229492201,-1.0729819709314907
2018-06-14,9.145323662396537,9.197187864781343,9.0329519108574,9.067527770996094,1124400,-0.000476538079804289,0.32092900084452153,-0.35395346264402733
2018-06-15,9.019988007324404,9.032953441852968,8.803888638742496,8.85142993927002,1513700,-0.02412063383948938,0.31519530551914005,0.33097471999181177
2018-06-18,8.842784449436367,9.076172128428517,8.838463188139665,8.881682395935059,1076700,0.0034119770339308035,0.3087861618166924,-0.4191839063292401
2018-06-19,8.739057164695318,8.855751008168015,8.600753716588525,8.609397888183594,2144900,-0.031136613752373074,0.32310604675471866,1.0909239882771395
2018-06-20,8.687193661188516,8.834141278815808,8.522957700615159,8.535923957824707,3436700,-0.008570778757078647,0.32037065284574207,1.8644023939440988
2018-06-21,8.497026100607307,8.497026100607307,8.073471586182354,8.363044738769531,2008200,-0.020461041558412878,0.3246828539171862,0.6702721672757731
2018-06-22,8.643972363865876,8.743377848205506,8.52727853910886,8.55753231048584,1157100,0.02298930311443669,0.32794519433883534,-0.4735416996515435
2018-06-25,8.479738110624284,8.505669799523671,8.401942219572593,8.406264305114746,688200,-0.017834688582904594,0.3216143613120461,-1.4005471232812665
2018-06-26,8.42355220173598,8.574821905099789,8.25499497977967,8.535923957824707,1099100,0.015306427026880828,0.2770411726948495,-0.40709003267314714
2018-06-27,8.592107776830645,8.777953306111739,8.592107776830645,8.682869911193848,1227900,0.017068503403509752,0.2659850670483633,-0.09117910803439275
2018-06-28,8.730412057575418,8.851427138097826,8.65693826253535,8.769309997558594,940700,0.009906016746715996,0.23106331671058275,-0.6245468942947834
2018-06-29,8.886004481585307,8.946512856335243,8.816852759888421,8.881682395935059,1006700,0.012732872359225964,0.2344820591519445,-0.40232776196409287
2018-07-02,8.803884881494154,8.803884881494154,8.553209753894322,8.678546905517578,1011000,-0.023136890601010394,0.24108841699265224,-0.337144467621276
2018-07-03,8.838463664209963,8.9897325483488,8.708803560779199,8.764989852905273,1024200,0.009911253229485049,0.2455545206061424,-0.25331769944354615
2018-07-05,8.860071571255459,8.894647427339878,8.648294349694202,8.661260604858398,1154200,-0.011905082327695334,0.24726938966075054,-0.01173998438969137
2018-07-06,8.639650762721637,8.868716339962697,8.618041160342862,8.85575008392334,1438500,0.022206696674158647,0.2582470147856596,0.5741720188110003
2018-07-09,8.9465123494645,9.037273669916937,8.864394375469317,9.019986152648926,1027600,0.018375823854685818,0.26199994606061683,-0.32088989976811166
2018-07-10,9.054562138168912,9.166933062866278,9.045917967237266,9.093460083007812,633500,0.008112684066893631,0.2632369994799916,-1.4551050968536643
2018-07-11,8.942189543389782,9.093459222972879,8.769310262874855,8.825495719909668,1242600,-0.029910709487717346,0.28173323103947917,0.1555213316304886
2018-07-12,8.873038063106083,8.916257266099397,8.777953838072499,8.886003494262695,609600,0.0068326242765088165,0.28135755474059465,-1.577615893115137
2018-07-13,8.873039170871865,9.01134261616543,8.838463309548475,8.955156326293945,670500,0.007752094486891466,0.2829291317239183,-1.2775747974290337
2018-07-16,8.829818396198112,8.877360510655603,8.669904535793318,8.85575008392334,1735800,-0.011162517197262438,0.28527439934335636,0.9394042436526017
2018-07-17,8.77795532657038,8.976767156337111,8.730414030345358,8.920580863952637,598400,0.0072940887133290345,0.2738975597427157,-1.3970325268240973
2018-07-18,8.855750628609895,8.989731985176702,8.739056790138704,8.981088638305664,1006800,0.006760040427474982,0.27461062331285896,-0.21933073677465367
2018-07-19,8.90329219838083,8.985410171256454,8.82549631085166,8.85575008392334,709900,-0.014054129140804056,0.2555013261912857,-0.9207002121334834
2018-07-20,8.942190297190322,9.102103336014293,8.907614438172693,9.015664100646973,677700,0.01789654509024001,0.2589876363741511,-1.062794320935267
2018-07-23,9.067528637382248,9.067528637382248,8.816853421336768,8.829819679260254,542400,-0.020828927093342418,0.25940325268996944,-1.624816604609846
2018-07-24,8.898972064151215,8.972445882443209,8.85142993927002,8.85142993927002,529500,0.002444427994233652,0.2485797243211629,-1.5074812700447884
2018-07-25,8.929224790459322,9.024308204650879,8.86007306661936,9.024308204650879,737900,0.01934282702990327,0.24528063817831394,-0.5411928424686999
2018-07-26,8.985408458514094,9.019984310341595,8.920578015028365,9.011340141296387,554500,-0.0014380481744330508,0.2418551768354075,-1.2526576312156514
2018-07-27,8.985411191817766,9.115070469524067,8.911937381289906,8.93786907196045,663600,-0.00818659794989747,0.2385948093193443,-0.6628141471234655
2018-07-30,9.024306599667963,9.32684595592602,9.024306599667963,9.257694244384766,1144500,0.035157814033384395,0.2645862252645881,0.8896482382843581
2018-07-31,9.296593441410197,9.365745162295854,9.093460364352774,9.236085891723633,773800,-0.002336824849787603,0.2624418171252206,-0.2012789668226162
2018-08-01,9.227440671420755,9.322524070739746,9.080493075157397,9.322524070739746,760000,0.009315223956382304,0.24712037199173312,-0.21562917021590852
2018-08-02,9.2274401854433,9.3873532042556,9.192864330752528,9.370065689086914,865100,0.0050866917283622914,0.24608372913398555,0.18737230540607722
2018-08-03,9.2274409337326,9.473794021426269,9.15828921874327,9.21447467803955,1179700,-0.01674452457031922,0.250355313094462,1.09430459329301
2018-08-06,9.227442458524521,9.35710173946674,9.201510767206798,9.335492134094238,808500,0.013047912612531617,0.24339172052771546,0.07101338859291441
2018-08-07,9.460828814836265,9.512693019006171,9.421930867797224,9.456506729125977,621600,0.012879552490610185,0.2395930550396864,-0.6927303554450238
2018-08-08,9.339813961291812,9.374389823542096,9.084816668063366,9.102104187011719,1225600,-0.03819743119812257,0.2762228867671464,1.3266639036993988
2018-08-09,9.084816693016169,9.175578022539863,8.834141484924691,8.93786907196045,1662200,-0.018208414203041253,0.26288488281073596,2.062550083387391
2018-08-10,8.87736134335544,9.076172341819879,8.799565448528986,9.032952308654785,711600,0.010582056541910481,0.2643214301760793,-0.3881934578587884
2018-08-13,9.0070191705387,9.054561281812841,8.795241948863735,8.825495719909668,1006600,-0.02323448500475225,0.2755801269094389,0.5602043308088076
2018-08-14,8.838461127663036,8.972442454172006,8.838461127663036,8.903290748596191,774900,0.00877618196230046,0.2746913220330885,-0.09885909770987517
2018-08-15,8.955155104018505,8.955155104018505,8.449482685961389,8.479737281799316,1820600,-0.04874148702778369,0.3212401130411381,2.2502110612816346
2018-08-16,8.535923351027982,8.803886877168202,8.535923351027982,8.760666847229004,887900,0.032592557759905647,0.34230799696433717,0.17426435355106631
2018-08-17,8.799564623126432,8.87303842530915,8.756344594015394,8.85575008392334,695500,0.010794948871715355,0.3413573006697829,-0.5390159700010998
2018-08-20,8.88600443681289,9.03727413639523,8.881682351184418,8.976766586303711,514500,0.013572774097972124,0.3388202421522422,-1.331423955077354
2018-08-21,9.06320525612487,9.197187429125124,8.998375624479888,9.106425285339355,1087600,0.014340490547327951,0.3337128256475484,0.7030534797867947
2018-08-22,9.214474415902892,9.421929554969122,9.214474415902892,9.413286209106445,649700,0.03314187814872432,0.3513217077224036,-0.8423081057541623
2018-08-23,9.348456382751465,9.38303224157748,9.274982579701994,9.348456382751465,554800,-0.0069108809122137745,0.34762022725369834,-1.2290915552659725
2018-08-24,9.46082876872802,9.672606021378702,9.46082876872802,9.551590919494629,857600,0.0214964921296515,0.35404717825441195,-0.03403639738239467
2018-08-27,9.62938676063023,9.733114343544747,9.590488813993092,9.720148086547852,525800,0.017493124550756696,0.3552052758443441,-1.4162289147971867
2018-08-28,9.733114253619624,9.780655546795236,9.607776243534955,9.642352104187012,650800,-0.008035780526862215,0.3385844356982658,-0.724671220433492
2018-08-29,9.681248699476233,9.80658669207037,9.616419072844597,9.767688751220703,717900,0.012914799104107989,0.3402757024769829,-0.4275275178972438
2018-08-30,9.728790452449939,9.819551761524448,9.668282913066932,9.797942161560059,648400,0.0030925079375347365,0.3394250394108267,-0.6929367524140113
2018-08-31,9.810908777092937,9.836840462874907,9.625063242889729,9.767688751220703,670000,-0.003092507937534776,0.33978212325111923,-0.5597793837946582
2018-09-04,9.832519277328492,9.832519277328492,9.594810349815798,9.685571670532227,1464000,-0.008442550673787125,0.33520413654182074,1.5697407566929715
2018-09-05,9.59913046183877,9.603452546739355,9.430573272483004,9.52997875213623,978800,-0.016194833414145578,0.3387594327599607,0.44247593786052397
2018-09-06,9.534303010226443,9.642352684309008,9.43921959380108,9.512693405151367,756600,-0.0018154334212665572,0.33607050683605577,-0.28716325454304753
2018-09-07,9.469472767920623,9.715825877252048,9.430574821778446,9.646674156188965,1108700,0.013986154253520778,0.30825202815827646,0.7901081077891601
2018-09-10,9.689894466800121,9.750402018383236,9.525659330637282,9.53862476348877,873900,-0.011263888621079852,0.3031951265723641,0.23436746196709687
2018-09-11,9.508369804740692,9.737435374076691,9.486760203107666,9.733113288879395,1164000,0.020184492745337596,0.30796888860013366,1.027144574321631
2018-09-12,9.841164154682723,10.925982941864396,9.841164154682723,10.882762908935547,4157100,0.11164633998184018,0.47127654121817225,3.206372284920125
2018-09-13,10.921660306547627,11.064285830988283,10.549969196158363,10.757424354553223,1744800,-0.011583999199396287,0.47717143949886615,1.2687667755866283
2018-09-14,10.791999910955523,11.025387575855067,10.761746137584138,10.869795799255371,799300,0.010391761413477295,0.4284823364897276,-0.21801088640622646
2018-09-17,10.869795622736316,11.228520460685191,10.813610162295232,11.146403312683105,1068000,0.02512895777519374,0.42468742574015683,0.36846003728665233
2018-09-18,11.276063032378067,11.526738220581745,11.241487172775958,11.26741886138916,1239400,0.010798401422734794,0.42468735688352244,0.6195491400882592
2018-09-19,11.237164033344376,11.297671575884667,10.852507528303764,10.934624671936035,1224400,-0.029980944451940172,0.4481221108288965,0.5252529037820254
2018-09-20,10.99081145582794,11.029709399053207,10.658018307946646,10.722847938537598,1278500,-0.019557543717500066,0.45866953376660846,0.5970427653742542
2018-09-21,10.852509222674078,10.986490583940029,10.675307828122914,10.709883689880371,1639500,-0.0012097618225350947,0.4500933772148993,1.0236470258985406
2018-09-24,10.856830029590968,11.319282435256385,10.852507944336198,11.241486549377441,1676000,0.04844406655773633,0.47025723317828905,0.9765303123154703
2018-09-25,11.327926139139,11.552669633363502,11.297672365753684,11.375468254089355,1017100,0.011848038181142767,0.4681530797483975,-0.1154108436728763
2018-09-26,11.297672827554251,11.500806727479198,11.150725215658833,11.33224868774414,898700,-0.0038066018388656156,0.46870944699359685,-0.46561891538720673
2018-09-27,11.41436674521145,11.56995852933845,11.41436674521145,11.50080680847168,649100,0.01476466282115225,0.4659519514203984,-1.2123558882775132
2018-09-28,11.43597572130268,11.73419301639697,11.43597572130268,11.63910961151123,1305700,0.011953755354358025,0.46584631905470064,0.3348709346864047
2018-10-01,11.738515346291159,12.036732647597814,11.738515346291159,11.950292587280273,1064500,0.026384816847956523,0.46950915839691776,-0.20997238824067266
2018-10-02,11.950292200969743,12.084273548212632,11.647753648345367,11.729870796203613,797200,-0.018617114580701262,0.47774509589926134,-0.9657884762288893
2018-10-03,11.790378963563745,11.963258251285376,11.678007220456319,11.920038223266602,690200,0.016082220493625714,0.47418654457794746,-1.2014308672104392
2018-10-04,11.885461125310105,11.88978321009626,11.587243869892466,11.608854293823242,956900,-0.02645276014416633,0.48255278717600336,-0.3990721226242378
2018-10-05,11.587244789362728,11.67800692836737,11.405721335706893,11.522415161132812,914600,-0.007473825439508794,0.48460305550688726,-0.5411598623797886
2018-10-08,11.384112822817952,11.4964845738583,11.211233522891852,11.340892791748047,754900,-0.01587925806661821,0.4918194826903423,-0.9498016627228775
2018-10-09,11.384113224792266,11.621822167539992,11.340893192196255,11.556992530822754,790600,0.018875643071122095,0.4882417812834689,-0.8189678704378525
2018-10-10,11.552670913931482,11.587246776540658,11.05996466566234,11.103184700012207,1521900,-0.04005869062425339,0.5149408431896102,0.7174595202874638
2018-10-11,10.93894751677668,11.163691010897686,10.839542025883986,10.869795799255371,2276700,-0.021244061838933365,0.3524181679716719,2.1556653382944693
2018-10-12,11.042676270546508,11.211234321287467,10.930305335857318,11.021066665649414,1197800,0.013820677417080906,0.3529357320426374,0.3368563784508574
2018-10-15,11.09453944027846,11.176657415054896,10.675307044210305,10.688272476196289,882900,-0.030661482531245794,0.3677365157162464,-0.6268815378898812
2018-10-16,10.71420489780382,11.13775937571823,10.71420489780382,11.116148948669434,1624200,0.03925180114953872,0.3832131213199835,1.1706309097487027
2018-10-17,11.068607816702336,11.263096716811397,10.960558152968353,11.185300827026367,1247800,0.006201578882239898,0.38189001931516425,0.3760420714329637
2018-10-18,11.021064558596269,11.172334237016315,10.913014906061012,10.9562349319458,1214300,-0.020691795763763444,0.37408401226795984,0.2954633783108091
2018-10-19,11.04699792295102,11.219877228405348,10.995134543491497,11.059964179992676,677800,0.009423062996833723,0.3683281120425527,-1.3122107139046653
2018-10-22,11.198267482214119,11.198267482214119,10.995134403927889,11.150725364685059,2460800,0.008172793528568418,0.368900292248329,2.138872268838482
2018-10-23,10.852508391804433,11.029709772789033,10.571578609135354,10.692594528198242,3527100,-0.04195314923125241,0.3580040851528886,2.5252099633636336
2018-10-24,10.804965967696702,10.869795598632187,10.039974179338941,10.044296264648438,3027500,-0.06254646414781276,0.4097565393218836,1.8737306235422133
2018-10-25,10.217176145029526,10.238786572824432,9.914637575082597,10.165312767028809,1481200,0.011976278081326728,0.41440645923245933,0.3954558912472
2018-10-26,9.992433109473815,10.30361583942221,9.893026793875432,10.195566177368164,914100,0.0029717216713763027,0.40923823864703046,-0.6290104457530145
2018-10-29,10.251751144432276,10.346835370039734,9.893026316689905,9.988110542297363,1471200,-0.020557497425445815,0.40702145737674195,0.3480437130218208
2018-10-30,9.95353494186296,10.195565948614702,9.832519026310349,10.135058403015137,1477700,0.014605102527988785,0.396657152022787,0.32478421213178615
2018-10-31,10.251752317985448,10.312260693304102,10.01836546115324,10.05294132232666,757600,-0.00813528182089549,0.3947278565384542,-1.05025022021808
2018-11-01,10.078871338055897,10.204209329212356,9.331167949150386,9.434895515441895,2427200,-0.06345015595993338,0.4298359580626334,1.2294788334922808
2018-11-02,9.499728388915015,9.68125189806929,9.192867670109818,9.318204879760742,1617600,-0.012445103936008882,0.4262698340968146,0.34318817360735965
2018-11-05,9.447862909939737,9.607775951461612,9.413287050338775,9.59048843383789,903900,0.028801818498703398,0.44747385589697486,-0.8681701934433969
2018-11-06,9.650996699829363,9.668285043092396,9.292271820657204,9.443541526794434,1515400,-0.015440747638346589,0.4473882630048644,0.1448726024228824
2018-11-07,9.629387454408466,9.71582670088823,9.38735558581646,9.663963317871094,1139700,0.023072773896622028,0.4508727035623518,-0.5307914744113579
2018-11-08,9.676927315755071,9.715825259423733,9.365744590759277,9.365744590759277,872700,-0.03134500487702193,0.4441526405489149,-1.0418486616204334
2018-11-09,9.18422153811866,9.547268478985515,9.09778147625378,9.491082191467285,1511800,0.013293800490268275,0.4473801269357782,0.2092878154810212
2018-11-12,9.581843165049225,9.642350706330127,9.149644557377819,9.17125415802002,1385200,-0.03427859662694749,0.4509219925859954,-0.003351504891021946
2018-11-13,9.123712234494388,9.192863940943665,8.682869487615221,8.72176742553711,2151300,-0.050252140623882245,0.4677113366178646,0.9009654433941741
2018-11-14,8.920581080374589,9.028630757508404,8.708803812114747,8.821175575256348,1031900,0.011333242515898572,0.44009075861968294,-0.7116670612604337
2018-11-15,8.777955359945505,8.93354715562813,8.756345754702295,8.916258811950684,912300,0.010721296598479493,0.4425895823181314,-0.9347796396763726
2018-11-16,8.968121263523143,9.093459257594562,8.886003295833365,8.911935806274414,784500,-0.0004849628191266117,0.44243244325534054,-1.1785064089751434
2018-11-19,8.769309030251188,8.851426161732407,8.631004800926005,8.678546905517578,1284800,-0.026537372633155594,0.4402423826430413,-0.208149272186774
2018-11-20,8.535923889237813,8.544568060641389,8.233384484941126,8.293892860412598,1894300,-0.04533466344105563,0.4489772822280543,0.716748374512526
2018-11-21,8.401941757040328,8.52727893344875,8.319823784967133,8.522956848144531,1032400,0.027243884519699273,0.45875969706905767,-0.6351942706417164
2018-11-23,8.138300669458765,8.151266925921886,7.987030974803062,8.07779312133789,716800,-0.053644621858999146,0.4469934523677282,-1.5403072383583063
2018-11-26,8.216097647564881,8.289571461878806,8.116692141244167,8.151268005371094,1046900,0.00905479195271409,0.445263960532957,-0.40625957371299565
2018-11-27,8.142623290881467,8.345756376052535,8.103725343285411,8.276604652404785,1036600,0.01525931953033865,0.4519378686115753,-0.4572251583954022
2018-11-28,8.250671881283964,8.250671881283964,7.9827083689870815,8.203129768371582,1190100,-0.008917057643385906,0.4502846175250383,-0.02538997100538855
2018-11-29,8.229062343328419,8.380331204941944,8.203129831891697,8.285247802734375,5466800,0.00996079971724547,0.44744664449880794,3.0690425850190737
2018-11-30,8.23338428985918,8.397620245221477,8.129656708534666,8.302536010742188,762100,0.0020844513603376965,0.4492639561555365,-1.0920663407748157
2018-12-03,8.596428976645862,8.868714527347398,8.574819378683724,8.842782020568848,1199300,0.06304052375188803,0.469705384021813,-0.06653561209241761
2018-12-04,8.803886825033207,8.881681889238868,8.46677158272801,8.514313697814941,1606900,-0.03785282368174949,0.48410942938016277,0.5845714085248996
2018-12-06,8.29821298258882,8.518633530749124,8.185841253992441,8.376008033752441,2091500,-0.016377278959432553,0.4702905037669946,1.0627163551180763
2018-12-07,8.592109266113813,8.773632741950548,8.440840389877826,8.466772079467773,979000,0.010777902902441398,0.472737064120165,-0.5473182165169242
2018-12-10,8.35872184011095,8.393297698653512,8.11236874495101,8.181520462036133,857700,-0.0342713267132413,0.47125955052892005,-0.7930569358868302
2018-12-11,8.376009397486586,8.410585256195425,8.034572895780967,8.08643627166748,1129700,-0.011689885179922095,0.46381428125333396,-0.23290711808721345
2018-12-12,8.276603367791253,8.453804735179343,8.181519968621906,8.2290620803833,1021200,0.01748392097667105,0.4663438282852988,-0.4114094284572953
2018-12-13,8.172876529006908,8.345755826747633,8.030251005326623,8.07779312133789,1096400,-0.018553338013905213,0.45776915091846043,-0.23312349431653873
2018-12-14,7.982709082266104,8.017284942649985,7.853049811914936,7.9351677894592285,598000,-0.017814207435002935,0.4313271699578655,-1.39844383371378
2018-12-17,7.904913245305434,7.930844931981105,7.719067704697301,7.79254150390625,960500,-0.018137440464238885,0.4297743952776571,-0.37489708150396084
2018-12-18,7.7622881095665095,7.7622881095665095,7.554832935333252,7.554832935333252,1561100,-0.030979576425848476,0.43370783666669216,0.6065630538914705
2018-12-19,7.641272394077122,7.788220003528875,7.472715181498617,7.481358528137207,1162900,-0.009773085450296131,0.4329024159337872,-0.06186128886612455
2018-12-20,7.3819528085240265,7.4640707817250105,7.083735513265134,7.122633457183838,1350300,-0.049136872282200594,0.45155432314867183,0.2573035035770501
2018-12-21,7.083737120677085,7.16585511251194,6.941111568729013,6.9843316078186035,1039200,-0.019608226137937775,0.43422607851548045,-0.2552014491681448
2018-12-24,6.915178399738257,6.949754258762808,6.608317341762802,6.612639427185059,404700,-0.05468641612506368,0.4426720966525557,-2.00566441019503
2018-12-26,6.616961674943103,7.226361308245577,6.591029573950114,7.222039222717285,813200,0.08815447148667373,0.5373407335580886,-0.6422404939118882
2018-12-27,7.0318716833277515,7.165853023529053,6.92382202927915,7.165853023529053,694000,-0.007810245425693803,0.5348211449907516,-0.9005397350849581
2018-12-28,7.209074271948945,7.252294305764819,6.94975489340728,6.971364498138428,647200,-0.02751613549895731,0.5337865893075249,-0.9688074376556498
2018-12-31,7.001618477226654,7.066448110017854,6.828738769488868,6.863314628601074,560500,-0.015620465865980437,0.5344091423558994,-1.135507670761076
2019-01-02,6.742298624391094,7.1658530733622925,6.703400682714816,7.113988876342773,1087400,0.0358726028411954,0.5529007524374849,0.3203590332147467
2019-01-03,7.157207813059799,7.29551121824305,7.057802343628502,7.1312761306762695,1099200,0.0024270889746501605,0.5529749687625019,0.3053189785897535
2019-01-04,7.295513457501082,7.5937307816820185,7.278225938723668,7.567799091339111,1240100,0.05941208539908223,0.5472777661192498,0.6135156203339195
2019-01-07,7.55483205744835,7.736355519897498,7.502968682093444,7.680170059204102,586500,0.014739405770259418,0.5407062851211707,-1.2120479826707722
2019-01-08,7.7925421846145495,7.909235197025377,7.675848347850192,7.900591850280762,760000,0.028295984383879674,0.5508194414904385,-0.46539123405929955
2019-01-09,8.038893870142411,8.168553116292538,7.987029677070331,8.10804557800293,1423200,0.0259191755120941,0.5579671010898445,1.2838224734345087
2019-01-10,7.987030974803062,8.082115206825598,7.870337139695506,8.07779312133789,819800,-0.0037381432566148437,0.5456475218529817,-0.27489752554251995
2019-01-11,8.008641262981198,8.017284609452801,7.900591600727908,7.961099147796631,749600,-0.014551632461681131,0.5464693081263594,-0.4754450506234652
2019-01-14,7.779575622765561,7.99567494562016,7.779575622765561,7.878981113433838,723900,-0.010368479033512464,0.5432716223447414,-0.5265314167320665
2019-01-15,7.952454532272168,8.138300072851951,7.943810361930444,8.047538757324219,777800,0.021167705065215182,0.5455071252211178,-0.27884613334755265
2019-01-16,7.991353608457172,8.168555003840721,7.991353608457172,8.112369537353516,666400,0.008023699969401464,0.5423158083148415,-0.7467641141545348
2019-01-17,7.97406505688383,8.060504288311234,7.900591256776129,8.03457260131836,1042900,-0.009636194563698056,0.5393169530043272,0.5400911827197133
2019-01-18,8.13830030853896,8.13830030853896,7.974065189057201,8.017284393310547,567600,-0.0021540454413771005,0.5265662603327761,-1.131969283382038
2019-01-22,7.956778784904077,7.956778784904077,7.792543625440234,7.85305118560791,1038400,-0.020697617873507736,0.5312000998225612,0.7270890803057197
2019-01-23,7.913557888663413,7.943811665470485,7.710424798420507,7.723391056060791,1351700,-0.01664861878171063,0.5027131324457784,1.53851060558566
2019-01-24,7.675849112268659,7.844406343701011,7.675849112268659,7.745000839233398,653800,0.0027940586684669527,0.49547593742144325,-0.6317887579191817
2019-01-25,7.801186239887892,7.857372532775318,7.749322857295687,7.753644943237305,826800,0.0011154658312119098,0.44613867480914876,-0.013252029876517793
2019-01-28,7.602374138837958,7.714745884090752,7.515934081150121,7.684492111206055,1159000,-0.008958761578621141,0.33915386140576737,1.084851494833835
2019-01-29,7.775253163220166,7.874658649104785,7.757965646887537,7.79254150390625,705900,0.01396277230057079,0.33883200289091636,-0.6152865593277737
2019-01-30,7.857372074829028,7.999997605175443,7.753644491336505,7.956777572631836,1056800,0.020857031552602486,0.32323008362397854,0.6942972147110553
2019-01-31,8.004319473226422,8.272282183874434,8.004319473226422,8.146944999694824,908000,0.02361891998430866,0.3182496838470951,0.09549914348403246
2019-02-01,8.181519673078155,8.190163842968596,8.034572082354302,8.15990924835205,1010300,0.0015900370716994837,0.30240487511293407,0.5060166336255035
2019-02-04,8.086435452990123,8.15990924835205,8.00864039703639,8.15990924835205,736400,0.0,0.30293639401669825,-0.6030990947343898
2019-02-05,8.125333262206402,8.280925020313383,8.12101200168423,8.177197456359863,622000,0.002116435275051466,0.23376485997300364,-1.1299963487923494
2019-02-06,8.125334706043425,8.172876823769343,8.025929209301546,8.129656791687012,625200,-0.005830775039747247,0.2323679770932398,-1.13932550582388
2019-02-07,8.06050329013747,8.090757058608256,7.939488216254333,7.948131561279297,769500,-0.02258183031861065,0.22858512928716343,-0.33947458123180435
2019-02-08,7.930845307767207,7.974065337176851,7.870336936852306,7.969743251800537,609600,0.0027154006491851576,0.20910125766360643,-1.1804740358517414
2019-02-11,7.853049163375979,7.883302935669194,7.783897448319067,7.822795391082764,494900,-0.018610320383033965,0.21787943807900384,-1.78587467013236
2019-02-12,7.961098863793844,8.133978152361145,7.943810522760378,8.116690635681152,895900,0.03688055634593007,0.24966814137272225,0.45984724714128555
2019-02-13,8.168555627811921,8.211775664601605,8.099403898689884,8.138301849365234,831300,0.0026590263191233173,0.2463012126766708,0.14881461460073034
2019-02-14,8.103723233455222,8.194484537980308,8.060503211339455,8.125332832336426,797800,-0.001594848879917094,0.23584803165369303,-0.013586009700357608
2019-02-15,8.211774675929977,8.40194232029682,8.172876729937816,8.393298149108887,702400,0.032446856657564235,0.2596892826024958,-0.5149637254650803
2019-02-19,8.345755604704808,8.488381124590473,8.345755604704808,8.432195663452148,773300,0.004623648384158844,0.25658009767687706,-0.09122755641006379
2019-02-20,8.427872957114666,8.587786806708761,8.410584616897602,8.5704984664917,786800,0.016268698637881808,0.2604577449927034,-0.08836760068725232
2019-02-21,8.518635758834018,8.544568273691345,8.419230258274997,8.445162773132324,916500,-0.014732070464649376,0.25431498275070835,0.5838089325261469
2019-02-22,8.531600624213207,8.618040677593243,8.505668937940573,8.55753231048584,1006100,0.013218042535633015,0.24544782812299226,1.167153894798682
2019-02-25,8.501347621955302,8.752022810211924,8.501347621955302,8.743378639221191,945800,0.021484819853756543,0.2518978373581972,0.7919175564431971
2019-02-26,8.747699903372698,9.05456134990356,8.747699903372698,8.907613754272461,1547800,0.01860970207246957,0.255091093378063,2.478452891110576
2019-02-27,9.123714616139136,9.24040763601286,9.01998702938828,9.102104187011719,1462200,0.02159922710188495,0.25355570854510984,2.049791767811774
2019-02-28,9.115068719662624,9.128034974685495,8.717445966848885,8.747699737548828,1291400,-0.03971483746400191,0.3014698192941335,1.4226832117396189
2019-03-01,8.790920452433527,8.90329219838083,8.717446650250809,8.85575008392334,751900,0.012276196364256605,0.2974023125832471,-0.41513456205395416
2019-03-04,8.916258178474864,8.985410723917953,8.834141024901989,8.981088638305664,775000,0.014054129140803931,0.291687567158221,-0.28163880448225087
2019-03-05,9.032949902941079,9.054560325944982,8.94218859938473,8.989729881286621,804200,0.0009616972802360169,0.29177850657278015,-0.11413712588542048
2019-03-06,8.937868951136185,9.080494484426504,8.829819279723715,8.864395141601562,1167300,-0.01404009419604115,0.29854970012080023,1.1045485980126644
2019-03-07,8.868716645526261,8.924902108258987,8.73041320708861,8.743378639221191,680300,-0.013746020299608088,0.30476482733458216,-0.793280723622117
2019-03-08,8.527278734140257,8.579142932225178,8.406263645864545,8.54888916015625,853400,-0.022495335241783505,0.3162301086911934,-0.04958241865377299
2019-03-11,8.635329041122072,8.764989133916872,8.58346566348697,8.734734535217285,702000,0.02150620047392745,0.309156063166018,-0.7359578532718818
2019-03-12,8.803886609170624,8.920579614794667,8.78227618268211,8.8687162399292,692800,0.015222503093447078,0.3112781320682407,-0.8250202711144516
2019-03-13,8.946512630430234,9.179899479175674,8.911936770454853,9.162611961364746,865800,0.032601231372899386,0.312698420843579,-0.11532566862872928
2019-03-14,9.175575015178643,9.287946737058464,9.080491630981863,9.115067481994629,718100,-0.005202475155883787,0.29648606249929293,-0.8376045345605851
2019-03-15,9.054562258668671,9.292271191977859,9.054562258668671,9.24040699005127,1096100,0.013657119722298154,0.2975927058622028,0.8298290350828071
2019-03-18,9.244729612778684,9.633709088947592,9.244729612778684,9.61642074584961,981400,0.039886200377776536,0.31815167161227054,0.344784819858828
2019-03-19,9.668284153213932,9.7979434183384,9.62938620880589,9.685571670532227,1096900,0.007165189897605754,0.3054997904837177,0.7186767049947471
2019-03-20,9.629385203158721,9.88870370632567,9.586165177846425,9.858449935913086,905400,0.017691627443833607,0.3076627277797068,-0.1000820719354136
2019-03-21,9.87573919204673,10.044296399614604,9.836841248092068,9.953535079956055,631300,0.009598823544498068,0.3061152067774248,-1.4808106054120032
2019-03-22,9.810911065474656,9.810911065474656,9.400321960449219,9.400321960449219,1115500,-0.05718383268861011,0.37244264053488324,0.7247531638779919
2019-03-25,9.370065623390383,9.430573162586649,9.236084290447199,9.37870979309082,789500,-0.0023017349545794374,0.3720616378416435,-0.5755856819832298
2019-03-26,9.534302313622062,9.698538267866006,9.51269271012585,9.568878173828125,607200,0.02007377053179106,0.3712747530421685,-1.429286220878841
2019-03-27,9.529980293310905,9.568878239353278,9.16261208523843,9.236085891723633,1272300,-0.03539778426230997,0.39161980566249044,1.4034169897431876
2019-03-28,9.162611665047008,9.266339241618613,9.076171605727252,9.184221267700195,1090400,-0.005631259091547076,0.38552013543176306,0.9334942928164041
2019-03-29,9.326845889467767,9.344134229406606,9.223118322894994,9.266338348388672,618300,0.00890136934644815,0.35750309207891123,-1.3708684652215857
2019-04-01,9.378711659401453,9.47811715767742,9.287949508192506,9.456506729125977,655500,0.020314745962666168,0.36126871778040165,-1.061459204372006
2019-04-02,9.460827167879899,9.551589303288823,9.417607967007797,9.439217567443848,1140400,-0.001829955415893148,0.35939984289611937,1.1840759935956655
2019-04-03,9.50836931127589,9.568876852190916,9.404641744984382,9.434895515441895,1035600,-0.0004579873034054157,0.3595035270343381,0.7275816929057332
2019-04-04,9.417608159775217,9.426251505514507,9.227440539502487,9.24905014038086,1016400,-0.019894245888976255,0.3634072539373546,0.6970491359637698
2019-04-05,9.322523084416508,9.41760729802903,9.296591400864619,9.326845169067383,555900,0.008375960588745691,0.3593699039303309,-1.6937886368972321
2019-04-08,9.378711232023257,9.50404841449591,9.296593255976918,9.495404243469238,598000,0.017911098395710326,0.3502868470700987,-1.2786925601346535
2019-04-09,9.46082832867718,9.469472499653564,9.305237372869856,9.339813232421875,980500,-0.016521662197560297,0.3524722226007525,0.5368771191978075
2019-04-10,9.383031221885053,9.49108087201834,9.383031221885053,9.447861671447754,647900,0.011502182235099658,0.35110487672415625,-1.0160023344876246
2019-04-11,9.400320221205924,9.426251908238555,9.153967133512253,9.21447467803955,1045200,-0.025012855516862095,0.3466234366402448,0.7387500961607252
2019-04-12,9.374386226683782,9.374386226683782,9.054559417494602,9.07616901397705,1063200,-0.015123393408458911,0.35028096451903884,0.7306603632566337
2019-04-15,9.076171119976406,9.076171119976406,8.873038063106083,8.886003494262695,1044100,-0.021174791075896364,0.35367981647464475,0.6768098067756941
2019-04-16,8.929225035758494,8.94219129346728,8.78227741247331,8.920580863952637,623700,0.0038836660029582483,0.3205724355098631,-1.1276603350989083
2019-04-17,9.007019642178959,9.041595500092463,8.730412778870937,8.782276153564453,1222700,-0.015625446696801656,0.32067165156629845,1.260631331545743
2019-04-18,8.816853129633216,8.873039421089139,8.596431698348187,8.600753784179688,895300,-0.020885768310445606,0.314575619050082,0.1592851170733271
2019-04-22,8.708801868925772,9.067526683993872,8.708801868925772,8.99405288696289,1170100,0.04471371983889932,0.3577700174880956,1.0073142876855716
2019-04-23,9.06093093073171,9.130594496451554,8.958757760063955,9.019132614135742,1029500,0.0027845983573508465,0.30336752903401815,0.5714360445415716
2019-04-24,8.991265702586366,8.995910057551686,8.661523586609794,8.763697624206543,953500,-0.028730247830232383,0.31722794771293444,0.26421424394008236
2019-04-25,8.759055183601845,8.824074395686504,8.726545577559516,8.772987365722656,713300,0.0010594639055669576,0.3062776199830453,-0.8346699845749761
2019-04-26,8.703321923239617,8.78691854124175,8.596504416156955,8.629014015197754,1328700,-0.016547135291223973,0.28847749706009507,1.4541633549343007
2019-04-29,8.619727012454058,8.619727012454058,8.438601561455961,8.596506118774414,722700,-0.003774392269480448,0.2883550441322097,-0.7132793946513601
2019-04-30,8.652235580420927,8.703322603374536,8.554706775676987,8.5872163772583,861800,-0.001081225843035049,0.2851543885565422,-0.12956988153353605
2019-05-01,8.582573637790132,8.582573637790132,8.36429421049056,8.392159461975098,509300,-0.02297675703079451,0.27872297622027625,-1.9570122809873152
2019-05-02,8.322494898067768,8.429312420873027,8.132080744955692,8.378226280212402,940100,-0.0016616415606348998,0.27875292412717545,0.27190643223673744
2019-05-03,8.485043966225177,8.554707530880728,8.401447334310403,8.406091690063477,886100,0.0033204131978548505,0.2799491568004897,0.08397112306627791
2019-05-06,8.262120529021717,8.350360634329867,8.127436864361403,8.313206672668457,780400,-0.011111228594075873,0.2758820065687869,-0.34001938525326286
2019-05-07,8.252831788390374,8.401447634518096,8.094927230424592,8.15994644165039,923200,-0.01860781019065974,0.2751337553155164,0.20793108482842348
2019-05-08,8.211033998595033,8.406092530627554,8.062418142916995,8.392159461975098,1675400,0.02806026714751553,0.2883459940528064,2.1986455105947824
2019-05-09,8.336427696452674,8.684746387627797,8.257475424353505,8.633659362792969,1371800,0.028370570775658105,0.30869084332578384,1.3402273665504933
2019-05-10,8.633659486639804,8.735832651954858,8.438600981350879,8.656880378723145,916900,0.002685980916497784,0.30468933211531707,-0.13244893640879907
2019-05-13,8.596504513118237,8.703322021405711,8.471109584700692,8.494331359863281,802000,-0.01895538209020321,0.3001554419638878,-0.572848923154256
2019-05-14,8.559351015474665,8.666168529462787,8.559351015474665,8.573283195495605,479900,0.009251720388680516,0.3005224293636889,-2.0454144154723592
2019-05-15,8.49897559673855,8.63365924738632,8.40609114515892,8.619726181030273,417800,0.005402556059946486,0.2939832186926438,-2.079809878451291
2019-05-16,8.675457241994021,8.833361778281978,8.605793684412909,8.712611198425293,682400,0.010718220466281096,0.2964879007919593,-0.6979459827893211
2019-05-17,8.642948868324126,8.772987291391665,8.601150550675182,8.605794906616211,837800,-0.012335736404476617,0.29467389505194275,-0.05513562952082645
2019-05-20,8.610439280700845,8.666169780469989,8.452534721654398,8.466466903686523,638600,-0.01632251166587469,0.2911906671326531,-0.7986572446348841
2019-05-21,8.512908501632852,8.619726017542554,8.494331965997352,8.5918607711792,427300,0.014702042138255905,0.24742058754944973,-1.7238959805378686
2019-05-22,8.526841645962675,8.633659162852481,8.433956309472276,8.461821556091309,644500,-0.015250868763328488,0.2507281246095746,-0.5368928039560783
2019-05-23,8.257475787725113,8.308561928987757,8.039195498058291,8.108859062194824,731700,-0.042607289006271885,0.27232391342288803,-0.1530095871432396
2019-05-24,8.201745684590083,8.327140651092591,8.136726466027485,8.299275398254395,448800,0.02321103418250882,0.28758372868464666,-1.3779747606519603
2019-05-28,8.104214467869157,8.104214467869157,7.667654834926698,7.714097499847412,2301600,-0.07311871053303579,0.37540629467437264,2.5018484020566887
2019-05-29,7.602638259190957,7.9463126808936115,7.481887643054274,7.9184465408325195,876100,0.02614554370994609,0.39096116201954495,0.25708848756878894
2019-05-30,7.9555981408628265,8.002040807989642,7.746607467522448,7.774472713470459,469100,-0.018349405190955948,0.3939503692717976,-1.079558091628266
2019-05-31,7.6258581933924745,7.732675726004526,7.593348586581881,7.61192512512207,421800,-0.021129524603280773,0.3929232353301358,-1.2677490598898797
2019-06-03,7.681589439976732,7.876647077268103,7.681589439976732,7.8116278648376465,476700,0.025897262571175618,0.40690993934755926,-0.9152039796346538
2019-06-04,7.8487809130364194,7.969531497645623,7.704809436926312,7.9648871421813965,810000,0.01942939851369696,0.4139942005624687,0.23226201134134528
2019-06-05,7.964887261313403,7.964887261313403,7.732674799550212,7.76518440246582,502700,-0.025392569822427026,0.4206109146935477,-0.739097993779394
2019-06-06,7.797694922170961,7.909156797961545,7.774473144410268,7.834848880767822,335400,0.008931383687320837,0.4187534909706041,-1.4251513813065815
2019-06-07,7.895224125463192,8.173879271761244,7.834849271911754,8.12279224395752,649200,0.03609237956271324,0.42684913699015953,0.0020407252735372486
2019-06-10,8.132081554257272,8.229610375441077,8.053129271756896,8.062417984008789,603600,-0.007460457927473256,0.41302157537609036,-0.07909299598745169
2019-06-11,8.132081971188002,8.136726327552063,7.978821754455566,7.978821754455566,510700,-0.010422758801296872,0.4131401376474752,-0.42243189518192864
2019-06-12,7.853424608789397,7.92308816326039,7.700164434625151,7.714097499847412,623500,-0.033741251699418946,0.4229939696587674,0.0980951156007674
2019-06-13,7.839493620614152,7.913802435667254,7.825561437520762,7.890580654144287,506200,0.022620226787659674,0.4309651258809758,-0.42753752865276856
2019-06-14,7.858070963367448,7.913802352617314,7.806983930373436,7.87200403213501,1283700,-0.0023570538689587904,0.4296793806689509,1.6628004643561767
2019-06-17,7.8348487324639695,7.98810891950253,7.8348487324639695,7.9648871421813965,385800,0.011730102081881225,0.43013968422545507,-1.0730052042920983
2019-06-18,8.039195216776726,8.215677184622688,8.039195216776726,8.206388473510742,625600,0.029870159034736297,0.4447702221740774,0.0646256886686978
2019-06-19,8.201744120494356,8.401446980361767,8.122791847658874,8.35500431060791,1000100,0.017947744900040023,0.4469586217737407,1.068372650812501
2019-06-20,8.550061752175756,8.777629831281482,8.512907798154824,8.629014015197754,939400,0.03226956974331356,0.458544898183877,0.8434215784918911
2019-06-21,8.661525959928367,8.78692092089067,8.624371995845504,8.69867992401123,785000,0.008041033553604018,0.4557426742633219,0.41717380237771495
2019-06-24,8.684747778720455,8.763700063465928,8.568641529731252,8.703324317932129,248500,0.0005337769105901015,0.42694882315850724,-1.8501643028216186
2019-06-25,8.656881566168508,8.76369998753658,8.619727602246684,8.694035530090332,523900,-0.0010678388911411721,0.42097378184134887,-0.35513097763547413
2019-06-26,8.810141968597877,8.838008106507148,8.717257499694824,8.717257499694824,546700,0.0026674622423670303,0.3198006324897404,-0.16185456795437786
2019-06-27,8.721900713001219,8.74512160572877,8.531486558010428,8.545418739318848,357200,-0.019909362154339257,0.32270349847361496,-1.1446237096271747
2019-06-28,8.605793223183273,8.610437578215791,8.429311275228176,8.494331359863281,828000,-0.005996277202438079,0.3148444421857609,0.9288886320085722
2019-07-01,8.675458991039607,8.856584454430955,8.596506706978182,8.694035530090332,606000,0.02323817711441026,0.30726216847876253,0.09927906963385481
2019-07-02,8.642948518548579,8.642948518548579,8.359649018353014,8.406091690063477,872100,-0.03368057507914304,0.3280641619444123,0.9426060071164896
2019-07-03,8.415381030755041,8.526842919701554,8.410736674654727,8.508265495300293,250400,0.01208145800658806,0.3245350561287002,-1.8873650100924437
2019-07-05,8.489687459837658,8.731187733730833,8.489687459837658,8.712611198425293,387200,0.023733436873052967,0.31457510510687664,-0.8387299512283619
2019-07-08,8.67081359874392,8.754410229034132,8.647592706250089,8.675457954406738,315300,-0.0042734245227013315,0.3160728852512955,-1.2870947713801355
2019-07-09,8.680102356939594,8.689390182495117,8.573283947758494,8.689390182495117,236300,0.0016046476154632087,0.29500033867403164,-1.6901510353764915
2019-07-10,8.791564733425394,8.94946929246725,8.791564733425394,8.907670974731445,804600,0.02481005059413335,0.3014028945365046,0.8171798473451929
2019-07-11,8.916959648603166,9.009844109759673,8.833363013488086,8.903026580810547,733000,-0.000521528593889687,0.29704368241541645,0.5859886194503172
2019-07-12,8.954114456076168,8.954114456076168,8.82871949155817,8.889094352722168,336300,-0.001566112436855256,0.2628084220243638,-0.9163212812060832
2019-07-15,8.940180025602642,8.99126705206857,8.810140724516762,8.824073791503906,642500,-0.007341527244426452,0.2604977436177021,0.3468561276405214
2019-07-16,8.824072467115421,8.842649886976696,8.717254960373488,8.763697624206543,635900,-0.006865725399617732,0.2626323961624428,0.42517425076650445
2019-07-17,8.805495975948396,8.805495975948396,8.670813211030021,8.768342018127441,1208800,0.0005298178790706527,0.26193999886339703,1.5887071316412835
2019-07-18,8.763700678525195,8.819431185891911,8.577929958448296,8.652237892150879,808200,-0.013329733648587291,0.25193576858003836,0.7408493828660054
2019-07-19,8.661526605524559,8.810142472933252,8.638305708424616,8.796210289001465,297700,0.01650297641294766,0.25086840770087854,-1.1386592400264934
2019-07-22,8.791564339837441,8.91231493168831,8.791564339837441,8.8426513671875,411700,0.005265780343739541,0.22670170863991748,-0.4254361371238568
2019-07-23,8.85658500226296,8.85658500226296,8.717257850393006,8.777632713317871,314500,-0.007380011431526747,0.22710154883328698,-0.8918289543732586
2019-07-24,8.768343457933982,8.828719202944681,8.684747703475157,8.694035530090332,322900,-0.009569529368247546,0.2297252258596892,-0.8905609797034639
2019-07-25,8.74976563208705,8.74976563208705,8.577928020582409,8.638303756713867,435300,-0.006430980207735458,0.23077323526506155,-0.23528493020470975
2019-07-26,8.661527020716232,8.661527020716232,8.51291114618361,8.559353828430176,381800,-0.009181539115967122,0.23249331352760758,-0.47591589566017656
2019-07-29,8.531486954691172,8.531486954691172,8.364293684654099,8.452534675598145,523400,-0.012558341972573895,0.2262182988266651,0.15541537813531872
2019-07-30,8.438602100396519,8.443246456593128,8.350361104301703,8.3875150680542,548500,-0.007722059213331598,0.22682284218602683,0.3074298569692309
2019-07-31,8.433957384941968,8.471111347111831,8.317851142433604,8.327139854431152,395600,-0.007224256376703584,0.21043446235800828,-0.37127049610980195
2019-08-01,8.132080955525522,8.341071650883844,8.020619074170359,8.12279224395752,858200,-0.02484607493722424,0.1953920667923907,1.3516358092703566
2019-08-02,8.136724907856593,8.16923451091235,7.97417600675756,7.98346471786499,679100,-0.017301475065579854,0.19591793074131011,0.7536888219638044
2019-08-05,7.8255618806450515,7.895225457517887,7.593349367188643,7.6583685874938965,783100,-0.04157350947052186,0.2133435860986956,0.9870404152090374
2019-08-06,7.7140989763784455,7.779118188220471,7.639791052610324,7.728031158447266,679200,0.009055145856782578,0.21971518205221097,0.5942635821027844
2019-08-07,7.537616957614484,7.616569236974341,7.449376852192535,7.565483093261719,770000,-0.021257924600529145,0.2246106150175582,0.8188753114757652
2019-08-08,7.630501665574962,7.844136706051853,7.584058995873823,7.834848880767822,501400,0.03498538371713494,0.24442862151373013,-0.20810238722425353
2019-08-09,7.848782431039667,7.89986946520648,7.73267617943902,7.751253604888916,600100,-0.010727002155080998,0.24404442186113673,0.28231082506188243
2019-08-12,7.7140986957142665,7.7140986957142665,7.505107114082519,7.602636814117432,637000,-0.01935944940848974,0.2471863875097481,0.37229516572245974
2019-08-13,7.435444458803891,8.094928003328384,7.435444458803891,7.751253604888916,815200,0.019359449408489767,0.2640559783325024,0.9871460266114933
2019-08-14,7.546905813573436,7.593348488051801,7.370424270629883,7.370424270629883,753400,-0.05037931395982827,0.305297489274516,0.7479931661658757
2019-08-15,7.356491651791146,7.384356902174047,7.249673677562903,7.296116352081299,642400,-0.010133071769523399,0.3036661288285517,0.4576287351331748
2019-08-16,7.3100479102200016,7.454019382973108,7.2682495978368085,7.426154136657715,590400,0.01766591186539428,0.31649132467464497,0.26324587212950884
2019-08-19,7.588703431398304,7.672300060577274,7.249673001991472,7.48188591003418,354600,0.00747677532779939,0.30941154385407343,-1.3572620304118619
2019-08-20,7.458663815699848,7.495817773112516,7.33326932015962,7.435442924499512,631500,-0.00622673618151838,0.3058815519735991,0.40302818205404656
2019-08-21,7.5422602086429835,7.644433366920566,7.486529717153462,7.546904563903809,868200,0.01487933661939346,0.3162267762596952,1.3300295014662968
2019-08-22,7.57477200569936,7.57477200569936,7.254318929269432,7.365780830383301,733700,-0.02429242429966569,0.3216861561177252,0.7023767614237814
2019-08-23,7.272894709292486,7.361135698588456,7.082480549004545,7.101057529449463,666400,-0.03660134259040968,0.33658878621813426,0.2790946835138879
2019-08-26,7.189297714402047,7.240384740239844,7.124278507568673,7.193942070007324,339900,0.012995571932812328,0.34536609095400833,-2.21051350833248
2019-08-27,7.258962123589846,7.337914401631418,7.063903606417747,7.105701923370361,600400,-0.012341743154789345,0.3453330605993629,-0.12507382493410737
2019-08-28,7.1428558461780645,7.180009807067899,7.0871249048433125,7.101057529449463,922400,-0.0006538287780229806,0.3463396915090042,1.3316042187962491
2019-08-29,7.1753658004898995,7.263606794080998,7.06390391239499,7.2310967445373535,1075700,0.018146997474568157,0.3579468026774271,1.7111226167025073
2019-08-30,7.24038469907306,7.342558307257596,7.189297673525729,7.3332695960998535,845200,0.014030754971508526,0.3584762170804898,0.8513210709347137
2019-09-03,7.175365321250705,7.3379142293818465,7.142855716788534,7.300760269165039,398000,-0.00444298401906272,0.3556132693342159,-1.6351479343323028
2019-09-04,7.4215111265499365,7.5283286616378895,7.389001518985809,7.491174697875977,756700,0.02574713153674395,0.34283911968902514,0.5127473183360401
2019-09-05,7.565482888657755,7.75125269218035,7.565482888657755,7.681589126586914,759400,0.02510082255025283,0.3531496893319914,0.503802420093932
2019-09-06,7.6397910395902695,7.816272136783711,7.337914546159043,7.793051242828369,467900,0.014406027054830631,0.34803808634809863,-1.006674335173471
2019-09-09,7.87200403213501,7.988110281070214,7.797696103682109,7.87200403213501,409200,0.01008020162782292,0.3278753503154214,-1.363345189337875
2019-09-10,7.923090326590999,8.09492796797036,7.885936361673894,7.974177360534668,554600,0.01289581910419776,0.32814455948110133,-0.39350854733631724
2019-09-11,8.043839731609204,8.071704979676552,7.79305072736254,7.9370222091674805,643000,-0.004670322779852536,0.32031561702079897,0.06885765212376796
2019-09-12,7.858070054139248,8.159946089277744,7.732675107201321,8.108859062194824,674600,0.021419007107481066,0.321794015280842,0.25154077825454274
2019-09-13,8.187811047306962,8.201744113968108,7.978820362311275,7.98346471786499,359300,-0.015584682987917733,0.26836982687237904,-1.5508662276512932
2019-09-16,8.215678989264491,8.452535859725167,8.178525022475784,8.345717430114746,1775400,0.04437603226649357,0.29754333540123823,2.533155653154999
2019-09-17,8.33642809061125,8.392158587774954,8.150657404544814,8.25283145904541,1423900,-0.011192176050991003,0.30055429943508116,1.735111147345634
2019-09-18,8.201744194554495,8.327139138276126,8.169234591179313,8.215677261352539,718200,-0.004512158491169398,0.3021875286649628,0.12559134650261303
2019-09-19,8.27605283598537,8.308562442202499,8.178524017333984,8.178524017333984,421100,-0.004532493775300827,0.30148911003558043,-1.0639131898045844
2019-09-20,8.215677826858444,8.215677826858444,8.085638518586531,8.15994644165039,432200,-0.002274090923795409,0.2999257195438999,-0.9155699656924897
2019-09-23,8.080993813704266,8.1506573778408,8.043839853776763,8.108859062194824,260200,-0.006280430037319223,0.2848405653425565,-1.7894756592359256
2019-09-24,8.067061107060914,8.067061107060914,7.9788201257965365,8.020618438720703,346400,-0.010941644428540833,0.24981677021346071,-1.0943453320867031
2019-09-25,7.960242978329757,8.015974359421769,7.80698278760204,7.988109111785889,524000,-0.004061456042670235,0.25061170026720847,-0.3119626588128275
2019-09-26,7.927734119609693,8.104216104790906,7.927734119609693,8.029908180236816,484300,0.005219018379903089,0.24256656113717548,-0.4521649656890692
2019-09-27,7.974176605137057,8.099571557036212,7.913801750048749,8.006686210632324,263600,-0.002896124360290841,0.24344368938124478,-1.5195235872558868
2019-09-30,7.974176486174107,8.025263514516134,7.88593549698887,7.9091572761535645,424200,-0.012255731883507313,0.24664275255102736,-0.5078430804619156
2019-10-01,7.964887984066678,7.974176695976944,7.746608569097361,7.793051242828369,373900,-0.014788766724543044,0.25240699804322625,-0.6939599847972004
2019-10-02,7.741963422479787,7.746607777960607,7.630501548400814,7.672299861907959,579100,-0.015616048283891674,0.2593716392652207,0.17818964337917462
2019-10-03,7.639791079285862,7.9091575253409205,7.639791079285862,7.881291389465332,865000,0.026875350304079157,0.26067937865083607,0.9918865170968374
2019-10-04,7.881290627743554,7.9973968585425945,7.862714091442234,7.904512405395508,536300,0.0029420146076769692,0.24734478781272834,0.03902706859034454
2019-10-07,7.94166628658572,8.015974202708842,7.867358370462599,7.895223617553711,207800,-0.0011758157096401498,0.24283980399094074,-1.71820599742889
2019-10-08,7.816272349376335,7.932378593951634,7.755897491958132,7.760540962219238,417000,-0.01720592786091986,0.24779187082734389,-0.3768122351778522
2019-10-09,7.867359251078276,7.927734107503652,7.8116278648376465,7.8116278648376465,306200,0.006561332138702575,0.24436728872809405,-0.8993385122147411
2019-10-10,7.8580688750682715,7.974175093147992,7.8580688750682715,7.923088073730469,328000,0.014167662600870417,0.2494439616437462,-0.7041572065941918
2019-10-11,8.043839061149628,8.192454886215273,7.997396394361567,8.127435684204102,544000,0.02546442167807829,0.25418645395008405,0.2677003240978138
2019-10-14,8.034551771837583,8.08099444684076,8.01597523332852,8.053129196166992,152100,-0.009184723890064396,0.2501423825914886,-1.8814942404918154
2019-10-15,8.062417153846257,8.155301609340086,8.029907550132403,8.085638046264648,783900,0.004028671283010149,0.1934096618191114,1.15620562789961
2019-10-16,8.062417633899832,8.136725557047454,7.992753180856159,8.011330604553223,668100,-0.009232541996208198,0.1922891751163611,1.0476841524686165
2019-10-17,8.034552107553806,8.094927853326784,7.9045136750957905,7.960244178771973,434600,-0.006397190095040982,0.1927820681108157,0.13317115919453007
2019-10-18,7.946311960587909,8.015975532784957,7.867359675879156,7.87200403213501,457100,-0.01114700314882974,0.1954347689637011,0.24254868303610796
2019-10-21,7.830204972037533,7.904512893471554,7.765184876417542,7.8394927978515625,595400,-0.004138533844120479,0.19559612626185238,0.8142980018177514
2019-10-22,7.8627147582579795,8.090282883625111,7.830205152608435,8.011330604553223,733700,0.02168272708799107,0.21109197828029183,1.1772445278915766
2019-10-23,7.964887604298662,8.25283145904541,7.964887604298662,8.25283145904541,487200,0.029699483415540462,0.23187153223797805,0.19924733617715296
2019-10-24,8.336427858382969,8.359648750584267,8.187811136505788,8.22496509552002,549900,-0.0033822956848464677,0.23168334174709362,0.4732928024605733
2019-10-25,8.206387452989125,8.392157223025015,8.206387452989125,8.336426734924316,634000,0.013460622573635624,0.23513231517223135,0.7613868975871387
2019-10-28,8.373582650693796,8.471111470629133,8.345716514294834,8.350360870361328,359600,0.001670080425943469,0.2345184158282867,-0.5828729505628314
2019-10-29,8.303917868705993,8.461822425470876,8.248187369742098,8.443245887756348,432400,0.01106206259559873,0.23053406736725013,-0.15107135744882058
2019-10-30,8.503620301001085,8.503620301001085,8.341071396793845,8.373581886291504,586400,-0.00828508216811261,0.22521050946415974,0.5156245800472126
2019-10-31,8.331783261569436,8.489687804263568,8.1367247609367,8.475754737854004,655400,0.01212796755170508,0.21597806900197314,0.7567250358813369
2019-11-01,8.50826344317469,8.629014015197754,8.424666825172558,8.629014015197754,362800,0.017920543806635842,0.20643224925711456,-0.5512931405920406
2019-11-04,8.7451227517837,8.870517714914236,8.694035718103766,8.717257499694824,291700,0.010174433815420126,0.20734398543194107,-0.9912361818091051
2019-11-05,8.786919984094682,8.847294837109976,8.726545131079389,8.8426513671875,379300,0.014282078557407239,0.2087711826587733,-0.4716147098411201
2019-11-06,8.80549641723174,8.89373740366125,8.684746712627492,8.689390182495117,499400,-0.017483997906514614,0.20915238180133477,0.2236257258590044
2019-11-07,8.786920585345698,8.819430191949216,8.666169985232386,8.79156494140625,450600,0.011689970227068348,0.21026791499791417,-0.09542736730173575
2019-11-08,8.712613218461911,8.805497688165444,8.661526184341708,8.726546287536621,274000,-0.007423055096874074,0.21250875189654472,-1.3708122544503247
2019-11-11,8.624369843178991,8.833361392617963,8.59650459852718,8.805495262145996,141000,0.009006310878070961,0.19939101360449535,-2.4459237879215867
2019-11-12,8.80549604375667,8.819429110229406,8.47575477628399,8.480399131774902,398300,-0.037618472074182,0.24243296111719237,-0.33544054495456954
2019-11-13,8.447892115009129,8.480401727576284,8.359651105312203,8.438603401184082,478000,-0.004940695000248964,0.243690310041497,0.19859833915048722
2019-11-14,8.466466857554355,8.545419136647384,8.396803290312349,8.452534675598145,315300,0.0016495368766295756,0.24024200732648018,-0.8323576574019519
2019-11-15,8.471112667008132,8.587218927607182,8.429314342326839,8.531488418579102,590800,0.009297480496010164,0.23902365817711582,0.8199014366390409
2019-11-18,8.480399408608735,8.480399408608735,8.280696545081577,8.373581886291504,474200,-0.018682102131127736,0.24608319995908684,0.22807772980969665
2019-11-19,8.350361749304549,8.410737498703659,8.285342529170524,8.341073036193848,470000,-0.003889866855107847,0.24599454805046342,0.23844416330400375
2019-11-20,8.364292702797522,8.485043285225307,8.280696077592117,8.44788932800293,409600,0.012724756991037957,0.23926605865341646,-0.06305118054398762
2019-11-21,8.480400282194903,8.522198601463089,8.382870575295687,8.512909889221191,317100,0.0076671952670931375,0.21905839880961514,-0.7335197805641329
2019-11-22,8.54077359435315,8.629014573039953,8.508263993210695,8.573283195495605,441900,0.00706694080264101,0.2191281265678817,0.24590008140310007
2019-11-25,8.587219083449922,8.605796510676742,8.53613204439665,8.559353828430176,300700,-0.0016260625979728608,0.21536436183691715,-0.7896682069682416
2019-11-26,8.503620309829142,8.554707336129663,8.345715761100495,8.382869720458984,722400,-0.020834395357488822,0.2285274030463478,1.6080995032971077
2019-11-27,8.396803643658535,8.512909889221191,8.322495717364061,8.512909889221191,372500,0.015393517152820637,0.23159699767783778,-0.21281642423973451
2019-11-29,8.540774106355217,8.675457760099622,8.475754900172536,8.503620147705078,387000,-0.0010918492100139832,0.22953282967334046,-0.05329907504657728
2019-12-02,8.619726214138572,8.62901492507828,8.46182167144444,8.475754737854004,471900,-0.0032822686413041193,0.2260757501941465,0.5875514832780735
2019-12-03,8.40609208564521,8.531487039418327,8.382870305787044,8.471111297607422,581500,-0.0005479998901353039,0.21647849355734908,1.1114465167491439
2019-12-04,8.601149489854402,8.903025502226937,8.582572068381527,8.879804611206055,1284500,0.04711784949414878,0.27116713136391946,2.6238353341529996
2019-12-05,8.907670907645109,8.935536157319008,8.707968032371472,8.74976634979248,703800,-0.01475255638730693,0.2717381431238579,1.0901136141951446
2019-12-06,8.768342174816079,9.056286017439154,8.768342174816079,8.935535430908203,535700,0.021009074799453513,0.2741351287724042,0.4515030004760011
2019-12-09,8.870517134118689,8.995912089039011,8.847295354048073,8.930891990661621,232200,-0.000519795059366631,0.27157216178861665,-1.3317707936788539
2019-12-10,8.944823814720696,8.949468170088915,8.851938478996741,8.879804611206055,446900,-0.005736723352779862,0.270995015854701,0.05248898245197443
2019-12-11,8.89373656203442,8.995910605858747,8.89373656203442,8.991266250610352,513500,0.012474136058901181,0.2725751516939313,0.27759490691225525
2019-12-12,9.0098444094612,9.135239366304932,9.0098444094612,9.098085403442383,270100,0.011810306582168544,0.23562586197911747,-1.3748633434684105
2019-12-13,9.125951491170454,9.242057746492776,9.074865341186523,9.074865341186523,337400,-0.0025554545564349346,0.23471175146983037,-0.7362800187329859
2019-12-16,9.149171239588904,9.223479155608652,9.130593817673851,9.209546089172363,418100,0.01473202288535308,0.23779414321431108,-0.22002045897167188
2019-12-17,9.218834924298829,9.279209774695477,9.177036610247207,9.232767105102539,395100,0.0025182337982119557,0.2370801137849442,-0.3222881194233763
2019-12-18,9.232766855760667,9.251344277424234,9.177036362410403,9.186325073242188,701300,-0.0050428251109625585,0.22522254923898968,1.1233583277870225
2019-12-19,9.316364440438132,9.423182854356863,9.311720084544248,9.334941864013672,520500,0.016048576054032933,0.2265498996685685,0.33917668431906733
2019-12-20,9.37209609959765,9.404605705985853,9.334942137179654,9.376740455627441,872900,0.004467653995453649,0.2249681942831176,1.4874780392677656
2019-12-23,9.413894637284406,9.571799202693386,9.344231066855821,9.56251049041748,376600,0.019618092963008635,0.2305160532256873,-0.5831095224420959
2019-12-24,9.608951607139902,9.664682100113605,9.59037418560186,9.613595962524414,170000,0.005328046450281831,0.23044928218052207,-2.127334228430741
2019-12-26,9.668421902771287,9.759003107000698,9.596909181412666,9.663654327392578,311700,0.005193528810683964,0.22901587530210352,-0.8259661719033946
2019-12-27,9.739934510340175,9.759003904090527,9.615980268335539,9.639817237854004,355400,-0.0024697217362427974,0.21018862814864914,-0.4786037793774123
2019-12-30,9.649351601256448,9.768538257758118,9.568304638462433,9.663654327392578,278500,0.002469721736242769,0.20817523106450142,-0.9658216146174543
2019-12-31,9.65412039402996,9.65412039402996,9.458654325464508,9.515863418579102,343900,-0.015411631930937307,0.21993248245204386,-0.49512382948290345
2020-01-02,9.606443663245372,9.730397886494455,9.606443663245372,9.682723045349121,264900,0.01738292854779248,0.22135176230491496,-0.9734450162578548
2020-01-03,9.816215396578754,9.868657828679966,9.706563865205522,9.763772964477539,682700,0.008335731886695032,0.2200038722792904,0.9847800936989967
2020-01-06,9.773306561887154,9.78760928908977,9.668422623700904,9.725631713867188,397200,-0.003914054834710007,0.16660106263513808,-0.024848405535845854
2020-01-07,9.68749135424647,9.811445586885384,9.663654386529076,9.773305892944336,559200,0.004889935547780446,0.15145577201278393,0.8614573648451649
2020-01-08,9.658888459644702,9.792377865882589,9.630283911637363,9.697028160095215,1498200,-0.007835317347824642,0.14656390817087767,2.6138249230284254
2020-01-09,9.71133005988484,9.754236423572639,9.635049756172256,9.749469757080078,356200,0.005393436322739143,0.14574907703979825,-0.3757788896423793
2020-01-10,9.78284141446452,9.902028076211929,9.744701719078233,9.873422622680664,518900,0.012633663974525308,0.14388710503735141,0.40378415221730873
2020-01-13,9.873422565001945,9.992609226053085,9.801910750235672,9.987842559814453,460500,0.011522045743013782,0.14330481935753694,0.1635450665894985
2020-01-14,9.987841562699225,9.987841562699225,9.763770080326669,9.820980072021484,385900,-0.016847688304719444,0.1596161461771336,-0.2519205134147118
2020-01-15,9.80190915247849,9.859119140559248,9.735164924152533,9.754234313964844,413100,-0.0068194417089654956,0.162361623212706,-0.126279442979163
2020-01-16,9.80668044594165,9.825750752307307,9.711331642080136,9.730401039123535,514900,-0.0024463672319949173,0.158155703275641,0.3315718326968934
2020-01-17,9.749471069823334,9.797145015744984,9.654121359335573,9.711331367492676,383200,-0.0019617261823812095,0.15895133393124194,-0.3074696809687331
2020-01-21,9.649353262569662,9.67319114356734,9.525399009348284,9.558771133422852,266600,-0.015834209659133132,0.1693775090251001,-0.9962565352791006
2020-01-22,9.577838919163689,9.596908309624228,9.515861354192563,9.520628929138184,488000,-0.003998265665772313,0.16235730814687813,0.3256538442794405
2020-01-23,9.43958293213643,9.463420809284866,9.30132688196364,9.353769302368164,498400,-0.017681514599189426,0.17400221743692612,0.4591069245442033
2020-01-24,9.353770289346404,9.353770289346404,9.277489983744603,9.296560287475586,472900,-0.006134925825271032,0.1594613239158829,0.3110724108971441
2020-01-27,9.124929907276494,9.124929907276494,8.934231443409242,8.943766593933105,901100,-0.03868765049450001,0.20316704547176634,1.6999340819558084
2020-01-28,9.000977239576608,9.043884515053898,8.962837540188145,8.981907844543457,858100,0.0042554949104223775,0.2026902680922215,1.4139648915989396
2020-01-29,9.039116814450377,9.039116814450377,8.91993014183797,8.929465293884277,631200,-0.005855799006592066,0.20281617678378677,0.6289973698128684
2020-01-30,8.81981314302934,8.92946465575943,8.767370719844477,8.919929504394531,775700,-0.0010684721252132417,0.20184008738467565,1.0172429289460017
2020-01-31,8.819812774658203,8.881789437297344,8.724463083635783,8.819812774658203,1082500,-0.011287401035524102,0.19934425709972925,1.6034127871100616
2020-02-03,8.834116298067087,8.853185692398666,8.738766598442812,8.824581146240234,743900,0.0005404970802049008,0.1850110967367636,0.6761329089649947
2020-02-04,8.967604800753477,9.115396926340622,8.953302982312362,8.991442680358887,521400,0.018732172222486385,0.19714916014871373,-0.1540058768546117
2020-02-05,9.134465597995144,9.201209836965306,9.029581663996021,9.039115905761719,668300,0.0052880598532652505,0.19971545278019165,0.3951372324862776
2020-02-06,9.058188365213809,9.058188365213809,8.910397125444241,8.977141380310059,859100,-0.006879871764580955,0.19764701570358745,0.9416449539526379
2020-02-07,8.934233665466309,8.99144367351634,8.896093963207031,8.934233665466309,578100,-0.004791122603644409,0.19719250059407525,0.11320066238508161
2020-02-10,8.910394186502064,8.910394186502064,8.829347228330276,8.89609146118164,470100,-0.004278358604727992,0.194272967803107,-0.5268830017239898
2020-02-11,8.99144265072593,9.16783841261396,8.915163254884273,9.158303260803223,548400,0.02904890937803849,0.21910268101853084,-0.08360779940200004
2020-02-12,9.263188295086337,9.511096791130614,9.258420719086777,9.487258911132812,842300,0.035288803196157854,0.25264481483564266,1.0671413407927348
2020-02-13,9.453886347843781,9.501561196295274,9.382374529827592,9.444351196289062,693300,-0.004532925416324108,0.24734736588433032,0.44248665078619587
2020-02-14,9.496793446498238,9.53493314269614,9.296559814128736,9.31086254119873,712500,-0.014235072028426403,0.25053346253555303,0.4586399053733143
2020-02-18,9.239349903728254,9.401443841453496,9.239349903728254,9.3919095993042,820300,0.008666904009555915,0.253346287302215,0.811760406114233
2020-02-19,9.472955943153728,9.725631075219713,9.449118066048047,9.716095924377441,1527200,0.033935246164806955,0.28177659640621616,2.2610377127465053
2020-02-20,9.773305700115216,9.792376001370496,9.611211776733398,9.611211776733398,989800,-0.010853573490653485,0.27875691150340703,1.0707124958594272
2020-02-21,9.54923449197217,9.663653564057126,9.453884810573731,9.630281448364258,677700,0.0019821411624675192,0.2783752354968937,-0.22213217967234797
2020-02-24,9.363304405560598,9.41574683079112,9.134466219809058,9.244117736816406,739800,-0.040925022691948976,0.307655676559943,0.011763062244640243
2020-02-25,9.24888477689129,9.306094774676025,9.110628722004787,9.120162963867188,1276700,-0.013499756125377193,0.3103824942670543,1.7453240769980576
2020-02-26,9.182140035927805,9.306094266592158,8.98190641859647,8.996209144592285,1481000,-0.01368439032410417,0.2829092250162754,1.9615794859654785
2020-02-27,8.805510196619183,8.819812923310222,8.242949919935873,8.4813232421875,2334700,-0.05893680210637191,0.3487456419253454,2.6030369958343473
2020-02-28,8.20004298459666,8.438416316598632,8.02841389457217,8.414578437805176,1565500,-0.007900750470814849,0.3490483446835213,1.4243783440184778
2020-03-02,8.490857281871088,8.610043940159708,8.381205774482847,8.486089706420898,1467000,0.0084625879616825,0.3512085993317523,1.1542750298496927
2020-03-03,8.524230675024553,8.714930084252456,8.195276103682986,8.338299751281738,1448400,-0.017568988997856996,0.35388118504939065,1.064852119136234
2020-03-04,8.495625395884401,8.743533879077681,8.452718123434716,8.638649940490723,1115200,0.035386984884722014,0.37765784290410487,0.4278209099510677
2020-03-05,8.490858835282568,8.64818521663369,8.447951557702972,8.552836418151855,1603400,-0.009983340972329247,0.37179489669573984,1.1432749854134607
2020-03-06,8.314462299766818,8.32399654222003,7.8138777434273035,7.823412895202637,2233600,-0.08914208178637317,0.4764298568157746,1.6706293716284741
2020-03-09,6.436080935110949,6.703059307284962,5.625611574955127,5.811542510986328,2011500,-0.29727486290879485,1.113080972839931,1.3001264749021082
2020-03-10,6.173869765319136,6.335963718460699,5.7209604845572395,6.016543388366699,2369300,0.03466687838128972,1.1284758445499252,1.4774408252068614
2020-03-11,5.811541590218122,5.911658407088443,5.334794929818698,5.420609474182129,1034300,-0.10430464819200817,1.1648379129540685,-0.3210136721130694
2020-03-12,5.0249095033121245,5.11072404290894,4.5243254467657374,4.6196746826171875,1946700,-0.15988397064425242,1.238778543022343,1.0204939928932066
2020-03-13,4.996304541205185,5.206073316249966,4.653047289668128,5.163166046142578,1685600,0.11122567857075992,1.316684408320502,0.6087431075604948
2020-03-16,4.2907202477846385,4.5863031436282515,3.871183102330811,3.942695379257202,1716100,-0.26968537034105317,1.553716038134469,0.5801435064418999
2020-03-17,4.038044154952333,4.1000212725097835,3.7519959900196413,3.8092055320739746,1662600,-0.03444395019661308,1.5508060826204502,0.42635599998899193
2020-03-18,3.623274005633287,3.6328089282534872,2.9939686580391163,3.1846671104431152,1599300,-0.17907287998206317,1.6079792647174111,0.24681450223211374
2020-03-19,3.2037371573708766,3.461180538984283,3.117922848386742,3.332458734512329,1288500,0.04536262460457375,1.616096262567537,-0.36279505194849443
2020-03-20,3.513622596014611,3.880717718043204,3.389668590868371,3.4278082847595215,1253200,0.028210682653344456,1.6338778432040735,-0.4908530458684628
2020-03-23,3.4373439352625965,3.575600468525817,3.2514127745518095,3.413506507873535,1039300,-0.004181008520553565,1.631588077092809,-1.26576135434847
2020-03-24,3.6518791039407077,3.961764685463976,3.6518791039407077,3.7138562202453613,1785000,0.08433068488442845,1.6961910678800263,0.5242738076540264
2020-03-25,3.78536893393181,4.328860123879187,3.78536893393181,4.1810688972473145,2704300,0.11849618162215382,1.7848468336656096,1.902347119825796
2020-03-26,4.214440189283249,4.862815428149516,4.214440189283249,4.805605888366699,2258400,0.13921619897514756,1.8858935435233948,1.1177557020483104
2020-03-27,4.581535031609597,4.581535031609597,4.057114002136044,4.395604133605957,2914200,-0.08917814888010836,1.8946580899801964,1.8857171268057322
2020-03-30,4.357464968381217,4.390837091634663,3.9665323681989206,4.338395118713379,1324900,-0.01310048957762046,1.8939344977535484,-0.7677476724223892
2020-03-31,4.486186309106217,4.681652380521903,4.481418733056791,4.53386116027832,2501300,0.044069438301639584,1.907380733592508,1.2389075757096526
2020-04-01,4.409906979710341,4.424209253420514,4.2001386315371585,4.295487880706787,1768100,-0.054008788011413074,1.9086010414943713,0.08362035648864778
2020-04-02,4.500489001356746,5.1107251526324315,4.409907321294561,4.8818864822387695,1871600,0.12796657769465392,1.975311811683583,0.19962561097116238
2020-04-03,5.005840464811981,5.392005500719786,4.948630914059175,5.320493221282959,2141600,0.08603429042990357,2.0134774997328733,0.6129325258016793
2020-04-06,5.4492143636806745,5.482586483742358,5.220375734892038,5.353864669799805,1091800,0.006252658488826689,2.000835063453159,-1.505571594038107
2020-04-07,5.6732852623718895,5.802007083125485,5.358632528966738,5.4015398025512695,1128800,0.008865393231217465,1.7245144871543394,-1.2592219054892286
2020-04-08,5.487354682522916,5.773402432666537,5.392005432475043,5.7257280349731445,1422200,0.0582856474923849,1.7330180174704404,-0.4671210083368487
2020-04-09,6.002240120490282,6.040379814365182,5.396771684569473,5.682819843292236,1345500,-0.0075221482103415265,1.6932563260461586,-0.720830895821455
2020-04-13,5.835380097844322,5.878287377994242,5.4873551893591985,5.515959739685059,1783300,-0.029801899745636098,1.5933262649041788,0.24985580170784763
2020-04-14,5.501655945857285,5.587470482469073,5.401539138030535,5.449213981628418,1167400,-0.012174286360583193,1.5497744268935063,-1.098881031816193
2020-04-15,5.139328673863969,5.172701247976124,4.88188550534992,5.105956554412842,910600,-0.06506356466873114,1.2248988496198692,-1.6803358856892456
2020-04-16,5.091654473865252,5.1965384117005184,4.958165081720476,5.058281898498535,1048900,-0.009380930161400208,1.2158884873787954,-1.1419391903360416
2020-04-17,5.082118896420457,5.248980395283751,5.015374660603945,5.210840702056885,1353500,0.02971432601696682,0.9941092375605199,-0.3666947330055965
2020-04-20,4.9057228555871895,5.234677833661102,4.777001500570796,5.0106072425842285,1754200,-0.03918409204980909,1.0135771631979813,0.35247027553130694
2020-04-21,4.82510687992423,4.845949653829545,4.533307548318893,4.689628601074219,1952300,-0.06620372407042628,1.0551755708078188,0.6060745021731154
2020-04-22,4.892846612661873,5.070009963874633,4.851161059796401,4.934532165527344,1849400,0.05090447932035214,1.0598518035328017,0.38011825949074884
2020-04-23,5.08043107580664,5.221120174894289,5.007481117361459,5.1273274421691895,1307700,0.03832668788728964,1.0350176735867198,-0.6317104131615704
2020-04-24,5.0908525169860965,5.132538063953909,4.799053191280486,4.955374240875244,1527500,-0.03411186413751161,0.976775589729664,-0.08228667284113303
2020-04-27,4.89805674361452,5.132538590528881,4.75215731425856,5.075220584869385,1301800,0.023897296125921532,0.8559302689072897,-0.534359562391578
2020-04-28,5.075220127492136,5.377440595244667,5.0543773537482,5.3513875007629395,1811600,0.05298588423840025,0.8039576540417018,0.742410723037292
2020-04-29,5.554603855424814,5.6744501649578325,5.507707495039322,5.538971900939941,2438000,0.03445303286933418,0.8040880339728312,1.6452306397553689
2020-04-30,5.580658222174653,5.637975727896947,5.268016107307182,5.4451799392700195,1861000,-0.017078103553117976,0.8009024741140557,0.7868451368178636
2020-05-01,5.314912042985945,5.314912042985945,4.819895815386486,4.903266906738281,1239000,-0.104829103915479,0.8676257694142008,-0.6986649248959702
2020-05-04,4.809474305753426,5.18464472353783,4.809474305753426,5.148169994354248,1233800,0.048739612003712525,0.7649779063747324,-0.6451257006440704
2020-05-05,5.3982825670809005,5.512918054109059,5.184644043708547,5.2471723556518555,1426700,0.019048021958555823,0.705744805211288,-0.014198024075521794
2020-05-06,5.158591322007857,5.241962915523259,5.054377451277271,5.085641860961914,1101700,-0.0312680847044001,0.7130445831178592,-1.0719358769767964
2020-05-07,5.189854998570896,5.3618079852189275,5.163801410335859,5.221119403839111,1390900,0.026290576205198382,0.719057630916998,-0.16442409077233766
2020-05-08,5.393072997069182,5.585868776603638,5.35659777066526,5.580657958984375,1096600,0.06659485915404444,0.7282964284395991,-1.074095269370521
2020-05-11,5.497287273406982,5.570236737775238,5.450390905209701,5.497287273406982,1078600,-0.015051935691386612,0.7295831056066506,-1.066876155927579
2020-05-12,5.549392696595023,5.611921504546191,5.356596946716309,5.356596946716309,1013700,-0.0259258720980932,0.7278153964456534,-1.1864488737094858
2020-05-13,5.372230551523204,5.372230551523204,4.991849289918555,5.059588432312012,1593800,-0.057043732945380884,0.7523706085410139,0.513648488326934
2020-05-14,4.976216433538068,5.231540503147376,4.877212898346958,5.101273059844971,961400,0.008204985654385644,0.7189382937736256,-1.490021269425641
2020-05-15,5.1064847580034485,5.2888589119383544,5.090852801250387,5.174223899841309,985700,0.014199228701551169,0.7197195200271003,-1.358489223819998
2020-05-18,5.429548130114348,5.585869191794969,5.314912618624431,5.497287273406982,2819000,0.060565390687537315,0.7427516142770254,2.236874065223118
2020-05-19,5.549392819942915,5.570235590746301,5.330543478041929,5.367018699645996,1797800,-0.02398217016873171,0.7338023977085575,0.7237017007280803
2020-05-20,5.512918508763933,5.627554005246176,5.502497371046034,5.5546040534973145,701000,0.03435456567469949,0.6955234753737585,-2.0498326949880474
2020-05-21,5.565026840635737,5.61192321240552,5.419126906922856,5.492076873779297,583900,-0.011320657834585452,0.6804662029158203,-2.16253094131806
2020-05-22,5.398283056925318,5.492075781816533,5.309701149401592,5.481654644012451,635500,-0.001899487495864281,0.6699012123407758,-1.697405976265438
2020-05-26,5.611921850087469,5.6744501649578325,5.523339946455068,5.538971900939941,896600,0.010401908367354334,0.656285790907358,-0.7741937823503577
2020-05-27,5.617133617401123,5.622344435882135,5.403495028989663,5.617133617401123,1398700,0.014012595213979906,0.6536447606684502,0.30729774846512514
2020-05-28,5.6744515424549,5.684872682330966,5.486866055375766,5.492076873779297,1120500,-0.022515016085470012,0.6356379281202655,-0.18362285793193855
2020-05-29,5.481654910211857,5.507708004452696,5.340965816042909,5.424336910247803,2431800,-0.01241082178815548,0.6254291586491767,1.7579555497989796
2020-06-01,5.3982832180342,5.6588181310134145,5.3982832180342,5.611922264099121,1433200,0.03399764698542523,0.6338507964603772,0.47668667245409996
2020-06-02,5.679661353277247,5.882878780364989,5.643186621593914,5.88287878036499,1081000,0.04715292018295488,0.5214962668571705,-0.23160167176965218
2020-06-03,5.997514514709074,6.216363906860352,5.961039284729883,6.216363906860352,1013100,0.05513892432780299,0.5281201861516415,-0.37287667541795483
2020-06-04,6.159045403726244,6.26847009096188,6.096517082010299,6.252838134765625,919700,0.0058503073114573,0.5269270039376333,-0.5659616104121475
2020-06-05,6.508161945036135,6.86770039980797,6.508161945036135,6.852067947387695,1440200,0.09151503460617028,0.5796354746337515,0.5434639443665487
2020-06-08,7.065706233391626,7.096970141016286,6.784328580115416,7.024020195007324,964900,0.024785234628025593,0.5792630637473272,-0.4284903066848689
2020-06-09,6.773907281583813,6.9093855464789,6.586322335758146,6.820803642272949,1321200,-0.029358430448449293,0.5649395151273412,0.3456103351004
2020-06-10,6.7478537065862385,6.7478537065862385,6.518583216770352,6.54984712600708,1233400,-0.040535591189759294,0.5854506088954865,0.15543847298368288
2020-06-11,6.179888457281136,6.263260053606018,5.7213469136835595,5.726557731628418,1140400,-0.13432710454327218,0.7598505856000453,-0.05734347368338003
2020-06-12,5.997513699669249,5.997513699669249,5.742189609167343,5.914142608642578,844400,0.03223192958627208,0.733161565712056,-0.7448727236792434
2020-06-15,5.674450944648797,5.961038969616854,5.528551026306542,5.835982322692871,929900,-0.013303933231750806,0.7366534011230818,-0.4945574030270219
2020-06-16,6.106938877256345,6.320577439609803,6.060042510509304,6.226784706115723,1125000,0.06481749939273522,0.7637696165861516,-0.027105541606021657
2020-06-17,6.242416337249249,6.268469928187085,5.934985554361711,5.966249465942383,1012700,-0.04274160121301869,0.7594045610965173,-0.2011355953562374
2020-06-18,5.888088900690785,6.060041896726625,5.8411925386935755,5.903720855712891,549900,-0.010535694180874099,0.7545976797069659,-1.8092271286897872
2020-06-19,6.080884526273387,6.1017272981237225,5.893299579620361,5.893299579620361,1040700,-0.0017667645589751488,0.7469500927455097,-0.006591130920907397
2020-06-22,5.830771087357605,5.92977463178202,5.789085541367611,5.841192722320557,550900,-0.008881031823574295,0.7464158398011311,-1.8827534066067104
2020-06-23,5.950617693520516,6.127781521040013,5.950617693520516,6.060042381286621,738300,0.03678178440699397,0.7552345940816508,-1.066458425257191
2020-06-24,5.976671791054207,5.976671791054207,5.669240475744991,5.747400760650635,771300,-0.05296908268675555,0.7807602978513422,-0.8971670741405484
2020-06-25,5.721345569766605,5.88808822631836,5.695292480023961,5.888088226318359,865400,0.02418365442204406,0.78356159802312,-0.4903312580840038
2020-06-26,5.794296874118725,5.820350466912067,5.679661363986594,5.726557731628418,663500,-0.027816760113096698,0.7858841467888944,-1.1805996804119279
2020-06-29,5.763031465149864,5.846402542913993,5.6640279376068445,5.799506187438965,258800,0.012658168540406467,0.7848931417837984,-3.153126612495173
2020-06-30,5.7578206485569,5.841191726321029,5.658817121013882,5.799506187438965,863400,0.0,0.7768710016991318,-0.019993637306736478
2020-07-01,5.872456410320145,5.934984721639215,5.773452878033482,5.78387451171875,584300,-0.002698984970847889,0.7590002122019005,-0.9629870282746589
2020-07-02,5.9297757148742685,6.013146822082251,5.835982970799789,5.929775714874268,673200,0.024912601321922977,0.7378548428613636,-0.5412630159255711
2020-07-06,6.096517077939353,6.096517077939353,5.924564069102594,6.018356800079346,661400,0.014827875081697032,0.7397492470472693,-0.5432438954642561
2020-07-07,5.929775009426304,5.976671375884421,5.851614233019132,5.872457504272461,948400,-0.024541064133686542,0.6602182053399034,0.46739473169060064
2020-07-08,5.903720950633794,5.966249268658449,5.867246222685469,5.95061731338501,775100,0.013221763194499858,0.6543160270953137,-0.056888517955894086
2020-07-09,5.940195508515033,5.9610382805931925,5.763032194316124,5.82034969329834,1081900,-0.022134619627110535,0.6518043094230064,0.918277899234297
2020-07-10,5.809927817591804,5.971459667189626,5.789085046378943,5.955827713012695,523500,0.02300984307940679,0.6484511704358743,-1.0500552638654923
2020-07-13,5.9766711600323665,6.049620619060644,5.950617568837587,5.971460342407227,783100,0.002621323183160131,0.4445165192897709,0.17408692496864817
2020-07-14,5.903720757872794,6.205941200256348,5.893299620341058,6.205941200256348,857800,0.038515580360647346,0.45039631534430824,0.44553341155078546
2020-07-15,6.294523449147013,6.362262586059947,6.117359629056403,6.195520401000977,1025200,-0.0016805763777019093,0.44711238946066456,0.9559120131178901
2020-07-16,6.148625206885814,6.231996315275154,6.033989684384971,6.174678802490234,627200,-0.0033696495728891534,0.386287682273159,-0.43654034938251013
2020-07-17,6.174678825130855,6.362263819694684,6.138203592378523,6.294524669647217,1539300,0.01922329008495515,0.3594122016003149,2.058796972781791
2020-07-20,6.27368103351949,6.31015576434692,6.054831654693037,6.10693883895874,1161400,-0.03025451617191401,0.37462762644991454,1.150464130434107
2020-07-21,6.216363432974092,6.497741130442735,6.216363432974092,6.450844764709473,807400,0.05478545422132065,0.417024208890413,0.18851960119857505
2020-07-22,6.388314663785422,6.409157431981671,6.325786359196673,6.383103847503662,648500,-0.010556617974894867,0.4177315394374373,-0.4532205866361964
2020-07-23,6.341419439691275,6.388315800711663,6.2736803067652565,6.3205766677856445,822300,-0.009844026630589302,0.402906521717745,0.206553604550754
2020-07-24,6.325788066393482,6.325788066393482,6.237206153420332,6.289312839508057,521300,-0.004958630655583365,0.3514018081738329,-1.006255791128525
2020-07-27,6.247627164796375,6.357051849365235,6.205941618001659,6.357051849365234,651200,0.010712905940809253,0.3448301534751678,-0.35465557014971183
2020-07-28,6.398737314808868,6.398737314808868,6.138202402188774,6.195520401000977,653300,-0.025738209241214196,0.3425076760365143,-0.34348004766048895
2020-07-29,6.252837004074596,6.33620808461999,6.216362280568696,6.315365314483643,559600,0.01915908787727321,0.3453669253162409,-1.1281665790331257
2020-07-30,6.12778133225274,6.159045243833618,5.971460283555605,6.122570514678955,1164200,-0.03100357574083264,0.3660372337402241,1.3708776573193704
2020-07-31,6.080884258042648,6.122569799904551,5.976670403387891,6.065252304077148,1085800,-0.009405885535970052,0.36798845622165643,1.0298669581863134
2020-08-03,6.049620619060644,6.049620619060644,5.8828784305035295,5.971460342407227,1187200,-0.015584630583415807,0.3632908020600501,1.2043511495224104
2020-08-04,6.018355945249794,6.153834204766406,5.929774044560536,6.065252304077148,1241100,0.015584630583415925,0.36368047614363574,1.2189400140447952
2020-08-05,6.1434139320848,6.252838627951185,6.013146460669151,6.096517562866211,1890800,0.005141575281875498,0.3524243869257976,2.1512939877650386
2020-08-06,6.033989011175846,6.070463742793963,5.966249868934379,6.0391998291015625,817800,-0.009446192280266432,0.3519017350763025,-0.20387429770735116
2020-08-07,5.992303115976866,5.992303115976866,5.7995073362249725,5.971460342407227,961500,-0.011280013585024892,0.3449661018361904,0.26813350645397166
2020-08-10,5.981881573071204,6.112149034125169,5.97146043459097,6.018356800079346,760100,0.007822754303730564,0.3367941433781459,-0.47060028537710397
2020-08-11,6.101728153417313,6.16946729565878,6.033989011175846,6.0391998291015625,716900,0.003457259281294295,0.33687300797876074,-0.6282341302457296
2020-08-12,6.127780477761173,6.174676835523917,6.065252166387795,6.169466018676758,836800,0.021340764842027817,0.3171527144217144,-0.16692254866165285
2020-08-13,6.112149173640484,6.148624401481205,6.028778076171875,6.028778076171875,478900,-0.023067939949951145,0.3268475991268308,-1.5996354339204604
2020-08-14,6.018356204692666,6.044409793712203,5.966249026653593,6.0079345703125,523600,-0.0034633254619773745,0.32685523713669196,-1.2942090138027447
2020-08-17,6.018356707171645,6.075674210255423,5.940195933587308,5.971460342407227,427400,-0.006089513015124212,0.3184799019102986,-1.6672320689461957
2020-08-18,5.971460570894941,6.091306399273332,5.966249753070418,6.028778076171875,1061800,0.009552838477101621,0.30432244671359376,0.7902762325126633
2020-08-19,6.018356800079346,6.11735985183075,5.992303208482367,6.018356800079346,908200,-0.0017300841733711605,0.2281263925349678,0.3508638427690802
2020-08-20,5.934985322095963,5.961038415083296,5.851613734971453,5.908931732177734,1128800,-0.01834920616081009,0.23279700200418796,0.8567487822181344
2020-08-21,5.882878244523395,5.898510199973709,5.8307710637811425,5.877667427062988,835800,-0.005305071974873558,0.23181053575509175,0.05267671155333805
2020-08-24,5.945406254824138,6.028777342141955,5.929774300184767,6.0079345703125,568000,0.02192103684707739,0.24777185321251205,-1.0016553664667673
2020-08-25,6.033988593599036,6.080884957823165,5.966249456045396,6.044410228729248,623800,0.0060528918462942494,0.2452294582417393,-0.7399083566226574
2020-08-26,6.0287775267914725,6.11735943401246,5.940195619570486,5.945406436920166,1065500,-0.016515021838948346,0.2360810600816385,0.638099301637308
2020-08-27,5.929775009426304,5.981881696766815,5.835982276510071,5.872457504272461,1011600,-0.012345692852426286,0.22555754215612125,0.43439811559803515
2020-08-28,5.888088694994107,6.08609527377015,5.888088694994107,6.0808844566345215,1013100,0.03487695410946322,0.23923989407687593,0.4625209530334428
2020-08-31,6.075674723754906,6.075674723754906,5.914143339170739,5.934986114501953,1233700,-0.024285466775964073,0.251589836397911,0.9825919662558157
2020-09-01,5.934985220929594,6.231994848914313,5.903720814174466,6.211152076721191,2160200,0.04548170987598599,0.29266854905642503,2.1696059740995564
2020-09-02,6.1903087891345505,6.258047917355088,6.127780477761173,6.169466018676758,1534600,-0.006734108952476209,0.2896914157625332,1.2746580165637666
2020-09-03,6.169466819588499,6.1903095927520715,6.018356589919868,6.117359638214111,1528300,-0.00848171762065737,0.29096668728681047,1.342022903849634
2020-09-04,6.1642563580238345,6.185099132390986,5.950617796527788,6.028778076171875,806900,-0.014586222329293718,0.2936379678729064,-0.23838276795778218
2020-09-08,5.877667604892122,5.914142831287619,5.716136234179627,5.736979007720947,1342700,-0.04961158292801983,0.3386318236298595,0.9600336688212769
2020-09-09,5.773453941196753,5.882878630388048,5.773453941196753,5.830771446228027,968000,0.01621654863752579,0.3428923628432298,0.14163177036097563
2020-09-10,5.851612894078626,5.856823710699642,5.648396015167236,5.648396015167236,1564000,-0.031777701413875,0.3578611083645887,1.1814884840459645
2020-09-11,5.679660320281982,5.757821084299044,5.658817549263605,5.679660320281982,808100,0.005519814444752727,0.3482668410090376,-0.3713874029653998
2020-09-14,5.731768120910077,5.731768120910077,5.606711481171822,5.6536078453063965,659200,-0.004597530118373517,0.341291749660391,-0.9316066462928554
2020-09-15,5.7109255203189315,5.778664659791649,5.6588183370534795,5.705714702606201,1149200,0.00917435393886393,0.3439011456805004,0.3722452712875963
2020-09-16,5.747399290751158,5.851613142949609,5.705713749871778,5.78387451171875,1001500,0.01360553686213493,0.3480233311171914,-0.11077802975502894
2020-09-17,5.690082676621785,5.783875406577053,5.679661041324123,5.778664588928223,835500,-0.0009011728475491305,0.3457089284707459,-0.6223819433794975
2020-09-18,5.7526109976149895,5.888089274899062,5.716136267935018,5.778664588928223,2510400,0.0,0.34577900615625423,2.2097713690217726
2020-09-21,5.653607678673674,5.679660771819744,5.476443862467361,5.523340225219727,1498300,-0.04518982546638384,0.37324286065744827,0.8117413714286552
2020-09-22,5.50249741655151,5.596289644511829,5.424336646831867,5.481654644012451,1161500,-0.0075757928236899015,0.3734860034095289,0.11892345433519431
2020-09-23,5.481654576703474,5.481654576703474,5.320122718811035,5.320122718811035,1905400,-0.02991062718936198,0.37250398534274815,1.3069155664487595
2020-09-24,5.299280584929541,5.351387770380141,5.205487849890839,5.294069766998291,996800,-0.004909088311469151,0.37004022293500693,-0.5461630564087031
2020-09-25,5.2628058163269005,5.268016137290624,5.1064847580034485,5.174223899841309,828300,-0.02289792536222443,0.3729072978156943,-1.0255013867625236
2020-09-28,5.252384159280274,5.3305444396601995,5.241963020464057,5.288858890533447,672900,0.02191315506761424,0.3849636808379908,-1.4775045869949908
2020-09-29,5.262804908189532,5.273226045249677,5.101273059844971,5.101273059844971,914000,-0.03611238376916542,0.37062351491137124,-0.6352161043113669
2020-09-30,5.122116624366476,5.195066582811657,5.106484667889272,5.1273274421691895,964900,0.005094428835816673,0.36869047186626863,-0.45681723785461176
2020-10-01,5.085640946603957,5.1221156705690625,5.012691001742902,5.049165725708008,1433300,-0.01536153018407859,0.3161336079324223,0.6940533237706642
2020-10-02,4.944952547837591,5.158591097781903,4.9241097745974365,5.106484413146973,697300,0.011288158866243021,0.32443660783061845,-1.227043974036622
2020-10-05,5.158590593302679,5.2471724951432845,5.142958639134003,5.221119403839111,992400,0.022200638408449457,0.3419948131415716,-0.18850547348880864
2020-10-06,5.299280547727692,5.346176914917822,5.158591446157302,5.174223899841309,979400,-0.009022467224879527,0.3410931182948237,-0.25631980501192186
2020-10-07,5.195066136383071,5.2054872741620395,5.043955911606314,5.169012546539307,941400,-0.001007683382275215,0.30470088497382836,-0.32494519650109377
2020-10-08,5.184644723455234,5.325333816471237,5.184644723455234,5.30449104309082,1299500,0.02587215488935513,0.31482560001937065,0.5738603705840009
2020-10-09,5.372229822806432,5.393072594797894,5.215908784405022,5.236751556396484,764900,-0.012852454256313024,0.30067611851197484,-0.8792711313057541
2020-10-12,5.2054872741620395,5.2054872741620395,5.101273411717878,5.169012546539307,437700,-0.013019700633042154,0.30044698401282827,-2.1502038292287784
2020-10-13,5.137748713649335,5.1794342632867005,5.033534839555921,5.059588432312012,675500,-0.021396530973661475,0.30610783435211014,-1.0292607876526134
2020-10-14,5.059588107445339,5.158591157244545,5.059588107445339,5.111695289611816,613300,0.01024596591166864,0.3067674793876056,-1.1634723774671099
2020-10-15,5.03353584550947,5.106485820419408,4.965796689578324,5.064800262451172,587100,-0.00921640634878241,0.2992004072812831,-1.1656526428753058
2020-10-16,5.038744867107824,5.08564122732636,4.991848506889288,5.033534049987793,527300,-0.006192370227741061,0.29855327875795507,-1.3130675089734436
2020-10-19,5.059588432312012,5.1898558991615165,5.038745657493329,5.059588432312012,1089100,0.0051628106648547506,0.3005148725104335,0.5431303290077455
2020-10-20,5.106484667889272,5.163802172926312,5.0856418936093535,5.1273274421691895,456900,0.013299414490202343,0.2721791328099158,-1.6306940518939035
2020-10-21,5.08564304143529,5.195067755334672,5.0595894434723805,5.064800262451172,1169200,-0.012269854927316108,0.27353785542312153,0.8704995410727446
2020-10-22,5.06479890083125,5.169012767734997,5.049166448097502,5.148169994354248,1486900,0.01632660855857587,0.26460298177967806,1.6457927949997646
2020-10-23,5.189854900481205,5.189854900481205,5.054376641764283,5.096062183380127,600300,-0.010173190039470306,0.26606567086379584,-0.8518889101851974
2020-10-26,5.023113775162242,5.023113775162242,4.929321038620676,4.98663854598999,1120700,-0.021706075896357462,0.26490522051874027,0.8431768769859153
2020-10-27,4.965795516967773,5.0126918828408105,4.9345316043397025,4.965795516967773,921000,-0.0041885350583714,0.25055949915707126,0.26344448729531994
2020-10-28,4.845949121859317,4.918898574054337,4.642731725892748,4.647942543029785,1413000,-0.06614885181213673,0.31411571506382036,1.3280530893275961
2020-10-29,4.585415036749813,4.731314463797986,4.429093973589861,4.715682506561279,1121900,0.01446899997806059,0.31933323638831723,0.6921892262241396
2020-10-30,4.705260246939704,4.8251065616891164,4.658363884513017,4.8198957443237305,957100,0.02185864022348295,0.3285231731344378,0.34205024449499183
2020-11-02,4.887635591174241,4.918899506058416,4.767789258968988,4.877213954925537,869100,0.01182184793724662,0.328804605088761,0.04936744668283639
2020-11-03,4.9553744369339405,5.043956351978004,4.892846114008297,4.971006393432617,927800,0.019048167300406534,0.32602803228360244,0.23934504989434063
2020-11-04,4.976217467648773,5.153381306865505,4.9188994626486755,5.070009708404541,805100,0.019720419216069363,0.33371564099789897,-0.12800361410583153
2020-11-05,5.070009187278519,5.241962687673433,5.070009187278519,5.106484413146973,672200,0.0071684532019745785,0.3349034577014745,-0.5809456267947076
2020-11-06,5.085641639906818,5.195066323650357,5.085641639906818,5.106484413146973,1008800,0.0,0.32085325465711967,0.5920965277631032
2020-11-09,5.575446908442766,5.752610724649078,5.48686500033961,5.523340225219727,2407800,0.0784716048703153,0.42144829056457184,2.4273563224752137
2020-11-10,5.606711843134921,5.726557673055135,5.507708290919058,5.721346855163574,955800,0.035221451317562366,0.43201040177786293,0.1578360742948326
2020-11-11,5.773454130809017,5.830771637722718,5.731768580884335,5.768243312835693,626100,0.008163340453100777,0.4214009527664222,-0.9059577298711893
2020-11-12,5.700504725373303,5.783876330276484,5.570237244934022,5.617133617401123,919800,-0.026546081013018995,0.43601642589505024,0.020089711937585804
2020-11-13,5.6171330394411445,5.731768549573276,5.6171330394411445,5.726557731628418,544600,0.019293103986730238,0.43590892447917373,-1.315762789343304
2020-11-16,6.018356141799593,6.08609527377015,5.90893146660575,6.0808844566345215,680200,0.060035549948955276,0.4717586079307113,-0.8055278359392205
2020-11-17,6.023567830966566,6.159045617589913,5.940196235519424,6.153835296630859,2118600,0.011925357673734687,0.4716469269555864,1.9258056666994727
2020-11-18,6.211152986037312,6.231995761281827,6.049621105194092,6.049621105194092,1260000,-0.017079870072366592,0.48008512552827437,0.6078232668691346
2020-11-19,6.02356662547221,6.185097972287391,5.9975130381672574,6.169466018676758,1297900,0.019616646546177553,0.47591400613879936,0.6670176814366053
2020-11-20,6.127781147282561,6.1903094654877835,6.080884784395919,6.185098648071289,861000,0.002530665897046044,0.47578177036226865,-0.33279091875880695
2020-11-23,6.278891123974383,6.3205766677856445,6.242415900441371,6.3205766677856445,1379000,0.02166749361483474,0.4726098219933282,0.8304554591182197
2020-11-24,6.398738584661466,6.471688553567403,6.367474667223927,6.456056594848633,1672400,0.02120824827072406,0.45923452629069333,1.2505679107024712
2020-11-25,6.4352114060517325,6.539425253342158,6.377893417343882,6.529003620147705,1372600,0.011235649506626423,0.455349424564575,0.6790232875202761
2020-11-27,6.456054895186508,6.47168684978991,6.258048314796875,6.278891086578369,1414500,-0.03906096035839262,0.40261374929144816,0.7564832477082208
2020-11-30,6.2580482464524305,6.284101835127485,6.002724170684814,6.0027241706848145,1535300,-0.04497999168215674,0.45198260986754146,0.9097322559851423
2020-12-01,6.138203155156864,6.28410308191179,6.132992833932808,6.258049488067627,899600,0.04165515854824701,0.46277751225932084,-0.43269734769998974
2020-12-02,6.2736803067652565,6.471686888334183,6.226783945744868,6.3205766677856445,1045000,0.009941895714951842,0.4628546663520186,-0.07772536985374778
2020-12-03,6.330998628426039,6.487319686508486,6.315366671697078,6.388316631317139,808000,0.010660346806030207,0.4622356021792881,-0.7071181576723832
2020-12-04,6.461265635577369,6.711379410149819,6.461265635577369,6.700957775115967,1573700,0.047779671985147446,0.478129104401295,0.8822814059542682
2020-12-07,6.674905572855164,6.6853267123498945,6.476898953145531,6.617587566375732,1373000,-0.012519580112213305,0.4860984395146679,0.47369301915985573
2020-12-08,6.591533301615799,6.7947507188628204,6.544637433264263,6.601954936981201,979900,-0.0023650798319917498,0.4869235119366939,-0.3952072164485586
2020-12-09,6.680114703614915,6.805171833780976,6.612375569713142,6.71658992767334,1123000,0.017214766753050257,0.42411058355928793,0.05683531949597616
2020-12-10,6.706168951766389,7.065707428793998,6.706168951766389,7.044864654541016,2092400,0.04771835910441482,0.4357781903116153,1.6241983547261292
2020-12-11,7.044863903662439,7.044863903662439,6.8468573208982235,6.982335090637207,988700,-0.008915532569345656,0.44062945075103965,-0.4791167290759992
2020-12-14,7.086551159174108,7.123025894805313,6.867701751524868,6.925019264221191,949400,-0.008242567127559094,0.4263035093855116,-0.601787917692658
2020-12-15,6.951070745929213,7.0448634626649005,6.867699663022314,7.024020195007324,949400,0.014194897565565948,0.4252628466096651,-0.7731579601449454
2020-12-16,7.039652938463405,7.190763156748124,6.935439080496508,7.164709568023682,1108300,0.01983179416773671,0.3863586990948222,-0.37589525277347446
2020-12-17,7.206395939834971,7.294977853525108,7.185553165844993,7.232449531555176,918000,0.009410254195704388,0.3861193360698807,-0.9976415035577092
2020-12-18,7.180342247409682,7.25850302147408,7.10739278793335,7.10739278793335,1147700,-0.017442299763185114,0.3864142235497551,-0.0971566561035517
2020-12-21,6.898964499272334,6.898964499272334,6.753065084546677,6.789539813995361,1271300,-0.045752314878723964,0.4253456933992039,0.31222494652605065
2020-12-22,6.784330787023753,6.836437482325183,6.711380817284535,6.779119968414307,715100,-0.001535869834814605,0.42582321681978014,-1.8306602583095883
2020-12-23,6.852068599710885,6.914597421482975,6.83122582476384,6.867701053619385,528500,0.012982119300327387,0.4224263594512862,-2.3709472514858883
2020-12-24,6.862489450883337,6.862489450883337,6.7218003633812,6.763485908508301,250300,-0.015290990575674656,0.42256310452432544,-3.1900458395440436
2020-12-28,6.78432957718791,6.8624898546673965,6.7061688027774995,6.758275985717773,630000,-0.0007705982532595076,0.42137890381177917,-0.9905344818574673
2020-12-29,6.820803642272949,6.836435596859035,6.732221738066998,6.820803642272949,590700,0.009209475193440186,0.39497732339889424,-1.0308788867947736
2020-12-30,6.820803364044723,6.945859989493967,6.820803364044723,6.836435317993164,377600,0.002289142423552701,0.35290852240369025,-1.771137565384995
2020-12-31,6.789540484209235,6.831226035388602,6.680115788130655,6.7270121574401855,602100,-0.016135357145039966,0.33612061373974694,-0.7419457683444335
2021-01-04,6.815593370657839,6.8885433261170155,6.695747547686603,6.747854232788086,809100,0.00309347660528457,0.3352878823920303,-0.10665550443479348
2021-01-05,6.753066229201219,7.050075926611899,6.753066229201219,6.925019264221191,1350400,0.025916270999085816,0.34367383111686195,0.8864495785152191
2021-01-06,6.888541871090668,7.102180377822246,6.8833310546018955,7.055284023284912,1255000,0.01863600902658361,0.3098948247725681,0.7771824819162299
2021-01-07,7.138656000643663,7.206395132757403,7.029231325218525,7.12823486328125,998100,0.010286796086691865,0.3060571098489951,0.34001852883762923
2021-01-08,7.216817600876602,7.222027921694367,7.096971277311219,7.195974826812744,697100,0.009458178842901241,0.30592341372200743,-0.38760836105625807
2021-01-11,7.07612756773496,7.149077515779447,7.0604956134864505,7.1178131103515625,458900,-0.010921287040784315,0.3062546853466626,-1.1539412662994075
2021-01-12,7.195974956134393,7.362717151641845,7.154288910326589,7.362717151641846,779700,0.033828512001563,0.28349877349396646,0.04387380544487248
2021-01-13,7.393980514808539,7.393980514808539,7.2324491491594705,7.279345512390137,752000,-0.011388086800540834,0.28483568253227287,-0.009919415920428101
2021-01-14,7.331453198642599,7.539881452953577,7.315821241071841,7.519038677215576,606000,0.03239733829050275,0.3007949699335351,-0.4663251087884032
2021-01-15,7.456509172083814,7.466930309841083,7.216817040495905,7.227238178253174,1260000,-0.03958132583044107,0.33354850793900487,1.1847895156375112
2021-01-19,7.305399613907515,7.388770711293065,7.242870793937413,7.32103157043457,668400,0.01289427448398725,0.3295489250778068,-0.20956524013385344
2021-01-20,7.373136957355875,7.383558591156363,7.274133920905495,7.331451416015625,1130300,0.0014222637005835116,0.32814756319277577,0.9716012561153473
2021-01-21,7.3679272649580065,7.3679272649580065,7.180341816018229,7.227238178253174,1103400,-0.014316538184570758,0.3261489776143496,0.9248779090627977
2021-01-22,7.060496940961843,7.1178144486034745,6.919807835481077,6.992757797241211,794700,-0.032981955390222834,0.305532651057381,0.23269400646674007
2021-01-25,6.925017341180343,6.925017341180343,6.685325223027226,6.768696308135986,1215000,-0.03256651367309188,0.3274205246039632,1.1458117469328835
2021-01-26,6.831224839024496,6.914596423713189,6.799960929580757,6.826014518737793,903600,0.008432478038507473,0.32550849014715244,0.40838824168315807
2021-01-27,6.617587064281048,6.638429838620086,6.377894910916652,6.419580459594727,2320500,-0.061388210864448525,0.38585127730548135,2.4349063555920862
2021-01-28,6.409158028562629,6.502950245710778,6.289311727580497,6.315365314483643,1427200,-0.01636716377346873,0.38874980762693456,1.1456216221413038
2021-01-29,6.268470962139449,6.268470962139449,5.92456489644102,5.929775714874268,2085500,-0.06299921263818507,0.43710878033374995,1.7735116165947171
2021-02-01,6.033988627851497,6.138202495090633,5.929774760612362,6.086095809936523,1123200,0.026020403846476643,0.4507523964790444,0.3338175936764581
2021-02-02,6.179887807499762,6.367473258343476,6.179887807499762,6.221573352813721,1536700,0.02201603134904256,0.4587524937177341,1.0079491257417201
2021-02-03,6.24762708536645,6.268469858498821,6.1798879484535165,6.195520401000977,788500,-0.004196310434607306,0.45808295267198,-0.650878033760634
2021-02-04,6.231995719586042,6.247627676682101,6.075674657832573,6.242416858673096,664800,0.007540909545472907,0.447222549839426,-0.9784113498861874
2021-02-05,6.362262211596905,6.409158572617293,6.258048352068753,6.3205766677856445,1152400,0.01244302441051532,0.4436086674074705,0.3839974667901733
2021-02-08,6.38310462239084,6.518582880578458,6.362261851664348,6.4456329345703125,2190800,0.019592388189364995,0.44885187353670053,1.724125354762591
2021-02-09,6.39873743057251,6.4560554304216895,6.3414199276542496,6.39873743057251,1111500,-0.007302142657342039,0.44589193605233995,0.1383593031382923
2021-02-10,6.403948503073183,6.466476826090294,6.367473772212602,6.419580459594727,670700,0.00325207216273076,0.4464600639617585,-1.149122802677289
2021-02-11,6.4300023461452,6.450845121297577,6.330998791473192,6.362263202667236,510600,-0.008968603065145846,0.42369757742176983,-1.6673557542193098
2021-02-12,6.299733969454926,6.43521223688922,6.258048425156818,6.403947830200195,463000,0.00653048513298839,0.4258762385968496,-1.7192407564130363
2021-02-16,6.549847185241718,6.596743546451802,6.4873188692719,6.555058002471924,867700,0.023322317099503713,0.4165988230627047,-0.4028691968912386
2021-02-17,6.586322689962877,6.586322689962877,6.440422782876822,6.539426326751709,1168700,-0.0023875217614661094,0.39897347950780354,0.2736497780251523
2021-02-18,6.523794165588225,6.534215303233782,6.367473125457765,6.367473125457764,588100,-0.026646736716917044,0.40043497718329546,-1.2371686250994265
2021-02-19,6.3622625728815665,6.372683710960711,6.268469845514717,6.310155391693115,2306400,-0.009042404773997585,0.3994181051684425,1.59557062514825
2021-02-22,6.231994448580733,6.523793737470607,6.200730043833982,6.487318515777588,2656300,0.027688971145386123,0.4160714146738496,1.6647158725189939
2021-02-23,6.5394269870338055,6.716590822861499,6.3987378831950075,6.7113800048828125,2424000,0.033955320100527514,0.42417413522932224,1.3365019440429287
2021-02-24,6.695748242521144,6.8208048960592444,6.555059134592554,6.7270121574401855,1218300,0.0023264925475296656,0.40941151211771803,0.0739772649552084
2021-02-25,6.742642988432127,6.852067666229545,6.591532766419587,6.596743583679199,1394400,-0.019554955442082383,0.41335528227411517,0.2848653475669414
2021-02-26,6.51858208924468,6.570688761269909,6.330996678547642,6.383103847503662,1383100,-0.03292165533049085,0.37110176282227875,0.3274924182359807
2021-03-01,6.51337292270865,6.617586790085805,6.456055419883945,6.476898193359375,771600,0.014587246369398527,0.36967426804651093,-0.7257317818230792
2021-03-02,6.466475984966244,6.529004299850012,6.388315715594252,6.430001258850098,792300,-0.007266987871853699,0.28941935856334366,-0.6042714409130894
2021-03-03,6.445633213338321,6.497740390873565,6.393526532733951,6.430001258850098,1245800,0.0,0.2781279808146927,0.2661990513547024
2021-03-04,6.4716874681336884,6.7061687973119675,6.419580285235882,6.523794651031494,1766800,0.014481474306079184,0.2726778261889267,0.9219003157552563
2021-03-05,6.706168201098277,6.971913915775231,6.680114611965675,6.940649509429932,3223200,0.06193915106133729,0.3407079769116643,1.7945907486585586
2021-03-08,6.9614928198690444,6.977125272716411,6.747854266930887,6.789539813995361,1236900,-0.022012194200919252,0.3535167994944294,0.048424699625107495
2021-03-09,6.789539897937198,6.857279036987183,6.685326028987575,6.758275985717773,1245400,-0.0046153393634215225,0.3533226480899605,0.05416169083454145
2021-03-10,6.81559318740312,7.003178143200405,6.747854051354707,6.966703414916992,998800,0.03037431932700666,0.36150922753417625,-0.28738975734099664
2021-03-11,7.0083897544287534,7.1178144486034745,6.961493385935165,6.992757797241211,1104400,0.0037328679355701773,0.35929118804734334,-0.09860525627430355
2021-03-12,6.961492422690954,6.97191405732794,6.878121333318626,6.9145965576171875,912200,-0.011240392755858189,0.3632722354770578,-0.49498511342658313
2021-03-15,7.060496989884462,7.315821112417647,6.951072294951531,7.310610294342041,2095700,0.055692137537958895,0.4021954919544139,1.0136197786734682
2021-03-16,7.216818157729889,7.29497844226751,7.185553745756258,7.201185703277588,1216800,-0.015081064400525361,0.4091609292021178,-0.188570913241588
2021-03-17,7.1855526333623105,7.248080950698606,7.102181543580585,7.227238178253174,950000,0.0036112750086477355,0.4040613913253238,-0.7630705756827306
2021-03-18,7.128234898407616,7.1386560358213815,6.810382007928307,6.820803642272949,1800100,-0.057879667459359505,0.45832023110889597,0.6384569480986051
2021-03-19,6.831225142820168,7.081338914147452,6.831225142820168,6.966703414916992,2174400,0.02116484413356668,0.45051791571394467,0.9973813951137913
2021-03-22,6.9510709244494135,7.024020375401041,6.862489022353124,6.96149206161499,555900,-0.0007483171174571354,0.4483377903065673,-1.9896130873677926
2021-03-23,6.836435711381595,6.852067666229545,6.570689994312025,6.596743583679199,1504700,-0.05381769717967899,0.4831796570762473,0.3257330194281084
2021-03-24,6.727011065310827,6.8468573781927,6.706168293104965,6.71658992767334,1090800,0.01800444363894256,0.47242688835822844,-0.37192910818964153
2021-03-25,6.638430342296169,6.638430342296169,6.482109274427408,6.617587566375732,1122600,-0.014849686921058489,0.47511726364129975,-0.2889395065055819
2021-03-26,6.732222779866603,6.768697511855497,6.61758726899028,6.7113800048828125,1126100,0.014073706176668617,0.47264910979824615,-0.255447589508714
2021-03-29,6.68011492312204,6.716590148379032,6.612375786994372,6.695747375488281,800900,-0.002331988954148189,0.4567444842843537,-1.021629452417784
2021-03-30,6.695746961400712,6.7165897330024755,6.581111469125574,6.622797012329102,818100,-0.010954814668260352,0.4566406778910081,-0.9837113582477547
2021-03-31,6.601955887831331,6.7113805902733805,6.596745069398139,6.680116176605225,601200,0.008617588972469921,0.4563058389879354,-1.6374521455779971
2021-04-01,6.695746779704953,6.732221504785543,6.502950526456764,6.6853251457214355,1052700,0.0007794683698539316,0.4562747149763895,-0.2933845990498965
2021-04-05,6.727011746354954,6.758276156294407,6.534215959699321,6.575901508331299,681200,-0.01650316727636469,0.45809139187780024,-1.1943082325103827
2021-04-06,6.591534763078343,6.7374347089570845,6.555060025074176,6.565481662750244,752400,-0.0015858068559513729,0.3996563853659284,-0.940902713737755
2021-04-07,6.5654797105689475,6.6853255266225355,6.534215303767945,6.638429164886475,856700,0.01104949060540963,0.39586264496708196,-0.5380573373844819
2021-04-08,6.560270309448241,6.628009458030883,6.534216714311688,6.560270309448242,1418100,-0.011843556131997389,0.39746655021733324,0.8041328799206883
2021-04-09,6.575901548709307,6.575901548709307,6.430002127601517,6.461266040802002,758200,-0.015206527674706124,0.3826166135262221,-0.8264391806041795
2021-04-12,6.51858292052434,6.570689599194451,6.482107698831321,6.487318515777588,377100,0.004023993513167258,0.3826881075686924,-2.1920691209241983
2021-04-13,6.497741806824286,6.523795401269359,6.445634617934142,6.466477394104004,508800,-0.00321776563426085,0.3816704730178505,-1.3728989348462692
2021-04-14,6.523793814379421,6.695746800186563,6.523793814379421,6.648850440979004,804300,0.027812465686676186,0.3370912855260032,-0.30465797151422114
2021-04-15,6.758276824344636,6.758276824344636,6.643641305809598,6.669694900512695,641200,0.0031301431227474443,0.33580171098887207,-0.7621217240645125
2021-04-16,6.67490460259753,6.716590148379032,6.654061829706778,6.695747375488281,955200,0.00389848797121657,0.3358814401677144,0.16921456253317305
2021-04-19,6.721801143909231,6.747854736871707,6.633219225995385,6.7113800048828125,960400,0.002331988954148135,0.2720624324482954,0.2715354783724273
2021-04-20,6.676213562352457,6.691959208572951,6.482015590482807,6.529252529144287,1573700,-0.027512124224240486,0.2748537589436387,1.6951699440751056
2021-04-21,6.408535338674803,6.576490240086694,6.408535338674803,6.565993309020996,1225500,0.005611330514226208,0.2764143771377048,0.9176244622643598
2021-04-22,6.576490627433698,6.5869880596627715,6.476767523983095,6.508258819580078,726000,-0.008831842028686119,0.20697105423685702,-0.47055677625515613
2021-04-23,6.518756609714167,6.524005326116878,6.413784784385667,6.466270446777344,828800,-0.006472453608811945,0.19627615614197708,-0.04218978406617434
2021-04-26,6.429530095920778,6.565993711965027,6.429530095920778,6.476767539978027,919100,0.001622045073643448,0.19070123268030478,0.30075698294183756
2021-04-27,6.482015307394817,6.487263522209064,6.445274800424802,6.4610209465026855,761000,-0.0024342029191661133,0.1826372136591285,-0.22157797438873278
2021-04-28,6.497761447434062,6.660467631594426,6.492512731675318,6.644721984863281,1279800,0.028035506483568735,0.20981748146658658,1.2681037392363832
2021-04-29,6.7129538477564,6.7286994946274925,6.560744593215602,6.565993309020996,560400,-0.011919053000547804,0.2104563377310604,-1.0987368830957618
2021-04-30,6.482017020276092,6.503011386716011,6.167101023132124,6.209089756011963,1631600,-0.05588949197443296,0.2820469271847965,1.7280264663356582
2021-05-03,6.161851098377195,6.245828547673396,6.093619295687761,6.156602382659912,1440900,-0.008489243947125054,0.2821099608820396,1.3005434773747302
2021-05-04,6.214337619901275,6.230083267433984,6.067377074990735,6.098868370056152,908600,-0.009421823259023535,0.27918256332159586,0.06698919164354238
2021-05-05,6.172349393231128,6.287818151893217,6.125111946257932,6.235332489013672,987400,0.02212866307130282,0.2930645164381348,0.2523543224449382
2021-05-06,6.219586128962526,6.340303590271448,6.193343050251209,6.335054874420166,816300,0.015866571902882435,0.29631875320067497,-0.2430025819604257
2021-05-07,6.308812841696697,6.445275961812601,6.303564125391625,6.424281597137451,865100,0.013986335016346267,0.29925200991366097,-0.029271011967376716
2021-05-10,6.471518825761784,6.707705545572664,6.429530097819632,6.660468101501465,1276300,0.036104956738553885,0.3205825647844804,0.9493078056080362
2021-05-11,6.576490595473202,6.644722402995229,6.513507504040205,6.524004936218262,818000,-0.020701326210132626,0.32939784759731133,-0.4056387361705006
2021-05-12,6.518755644103323,6.712953617331158,6.492512566522248,6.649970531463623,1511000,0.019123981916105818,0.3354548535681425,1.438134054691402
2021-05-13,6.586987755735979,6.681462138712952,6.445275430452877,6.487264156341553,972100,-0.024771529018324964,0.3325984559696615,-0.05567069946589733
2021-05-14,6.5817387551431965,6.838919815222176,6.5817387551431965,6.817925453186035,938600,0.0497143455508875,0.37644743227738114,-0.24795182221892192
2021-05-17,6.765440096334373,6.854666264053969,6.686710859822621,6.8389201164245605,1066100,0.003074601623099876,0.37637960427173817,0.18589108847526173
2021-05-18,6.838920224089819,6.9648869043827,6.707705328382942,6.712954044342041,1038500,-0.01859074229215933,0.38238251469905715,0.0795590404445271
2021-05-19,6.581738556764474,6.7182021561587995,6.518755472554414,6.67096471786499,1705200,-0.006274614331679533,0.3699982567934489,1.7860734191274286
2021-05-20,6.602734148805486,6.613231581736235,6.445276158660309,6.539751052856445,1346000,-0.019865385398779467,0.3764855401016092,0.9373100112135961
2021-05-21,6.59748412066887,6.63422462807682,6.382291793823242,6.382291793823242,1261300,-0.024371851245021038,0.384737841765004,0.6414331391416456
2021-05-24,6.440027705306205,6.461022069848522,6.382292827405983,6.45577335357666,397300,0.011447575840974701,0.38648954085294224,-2.6651796736052713
2021-05-25,6.445276089575307,6.461022238802652,6.282569885253906,6.282569885253906,759100,-0.027195709857465975,0.3976249444335405,-0.7882636476053818
2021-05-26,6.219586550256243,6.2615752788204855,6.172349105485188,6.198592185974121,742300,-0.013456914681508163,0.3997963018030041,-0.8452236426846148
2021-05-27,6.214338226432871,6.235332592040612,6.046383301570954,6.140857696533203,1251000,-0.009357777096680146,0.3851459388066414,0.6165798532856227
2021-05-28,6.198591513831995,6.308812039497689,6.172348436188721,6.266822814941406,760800,0.020305075742813594,0.3926431678321994,-0.8621344891987329
2021-06-01,6.366546350260694,6.5449986759098495,6.366546350260694,6.529252529144287,1445600,0.04102297139513982,0.3685150088539525,1.0770094661554444
2021-06-02,6.539750422052572,6.77068841825683,6.518756058761276,6.712954044342041,1873500,0.027746629632206445,0.3763264861007722,1.7269279677472744
2021-06-03,6.649971242563921,6.791683075783256,6.649971242563921,6.749694347381592,777700,0.005458122827195962,0.37309629303594416,-0.7608010291295516
2021-06-04,6.823173825208903,6.87565997792853,6.765439457653353,6.844168186187744,781100,0.013899707991246221,0.36935871263880987,-0.7075337256540726
2021-06-07,6.8599141724923385,7.012123422284871,6.733948000363017,7.001626491546631,1449400,0.022745548019050873,0.3727936691351022,0.9291754420620858
2021-06-08,6.975384712219237,6.98588214545645,6.859915449335738,6.975384712219238,986400,-0.003754995939960804,0.37232921177371453,-0.1484425881937167
2021-06-09,6.980631912256686,7.064609357729148,6.865162674459522,6.886157035827637,879000,-0.012874312317035863,0.35733804510927725,-0.4200876517247522
2021-06-10,6.964887190422843,7.017372850534059,6.901903597417185,6.917649745941162,898300,0.004562910109020486,0.3480803200109634,-0.37453431495596856
2021-06-11,6.949141253615595,6.964887402619304,6.844169429649904,6.880909442901611,319300,-0.005325250174462066,0.34390306157099004,-2.559464116425922
2021-06-14,6.922897515265869,7.0593611237387295,6.886157505502057,6.90190315246582,382400,0.003046363092388185,0.3302281569212051,-1.8434854947658657
2021-06-15,6.928147146049902,6.933395862579346,6.796932236084771,6.933395862579346,1100400,0.004552523869709902,0.283380645314231,0.3801033837741996
2021-06-16,6.9176496557412746,6.970135315168125,6.823174768009778,6.859914779663086,644100,-0.010654697768753878,0.28597108276953986,-0.6934602393304437
2021-06-17,6.807429733673815,6.849418465217071,6.618479941183999,6.702457904815674,1082500,-0.023220708282592643,0.2902116584779705,0.38741186649292786
2021-06-18,6.571242430033233,6.691959897730638,6.571242430033233,6.660468101501465,1147600,-0.006284542995282584,0.29021433317299083,0.571427703238837
2021-06-21,6.739196807408195,6.933394783877736,6.718202445101896,6.891406059265137,1511100,0.03408536907478123,0.3037208437654143,1.1429081227456044
2021-06-22,6.891406528238345,6.933395255708356,6.749694197618221,6.90715217590332,859700,0.0022822853235420133,0.28762168349194367,-0.028958272926301418
2021-06-23,6.985880845166734,7.106598301654399,6.980632129525077,7.001626491546631,476000,0.013585056008646157,0.28843537596630964,-1.3779919146158253
2021-06-24,7.143338790729429,7.767921978852583,7.1170962118454355,7.704938888549805,2461200,0.09571905933882588,0.4102218874172926,1.9611987952531342
2021-06-25,7.699689943910153,7.804661757964277,7.652452502449524,7.788916110992432,1139300,0.010840174351200434,0.4014677566766859,0.36973862669795693
2021-06-28,7.804662696362104,7.804662696362104,7.578972893600982,7.652453422546387,976200,-0.017675406438159583,0.40773456615964976,0.0825428964884312
2021-06-29,7.683944667217403,7.69969031494801,7.531735404367887,7.563226699829102,651200,-0.01172839397220076,0.41307296000793375,-0.7192326107072323
2021-06-30,7.589470149565612,7.694441973793289,7.568475784720077,7.673447608947754,443700,0.014468095799848885,0.39702773595624785,-1.3405209129938087
2021-07-01,7.80991015861026,7.841401451283023,7.710186563874675,7.799412727355957,685000,0.01628243241678633,0.39168050102923335,-0.41895591688546024
2021-07-02,7.762673477425801,8.056595074174826,7.683944737507463,7.988363265991211,849300,0.023937451486754475,0.3958872178858347,0.01804996621643204
2021-07-06,7.951621717605482,7.951621717605482,7.678695020973517,7.715435028076172,1025100,-0.03476301945037713,0.42182596117812143,0.38024029257921255
2021-07-07,7.66819795310425,7.7889159115847555,7.5474804951688235,7.641955375671387,583900,-0.009569361877188598,0.42022882732159356,-0.707518131828955
2021-07-08,7.489746080398135,7.599966106281915,7.458254286899143,7.521237373352051,1003200,-0.015922840901031368,0.425203625072835,0.4313704232704595
2021-07-09,7.594718310612698,7.641955753197593,7.5159890727895045,7.599966526031494,738700,0.01041317405850015,0.42147968103283073,-0.19581027522464808
2021-07-12,7.437259924748173,7.563226097653988,7.400519916120246,7.521237373352051,427100,-0.010413174058500082,0.4247199196528415,-1.2251265817460026
2021-07-13,7.536983723997364,7.536983723997364,7.4372606195995585,7.453006267547607,471000,-0.009113191912418854,0.425966870090141,-1.130516604409777
2021-07-14,7.484497872898708,7.557977895143631,7.290299884680524,7.3060455322265625,837100,-0.019915316319476333,0.4338347100553282,0.026833414019555
2021-07-15,7.248311406662543,7.337537079520319,7.038367263137126,7.054112911224365,1822100,-0.03509132214220256,0.4530245063022559,1.6516790861599668
2021-07-16,7.111848341031995,7.1170970576506,6.9438929130527685,6.975384712219238,1256400,-0.01122335632032158,0.45321026743045145,0.7756120695533201
2021-07-19,6.775937934743791,6.875661547567897,6.644723023534825,6.702457904815674,1597800,-0.039913171471725864,0.4678091117587159,1.2087629944449623
2021-07-20,6.649970356461637,6.723450871645903,6.518755472554414,6.67096471786499,866400,-0.0047098257574857095,0.46757430759905,-0.03116519496719055
2021-07-21,6.7864342344165625,6.95438913253738,6.770688087308927,6.9228973388671875,1168400,0.037069887759961624,0.4704152823060132,0.6331510641805461
2021-07-22,6.912400891973351,6.964887051583422,6.844169084698304,6.90715217590332,821200,-0.0022769505994353614,0.470428212744323,-0.11552816086533761
2021-07-23,6.9333954509872875,6.9333954509872875,6.728700023396906,6.854666709899902,1040100,-0.007627730159167752,0.46844469612481177,0.32303220033452223
2021-07-26,6.844168826760956,7.043615524999486,6.844168826760956,7.006875514984131,736500,0.02196219159042239,0.3239342460976799,-0.3692790549050351
2021-07-27,7.006875421439508,7.006875421439508,6.907151823379046,6.949140548706055,517500,-0.008273893549459841,0.31924571025847776,-1.1602174039031259
2021-07-28,7.001627514339109,7.1275937048694775,6.917650053985531,7.090853691101074,525900,0.020187751194027465,0.32777997967438377,-1.021197273750214
2021-07-29,7.185327491038897,7.300796739773069,7.138090548895245,7.2168192863464355,507800,0.017608572713030297,0.3343354602012669,-1.0534114716880538
2021-07-30,7.258808611808231,7.258808611808231,7.033118811699128,7.090853691101074,608500,-0.017608572713030287,0.33260709985896525,-0.679232190736925
2021-08-02,7.169582066124056,7.253559522156442,6.954389709904787,6.9648871421813965,981300,-0.01792433753010454,0.32770706436279196,0.4797083289730526
2021-08-03,6.928146104498775,7.027869701385497,6.697208117918352,7.027869701385498,1219800,0.009002226687752147,0.3146921645735927,0.9592218126242406
2021-08-04,7.01737306432958,7.216819780136963,6.817926348522196,6.880909442901611,882000,-0.021132800547262038,0.3023497518528864,0.1831163061347241
2021-08-05,6.8914056771995815,6.943891329782939,6.744445149203105,6.765439510345459,1232400,-0.01692360189540494,0.3046762616836083,0.9172186287254493
2021-08-06,6.781186651322989,6.817926666287048,6.665717389306453,6.702457904815674,961800,-0.00935291719384338,0.3027702756854157,0.3133784665267452
2021-08-09,6.607982648727522,6.770688849461046,6.560745203177423,6.760191917419434,880600,0.00857696921428374,0.30161978767510406,0.07577931264517518
2021-08-10,6.817925373738561,6.917648967656977,6.81267665815442,6.8966546058654785,569600,0.01998517449810318,0.31362019240657324,-1.0884756681842105
2021-08-11,6.838921217329255,6.996379215154682,6.838921217329255,6.98588228225708,427800,0.012854841420421566,0.318416626835811,-1.7832506822855871
2021-08-12,7.059361579155706,7.153836468123279,7.001627202867257,7.1013503074646,1309000,0.016393654393292083,0.3190723693174735,0.9841128130539767
2021-08-13,7.059361644094285,7.1853278301797205,7.012124199175964,7.0226216316223145,1283100,-0.011148349994496648,0.2972036961263752,1.0409530494851607
2021-08-16,6.907153204327474,6.907153204327474,6.744446986291704,6.828424453735352,928400,-0.028042633421100426,0.31046958318094303,0.22847874111271319
2021-08-17,6.760191169714495,6.922897352452045,6.7286993759825044,6.891406059265137,1289200,0.009181169968995203,0.2778294618571784,1.1974373722488236
2021-08-18,6.891406015480054,7.1065983528886525,6.891406015480054,6.938643455505371,1753100,0.006831151238120894,0.2775477441392029,1.7979887812080277
2021-08-19,6.802179813385011,6.854665968798744,6.660467494094974,6.80217981338501,1963900,-0.019863166300678484,0.2557975612337566,1.8613662971657268
2021-08-20,6.707705350780392,6.896655121578077,6.691959703395621,6.865163326263428,823400,0.00921670848430904,0.2580712531171569,-0.1990584107370709
2021-08-23,7.033119087764888,7.148588350556061,6.970135990027475,7.14333963394165,698000,0.03972057275369951,0.2911156676234025,-0.5431993780698113
2021-08-24,7.237812341180223,7.3322872094776415,7.190574907031513,7.274552345275879,654900,0.018201875025543976,0.28813714408701274,-0.6752820016144616
2021-08-25,7.258807951761105,7.306045394050954,7.2115705094712546,7.295547962188721,768800,0.0028820160468734294,0.285812084271109,-0.35716343906945536
2021-08-26,7.258806478327412,7.264055193193116,7.111845965902725,7.127591609954834,443300,-0.023290899165990187,0.29119135135940855,-1.6271500311141602
2021-08-27,7.2115698652336375,7.353282179443474,7.2115698652336375,7.31654167175293,712200,0.02616437237006886,0.2990222133919193,-0.5673926413331112
2021-08-30,7.369028810412702,7.369028810412702,7.185327749037097,7.26930570602417,536500,-0.0064769813695904795,0.2928795438160382,-1.2269210629341498
2021-08-31,7.206321755573747,7.358531513503616,7.206321755573747,7.32703971862793,650500,0.007910790271064982,0.28521528524896783,-0.7064448303022712
2021-09-01,7.316543172322009,7.358532404086464,7.232565709883417,7.237814426422119,626800,-0.012252290000640183,0.2885133789034348,-0.7214284479160863
2021-09-02,7.2955475674113215,7.4267624553183245,7.2955475674113215,7.3847737312316895,560900,0.02010099052668472,0.2832441871317793,-0.9149061859357951
2021-09-03,7.411017398036012,7.416266114100339,7.222068124626268,7.258808135986328,594400,-0.01720462978472346,0.2834993838978515,-0.7049517901212771
2021-09-07,7.164333166437002,7.295548063262186,7.164333166437002,7.185327529907227,708800,-0.010174543036497709,0.2839772049180981,-0.255821557294728
2021-09-08,7.201073295464858,7.253558951080318,7.069858405608585,7.075106620788574,997900,-0.015458590234270927,0.29049441594123354,0.5372106474092577
2021-09-09,7.106599926406449,7.106599926406449,6.933396274993541,6.996379375457764,868400,-0.011189730324675237,0.2864477530544188,0.16515592398589587
2021-09-10,7.0226212079872,7.1328417392992565,6.933395039756245,6.9596381187438965,1126800,-0.005265304605974585,0.2836100873591296,0.7140050584283248
2021-09-13,7.043616422539646,7.132842601556756,7.017373340379586,7.069859504699707,1032500,0.01571312911299069,0.2831183969913225,0.5353570295300368
2021-09-14,7.169581425639609,7.169581425639609,6.912400364379055,6.970134735107422,1047000,-0.01420605237019172,0.28479982433783974,0.6100897026563522
2021-09-15,6.975384201544852,7.243062722954765,6.975384201544852,7.174830913543701,1136300,0.028944640007352366,0.28341332383531115,0.7894569332114977
2021-09-16,7.15383654915146,7.180079629778043,7.01212421409499,7.174830913543701,917800,0.0,0.2824103957697013,0.2843997555143439
2021-09-17,7.090854276426691,7.138091726911155,6.991130658616115,6.996379375457764,1076200,-0.025186412144176707,0.29680630976046846,0.8575630887011019
2021-09-20,6.849417678878656,6.917649484939475,6.802180236179235,6.865163326263428,1209800,-0.01893295307754708,0.2960228020435447,1.5045720669155458
2021-09-21,6.933394613864333,6.943891544487548,6.849417166698341,6.8966546058654785,668500,0.00457662421113693,0.294722704616279,-0.5403191401031817
2021-09-22,6.991130658616115,7.064611192763635,6.93864499183519,6.996379375457764,743100,0.014356328866410131,0.2633103802389916,-0.18230276096483786
2021-09-23,7.033118506944312,7.138090828382835,7.027870291308486,7.085604667663574,523900,0.012672431099290206,0.258891937182779,-1.3177254077017622
2021-09-24,7.048864146766516,7.059361077825724,6.9438918329039065,6.949140548706055,349600,-0.019447224393251937,0.26585955964643004,-2.2046472966330994
2021-09-27,7.059361214092441,7.384774091930739,7.0383668510236825,7.32703971862793,2133600,0.05295358614808475,0.316449921524515,2.48705035935466
2021-09-28,7.411017433753169,7.568475412626043,7.311294330775914,7.379526138305664,1261100,0.00713785162790962,0.30425282880976784,1.0487922471685527
2021-09-29,7.363779813505564,7.458254698673474,7.337536734231689,7.400520324707031,484500,0.0028408842385690193,0.3033066936263113,-1.2921516750205926
2021-09-30,7.411016514195649,7.54748011232277,7.353282146008814,7.531734466552734,1197900,0.017575044243280758,0.307952666626754,0.839935971334069
2021-10-01,7.5894704530870705,7.741679729440709,7.568476087401919,7.678696632385254,867200,0.019324467301407355,0.3098488438887258,0.021518720959407562
2021-10-04,7.704938781772444,7.90438548190647,7.704938781772444,7.830904960632324,1104400,0.01962825596236468,0.30952071036012047,0.5471931520336654
2021-10-05,7.925379540517674,7.935876471413437,7.809910297393798,7.809910297393799,597100,-0.0026846012182058857,0.3016881404483049,-0.9954216329473138
2021-10-06,7.799412425267808,7.799412425267808,7.610463174914427,7.778418064117432,950500,-0.004040494322435665,0.29892447252976573,0.1366229273358278
2021-10-07,7.788915964252687,8.030351382301182,7.788915964252687,7.9621195793151855,731400,0.023342259364612216,0.2976809488016156,-0.48623247912725526
2021-10-08,8.030352346403028,8.161567252388224,8.00410926509696,8.130075454711914,619600,0.020874961320204145,0.2955762886488482,-0.8469378304429498
2021-10-11,8.277036898611339,8.35051692906579,8.198307650994927,8.208805084228516,482200,0.009637164389829336,0.2921769737412807,-1.316354263801022
2021-10-12,8.182561389226858,8.298030643427648,8.151069592428414,8.198307037353516,468000,-0.0012796948335399836,0.29235253032206693,-1.2514052337958435
2021-10-13,8.177312073688375,8.24029516212411,8.09333462244073,8.156317710876465,562300,-0.005134867890153324,0.2856536930146283,-0.7579040677963482
2021-10-14,8.240294717102172,8.271786509891854,8.103831115922,8.124825477600098,366200,-0.0038685579000408725,0.2770787492756521,-1.53859903309352
2021-10-15,8.172063298738589,8.266538180981376,8.135323289219766,8.23504638671875,623100,0.013474748182782674,0.2773821144756705,-0.3430566631345496
2021-10-18,8.271787975554302,8.340019788234255,8.093335619398298,8.109081268310547,460000,-0.015414418586488449,0.2650817797496313,-0.913752608401035
2021-10-19,8.119578903923683,8.250793816072536,8.119578903923683,8.208805084228516,478500,0.012222791027440089,0.2480600450262666,-0.7494583093436002
2021-10-20,8.21405239304931,8.240295472689537,8.145821086747873,8.161566734313965,644000,-0.005771216628655611,0.25267543380606494,-0.08432751414679926
2021-10-21,8.035601615905762,8.109081647966594,7.956872366568211,8.035601615905762,832100,-0.015554281501008444,0.2642042585114294,0.47185084503515345
2021-10-22,8.040848731994629,8.07758924354362,7.977865641468639,8.040848731994629,719900,0.0006527705011538221,0.2640012227601299,0.1183335411846965
2021-10-25,8.103831659321939,8.166815249124644,7.962119833628597,8.030351638793945,1079100,-0.0013063236660929905,0.24900264571345138,0.9378587626963967
2021-10-26,8.009356925096176,8.082836942407559,7.962119485084528,8.07234001159668,736000,0.005215086878382764,0.18420195999456304,0.20480597592255645
2021-10-27,8.025103277880419,8.156318178107728,7.962120185836725,7.988363265991211,673500,-0.010457513529493057,0.1911176928859633,0.04101325337518708
2021-10-28,7.930627909083192,8.046097154440416,7.925379693806343,8.004108428955078,468800,0.001969072492548472,0.1911952325125916,-1.0695308252153486
2021-10-29,7.9306285983842395,7.967369111786078,7.815159843535987,7.95162296295166,1102300,-0.006578909361239744,0.1874341110113233,1.6095252675819207
2021-11-01,7.977864265441894,8.235045299200559,7.95686990555435,7.9778642654418945,408200,0.003294685616847651,0.1773482923403809,-1.3601724163933746
2021-11-02,7.90438450821942,7.983113235172516,7.8466496412784466,7.862395286560059,558700,-0.014579435877997728,0.1736177681320255,-0.32847744464220213
2021-11-03,7.815158494907845,7.8938872233135156,7.788915418590939,7.857147216796875,785500,-0.0006677128112406732,0.17333719730965091,0.7397514930815446
2021-11-04,7.967369411392596,8.098584320009497,7.778419622635363,7.804662704467773,698500,-0.006702253323300981,0.17441641513698572,0.4255355293309288
2021-11-05,7.878142410321038,7.878142410321038,7.767921878577718,7.815159320831299,601300,0.0013440124895901522,0.15289591345770825,-0.052616469086843844
2021-11-08,7.8623967968134965,7.935877323150634,7.820408067633742,7.935877323150635,721900,0.015328561382392112,0.14389106328521034,0.545126495110178
2021-11-09,8.019854114047984,8.019854114047984,7.836153564311544,7.972616672515869,831500,0.004618842574383332,0.14015177184614502,0.9331307614139613
2021-11-10,8.072340803566723,8.082837735407447,7.720684827362782,7.7416791915893555,655600,-0.029394140275951885,0.17043848897438063,0.07602503611318548
2021-11-11,7.778418547859309,7.888639075889688,7.694441098035227,7.7626729011535645,732500,0.0027081070229842573,0.17120725243514193,0.4186357872939021
2021-11-12,7.68919342765769,7.762673956516239,7.631459048190714,7.668199062347412,420300,-0.012244935926514773,0.1745659340249209,-1.609329301586846
2021-11-15,7.6577027970424005,7.678697164181539,7.557979177722596,7.631459712982178,666900,-0.004802645669690545,0.16433816601252121,0.060291035392233704
2021-11-16,7.615712297868925,7.647203591007119,7.473999977111816,7.473999977111816,722300,-0.020848811315034303,0.17022332322630057,0.28503658191170717
2021-11-17,7.4530059363065195,7.5107408104586035,7.274553599009354,7.295547962188721,993000,-0.02416603408515111,0.17348274598579683,1.3569426869171883
2021-11-18,7.253559204920843,7.348034089097963,7.169581752561225,7.311294078826904,1124500,0.0021559927455042554,0.1755545820639851,1.6090242503873247
2021-11-19,7.185327764082388,7.2693057212453,7.075107227135259,7.1013503074646,1068200,-0.029135336546770755,0.19121488348757748,1.3304365106675864
2021-11-22,7.127592656993748,7.174830096634227,7.017372131347656,7.017372131347656,693200,-0.01189614242345441,0.1907490459824905,-0.1274804854428488
2021-11-23,7.069859011505491,7.122344671619047,7.038367215001259,7.1013503074646,711000,0.011896142423454532,0.2004973717751936,0.026925339347713236
2021-11-24,7.0803553365136445,7.117095846044056,7.033117896078173,7.075106620788574,269200,-0.003702436622628107,0.1966364659048973,-2.6150205539094613
2021-11-26,6.812676801626848,6.828422948710881,6.529252661200286,6.723451137542725,888600,-0.05098092865038057,0.2502771070829451,0.7462075565845294
2021-11-29,6.933395109173204,6.970135119796696,6.67621403371855,6.712954044342041,1123400,-0.001562485678898126,0.2487619600967082,1.270506770324533
2021-11-30,6.597484291594967,6.7969309778872935,6.597484291594967,6.744445323944092,1775200,0.004680151970203018,0.2528119148179234,2.2203703623367548
2021-12-01,6.9124012578381935,7.201074149882455,6.807429433607137,6.8494181632995605,1108100,0.015444457869461754,0.2628586444914239,0.960851458281435
2021-12-02,6.8599141302123705,7.11184697346334,6.8599141302123705,7.048863887786865,1134000,0.028702744167224774,0.28912607326671125,0.9279086637097447
2021-12-03,7.143337947980024,7.206321030852249,7.0226204976111894,7.059360504150391,718200,0.0014880140843679954,0.28964794119589066,-0.22682648845933087
2021-12-06,7.185327845467256,7.269305803581347,7.106599104132637,7.174830913543701,673400,0.016224728057522574,0.29879277148998945,-0.3859573215053802
2021-12-07,7.237813557739689,7.3795258840053695,7.237813557739689,7.311294078826904,602400,0.018841091349897362,0.30872349138233923,-0.6698546961014176
2021-12-08,7.29554800018909,7.4372603277967775,7.279802352858826,7.416265964508057,395100,0.014255404566002706,0.3079344908410106,-1.5616436124662718
2021-12-09,7.332288611833368,7.374277338986213,7.258808089043334,7.3060455322265625,444300,-0.014973530704623927,0.3091236321330908,-1.168458167849164
2021-12-10,7.395271523737668,7.395271523737668,7.2535591976147265,7.32703971862793,468000,0.0028694154986700234,0.29585527807393514,-0.9880081725342584
2021-12-13,7.285051377633593,7.306045741812273,7.080355951482622,7.085604667663574,558600,-0.033506361754832736,0.3136950246772967,-0.5580155520471668
2021-12-14,7.048864522647544,7.075107101967494,6.859914748055161,6.8756608963012695,497300,-0.030077444962986737,0.32522340464597227,-0.850337702214798
2021-12-15,6.859914177258315,6.891405970585062,6.739196720686781,6.817925453186035,743800,-0.008432529471847583,0.3254112629246905,0.04986844416539147
2021-12-16,6.665716638852309,6.865163341500816,6.665716638852309,6.833672046661377,912200,0.0023069242202605742,0.3213925946941759,0.48435574080109683
2021-12-17,6.760191003948209,7.038366422821823,6.749693572779925,6.8966546058654785,1279000,0.009174290248873241,0.316088403090657,1.1870699991157814
2021-12-20,6.770688549455522,6.8179259929125555,6.712954174421988,6.739197254180908,776400,-0.023095638223322872,0.3232458144878501,0.1331122966801984
2021-12-21,6.812677520962936,6.907152411262219,6.760191860109548,6.823174953460693,414300,0.012384083147831524,0.3142447874255044,-1.1543258977377306
2021-12-22,6.812677242487277,6.964887004212216,6.781185947371513,6.954389572143555,371500,0.019048154094597963,0.32007445313294425,-1.2715747652020821
2021-12-23,7.017372233102933,7.0593609577155325,6.865162981245992,6.891406059265137,545300,-0.009097916651994723,0.3181444191346138,-0.43350526935042444
2021-12-27,6.875661497587515,7.069859504699706,6.870412781046471,7.069859504699707,425400,0.025565471006314566,0.33138866746808804,-1.0788115677268582
2021-12-28,7.0961024582295495,7.180079919183366,7.012124496730584,7.04361629486084,361500,-0.0037188911444915643,0.2755838736430209,-1.3007982181274875
2021-12-29,7.038366886666096,7.05936124984117,6.891406344440579,6.943892002105713,350100,-0.014259291984766805,0.28122890815896034,-1.2434563337203026
2021-12-30,6.996378237937063,7.054112612172773,6.828423330673101,6.833672046661377,367900,-0.016000260493041308,0.28744074930467717,-1.1040702072742417
2021-12-31,6.844168239493022,6.865162600635376,6.749693364079904,6.765439510345459,558700,-0.010034936269670346,0.28442545244824513,0.004927185574248384
2022-01-03,6.802179930000363,7.038366632321157,6.802179930000363,7.027869701385498,454200,0.03805640244266711,0.29808016572454343,-0.471521463312429
2022-01-04,7.085603932990006,7.132841372630485,6.99112905370905,7.017372131347656,410500,-0.001494822533864317,0.29805373000282354,-0.6939178604980911
2022-01-05,7.069858744445885,7.159084913868102,6.859914610286802,6.865163326263428,618400,-0.021928977601396036,0.3007186566286696,0.5262079498928008
2022-01-06,6.964886487984087,6.9911290651204565,6.786434160404363,6.817925453186035,496000,-0.00690459025799696,0.2912023322752116,-0.10020096293263087
2022-01-07,6.859913864941626,7.0173718233164974,6.765439490352743,7.012123107910156,615500,0.028085283820244333,0.3053222043028289,0.4843648100639394
2022-01-10,6.975383874529068,7.017372601345058,6.775937171880559,6.833672046661377,385900,-0.025778359599983907,0.3130064825375368,-0.8861839237475363
2022-01-11,6.849417808199089,7.253559435672668,6.844169092123365,7.227316856384277,536700,0.05600569070616666,0.37411070883272224,0.07214026337089677
2022-01-12,7.269304734228041,7.442508340121137,7.253558587841355,7.31654167175293,668200,0.012269912361765263,0.35665883810710114,0.6896945675334988
2022-01-13,7.34278562622342,7.400520502119039,7.264056887059541,7.379526138305664,840000,0.008571660529384172,0.33815517834023484,1.236467755841393
2022-01-14,7.390022716621406,7.45825452088898,7.311293981221563,7.421514511108398,796500,0.005673720711255356,0.33547286737921295,1.0673288158566463
2022-01-18,7.5999660448109765,7.8728932511111305,7.5999660448109765,7.783667087554932,1941700,0.047644426795006314,0.36773431224806696,2.8050140054107464
2022-01-19,7.783667823879269,8.061843271580926,7.783667823879269,7.836153984069824,1304200,0.006720575584904688,0.36758231737253416,1.892930679905605
2022-01-20,7.762673005500421,7.8414017406325085,7.631458113250214,7.636706829071045,975800,-0.025781683803149293,0.37037587809139255,1.184294695609242
2022-01-21,7.563226538042575,7.704938866221994,7.494994731942681,7.552729606628418,1740400,-0.011057431713398567,0.37413058311289277,2.0615949184087117
2022-01-24,7.390022716621406,7.494994530669561,7.327039628192513,7.421514511108398,1438100,-0.0175258868633629,0.3780581924926587,1.5022252258051074
2022-01-25,7.3900235567322285,7.715436467547565,7.3427861099042495,7.699690818786621,1384500,0.03679702628864856,0.39255772317519816,1.2898294365093597
2022-01-26,7.799413576387071,7.872894101530939,7.6839448232904415,7.72593355178833,1027700,0.0034024889610677527,0.3855736306511357,0.6772551278682891
2022-01-27,7.799413970672937,7.851900134221208,7.615713399344294,7.668199062347412,644200,-0.007500878624558668,0.38677622001895623,-0.2368536339618554
2022-01-28,7.6472035706386565,7.752175882273252,7.557977406076298,7.689192295074463,929200,0.0027339598652771882,0.38108048811158873,0.39136662468976474
2022-01-31,7.662950146549599,7.783667610921938,7.599966555826084,7.7364301681518555,807300,0.006124617771677235,0.3734551102396853,0.03700261628044947
2022-02-01,7.720684835589812,7.809911008784106,7.668198674694889,7.72593355178833,1072200,-0.0013576990123958218,0.36998102976207653,0.5775635866472436
2022-02-02,7.683943736429627,7.773169897003264,7.652451944238026,7.715435028076172,446900,-0.00135979207743617,0.3521475318955543,-1.2889737580409564
2022-02-03,7.7206843648084575,7.7206843648084575,7.468751508638019,7.557977676391602,1171400,-0.020619220249470015,0.36229721284639593,0.6922909379283452
2022-02-04,7.657701598339367,7.809910861408249,7.557977994629858,7.731181621551514,987300,0.022658061412843752,0.35567575223589226,0.26326981335376315
2022-02-07,7.72593271724301,7.809910165167651,7.647203484404855,7.783667087554932,781500,0.006765862459352183,0.3527326548457826,-0.3293121273431608
2022-02-08,7.731181467433799,7.794165058281685,7.6629501616812865,7.704938888549805,893500,-0.01016603781657864,0.3478313368634105,-0.055625148188390455
2022-02-09,7.767921832075112,7.7994131263589095,7.689192595275424,7.710186958312988,516700,0.0006808987507569415,0.3304660393956186,-1.509036450241746
2022-02-10,7.657702139016448,7.899137590642602,7.636707773681354,7.652453422546387,1501900,-0.007516130837716058,0.27780561158099293,1.141166226867751
2022-02-11,7.689193163810725,7.956871687740511,7.6734475155046,7.935877323150635,1760100,0.03636760633878826,0.2999042013998494,1.398196506358181
2022-02-14,7.925380671476556,7.930628887400822,7.741679599408132,7.820408344268799,911500,-0.014657140459644693,0.3060471841708654,-0.2982801626155469
2022-02-15,7.694441098035227,7.773170332654117,7.636706726417442,7.7626729011535645,1801400,-0.0074100502189395154,0.30783026355218224,1.3060463899314727
2022-02-16,7.815159449412777,8.10908053853406,7.778418937863784,8.040848731994629,2851100,0.035207920388187916,0.28697463158007497,2.2041457832819673
2022-02-17,8.061843403528956,8.088086484053754,7.941125933878066,8.046097755432129,769300,0.0006525817224397712,0.2863657147963196,-0.7172935704952776
2022-02-18,8.014605905993006,8.067091562874408,7.956871032714845,7.956871032714844,737500,-0.01115138678753851,0.2731380875953228,-0.7708755753203701
2022-02-22,8.14582196344041,8.229799426891109,8.014607051662402,8.08808708190918,2027400,0.01635641222876724,0.2731900525427015,1.4314817626470164
2022-02-23,8.140571551985957,8.261289005426885,8.061842320983338,8.187808990478516,985400,0.012254091080332574,0.26396071362558504,-0.10132903757843252
2022-02-24,8.240294674074136,8.3452664819165,8.051345419957878,8.172062873840332,1441200,-0.0019249688055077575,0.23733432477191144,0.7300997326648244
2022-02-25,8.172063312799887,8.277035626825867,8.093334577825493,8.2035551071167,991000,0.0038462392242527258,0.2373526644808168,-0.08894680195651809
2022-02-28,8.124826092520317,8.497476916464176,8.124826092520317,8.486979484558105,1560700,0.03396555374311296,0.25719051224866313,0.8250011319457887
2022-03-01,8.633940665659999,8.996093062382911,8.581454506382844,8.69692325592041,1554000,0.024436150661088226,0.2658042692492473,0.7518015976520875
2022-03-02,8.749409707596401,9.0328333754205,8.59195222559304,8.733663558959961,1526900,0.004215619111441344,0.26586298220203003,0.6475094770066888
2022-03-03,8.686426473536633,9.00659116809238,8.633941311424142,8.980348587036133,1012900,0.027853766237440295,0.275087844759449,-0.24766647532650454
2022-03-04,9.001341002234614,9.206036905655589,8.94360713298933,9.195539474487305,1708500,0.023679827036393448,0.27895922964899145,0.8428501599134307
2022-03-07,9.221783168211939,9.394986799105581,9.179794439543489,9.389738082885742,2392200,0.020898872882174575,0.2611260246277024,1.4857441277231467
2022-03-08,9.573439375533177,9.657416834881603,9.148303362445482,9.45797061920166,2456000,0.007240438132725513,0.25739277072702826,1.3827824593056923
2022-03-09,9.190292034091158,9.368744384352368,9.069574562176305,9.216534614562988,1428400,-0.025858726103726984,0.2852250144395189,0.13784987687501743
2022-03-10,9.253274884865776,9.400235942427697,9.200789722463227,9.269021034240723,2253000,0.005678656538063019,0.27765813243836995,1.0621328053672094
2022-03-11,9.174545438277098,9.442223950630739,9.1483028590835,9.352997779846191,1687500,0.009019141877139184,0.2760836392716668,0.33247815266618025
2022-03-14,9.269019804672336,9.300511098154493,8.812392545365459,8.864877700805664,2205000,-0.053599766383335676,0.3480181689186773,0.9599585513240682
2022-03-15,8.576206045591785,8.775652255472645,8.371510618972847,8.749409675598145,1600600,-0.013110911247919818,0.3374627127738549,0.15489266072733657
2022-03-16,8.791397136320931,8.91736330351651,8.597198669546435,8.744159698486328,1219000,-0.0006002179609162795,0.33077781981346627,-0.598605213598409
2022-03-17,8.917364181710415,9.195540120677101,8.896370318988701,9.190291404724121,1484500,0.0497616302708306,0.3609730104124282,-0.051724756583552745
2022-03-18,9.153551238006436,9.158799953869886,8.9436076089194,9.011838912963867,1319100,-0.019608497073960347,0.3589279644309352,-0.29083501614364976
2022-03-21,9.153551812347562,9.494710356156318,9.153551812347562,9.436975479125977,1204100,0.04609638697620915,0.38489131538070953,-0.6711711663920542
2022-03-22,9.47371521399569,9.47371521399569,9.263771577882837,9.368743896484375,791900,-0.007256503267276172,0.3827317682912386,-2.0488264967559853
2022-03-23,9.557692301725979,10.040563146803597,9.510455861366927,9.793879508972168,2529800,0.04437861927686993,0.40244762282433233,1.5867801287736727
2022-03-24,9.79388041307684,9.846366575208958,9.625925495126284,9.841117858886719,1136900,0.004811657487721724,0.40254141346987593,-0.9208802532843299
2022-03-25,9.804377397809906,10.024818467821765,9.778133817397643,9.977581024169922,1047500,0.013771370439154584,0.40096180927415254,-1.0961516982264956
2022-03-28,9.804378582246503,9.877858614097274,9.631174934962292,9.7256498336792,1160800,-0.025573970380353996,0.41875148598123735,-0.8259074981928345
2022-03-29,9.547197117960305,9.783383354961131,9.515704818821275,9.767638206481934,1419000,0.0043079892580384985,0.4081421717165988,-0.18105278206279748
2022-03-30,9.804377186859073,9.956585945614355,9.778133607011466,9.877857208251953,827900,0.011220909007647046,0.40344350936095646,-1.646631041212636
2022-03-31,9.72564821954236,9.841116964871048,9.667913346332925,9.762388229370117,1278100,-0.011758540357560186,0.40813291290352616,-0.35885125191541256
2022-04-01,9.862112625769587,10.014321393234654,9.772886451362385,9.935592651367188,1456900,0.0175864609809675,0.40249553320429665,-0.030424785733074566
2022-04-04,9.951337443757659,10.15603336661239,9.898852285113593,9.977581024169922,737600,0.004217151491261178,0.3966044203448186,-1.7814792920068379
2022-04-05,10.035314830511817,10.229512299415568,10.035314830511817,10.135037422180176,1144500,0.01565779367183493,0.394179928755996,-0.5080492306779338
2022-04-06,10.219015973657422,10.281999565656692,9.935592312386287,9.946089744567871,1044500,-0.01881898883434766,0.40144825241751536,-0.7002832605734205
2022-04-07,9.935592840908155,10.0773051796272,9.830620515688802,10.066807746887207,778800,0.012064166772147222,0.3891225618311072,-1.4345725993669507
2022-04-08,10.11404364655313,10.156032370002173,9.9933261917734,10.040562629699707,1027900,-0.002610498697775923,0.38978514669267367,-0.5537222429386321
2022-04-11,10.04056339894628,10.045812114915801,9.856863345464077,9.877857208251953,886400,-0.016337545026527175,0.39537040322539063,-0.9248709236933809
2022-04-12,10.072054596178544,10.245258199920151,9.977579721212194,10.01956844329834,840300,0.014244418716443864,0.3398067303646898,-1.0286464600848995
2022-04-13,10.108795780873269,10.213767097776174,9.946089588965126,10.119293212890625,1185100,0.009903795598797411,0.3329252275222629,0.1989068668365547
2022-04-14,10.135038524776222,10.323988299802949,10.014321057882583,10.313490867614746,1006900,0.019009010380460212,0.334266505410437,-0.3443912330084901
2022-04-18,10.36072910046971,10.397469114836397,10.051061834964333,10.150785446166992,1318700,-0.015901744824716856,0.30682150769141187,0.6390566523335797
2022-04-19,10.179786250792656,10.225282459773817,9.992114253155968,10.157038688659668,1225600,0.0006158456611399796,0.29434969848451437,0.39123418330149945
2022-04-20,10.191162176895398,10.270780283954506,10.077421094197797,10.259407043457031,860400,0.01002811302338772,0.2559932803828875,-0.8183397382566339
2022-04-21,10.276467685217884,10.356085794126015,9.889749296723457,9.935245513916016,1164900,-0.03210645731899156,0.28280505876586454,0.20239846968330408
2022-04-22,9.867000683416602,9.952305946010785,9.798755822512097,9.8385648727417,1002900,-0.00977873355669937,0.24171055701645103,-0.2611480251355095
2022-04-25,9.57696196862132,9.57696196862132,9.224365507573244,9.485969543457031,1593700,-0.03649603739466295,0.272244075803711,1.8550575254725834
2022-04-26,9.57127593642497,9.582650262092153,9.360855250443656,9.37222957611084,955500,-0.012062800464086771,0.2683668747161887,-0.5152184387988088
2022-04-27,9.400664705109666,9.531466186602598,9.212992684141229,9.50871753692627,1280800,0.014457996999659387,0.26164674889079215,0.8139019603420581
2022-04-28,9.531465756039177,9.531465756039177,9.241426994059776,9.485969543457031,803300,-0.0023951965355726145,0.26093879883626186,-1.2076032114381186
2022-04-29,9.531466043388638,9.59402374434327,9.173182409377045,9.230052947998047,945300,-0.02734903175733943,0.27144083946552594,-0.4982332502997983
2022-05-02,9.127687915612775,9.235741850884818,9.031008849509334,9.190245628356934,1208400,-0.004322121212665612,0.26971375796707714,0.6816584224777991
2022-05-03,9.218679433750049,9.412038631230587,9.139061323510557,9.37222957611084,1545600,0.0196083525059182,0.27172994018071633,1.8005176209722698
2022-05-04,9.58265015077318,9.72482596581517,9.303985683456725,9.696390151977539,2511700,0.03400265066121837,0.2995580548328347,2.987012303805647
2022-05-05,9.781695256706954,9.781695256706954,9.218678146657963,9.292610168457031,1145200,-0.042534188213307955,0.32467412076764973,0.10227165008844837
2022-05-06,9.343794175793972,9.343794175793972,9.1220002647852,9.241427421569824,771800,-0.005523122174411874,0.32033388166488397,-1.2424246536492132
2022-05-09,9.099252230934693,9.122000882175419,8.576045184267333,8.587419509887695,1378700,-0.07339807201052302,0.3959056884151656,0.726020409547459
2022-05-10,8.712533454788845,8.843335481887875,8.422495214862199,8.621541023254395,1015800,0.003965557131263442,0.39759517800654465,-0.37710410175573766
2022-05-11,8.866082724423425,8.866082724423425,8.53623492112603,8.59879207611084,1025700,-0.002642104568587535,0.39648244294639723,-0.37331019356985246
2022-05-12,8.576045501335193,8.632916046824194,8.359938187777795,8.485053062438965,959200,-0.013315584785963442,0.3896586060931754,-0.6570648630884619
2022-05-13,8.570357096774021,8.6784110090784,8.524860883916695,8.615853309631348,994400,0.01529776202219141,0.39319862966879804,-0.4874282906251947
2022-05-16,8.587419370525145,8.826274781099487,8.587419370525145,8.729595184326172,1311700,0.013115083773287711,0.3886657923653211,0.4993997383238216
2022-05-17,8.86039559077846,8.86039559077846,8.718219794338038,8.752342224121094,1313800,0.0026023491676913954,0.38917501501571405,0.5062087211380694
2022-05-18,8.75802982171136,8.78646509264606,8.018716031555249,8.058525085449219,2084200,-0.08259079941185211,0.46738163507652986,1.9195036034206288
2022-05-19,7.961844857858932,8.24050929771816,7.899287700653076,7.899287700653076,2048400,-0.0199579569601094,0.4618765973477156,1.6441066775679758
2022-05-20,8.024402251134303,8.172265218724634,7.853791718761397,8.06421184539795,1341600,0.02066339056098621,0.4696860321453246,0.2664772758778681
2022-05-23,8.14951736090678,8.359937493980823,8.052837767013616,8.320128440856934,1157400,0.03124171082234808,0.49087624991706713,-0.23031335289524507
2022-05-24,8.257571393715098,8.32012855553742,8.121082202459073,8.297380447387695,1075600,-0.0027378360777963896,0.4799773081824475,-0.41199705857512103
2022-05-25,8.303067790483949,8.496426442780466,8.303067790483949,8.490739822387695,1383200,0.023036280733724806,0.49003130208956275,0.3588729106695444
2022-05-26,8.502114093931892,8.689786136616393,8.502114093931892,8.581732749938965,1464300,0.01065970834472362,0.4883336114841856,0.523214016834186
2022-05-27,8.570357056888211,8.71253285699509,8.473677469426923,8.706846237182617,1409500,0.014473794694817922,0.49289212094382084,0.3270651846536719
2022-05-31,9.54284020695413,9.986428014335642,9.423411969394678,9.611083984375,3414500,0.09880737415023452,0.5999633531309684,2.6319708174195764
2022-06-01,9.74188637675403,9.895436517446948,9.679329755694809,9.849940299987793,1483900,0.024548380088025137,0.6044932938996223,0.21353861520373763
2022-06-02,9.844253220139658,9.844253220139658,9.679329837229249,9.793069839477539,900900,-0.005790417966177886,0.6022589648032908,-1.1124075063050685
2022-06-03,9.753260645145785,9.980741731108573,9.724825916168705,9.935245513916016,1096000,0.014413611433665858,0.592931650949548,-0.494192162161184
2022-06-06,9.963679938345477,9.980740339466795,9.776007933004372,9.787381172180176,1142900,-0.01499466724836891,0.5747575883543122,-0.3672327146731137
2022-06-07,9.753260224778296,9.918184682940153,9.741885899791548,9.912497520446777,862500,0.012702416347048042,0.5750314092175591,-1.2637234170275284
2022-06-08,9.992116826538995,10.009178316069162,9.696390849642194,9.713452339172363,1577600,-0.020284572990722057,0.5116691746785984,0.580592599798525
2022-06-09,9.633833490661342,9.656581056920892,9.343794699023245,9.360855102539062,980000,-0.03697512040056172,0.5328048984488142,-0.8720296127097726
2022-06-10,9.195931163558997,9.224365890836046,8.974136711237486,9.059442520141602,1086500,-0.03272905725705188,0.5474645033256771,-0.5683433666226454
2022-06-13,8.94001588843421,9.05944360126596,8.4395569271563,8.581732749938965,1367000,-0.0541717408509089,0.5796688874422993,0.08788508783145292
2022-06-14,8.689786049955478,8.809213761596205,8.371312513818681,8.485053062438965,1366000,-0.011329692975195385,0.5784646165608727,0.03882668520906971
2022-06-15,8.507800039598978,8.564670577517335,8.297379917073291,8.445242881774902,1075700,-0.004702842072905932,0.576381070691734,-0.691507228775312
2022-06-16,8.23482372607597,8.29169427441691,8.05283883915735,8.177953720092773,1454100,-0.03216134741707492,0.5857098855295968,0.2514102785325495
2022-06-17,8.030090175650122,8.17795315727423,7.728677591845371,7.779860973358154,5979500,-0.04990349457010611,0.5389883502214506,3.2399157251441113
2022-06-21,7.080355085874447,7.250966162884437,6.682262934422912,6.92680549621582,4664500,-0.11613972871565169,0.6677061825882944,2.260787225328194
2022-06-22,6.682263401376151,6.687950564224021,6.511652312443943,6.562835693359375,3120900,-0.053975959683405926,0.6797434334344966,1.3304539870932162
2022-06-23,6.557148784484456,6.653828387212066,6.141995642948723,6.153369426727295,3305900,-0.06442297382854993,0.6876817115375291,1.2934402666172569
2022-06-24,6.215927104375383,6.392224819735983,6.130621285857079,6.272797107696533,1875400,0.019222558793240044,0.6965113627781065,0.2317470711048939
2022-06-27,6.426346239568114,6.807377425242983,6.403598133364732,6.693636894226074,2901300,0.06493499300207652,0.7379570904438554,0.9402934785087771
2022-06-28,6.804696711371897,7.080811425537154,6.755609677083123,7.0439958572387695,3058800,0.05101824465751317,0.7658232980779056,0.9505005867933665
2022-06-29,7.111490488480085,7.172848984619684,6.7801527368028385,6.792424201965332,2567000,-0.03636769932905489,0.7661022764728342,0.5928720323904195
2022-06-30,6.74947396429517,6.835376570863289,6.546989792179406,6.663571357727051,1655500,-0.0191523224524742,0.6519400330854781,-0.10998047033164078
2022-07-01,6.645163026331843,6.79856014251709,6.467222394963497,6.79856014251709,1286800,0.020055265287683595,0.6484703162986978,-0.5449421495262992
2022-07-05,6.66357102839432,6.743337605158788,6.092934110254053,6.252466678619385,1721100,-0.0837347915474483,0.6856480926885765,-0.08624144534887364
2022-07-06,6.2033789282899265,6.209514953139609,5.884313243232397,6.068389892578125,1346600,-0.029882741158510105,0.6735866566576072,-0.5649809835487263
2022-07-07,6.215651458005543,6.393592096243414,6.215651458005543,6.3199615478515625,1094800,0.0406198106318117,0.7090282340627525,-0.9450552936124043
2022-07-08,6.362913046467929,6.4426796263471,6.21565193830498,6.369049072265625,1009100,0.007737052281920259,0.7062728732209758,-1.1318658524252045
2022-07-11,6.227923358234058,6.246331435489697,6.080662251170679,6.172700881958008,1275000,-0.03131368984668998,0.7071523250392867,-0.6620036008968195
2022-07-12,6.037711397836127,6.209516027199535,5.982488334964123,6.111341953277588,1666800,-0.009990105019263609,0.7059320083518922,-0.21280631190776994
2022-07-13,6.01930336685823,6.2340589880623405,6.013167341496048,6.166564464569092,891600,0.008995488610188692,0.7114542388152533,-1.3814450315953302
2022-07-14,5.970215979788695,5.9824880309872,5.730916833053916,5.841362953186035,1891600,-0.05417771796014021,0.7114580344957022,0.021654932471409063
2022-07-15,5.933401181446619,6.007031735441672,5.822955057872228,5.878178119659424,1886000,0.006282718298184971,0.7162376739259005,-0.01367268824224822
2022-07-18,6.013167381286621,6.129748938121605,5.957944322988727,6.013167381286621,1882500,0.022704757934784797,0.7285840114240146,-0.07125611782599921
2022-07-19,6.043846533551886,6.277009632192209,6.043846533551886,6.258602142333984,1836500,0.04000523199167417,0.7511698132322829,-0.1443543482924246
2022-07-20,6.234059163834404,6.289282223323912,6.099069527878228,6.246331214904785,1032800,-0.0019625744523868336,0.7395507274273665,-1.269866057038563
2022-07-21,6.092933626584443,6.111341116633911,5.847497890216133,5.951807975769043,1376900,-0.04829925090304796,0.6492194237095312,-0.5575162509223454
2022-07-22,5.92112918209574,5.964080777844448,5.7125095698513455,5.724781036376953,1314800,-0.03889073308696446,0.6375295860516221,-0.6035172310070409
2022-07-25,5.780003147723382,5.994759335644274,5.7431875838762005,5.976351261138916,2003300,0.04300592295300829,0.6230098806342027,0.6609367719987972
2022-07-26,6.11747821347419,6.227923758284375,6.025439576774764,6.086798667907715,1670900,0.01831204847361509,0.6226381837768494,0.13847702282326585
2022-07-27,6.1174776044838,6.252466655276373,5.957944451550465,6.246331214904785,1977100,0.02587201256338905,0.5836584413243826,0.7516206245951162
2022-07-28,6.344504994860303,6.399728051843446,6.1481568679545315,6.375184535980225,1693500,0.02041875166813876,0.5567880753749608,0.39282474277055524
2022-07-29,6.491766948347321,6.724930672457409,6.491766948347321,6.589941024780273,1695500,0.03313136182966078,0.5591072815184733,0.5206805119426396
2022-08-01,6.522445810504754,6.577668869006344,6.375184711276243,6.454951286315918,1219000,-0.020696921664534067,0.5597490248256027,-0.7629085704972149
2022-08-02,6.497901832066422,6.608347941218592,6.448814802479579,6.504037857055664,1892700,0.007575715197991106,0.5553417205006959,0.931042612833821
2022-08-03,6.5040380262498765,6.528581541681765,6.3383688582119495,6.491765975952148,1635900,-0.0018885918730071009,0.46950476681309633,0.36055024915934936
2022-08-04,6.571533642961075,6.6144846558365105,6.191108797762992,6.234059810638428,1942100,-0.04050682537349343,0.4798629226724258,0.958972276575714
2022-08-05,6.2340593351738045,6.332233405780696,6.197244351278029,6.3260979652404785,1185300,0.014655835328134895,0.4611072838502967,-1.014145801118465
2022-08-08,6.369049116977576,6.645163843012391,6.369049116977576,6.565397262573242,1535200,0.03712940723024245,0.47820849052149783,-0.063965099314949
2022-08-09,6.657435426010975,6.749473466488565,6.589940316841392,6.614483833312988,1118900,0.007448746667993975,0.4633721194597838,-1.362048125699089
2022-08-10,6.694249755000115,6.70038577981024,6.565396159805167,6.626755237579346,1136800,0.0018535135139348808,0.46090444341041586,-1.176899880713972
2022-08-11,6.749473179536352,6.835375776116607,6.706522173828008,6.743337154388428,999600,0.01743965085037688,0.4630143313856012,-1.802273191426213
2022-08-12,6.681978221241595,6.896733820896825,6.675842196495109,6.884462356567383,869500,0.020712110881272713,0.41400879406768076,-2.025229832367531
2022-08-15,6.620619858721786,6.639027349784585,6.418135701540216,6.614483833312988,990900,-0.040005275245584254,0.4459955150671845,-1.3674554584919816
2022-08-16,6.657435970481371,6.718794474096699,6.51017427444458,6.51017427444458,1501800,-0.015895538658809365,0.44740668781727866,0.23282984004588286
2022-08-17,6.473359354104207,6.540853884305755,6.362913227261995,6.405864238739014,1105100,-0.01615236799650221,0.43215075107312284,-0.8586218821326125
2022-08-18,6.497902393341065,6.504038418860325,6.38132024912954,6.4979023933410645,1365800,0.014265557969526037,0.4343489439721203,-0.09371774060513906
2022-08-19,6.424271111440468,6.485629604158914,6.35677600873758,6.381319522857666,999000,-0.01810451836661873,0.4017682483784842,-1.2321737884827175
2022-08-22,6.31382571044628,6.454951371270337,6.240195159862964,6.44881534576416,1003700,0.010521548878836367,0.3716969555620242,-1.126258848101926
2022-08-23,6.504038115071382,6.835375870508539,6.4610865236063395,6.829239845275879,1902900,0.05731692432770444,0.3925310530483406,1.2745104218862933
2022-08-24,6.841512275104401,6.970365897338362,6.76174627648859,6.8783278465271,883000,0.0071622058988802684,0.39014371408675513,-1.4391772419460085
2022-08-25,6.866055403389833,6.896734946967964,6.688114752833024,6.872191429138184,892200,-0.0008925361542007297,0.3837771056147892,-1.2840992877136248
2022-08-26,6.823103304161695,6.9212773598072035,6.669706195924705,6.731065273284912,836900,-0.020749622293510028,0.3887890631458613,-1.3666846016143461
2022-08-29,6.724930086027783,6.97650128124054,6.700386569059797,6.939686298370361,1056000,0.030523153138887944,0.386304236286167,-0.4655649875585684
2022-08-30,6.810832383823413,6.841511339790561,6.522445633456328,6.583804130554199,1217000,-0.052643857909192425,0.42440902432820277,0.060246045698518054
2022-08-31,6.454951579202929,6.553125649809821,6.301554447588757,6.3260979652404785,1631800,-0.039929102733237846,0.44638682160592175,1.2217363219452515
2022-09-01,6.289281783591559,6.289281783591559,6.000895040400588,6.049982070922852,1385100,-0.04462830233618568,0.4709488093089665,0.6391290337401465
2022-09-02,6.1911076342688185,6.350640773773193,6.129748554409119,6.350640773773193,1125400,0.04850040851469211,0.48325142662800596,-0.09383987561523985
2022-09-06,6.47335859943311,6.510173580646154,6.356776460210126,6.375184535980225,1286000,0.0038573203767412463,0.4808150807427305,0.4818308589682417
2022-09-07,6.289282492386454,6.3874565644950865,6.160428876452967,6.369049072265625,1031200,-0.0009628612244907481,0.46185198729412946,-0.43117792696967466
2022-09-08,6.344505468195745,6.448815564687444,6.2156518540097405,6.283146381378174,932100,-0.013579305065029,0.4624933488261567,-0.8416060086598393
2022-09-09,6.405863627972348,6.645163351593241,6.326097638595639,6.608348369598389,1031100,0.05046288304282978,0.4975165472775785,-0.36185781344967827
2022-09-12,6.724930383131986,6.909007061106102,6.712658331524019,6.767881393432617,906800,0.023854343340068355,0.5008562960079155,-0.9070377769823504
2022-09-13,6.608348614511378,6.731066200981587,6.583804512053726,6.63289213180542,1258100,-0.020147169482234082,0.4997425658306019,0.48359462638749995
2022-09-14,6.681979350029314,6.866055442211647,6.66357127268018,6.761745929718018,944300,0.01924020227779657,0.48454329910918753,-0.8096928752567761
2022-09-15,6.6267560629906885,6.645163554550318,6.3629128149270455,6.393592357635498,1267200,-0.05598483561834674,0.5207550201157539,0.5806191426061709
2022-09-16,6.319961864923287,6.338369356653856,6.129749166495369,6.289282321929932,1774900,-0.016449328776244856,0.5208658990085079,1.862032680843642
2022-09-19,6.129748356835902,6.381319522857666,6.086797353416636,6.381319522857666,998900,0.014527931796234975,0.5209627769121895,-0.5231178535616413
2022-09-20,6.319961587642136,6.332233053202915,6.154292413844727,6.166564464569092,949700,-0.03423302777084,0.5305956409441396,-0.7243295527905538
2022-09-21,6.160428096168952,6.264738180863295,6.03157449655615,6.056118011474609,1026200,-0.018072867317221006,0.53158928084219,-0.39991106027697554
2022-09-22,6.160428853511695,6.301554520515026,6.117477843415023,6.178836345672607,1074400,0.020060957511164112,0.49256714913886257,-0.10244580368676082
2022-09-23,6.00703119038639,6.00703119038639,5.595926862343348,5.638877868652344,2243700,-0.09144487390354884,0.574162518064683,2.700917430621153
2022-09-26,5.583654687409701,5.681828738018166,5.270724462222593,5.301403999328613,1711800,-0.06171339524560328,0.6007655663532591,1.4429205605886022
2022-09-27,5.405714283639048,5.64501339496926,5.368898720654042,5.430257797241211,1421400,0.02401491828004869,0.6127797077672377,0.6437201194152625
2022-09-28,5.467073863818287,5.6327430524981805,5.417986826838386,5.620471000671387,1415000,0.03442885905200518,0.6161921084844436,0.5687278895864444
2022-09-29,5.55297583272475,5.6450138701901285,5.375035197838399,5.632742404937744,939000,0.0021809608843657326,0.597411957282181,-1.0167009212741325
2022-09-30,5.61433436613466,5.632742441879319,5.467073271158833,5.479345321655273,1239300,-0.027610802254956924,0.5904517937301832,0.1350908284957008
2022-10-03,5.755459755594253,5.914992893709134,5.7309162408968515,5.9088568687438965,1696100,0.07546676251297546,0.6382422886472207,1.326955866906662
2022-10-04,6.037711204435127,6.295418432807136,6.007031661026342,6.283146381378174,1641100,0.061418481671506805,0.6523114482110802,1.0929843080438437
2022-10-05,6.258602704177484,6.295418272362471,6.068390593185263,6.252466678619385,1566000,-0.004894816690192687,0.652277900244519,0.8615902630644153
2022-10-06,6.203379105146575,6.326097264984746,6.142020610391043,6.307689189910889,1082500,0.008793341053920446,0.6531458434467343,-0.5333663577716693
2022-10-07,6.3199612220794705,6.411999256534148,6.2095151126030155,6.258602142333984,1062700,-0.007812535289960008,0.6519909299369717,-0.640213055342041
2022-10-10,6.270874749529489,6.295418266575719,5.9579444683173595,5.994760036468506,1166400,-0.043071099829830144,0.6408527698806916,-0.3082298498922878
2022-10-11,5.896585600152991,5.994760257114985,5.761596544012049,5.8290910720825195,1368500,-0.028024677495647993,0.6369747649030701,0.24923162048609546
2022-10-12,5.780002990365647,5.83522604205123,5.694100400503239,5.743187427520752,1380300,-0.014846725733982996,0.6358716109789601,0.2657986256012503
2022-10-13,5.681829683580159,6.025438917892746,5.645014115893441,5.957944393157959,1640000,0.03671116393780387,0.6476773184062231,0.8812366625778053
2022-10-14,5.951808792867536,5.951808792867536,5.614334974757989,5.620471000671387,999800,-0.05831005276600169,0.6499831714303866,-1.0989167839249554
2022-10-17,5.700236670959292,5.872041272928616,5.614334077392858,5.767731189727783,861900,0.025863326831460556,0.6580021493268103,-1.5219043907180745
2022-10-18,5.816818218861876,5.829090268727171,5.645013616892552,5.767731189727783,1487200,0.0,0.6547302025658484,0.5617579291480058
2022-10-19,5.786139989639905,5.988624156484068,5.767731912535077,5.884314060211182,1808000,0.020011381431584836,0.6509736078341822,1.22174512034936
2022-10-20,5.964080360235676,6.03157488430959,5.75546017743537,5.761596202850342,1680400,-0.02107562173764715,0.6519766704283704,0.8434233323562771
2022-10-21,5.7554606132141055,5.90885774922142,5.71864504310035,5.872042179107666,3345900,0.01898791950900553,0.6515218656122567,2.7300821124139283
2022-10-24,5.84136278682364,5.859770277933544,5.663421560494734,5.718644618988037,2261300,-0.026470651785829136,0.5739198583018107,1.4573226066336802
2022-10-25,5.681830162788559,5.780004238015064,5.626607099182739,5.657286643981934,1611900,-0.010787436843517717,0.5295735290522275,0.3739094234688314
2022-10-26,5.6634217188920575,5.890449984639404,5.645014227267324,5.749324321746826,1899000,0.016137952895471566,0.5263457769770713,0.8451327869245344
2022-10-27,5.872041862449544,6.000895473153622,5.859770396515805,5.902721405029297,1207300,0.02633116101287312,0.5209183628583043,-0.5691079503728845
2022-10-28,5.976351441698727,6.148156631291499,5.970215416678224,6.056118011474609,2547100,0.025655502992532695,0.5271418296195283,1.6049909709490744
2022-10-31,5.951808009878324,6.178835672334684,5.921128469511019,6.049982070922852,1419600,-0.0010136940939565106,0.5153137380156727,-0.22507077940306325
2022-11-01,6.2647387297355825,6.369048823568841,6.209515670039904,6.252466678619385,1788300,0.03292074591172072,0.45979976078495705,0.4859769569632671
2022-11-02,6.221788229897589,6.3015548131843895,6.05611903726416,6.092934608459473,1376200,-0.02584621549784947,0.41671670228014296,-0.3023054884761843
2022-11-03,6.068390424645939,6.074525864870031,5.896585224772404,5.964080333709717,1037000,-0.021374972386387737,0.422299458845997,-1.0855701282403896
2022-11-04,6.117477893829346,6.221787992206849,6.000895743801015,6.117477893829346,1853900,0.025395036150614378,0.4315828732335504,0.5949041059419526
2022-11-07,6.1788354894328315,6.270874107810281,6.117476995678077,6.264738082885742,1093700,0.023786878338574624,0.43952924672888793,-1.0268288626203075
2022-11-08,6.21565105381652,6.3076890870304245,6.117476995678077,6.264738082885742,1483600,0.0,0.4106674225608195,-0.1280968217363082
2022-11-09,6.436543030253311,6.522445628318963,6.000895184998177,6.031574726104736,1472700,-0.03792865581772286,0.4211208139432485,-0.16257875135841576
2022-11-10,6.166564201455577,6.369048348459362,5.988623569689718,6.3445048332214355,2224000,0.050580932398117624,0.4489455962727264,1.0323829380199279
2022-11-11,5.9702149677319545,6.166563657478222,5.786138912267373,6.1052045822143555,5996200,-0.03844744005017777,0.456933019441127,2.8985940669627186
2022-11-14,6.135885358425809,6.52244620622627,6.135885358425809,6.369049072265625,2315600,0.04230855862005297,0.4236492163173264,0.6495823559941366
2022-11-15,6.497903349899383,6.497903349899383,6.24633211821188,6.356777667999268,2617600,-0.0019285832379103175,0.4180953792051421,0.863397727262657
2022-11-16,6.289282761064735,6.326098332260047,6.080662556339817,6.092934608459473,2147500,-0.042391754015160855,0.4486816545523792,0.3273984068651264
2022-11-17,5.97021652865319,6.203380256387944,5.908858022510568,6.184972763061523,2082500,0.014992763157623783,0.44656127711087346,0.23315339228501153
2022-11-18,6.135884410434026,6.135884410434026,6.019302864107736,6.068389892578125,1254500,-0.01902928881828439,0.44526176173671994,-0.9787010847949297
2022-11-21,6.031574866333369,6.037710891730052,5.706373127435773,5.921128749847412,2906300,-0.024566215382555545,0.45043597671453023,1.1186118338128617
2022-11-22,6.01316760531695,6.289282321929931,5.964080570593024,6.289282321929932,1632400,0.06031986801512741,0.4842749032688869,-0.2872777750933292
2022-11-23,6.197244278113474,6.350641407916643,6.166564735120118,6.289282321929932,1144300,0.0,0.4814092391487537,-1.1048971321036771
2022-11-25,6.319962193164281,6.4426797863477,6.2770105966773535,6.399728775024414,1306200,0.017408644624864543,0.48179820292587644,-0.7288314127258876
2022-11-28,6.234059545680021,6.234059545680021,6.086798434797101,6.111341953277588,1886400,-0.04610922920965819,0.506309945538987,0.10618670066644496
2022-11-29,6.209516544840294,6.362913694421813,6.1727015566323935,6.356777667999268,2273100,0.03937521162804336,0.5166301807346243,0.5838594825282508
2022-11-30,6.356776215516631,6.436542785292514,5.927264411861807,6.056118011474609,11628800,-0.04845259033507573,0.5457858609205594,3.108784549737859
2022-12-01,5.982487833487075,5.982487833487075,5.767731625911846,5.921128749847412,6779300,-0.02254190472330145,0.5374485741589844,1.8553318912313732
2022-12-02,5.945672659480147,6.043847316828981,5.8781781311437244,5.927265167236328,2247900,0.0010358227419716849,0.5308203111392861,0.059638114899656494
2022-12-05,6.007031165170808,6.013167190378786,5.583655373601066,5.632742404937744,3143200,-0.05096649144023871,0.5542911270062815,0.5316289713664883
2022-12-06,5.602062796678688,5.724780373544311,5.583655306439735,5.687965393066406,3424500,0.009756179054807879,0.5468936872298795,0.6212544366713775
2022-12-07,5.675693366465295,5.829090484477871,5.663421316145778,5.694100856781006,2219900,0.0010780932344240362,0.5382238330934656,-0.15758009598450295
2022-12-08,5.829090484477871,5.908857056064038,5.669557341305536,5.694100856781006,2247100,0.0,0.5382238330934656,-0.17390008389404568
2022-12-09,5.700236509327464,5.7370520727158905,5.565246890454606,5.577518939971924,2085000,-0.020686658415758893,0.5279663370989326,-0.3412488166928253
2022-12-12,5.577519187219848,5.632742242168726,5.51002408220964,5.602062702178955,1552000,0.00439082649511856,0.4910570220347112,-0.8257855714095069
2022-12-13,5.718644160593691,5.853633783294217,5.712508720824587,5.767731189727783,2617800,0.029143925578503305,0.49047622589821854,0.1769261610501817
2022-12-14,5.749323557336967,5.804546610032512,5.614333937988249,5.626605987548828,2577100,-0.02477237893587153,0.4674053878762379,0.1377162306812795
2022-12-15,5.669558177692347,5.706373748918456,5.49775354401903,5.552976608276367,1617200,-0.01317230643552633,0.4678236777357109,-0.68904723181935
2022-12-16,5.5222958718167785,5.534567921299309,5.405714327550376,5.485480308532715,2081800,-0.012229452264266763,0.4499418819378147,-0.21583600915677834
2022-12-19,5.559111857932727,5.694100901526807,5.454801770051393,5.632742404937744,3106400,0.026491771688569917,0.4580700538185653,0.4911850001878857
2022-12-20,5.724780962939698,5.816819008773811,5.663421875607873,5.780004024505615,3317800,0.025807949738371035,0.4663514693045126,0.5437645727370249
2022-12-21,5.884313354046495,5.988623437801337,5.822954274721218,5.9088568687438965,4432100,0.02204801051964735,0.46628793370992627,1.0306956650431738
2022-12-22,5.927265241696481,5.927265241696481,5.68183005815023,5.872042179107666,2088600,-0.006249915107980695,0.41139643235470136,-0.39585578910375485
2022-12-23,5.98862352626461,6.166564156740174,5.951807961092899,6.154292106628418,4794000,0.046947267536874136,0.4467245026599186,1.078798201113632
2022-12-27,6.2156511376102745,6.2708741923485025,6.129748542999304,6.258602142333984,2868900,0.01680711831638119,0.44641636758444675,0.003881422621355519
2022-12-28,6.2647377097696015,6.289281222842446,6.074525044582423,6.1052045822143555,2259900,-0.024815242628791753,0.42491878307169,-0.5146610487033351
2022-12-29,6.0806605946830175,6.203378150471902,6.068389131685861,6.148155689239502,1360000,0.007010531313091128,0.4012138997048172,-1.4513281317087356
2022-12-30,6.1174777959936915,6.528582157103579,6.11134177026641,6.424272060394287,2934400,0.04393117745496047,0.39279511958084906,0.2759271910546555
2023-01-03,6.424272175565029,6.424272175565029,5.9763522372250195,6.074526309967041,3148500,-0.055979313850943076,0.43481834605663566,0.663437214041323
2023-01-04,6.013167320035994,6.160428417221304,5.829090655972565,6.0254387855529785,2790500,-0.008113708315931374,0.4360201296414349,0.255628379247371
2023-01-05,6.056117916759778,6.270874107810281,5.957943858621334,6.264738082885742,2465900,0.03894647686860588,0.41215651295065414,-0.09559865682960783
2023-01-06,6.326097528945374,6.74947332552933,6.326097528945374,6.7249298095703125,3369900,0.07088470712361378,0.4711068215148433,0.89470584476634
2023-01-09,6.835376433036545,6.951957996233471,6.675843274839809,6.823104381561279,2304300,0.014493068006171764,0.4709243296472127,-0.31414343496477193
2023-01-10,6.85991884274497,6.884462356567383,6.589939605534901,6.884462356567383,2082100,0.008952483833547872,0.469881108487431,-0.6203246066216553
2023-01-11,6.9703654391493695,7.0255885000715645,6.829240359160308,6.97650146484375,1729300,0.013280528283849666,0.45737120867488273,-1.1473942284891017
2023-01-12,6.964229855552526,7.166714017998533,6.945821778847539,7.086947441101074,3795200,0.015707135241376746,0.4570974832538172,1.1636372751784556
2023-01-13,7.099219005024884,7.19739307481827,7.013316986537478,7.129898548126221,1814600,0.006042301890904813,0.4526520240474422,-1.0694216225060804
2023-01-17,7.185121346535949,7.203528837659731,7.043995687484035,7.056267738342285,1279600,-0.010380742689663994,0.4412862549074458,-1.8430833685117207
2023-01-18,7.129897968759657,7.4980512857327914,7.129897968759657,7.338518142700195,3434600,0.039220671567804594,0.44277270564375365,0.8051178313957823
2023-01-19,7.283295790593839,7.3876058876460435,7.246480806436368,7.3139753341674805,1204700,-0.003349987020832812,0.43736320215992724,-1.894019663814577
2023-01-20,7.332382294294505,7.424420918338183,7.258751746157711,7.418284893035889,1137500,0.014160936661723352,0.4348977180322778,-1.7678039337199776
2023-01-23,7.485780132190463,7.577818765041389,7.3630625402195315,7.393742084503174,2067900,-0.003313905791642071,0.4358850874414993,-0.3025831525241462
2023-01-24,7.479642939060661,7.479642939060661,7.252615283052471,7.26488733291626,1274400,-0.017581189477544893,0.4455699443830825,-1.3429530384422246
2023-01-25,7.221937202769126,7.246480720303587,7.1176271069567685,7.228072643280029,1419100,-0.005080365760932252,0.4450559883105434,-1.0083149948462446
2023-01-26,7.320110652400609,7.387605173608138,7.209664540275955,7.338518142700195,1177400,0.015164511389228759,0.42487585965065056,-1.3612648148440045
2023-01-27,7.11762720485503,7.1728496811944025,6.8660554152120925,6.921278476715088,3050400,-0.058536430793203156,0.4823274201586477,1.0035233458296913
2023-01-30,6.896734934922014,6.915143012134914,6.749473828200544,6.823104381561279,1996300,-0.014285947334616753,0.4755145130723365,-0.0340046870664506
2023-01-31,6.8108331659875985,7.0071813155113665,6.77401759537007,6.988773822784424,1330000,0.02399056588515629,0.4799046061839779,-1.0380023675015766
2023-02-01,6.9887735777023545,7.037860613361914,6.767881332070714,6.872191429138184,2159500,-0.016822081398376623,0.4654942944269596,0.2041192200814802
2023-02-02,6.859919837104034,6.902870846228209,6.596076586395845,6.6390275955200195,2437700,-0.03451753438158614,0.4361200948802267,0.5575975942439662
2023-02-03,6.681978270812412,6.749472788033879,6.553124675997951,6.577668190002441,2053300,-0.009285202194911274,0.43655659059407526,0.15162775681030002
2023-02-06,6.577669094651714,6.6635711129000645,6.356776853067699,6.6390275955200195,2625600,0.009285202194911166,0.4185083677222612,0.7937474165298715
2023-02-07,6.700385734604809,6.731065273284912,6.5163090876877146,6.731065273284912,2242700,0.013767912088076106,0.34095024162729193,0.4512572406265829
2023-02-08,6.749473877965307,6.859920001402554,6.596076744375186,6.669707298278809,1919500,-0.009157442746149661,0.3381528398518137,0.04121520808370151
2023-02-09,6.614483535952786,6.639027051321007,6.4119993878740775,6.442678928375244,2932200,-0.034631539361688314,0.3551341054006631,1.1477951079166453
2023-02-10,6.473359625170189,6.737202316216155,6.467223598941205,6.718794822692871,2189600,0.04196436030378102,0.38454628006285124,0.32281280776746496
2023-02-13,6.632892313908811,6.718794334214557,6.596076744375186,6.669707298278809,1487800,-0.007332820942092685,0.3795861044149748,-0.6592859655150966
2023-02-14,6.675843634240933,6.761746243701593,6.5838049987123,6.589941024780273,1395300,-0.012031576372484034,0.37939097822038137,-0.7984258801131059
2023-02-15,6.534717609867696,6.534717609867696,6.362912985328413,6.473359107971191,1590000,-0.01784924342455187,0.3819093872167496,-0.45988439069686293
2023-02-16,6.473358890023019,6.681979076807177,6.424271856093053,6.546989440917969,1777500,0.01131016079429331,0.3531703710962313,-0.038124714997556486
2023-02-17,6.44881452014934,6.44881452014934,6.3015534378359295,6.3383684158325195,2133400,-0.03238392897631134,0.3651295049894165,0.4911500497370831
2023-02-21,6.319961030139218,6.448814625560553,6.319961030139218,6.381319522857666,1782700,0.006753510067493198,0.36064113367687234,-0.21155255837092513
2023-02-22,6.369048348459362,6.442678894173142,6.307689267782765,6.3445048332214355,1330100,-0.005785840084950124,0.36040967975530186,-1.173834743894965
2023-02-23,6.4488146778551165,6.688113796175588,6.4488146778551165,6.571532249450684,2708000,0.035157966748045937,0.3867713039250506,1.2412461677680422
2023-02-24,6.5224457928353985,6.675842917073775,6.411999676131419,6.614483833312988,2282200,0.006514740389308593,0.38873718702731563,0.5589768633856963
2023-02-27,6.651299698311702,6.9703654267237125,6.608348688854835,6.927414417266846,3258400,0.046224878832255185,0.4217459020635994,1.7184152238331567
2023-02-28,7.007181209157179,7.031724727475131,6.798561010872767,6.804697036743164,3867000,-0.01787352919318126,0.3748889943231971,2.1432133112658245
2023-03-01,7.068540404819365,7.142170960890779,6.7617461286066565,6.988773822784424,6727400,0.026692007658118515,0.38311238209539383,2.8913857648393115
2023-03-02,6.988772841624174,7.074674852399139,6.829239699951295,6.847647190093994,3190600,-0.020400004712057617,0.3806080038621763,0.8730925298373063
2023-03-03,6.84151143271693,7.0378601475223705,6.804696450990875,7.013316631317139,2256000,0.023905600358286608,0.3853560183796689,-0.05518733271833791
2023-03-06,7.1053544106117,7.191257006766219,7.056267379998707,7.148305416107178,2051800,0.01906460614322334,0.3674735101226718,-0.2856107727320785
2023-03-07,7.111490752191635,7.14830573420787,6.872191028431748,6.909006595611572,1945700,-0.03404945972884564,0.3877975049586698,-0.41895489340035114
2023-03-08,6.927413795014537,7.043995346709974,6.866054714018898,6.945821285247803,1377300,0.005314360683143458,0.3871448943800191,-1.2094245863225912
2023-03-09,7.001045666109216,7.086948278728083,6.749474439709855,6.755610466003418,2387700,-0.02776688503573359,0.39802496612740396,0.19051332771165555
2023-03-10,6.755609903748182,6.866055442021803,6.620620262343061,6.669707298278809,2846000,-0.0127973641460528,0.3992978043985644,0.5881002268020531
2023-03-13,6.47949519596965,6.620620278334902,6.307689984615916,6.369049072265625,3134200,-0.046125799426635694,0.4135883987149472,0.8200770183957627
2023-03-14,6.436543294751807,6.626755989298075,6.38132023552342,6.44881534576416,2187600,0.012446270393911376,0.38715448240817985,-0.08810962646416705
2023-03-15,6.227922229832639,6.234058254472767,5.951807557825527,6.142020225524902,5343600,-0.04874273161538179,0.4196188713231967,1.8750800851256497
2023-03-16,6.037711646122835,6.227923775877725,5.957945061490131,6.184972763061523,2710200,0.006968887126022873,0.42015547433828604,0.2133944911653879
2023-03-17,6.135884410434026,6.172699974368586,5.9211282220034205,6.068389892578125,2302300,-0.01902928881828439,0.4206997854802339,-0.23806641547479826
2023-03-20,6.099069644528284,6.129749187627406,5.896585479303134,6.037711143493652,1947100,-0.005068322933328607,0.41745603266859593,-0.680069897754132
2023-03-21,6.178835876136946,6.27700994041964,6.123612818687036,6.270874500274658,1685800,0.03789082827287404,0.4277985640160833,-0.9982494333610181
2023-03-22,6.3260972972116605,6.332232737103982,6.148156666736097,6.154292106628418,1526800,-0.018766076733456,0.43145755532368874,-1.2036988107144058
2023-03-23,6.22792332011203,6.264738889234333,5.890450098115082,5.933401107788086,1971200,-0.03655215068822784,0.4479540387229501,-0.6579427020056164
2023-03-24,5.841362989234298,5.970216016632137,5.767731851916087,5.896585464477539,2037500,-0.006224142679891631,0.42570191201964974,-0.5333548857719456
2023-03-27,5.957944672873471,6.160428841747722,5.933401154984581,6.129749298095703,2227500,0.038780403028673804,0.45078618976365276,-0.30043078408020957
2023-03-28,6.166565035228461,6.399728754096295,6.129749464812008,6.3015546798706055,1401500,0.027642525961896522,0.42896241020896575,-1.3389685705129741
2023-03-29,6.375184373559733,6.3874558385969165,6.307689267782765,6.3445048332214355,1159800,0.006792680115316383,0.4277880457807584,-1.6086439684394023
2023-03-30,6.399728051843446,6.430407007799791,6.326097504253782,6.375184535980225,1485200,0.004823979794365839,0.41496302811386987,-1.0220427789403264
2023-03-31,6.442679005610333,6.559260558716072,6.442679005610333,6.479494571685791,1740000,0.01622947167956255,0.4165376361759876,-0.49519423617851854
2023-04-03,6.7801541486993475,6.915143804578362,6.688115507578511,6.835377216339111,3006500,0.05346914845790593,0.4513998885940183,1.0700437470231283
2023-04-04,6.945822447119174,6.976501992748954,6.694251226249571,6.774017810821533,2663700,-0.009017273899676543,0.44594576597205454,0.6735846034758893
2023-04-05,6.792425616417246,6.841512657616216,6.6513005192611265,6.835377216339111,1216000,0.009017273899676562,0.4323779561139814,-1.433786478163896
2023-04-06,6.81696768364568,6.841511199012511,6.657435126343059,6.694250106811523,1078800,-0.020862692658164407,0.4374143508474446,-1.6519359525897415
2023-04-10,6.706522106871365,6.829239682786851,6.706522106871365,6.79856014251709,1389500,0.01546188108843157,0.43060593961815846,-0.9107082492834129
2023-04-11,6.81696801307874,7.056267738342285,6.81696801307874,7.056267738342285,1598400,0.03720541674730445,0.4460033242399749,-0.49086022787529837
2023-04-12,7.1176259414941425,7.148304894516037,7.019451302268114,7.093082427978516,1901400,0.005203740423213825,0.4091471559794997,0.022471520494688715
2023-04-13,7.123761816597558,7.2158004367816915,7.117626376716127,7.1544413566589355,1702900,0.008613329439722924,0.40849814728792905,-0.24472854019118268
2023-04-14,7.1483058695729005,7.185121437449889,7.050131802119065,7.142170429229736,1485900,-0.00171662078068431,0.36025765771899726,-0.5902437662319392
2023-04-17,7.1973919215472915,7.264887022587906,7.0501308404535274,7.093082427978516,2063700,-0.006896708659038539,0.3635488735359189,0.664480014721361
2023-04-18,7.086947897546308,7.123762883000192,6.976501770857366,6.988773822784424,1840000,-0.014814881098072843,0.36009320151015134,0.2798166258074233
2023-04-19,6.921278316878757,6.951957859801216,6.810832781586961,6.890598773956299,2133500,-0.014147136053374598,0.3651769659801786,0.8283613971593289
2023-04-20,6.810832915249634,6.902870960659647,6.767881320249822,6.823104381561279,2284700,-0.009843429831781596,0.35026654327391704,1.0079367754784874
2023-04-21,6.884463049334266,6.9090065656264334,6.774016933437719,6.810832500457764,1722900,-0.0018001967478421344,0.34117329024400156,-0.06904157434208281
2023-04-24,6.872191404432711,7.166714202494884,6.816968343223327,7.123762607574463,4887300,0.04492168250698268,0.33331375417843856,2.8266011665837274
2023-04-25,7.062977225655406,7.10922727294573,6.402268385346719,6.488160610198975,7361200,-0.09345697049056828,0.4850098977203868,2.8829062077309717
2023-04-26,6.507982104059929,6.521195952756671,6.217269871519231,6.263519287109375,5427000,-0.035236857885953085,0.48696453194771433,1.9175794821712027
2023-04-27,6.223877534770692,6.263519713661624,6.091735888299131,6.157806396484375,3624000,-0.017021603925256326,0.4807467937703778,1.0260089946363584
2023-04-28,6.157806141459448,6.455125621333343,6.131377813259662,6.42209005355835,2526600,0.0420230085762308,0.5030086708600453,0.26985400997803977
2023-05-01,6.3626253262512025,6.428695823067458,6.217269225093899,6.3097686767578125,1402100,-0.017644602138265044,0.5066281740183814,-0.8941554872046734
2023-05-02,6.137985260360179,6.171020829252106,5.7878097423483235,5.81423807144165,4600500,-0.08178926683760021,0.5750330913018294,1.3147398206911904
2023-05-03,5.741560272472524,5.919951984405945,5.708525330352526,5.787810325622559,3260700,-0.004555711305886794,0.5341708270472465,0.6496644148515569
2023-05-04,5.820845525633695,5.880308795708033,5.675489395216101,5.721738815307617,2638600,-0.011481290066183508,0.5343026773260025,0.24965397832390804
2023-05-05,5.933165129261725,6.151199627937366,5.933165129261725,6.078521251678467,2467600,0.06048870332535424,0.5825757997737826,0.061323296394406125
2023-05-08,6.2106634148805355,6.263520076531349,5.992629528045654,5.992629528045654,1708200,-0.014231149092810333,0.5808353293124812,-0.7469490299600905
2023-05-09,5.9463790576043385,6.065306840388745,5.867094079115067,6.019056797027588,2432000,0.004400266691599883,0.5771120152226769,-0.06917524137003457
2023-05-10,6.045485123190678,6.091735166551835,5.979414622833451,6.019056797027588,1680700,0.0,0.5561916997672289,-0.8779421670262778
2023-05-11,5.900129751967054,6.045485233464947,5.880308034407424,6.032271385192871,1965900,0.002193051796738733,0.5554176678106889,-0.5418086591835161
2023-05-12,6.0653071193150785,6.171020428828897,6.058699879945208,6.1511993408203125,1883100,0.01952345696551733,0.5607193106258397,-0.6513541145665351
2023-05-15,6.184235128837641,6.197449609396591,6.0983428955078125,6.0983428955078125,1623300,-0.008629999773216431,0.5603796284206505,-0.9971946172023167
2023-05-16,6.11816416675957,6.190841914189804,6.01905746015354,6.052093029022217,2194100,-0.007612910375504281,0.5603750222022141,-0.3357201811457732
2023-05-17,6.151199759878667,6.270126926133264,6.071914142240842,6.243698596954346,1550700,0.031168563236484488,0.5753126306118352,-1.0717385920430968
2023-05-18,6.217270294921846,6.230484774619538,6.052093079307127,6.157806396484375,1407200,-0.013852121002458917,0.5752568134976922,-1.1976314819817298
2023-05-19,6.210662872523557,6.270126769213211,6.171020694797824,6.204056262969971,1435500,0.007482704436540043,0.5766824449599566,-1.0754968475967719
2023-05-22,6.2040563408504745,6.329590745359221,6.1908418613753105,6.223877429962158,1161700,0.0031897794578109014,0.5772387669034109,-1.4100648721010363
2023-05-23,6.283341114788671,6.408875515049706,6.2106627403366135,6.276733875274658,1635000,0.008456668082049222,0.5513057903302641,-0.6646618317771562
2023-05-24,6.342805569680542,6.36262665986986,6.223877768342439,6.296555519104004,1038700,0.0031529792449133533,0.4506524724655336,-1.5743737740259993
2023-05-25,6.157806797820856,6.210663459854426,6.052093473753718,6.0983428955078125,1064300,-0.03198566307983501,0.44771026926825574,-1.467774719805854
2023-05-26,6.1776277472669365,6.210662684337053,6.045485478582333,6.1710205078125,1804000,0.011847144789530379,0.4460807974676865,-0.05846171151989896
2023-05-30,6.071914012000193,6.091735731035015,5.952986848296546,6.078521251678467,1708600,-0.015102771377359648,0.42166364962465,-0.1583174508289215
2023-05-31,5.979415968987458,6.019058152106293,5.900130972648648,5.999237060546875,1838500,-0.013129146644552015,0.4199226819709933,0.00875587267330244
2023-06-01,6.071912957711801,6.322982350982605,6.058699110750679,6.230483531951904,1595600,0.03782163869556646,0.32974405528262907,-0.30546050817346976
2023-06-02,6.402268703463356,6.4617326028619555,6.3229837142989185,6.448518753051758,1933600,0.034396510481255714,0.34530363024278743,0.5112145162748433
2023-06-05,6.574052563997448,6.574052563997448,6.329590378774744,6.435303688049316,1277900,-0.002051420639689335,0.34110135463885854,-1.0532096747675983
2023-06-06,6.34280552669202,6.712802148190084,6.322983806535947,6.659945487976074,2317900,0.03431226642563873,0.297259421549306,1.4914764188970975
2023-06-07,6.726016022450347,6.897799837621957,6.726016022450347,6.81190824508667,2303700,0.022560993579777273,0.2956000275324322,1.3376100134419742
2023-06-08,6.798693346603624,6.90440665098564,6.726015607366238,6.877978324890137,1462600,0.009652467526998129,0.29577892081877605,-0.44758650468520406
2023-06-09,6.871370792388916,6.950656397390415,6.811907533789246,6.871370792388916,1104500,-0.0009611412079983504,0.2960576097576052,-1.4889702948449441
2023-06-12,6.739230556073528,6.792087216897548,6.653338324709221,6.719409465789795,1733200,-0.02236334586997569,0.3121405063220682,0.3867553718046147
2023-06-13,6.838336191709899,6.9242277794584135,6.739229495683074,6.7458367347717285,1277900,0.0039252610045435055,0.30772777558996967,-0.8024885632635383
2023-06-14,6.831729624471661,6.891193521915393,6.706194589845768,6.778872966766357,1151100,0.004885324480641946,0.3040600027036671,-1.1295107280797714
2023-06-15,6.792087155997497,6.983692707291846,6.792087155997497,6.891193866729736,1312300,0.016433486258263342,0.30286184192399823,-0.5322537386273842
2023-06-16,6.88458593626522,6.930835351908322,6.831729281215666,6.904407024383545,1369800,0.00191556160524439,0.2890939378176606,-0.32543719432738744
2023-06-20,6.864765349875164,6.89119367933152,6.726016462704023,6.818515300750732,1232900,-0.01251815658909664,0.2880451200773326,-0.733229065806475
2023-06-21,6.792085990660874,7.069583724938354,6.785479381826447,6.990298748016357,1587100,0.024881544358055438,0.29623546838064196,0.2973425877151458
2023-06-22,6.897800338567081,6.996907047314678,6.884586488794717,6.924228668212891,1303800,-0.009496632458461806,0.3008047862456512,-0.5524566526651103
2023-06-23,6.838336864210089,6.884586282176965,6.7722657270279285,6.778872966766357,1309400,-0.021215803174004573,0.3138828472092655,-0.48859689762938435
2023-06-26,6.818514802402762,6.944049830721226,6.759050907946757,6.904407024383545,1061700,0.01834904786350763,0.31795830740971553,-1.3879356942889993
2023-06-27,6.930835888528236,6.937443128446253,6.772265911102295,6.772265911102295,1316600,-0.01932417714926754,0.3023497646567125,-0.5396638087829467
2023-06-28,6.772265225784474,6.858157445723618,6.712801332741911,6.825121879577637,988700,0.007774468966697671,0.30151418191508317,-1.6000087017287667
2023-06-29,6.851550126589977,6.851550126589977,6.692980167059301,6.805300712585449,1659200,-0.002908373651636211,0.2942446843365706,0.593018023726281
2023-06-30,6.81190872050932,6.825122570244275,6.739230341613287,6.772265911102295,1011800,-0.004866095315061359,0.28904242640399763,-1.3522190618859482
2023-07-03,6.80530095369089,6.99690648577078,6.80530095369089,6.904407024383545,788600,0.019324177149267565,0.26965109967378803,-2.009233805913204
2023-07-05,6.944050339850563,6.9704786693130325,6.844943631790493,6.858158111572266,1058000,-0.006720998077012569,0.24985354823920808,-0.8369784408987146
2023-07-06,6.785480826226501,6.805301917150996,6.554232455069959,6.666553020477295,1986200,-0.02833597101852998,0.2720638111075015,1.4078828751548251
2023-07-07,6.640123697789308,6.871371404317666,6.640123697789308,6.83833646774292,1602600,0.025441557772461123,0.2601318280622154,0.7672499200852573
2023-07-10,6.864764183722932,6.944049158623462,6.811907533789246,6.871370792388916,1075100,0.004819123844364112,0.24884074100739567,-0.7753058788390426
2023-07-11,6.924227909380678,7.003513519730207,6.884585734306925,6.996906280517578,1116400,0.018104472007179465,0.25445369715618793,-0.5466031555255186
2023-07-12,7.122441322694533,7.195119700440062,7.096012993541905,7.115834712982178,1495100,0.016854450579683582,0.2603025514283997,0.7168701830408275
2023-07-13,7.168690918174974,7.353689210550159,7.148869199987575,7.228154182434082,1635200,0.01566116175861977,0.24916594877434214,1.1557356540896153
2023-07-14,7.267797443866191,7.30083301281307,7.0299424816305915,7.036549091339111,1378400,-0.026865839674241027,0.2703917722251102,0.3487324083767666
2023-07-17,6.990300039405854,7.13565617233313,6.937443378359773,7.102620601654053,1171300,0.0093459506713279,0.27142914387820244,-0.40552845882089045
2023-07-18,7.1026197066704055,7.28101138779806,7.1026197066704055,7.2083330154418945,974100,0.014773905277716182,0.2703931726453804,-1.1489483611211044
2023-07-19,7.247975349426269,7.333867564736631,7.2149397850605945,7.2479753494262695,1111300,0.00548444766826199,0.27063794546302633,-0.5161667945654173
2023-07-20,7.27440434192172,7.327260997713073,7.201725967632829,7.281011581420898,819800,0.004547638329786113,0.26525790414623457,-1.6480694307097106
2023-07-21,7.360296243731205,7.360296243731205,7.24136845834295,7.320653438568115,1306800,0.005429785505724525,0.25345129934548666,0.31438323076889446
2023-07-24,7.380118155978562,7.51886704440282,7.347082586334484,7.432974815368652,1455500,0.015226565965422427,0.253546471247291,0.7386619250003219
2023-07-25,7.432974342283059,7.479223758780487,7.320653790702699,7.472617149353027,1438900,0.005319134932113705,0.23725698998107278,0.665701445276409
2023-07-26,7.446188053573911,7.518865790590602,7.38011692530348,7.466009140014648,1103700,-0.0008846877405419793,0.23256257125449434,-0.4406236697463931
2023-07-27,7.492438664928368,7.499045904833501,7.32065420800136,7.327261447906494,1206500,-0.018758767364625478,0.2318637317321874,-0.05362174408248684
2023-07-28,7.3867252899316895,7.479224127486494,7.333868631300066,7.459403038024902,849200,0.017873551955854574,0.23666158846436128,-1.4324140338108626
2023-07-31,7.525474456433155,7.763329429127475,7.505652736132806,7.743508338928223,1540000,0.037379469366170204,0.261222261359001,0.987946150510465
2023-08-01,7.64440043029145,7.657614908421733,7.518866038558748,7.565115451812744,1204300,-0.023307250233242455,0.2782757970237433,-0.050554536250545096
2023-08-02,7.565115517650234,7.571722756772877,7.287617775509265,7.386724472045898,1754500,-0.02386320961587368,0.2907334205607949,1.4035619463213476
2023-08-03,7.399939245724576,7.46601038501273,7.333868736537504,7.432974815368652,1574800,0.006241758700144984,0.28861126657669295,0.8537707304795894
2023-08-04,7.532080282832251,7.644400832444575,7.426366972632659,7.545294761657715,1537700,0.014998001089683273,0.2658979611646282,0.8696057655662865
2023-08-07,7.565116482683873,7.611366532341194,7.479224253435801,7.584937572479248,1195000,0.005240223766800089,0.2562203178299279,-0.24281482975635518
2023-08-08,7.44618828252838,7.664222130383509,7.366902674125608,7.651007652282715,1621500,0.00867297604190359,0.25654608500139925,1.1019080841518603
2023-08-09,7.565116276449312,7.58493736570434,7.261190177434266,7.439581871032715,3091600,-0.028022711281165284,0.2761389543151177,2.9272374436657094
2023-08-10,7.5122587994936065,7.67743599551616,7.492437712399179,7.565115451812744,1494100,0.016732961298506932,0.2760620262560237,0.3678970484603359
2023-08-11,7.551901326563725,7.657614627321412,7.551901326563725,7.63779354095459,1218100,0.009561149492470944,0.27330842266058275,-0.304675213013231
2023-08-14,7.598152033487956,7.604759273436987,7.393332005775544,7.432974815368652,1561100,-0.0271826004081995,0.2737409446441312,0.5521570490494759
2023-08-15,7.366902963079126,7.419759617353517,7.314046308804736,7.333868026733398,1340900,-0.013423082749906584,0.2780112468499702,-0.0071289805423417705
2023-08-16,7.333868765050327,7.380118184671196,7.25458314555586,7.347082614898682,1697300,0.0018002365182926993,0.2738224210309445,0.7505708885217119
2023-08-17,7.3669027546779695,7.499045016726815,7.3669027546779695,7.386724472045898,1129600,0.005381087531468729,0.2738008875066359,-0.728511685506354
2023-08-18,7.307440225830754,7.44618911081808,7.267797417219631,7.439581871032715,1047300,0.007130248317366656,0.27437960272982753,-1.121179367484426
2023-08-21,7.485830884444154,7.505651972627124,7.373510334572269,7.419759750366211,915000,-0.002667969137458454,0.27417583259241585,-1.488646652717143
2023-08-22,7.472617624961761,7.492438714707775,7.419760335470588,7.432974815368652,849500,0.0017794795202367576,0.26907153590631644,-1.5588356957933622
2023-08-23,7.366903753240262,7.558509303061457,7.274404913389327,7.492438793182373,1495600,0.00796819357873819,0.2698866192037539,0.37312478370992774
2023-08-24,7.472616850780799,7.571722919344322,7.4263668060302725,7.426366806030273,803300,-0.008857601729159448,0.2716701852695005,-1.6015573955117315
2023-08-25,7.499046063032396,7.505652672975824,7.366903782546379,7.406546592712402,1348200,-0.0026724655610810724,0.26345465745472196,0.048894749956539446
2023-08-28,7.459402539595289,7.578330328620345,7.432974212045391,7.545294761657715,1411200,0.018559874801185573,0.2640346080895023,0.1252192563942108
2023-08-29,7.545294975825453,7.730293273925781,7.466009990925312,7.730293273925781,1564500,0.024222642977267207,0.244088131294584,0.47455835574837585
2023-08-30,7.730292760438573,7.96814832944041,7.730292760438573,7.9020771980285645,2466800,0.021978859785123837,0.24017358739521494,1.7585072640449628
2023-08-31,7.93511302118945,7.954934109215697,7.70386468384614,7.717079162597656,2102100,-0.023689715738859272,0.2399381370486063,1.1971621142711322
2023-09-01,7.849220668085731,7.862434516514807,7.756721208678127,7.789756774902344,1419300,0.009373691029547479,0.24086555222954115,0.01166649829966318
2023-09-05,7.789757729053166,7.92850662010912,7.776543879005554,7.829400539398193,1663300,0.005076310946810763,0.23665542547026608,0.4842493390329624
2023-09-06,7.862434789390457,7.981362579884769,7.829399852120739,7.882256507873535,1445700,0.006728274136058741,0.23698705279607202,0.028978255061847993
2023-09-07,7.882256135006343,7.9417200274405815,7.836006090834707,7.855827808380127,1060800,-0.003358569417379594,0.23627418588574425,-0.8472403762087216
2023-09-08,7.921898261213194,8.021004958028227,7.875648847426782,7.948326587677002,1418200,0.011705762066832201,0.21319261596889344,0.1718267786265714
2023-09-11,8.073862015404831,8.093683103720346,7.9218986580497885,7.928505897521973,2096500,-0.002496807908055579,0.20810155087280913,1.4451598187681878
2023-09-12,7.98136266352615,8.199396528316601,7.948327095809193,8.139932632446289,1778900,0.026317297382442418,0.22309043473632445,0.8106139812201616
2023-09-13,8.040826691553875,8.139932766232587,7.994577274050616,8.067255020141602,1916300,-0.008968625651959425,0.19970487905876896,1.0049119594180642
2023-09-14,8.153146988163826,8.298503105857634,8.093683093193585,8.291895866394043,1913300,0.027465357956691985,0.20517196895079465,0.9232627468271057
2023-09-15,8.324931618289916,8.351359946629524,8.232432154050766,8.28528881072998,3512100,-0.0007971264291975704,0.20601294071760792,2.35228206972621
2023-09-18,8.305110190943992,8.311717430786052,8.206004113717402,8.252253532409668,2888800,-0.003995191253457463,0.20875114563414282,1.600733103364886
2023-09-19,8.33153772917539,8.410822709449183,8.245645509686858,8.371180534362793,3320200,0.014308599597644609,0.21102312141174034,1.719539425176006
2023-09-20,8.36457286229439,8.642070593943101,8.351359014649725,8.52314281463623,4069500,0.017990229693212994,0.21292785405555106,1.938298786909508
2023-09-21,8.43064474462426,8.536358055637562,8.258860299177128,8.291895866394043,4339400,-0.027506511608202604,0.2432883721927116,1.870182668198247
2023-09-22,8.384394963488127,8.404216682505409,8.285288888805942,8.305109977722168,3812100,0.001592349155546664,0.24337922294558273,1.4067415954491898
2023-09-25,8.35796605593332,8.41742994866392,8.285288314874261,8.371180534362793,4622700,0.00792393275944302,0.23831350209351193,1.6984863362847968
2023-09-26,8.21424786721242,8.263731072855988,7.853725635402699,8.037521362304688,6267000,-0.040674170697958666,0.28660663947989684,2.024990888878548
2023-09-27,8.171834580568408,8.214248567835362,8.009245831623293,8.164765357971191,3594900,0.015707241077980102,0.2849327631111111,0.8043197798845168
2023-09-28,8.115281201317043,8.242524507159526,8.087004986036286,8.207179069519043,2770700,0.005181279061991676,0.2751680130167654,0.21293046071047095
2023-09-29,8.263730675797067,8.270799897451658,8.143557278459413,8.1859712600708,3885900,-0.002587400329211289,0.26667905424175614,0.8656318738577384
2023-10-02,8.164765304022401,8.19304152006626,7.853726253381798,7.9173479080200195,3509300,-0.033365577550786195,0.2800487727602654,0.6003994528045635
2023-10-03,7.9102780731019084,8.087004578234426,7.853725645392152,7.938554286956787,2546500,0.0026748893024636615,0.27854870713073676,-0.12436213986012053
2023-10-04,7.832519490237407,7.853726484354441,7.5992405324754655,7.669931411743164,4224800,-0.03442350601933968,0.303572312925533,0.8792066929743203
2023-10-05,7.535617472831273,7.6699299835992205,7.493203492494704,7.570962905883789,2014300,-0.012987413323873116,0.30494417046491,-0.7989906059714051
2023-10-06,7.563894353822361,7.775966296747088,7.422513283258584,7.712344646453857,2139700,0.018501986334291134,0.3129415010381141,-0.8451888449145638
2023-10-09,8.0233836921831,8.164764763034643,7.938554375514049,8.129419326782227,2466500,0.05266725154568461,0.36201603774885055,-0.5999701392989726
2023-10-10,8.207178002921912,8.320283523504006,8.136487810985924,8.313214302062988,1397200,0.022356835876438996,0.369096719903333,-1.9926269153990508
2023-10-11,8.292007544458667,8.412181625464571,8.24959355949078,8.383905410766602,2155300,0.00846751203692466,0.3594895919498914,-0.9038216131241353
2023-10-12,8.440457112835094,8.461664777649677,8.341490706999359,8.41218090057373,2554100,0.003366917268013359,0.3575383264367495,-0.4984954708278619
2023-10-13,8.553563438245773,8.709082283189774,8.553563438245773,8.631322860717773,1985300,0.02571701697196322,0.3560169933525414,-1.2163536108035278
2023-10-16,8.69494307422101,8.758564715789145,8.603045222417931,8.7302885055542,2059100,0.011400637263903913,0.35735313710644456,-1.0173037636502549
2023-10-17,8.6666684895557,8.878740443174225,8.652530044707325,8.815118789672852,2023400,0.009669874709124917,0.3573631114671205,-0.9922856733715606
2023-10-18,8.8433934471015,8.871669657658131,8.709080941338971,8.77977180480957,1723200,-0.0040178746466109465,0.3557831781676934,-1.2833959970493636
2023-10-19,8.72322096263791,8.864602041011668,8.567701439347696,8.702013969421387,1811100,-0.008895927359892976,0.35299382697283305,-1.0493978367171766
2023-10-20,8.702013006422337,8.758565431513526,8.560631269536279,8.659598350524902,1551900,-0.004886147957025438,0.3383805789058246,-1.3065282448982427
2023-10-23,8.546493434049507,8.624252849407211,8.376836160091928,8.497010231018066,2673600,-0.01895397755692549,0.34613951958693345,0.11359694469679905
2023-10-24,8.57477047055447,8.638392122943184,8.475803380821118,8.518218040466309,1447700,0.0024928046914335987,0.34529828656464095,-1.3527466976742502
2023-10-25,8.489941199470902,8.624253042488123,8.482871977691548,8.595976829528809,1498300,0.009087114495811923,0.3112886290599091,-1.2650479799104861
2023-10-26,8.532355810909277,8.567701248253913,8.426320173033513,8.518218040466309,1188900,-0.00908711449581193,0.31058364034405966,-1.7564075976686941
2023-10-27,8.504078400225492,8.58183848628256,8.419249767019823,8.447525978088379,1598800,-0.008333553944865213,0.31237268667634654,-0.7961086571678672
2023-10-30,8.504080372649671,8.588909025530377,8.25666363695383,8.376837730407715,1307900,-0.008403130705175751,0.31394778041033183,-1.3038517843008222
2023-10-31,8.376837503788211,8.447527708863973,8.235455745320312,8.34856128692627,1168400,-0.003381261085890178,0.2886371658097055,-1.5313595149175019
2023-11-01,8.426319457994275,8.588907512161326,8.299076164014433,8.546493530273438,2120500,0.02343186236051638,0.2975900577975646,0.41690570006448846
2023-11-02,8.624253471507691,8.822186972069236,8.603046479272772,8.808049201965332,1424500,0.030144900048120222,0.2772365203510115,-0.8873616325181803
2023-11-03,8.815118186288883,8.885808383217631,8.652529452452356,8.737358093261719,1723100,-0.008058119145468178,0.27334955577376613,-0.08578563620893048
2023-11-06,8.800980144281773,8.829256359176053,8.532355765707047,8.588908195495605,1116300,-0.01713624020039193,0.2819086239348524,-1.634038144090581
2023-11-07,8.454596323987463,8.475803316570227,8.263731368268168,8.270800590515137,2461400,-0.037740315171050545,0.26314128685751975,1.4135437090932264
2023-11-08,8.270801365938343,8.362699241290327,8.044591626092354,8.087005615234375,2912000,-0.022472782475409406,0.2627366467523838,1.786028847705719
2023-11-09,8.221317656485246,8.461665827609307,8.200110663197288,8.228386878967285,2459900,0.017331462025092066,0.2686228329238186,1.135819859975371
2023-11-10,8.341492200578857,8.341492200578857,8.16476567376218,8.284939765930176,1025200,0.006849390104493172,0.2695876093959861,-1.7052914114651414
2023-11-13,8.341491567523923,8.433389435393238,8.284939137167134,8.405113220214844,1116800,0.0144008567524202,0.25821217154100934,-1.2763421564055037
2023-11-14,8.482872238928685,8.553563110583005,8.419250589271421,8.511148452758789,1611700,0.012536649451904356,0.25894321244423346,-0.05085246339764155
2023-11-15,8.50407949792491,8.567701149580904,8.383905416832063,8.42632007598877,1875600,-0.010016737258734849,0.25749666562499435,0.46210626468545235
2023-11-16,8.35562946995208,8.390974908022638,8.214248391827997,8.34149169921875,2583400,-0.010118088347262147,0.258917999093788,1.3831022296321962
2023-11-17,8.47580241534553,8.744426764744459,8.369766789548247,8.673736572265625,3682100,0.0390576139471595,0.2946687689577582,2.098874746930425
2023-11-20,8.800980344824477,8.970637638056035,8.723220920632885,8.815118789672852,2839600,0.016168616473564247,0.2993978343108199,1.2511268796771764
2023-11-21,8.779773437064906,8.878740529491193,8.730290227930842,8.822187423706055,1280800,0.0008015548776153241,0.2906276342697943,-0.7761161026669543
2023-11-22,8.65959984362817,8.779773936207095,8.560632745575468,8.76563549041748,2017000,-0.006430827562823172,0.29199586152248663,0.4035524804337348
2023-11-24,8.815118484770423,9.05546664561424,8.815118484770423,9.013051986694336,1962900,0.027834728595421628,0.3051691992088643,0.29624581007074285
2023-11-27,8.977706913763155,9.055467012574411,8.935292927282616,9.020121574401855,2079900,0.0007840647732626458,0.30244973032315314,0.3906858610862677
2023-11-28,9.055466379946916,9.14029502113991,9.005982500299087,9.097880363464355,1591800,0.008583647000484721,0.3003251714552089,-0.34937287441410647
2023-11-29,9.126156612413471,9.154432826253588,8.970637099213775,8.98477554321289,2352000,-0.012509920654238255,0.30270902976321334,0.6606802692795349
2023-11-30,9.09788112999971,9.104950352567599,8.779773530184537,8.914085388183594,2260400,-0.007898885056854528,0.30437216022824376,0.48059294339605585
2023-12-01,8.878739207188076,9.104948900006757,8.878739207188076,9.055465698242188,2113600,0.015735866379710393,0.29902191270505285,0.28565372759273877
2023-12-04,8.977706227194457,8.998913218812925,8.829255937548961,8.93529224395752,2036500,-0.013359664117715662,0.28652664068639533,0.13046622895838794
2023-12-05,8.96356904264289,8.977706813258745,8.871671174086293,8.885808944702148,1327400,-0.005553352276314377,0.2856940005730343,-1.0729441033029123
2023-12-06,8.836324709958356,8.914084124709083,8.680805206298828,8.680805206298828,2771600,-0.02334121350141754,0.29135552690888605,0.9695265860516873
2023-12-07,8.772703895755114,8.850463992034875,8.702013695869494,8.744427680969238,2362900,0.007302370969975538,0.25655565212831644,0.4956387795771905
2023-12-08,8.800980174118356,8.998913679049338,8.793910951831286,8.99184513092041,2384800,0.02790140897579535,0.2537277505637669,0.5669711994327596
2023-12-11,8.98477494551229,9.083742024448098,8.89287708810577,8.949429512023926,2373300,-0.004728281436315343,0.25177426128523694,0.5591551414466318
2023-12-12,8.892876545865628,8.928221977198815,8.687873853122767,8.7302885055542,2394300,-0.02479137167571185,0.2704292355482796,0.5187348195108575
2023-12-13,8.765634155585781,8.970636869209958,8.694943959877019,8.956499099731445,1767000,0.02558100825118849,0.279261091627291,-0.7096013618526575
2023-12-14,9.04839666952522,9.267537145571307,9.027189678911293,9.15443229675293,3757800,0.02185874086104258,0.2850681682999305,1.9692780074538412
2023-12-15,9.189779099974347,9.225124539036653,9.0483980178833,9.0483980178833,2652400,-0.011650438574020833,0.28609633064963774,0.6285149019201537
2023-12-18,9.189778457981744,9.288745545610782,9.11201903680344,9.1261568069458,5885900,0.008556937353043482,0.28227344384927416,2.6982394813524397
2023-12-19,9.169967626009429,9.177520593665392,8.988682715438868,9.05666446685791,4131700,-0.007643772921160999,0.25479971669509355,1.6149389572631565
2023-12-20,9.064218025224767,9.101985744401736,8.8527198063368,8.867826461791992,2691300,-0.021071169349299427,0.26138431810186286,0.40904668646847075
2023-12-21,8.867826892887011,9.02645074485406,8.860273204612541,9.01889705657959,2530200,0.016892326530004487,0.2676539343063112,0.1533717580901782
2023-12-22,9.10198618688003,9.147306875808122,8.981130055925966,9.01889705657959,1580500,0.0,0.2663128962060958,-1.2223256227900325
2023-12-26,9.109540136332841,9.275716960979429,9.109540136332841,9.230396270751953,2678700,0.023179931445415042,0.26091497697568883,0.311134591438567
2023-12-27,9.215288561552077,9.275716626583158,9.147306808302272,9.154860496520996,1188200,-0.008217040447105606,0.26292278855810974,-1.8648961950244227
2023-12-28,9.124645714514804,9.132199402113075,9.011343281977933,9.041557312011719,2098600,-0.012453511459943294,0.2650715719918517,-0.35665443117070145
2023-12-29,9.056665235282349,9.071772612594758,8.9811305097985,9.003790855407715,1253200,-0.004185733785104439,0.26178669858364245,-1.60024309992663
2024-01-02,9.10198500265814,9.192627089080617,9.018895883168085,9.034003257751465,2493900,0.0033499030322070994,0.26035181513276895,0.1848965343916818
2024-01-03,9.06421881995805,9.358806190936068,9.06421881995805,9.305931091308594,2588800,0.02965635079316765,0.2746002296671456,0.25713145575694885
2024-01-04,9.328592060057327,9.426787129003317,9.230396270751953,9.230396270751953,2551700,-0.00814996813322132,0.2716735110520036,0.1919383065295124
2024-01-05,9.290823122440017,9.532535359654949,9.283269434937228,9.479660987854004,2479900,0.026646574350230667,0.28370193253817716,0.04200891408713768
2024-01-08,9.373911693301384,9.373911693301384,9.162413481916051,9.253055572509766,1873000,-0.024194725712709666,0.2847170921547086,-0.6829201457616756
2024-01-09,9.290823347545352,9.305930002557657,9.09443178987025,9.11709213256836,2279900,-0.014802921008683873,0.2907802769763405,-0.13452598776222258
2024-01-10,9.124645282101316,9.124645282101316,8.950914797729896,8.98868179321289,2227000,-0.014184700742355626,0.2798649303454616,-0.1902248979407697
2024-01-11,9.079324855781637,9.147305881786396,8.97357539250876,9.086877822875977,1451300,0.010865167968859626,0.281763783752961,-1.2529461508532207
2024-01-12,9.237948682614881,9.275716402436492,9.117092555473194,9.169967651367188,1097800,0.009102383245460047,0.26717313553192623,-1.7369810971993707
2024-01-16,9.177520612474815,9.177520612474815,8.875380294836871,8.890487670898438,1946100,-0.030951854462844278,0.2768085055905575,-0.3606064075211704
2024-01-17,8.814952262869907,8.860272950498192,8.716756479196164,8.822505950927734,2053500,-0.007675953056099813,0.26563028351276996,-0.16606662741954234
2024-01-18,8.837612884030353,8.890487981735161,8.79984516291531,8.852720260620117,1241000,0.0034188347872414816,0.2636817962354146,-1.30188245967487
2024-01-19,8.830058551796215,8.90559398851782,8.709202429329094,8.81495189666748,1664100,-0.00427542702263354,0.26153461739033357,-0.5305491335479517
2024-01-22,8.792292318461785,8.807398974904347,8.70920318676988,8.762078285217285,1372800,-0.006016234868275318,0.2611252626289097,-1.0554711125179312
2024-01-23,8.716755754328918,8.814951529836906,8.678988037539805,8.807397842407227,1450700,0.005158908253516694,0.2521020640841389,-0.7917760526069294
2024-01-24,8.8753797827216,8.928254155167519,8.82250541027568,8.860272407531738,1411800,0.0059854776813444335,0.245459915336941,-0.801524529532076
2024-01-25,8.91314799636386,9.064218154873213,8.898040620333255,9.05666446685791,1817400,0.021923381960829165,0.25784687418622254,0.041125675351841424
2024-01-26,9.049110600849,9.290823570068872,9.0415576333416,9.283269882202148,1629500,0.02471295085427667,0.259617052579623,-0.2661144667596832
2024-01-29,9.26060948112221,9.268163168941754,9.124645981807678,9.237948417663574,1453600,-0.004894014450243614,0.25850077397959836,-0.7437646989283502
2024-01-30,9.185073824474655,9.260609260149067,9.109539109159543,9.253055572509766,1246600,0.0016340008596083333,0.25422499595283576,-1.19520954187586
2024-01-31,9.253055345059273,9.253055345059273,9.079324855781637,9.086877822875977,1385400,-0.018122453782179932,0.26233163575631396,-0.8414803234661107
2024-02-01,9.192626756410322,9.38901829673148,9.018895556784916,9.139752388000488,2457900,0.0058019187129821756,0.26281172108970585,1.306439112842227
2024-02-02,9.071771398469359,9.071771398469359,8.882933529493858,8.905593872070312,1713600,-0.02595368981996398,0.25572781914058074,0.03022860091247419
2024-02-05,8.88293429344028,8.928254982490841,8.724310441044583,8.852720260620117,1513300,-0.005954818379260856,0.25518529470795376,-0.39309247209897047
2024-02-06,8.905593394647333,9.0037891676935,8.860271991564769,8.98868179321289,1592700,0.01524142151738314,0.24176477503401572,-0.09137959174980059
2024-02-07,8.988683298945501,9.056665054777627,8.92825523161903,9.049111366271973,1078300,0.006700353929713548,0.23030201082939264,-1.6687623498805237
2024-02-08,9.056664867222523,9.132200309996035,8.943362423421624,8.996236801147461,1438800,-0.00586020463025202,0.22561453631377285,-0.34033468845380355
2024-02-09,8.996235566672285,9.034003282876505,8.898039792685019,8.966021537780762,1136200,-0.0033643087963704235,0.22048211756228342,-1.3342618749811954
2024-02-12,8.996235480453196,9.064217224897408,8.96602145185124,8.98868179321289,1342600,0.0025241594969088316,0.21711329219154074,-0.5095254827223448
2024-02-13,8.943360961891091,8.973574989991024,8.746969419061903,8.799843788146973,1418300,-0.021232237409186533,0.22544796790456317,-0.3235655088804019
2024-02-14,8.860272213696417,8.92070099277457,8.77718381304779,8.807397842407227,912800,0.0008580622544114862,0.1993253547961891,-2.158884596554677
2024-02-15,8.792291713810876,8.981129588692353,8.74697030688122,8.935808181762695,1677300,0.014474563519379511,0.20391975601983997,0.7289285611253284
2024-02-16,8.928254406324461,8.981129500617085,8.860272656776313,8.958468437194824,1577400,0.0025326832738174726,0.2037888943124855,0.37808457851268623
2024-02-20,8.95091668135403,9.011344751274377,8.739417716273406,8.777185440063477,2216600,-0.020443487685210655,0.21596094985480185,1.8245055938672932
2024-02-21,8.830059259261356,8.996236801147461,8.799845226223825,8.996236801147461,1654100,0.024650565346250475,0.23115622618914863,0.45897945573792576
2024-02-22,8.958468991102558,9.064218465867045,8.905594613899996,9.01889705657959,2150200,0.0025156923686419246,0.23077491683017748,1.4680352003689492
2024-02-23,8.950915645750985,8.950915645750985,8.845166175445677,8.913147926330566,1159000,-0.011794567352445022,0.23425433015317687,-1.0873019797357322
2024-02-26,8.913147531786946,8.9811292796626,8.860272438795159,8.973575592041016,1152700,0.0067567316666304516,0.22218145826956429,-1.0084983309855085
2024-02-27,9.026451021114392,9.117093122104098,8.996236987451157,9.049111366271973,1294300,0.008382347947424738,0.20546069366281716,-0.4898811776924455
2024-02-28,9.049110050592448,9.169966888033006,8.85271922051501,8.87537956237793,1821900,-0.019385459279717496,0.21465571894196933,0.8427412737166704
2024-02-29,8.920702238383678,8.958469240086966,8.837613105773926,8.837613105773926,1523000,-0.004264272507798675,0.21440216847164528,0.08955287209830685
2024-03-01,8.762077327065468,8.814951699371573,8.43727596493529,8.580792427062988,5555000,-0.02949056282932136,0.22821939198086028,3.3066876451650224
2024-03-04,8.429723250134165,8.429723250134165,8.082261505541997,8.135136604309082,5418000,-0.05333373400096344,0.28519421388196925,2.6097911466637966
2024-03-05,8.067154327904564,8.165350110289692,7.961404857560734,8.006726264953613,2411300,-0.015910561161860886,0.2781742096027109,0.7820066855729613
2024-03-06,8.12002980389633,8.188011564023668,8.006727350590385,8.014280319213867,1506900,0.0009430187523331782,0.27892194206714205,-0.23422142077116007
2024-03-07,8.036939253690088,8.150241676933057,7.991617852177356,8.029385566711426,1461300,0.0018830175183467434,0.2705791496545051,-0.2912520681943457
2024-03-08,7.984065121102546,8.036940215924487,7.893423027584066,7.946298122406006,2494000,-0.010401832570013392,0.26743047984182955,0.7824127373243206
2024-03-11,7.908530535654183,7.976512287020161,7.772567032922229,7.953851222991943,1942400,0.0009500666930855147,0.2685739677960532,0.2082993287161906
2024-03-12,7.946297838122358,8.036939928398061,7.870762402712955,7.999172210693359,1241700,0.0056818207300778426,0.2714477257864901,-0.7841585365630609
2024-03-13,8.059600096456274,8.172902526759058,8.036939754467573,8.044492721557617,1298600,0.005649660673305425,0.2728147007285355,-0.6804256012852834
2024-03-14,8.082261505541997,8.150243260842979,7.984065716813842,8.135136604309082,1760300,0.011204809364725503,0.27206260849994174,-0.03520673002735358
2024-03-15,8.135135915810775,8.369294474964049,8.127582228003426,8.331526756286621,3808800,0.02385419075153243,0.288146757752676,1.5160063310429766
2024-03-18,8.361740425529941,8.399508142573998,8.127581876503507,8.157795906066895,2137200,-0.02107270051306535,0.2878476763004558,0.21733393346556984
2024-03-19,8.135136337890188,8.286206500078626,8.127582649690927,8.203117370605469,1467600,0.005540226232760667,0.28893864157114835,-0.6017642097814617
2024-03-20,8.150243374476995,8.33908126611952,8.120029340628566,8.323974609375,1606300,0.014625609063414063,0.2896269306500557,-0.36925708262933643
2024-03-21,8.32397353684908,8.346633879225818,8.218224071825475,8.233330726623535,1020500,-0.010949219874066772,0.2733362154724795,-1.2612395593681092
2024-03-22,8.301313708844193,8.301313708844193,8.059601433248762,8.165350914001465,2070400,-0.008290935030044808,0.2725432618798675,0.23259052262793137
2024-03-25,8.248438351483736,8.399508505834126,8.248438351483736,8.331526756286621,1692100,0.02014702012100246,0.2843239019541428,-0.23659170812067745
2024-03-26,8.346633482512294,8.422168193631041,8.210669993995586,8.293758392333984,1856100,-0.0045434924678925525,0.2820164528959252,-0.08833390753981613
2024-03-27,8.308866241999615,8.588346201878304,8.286205899403857,8.55813217163086,1827200,0.03137873111050077,0.3048129613754663,-0.16322897713043097
2024-03-28,8.64877395754923,8.97357531153119,8.641220270163771,8.943361282348633,4012600,0.044029538792475134,0.3382816787046572,1.4539272413148614
2024-04-01,9.079325412090645,9.162413818093649,8.913147879725308,9.147306442260742,3716300,0.022547957167367565,0.34631561209923695,1.1665308147266975
2024-04-02,9.230395788065778,9.592964172363281,9.230395788065778,9.592964172363281,4147100,0.04757047300532467,0.36158190346771674,1.5059811942643218
2024-04-03,9.668499912312004,9.74403463453576,9.55519674843732,9.736481666564941,4105800,0.01484989613815883,0.2928597020176876,1.6043361711753288
2024-04-04,9.72842805136699,9.905601626084586,9.502934899561033,9.768694877624512,4190000,0.003303045247916771,0.27991106914000496,1.4986064034730733
2024-04-05,9.647894729995192,9.881442176699665,9.583468112982185,9.784801483154297,2162600,0.0016474403222280364,0.27965115584873323,0.0006953770082818358
2024-04-08,9.825067904602237,9.929761344926563,9.664001368728592,9.69621467590332,1688500,-0.00909474301992538,0.28593609400584047,-0.5762379412252083
2024-04-09,9.74453353881836,9.905600050198474,9.688159683816037,9.74453353881836,1579600,0.004970895345910209,0.27764372915150526,-0.6717301095281402
2024-04-10,9.744534537190805,9.90560106507293,9.51098787975528,9.535147666931152,3927400,-0.021721739331157022,0.29708826072160627,1.2466689316070625
2024-04-11,9.664001013881453,9.79285423784908,9.543201308418254,9.72037410736084,2989200,0.019239380380089342,0.2990957615397271,0.5868978199622354
2024-04-12,9.728428238428029,9.825068162488803,9.422401428222656,9.422401428222656,2761000,-0.031134121357764315,0.33024271159864144,0.34388201401292323
2024-04-15,9.502935212518342,9.510988731640236,9.253281495920602,9.285494804382324,2179300,-0.01463650067568835,0.33864380767665236,-0.23145384699417557
2024-04-16,9.229120162503893,9.32576007172073,9.156640038584833,9.261333465576172,1375800,-0.002605443057152979,0.33372878705674414,-1.189203926658543
2024-04-17,9.237174465507088,9.430454300370991,9.180800604319106,9.221067428588867,1175100,-0.004357237019563678,0.3220700473174775,-1.4113287219069908
2024-04-18,9.309654179388614,9.37408078812965,9.092213798868304,9.13248062133789,1316900,-0.009653446293012215,0.3265146529083324,-1.1344621766924614
2024-04-19,9.156640297227677,9.341867371144591,9.10026720726528,9.269387245178223,1394900,0.014879918809118438,0.3266092044482192,-0.9815881372081007
2024-04-22,9.221066203500651,9.349919409624132,9.13247981629718,9.317706108093262,1177600,0.00519919611328881,0.32134483996469426,-1.3936467322769917
2024-04-23,9.301600424048658,9.486826727448424,9.285493388261337,9.44655990600586,1004300,0.01373417145722841,0.3181382410715714,-1.559437237077374
2024-04-24,9.39018786028062,9.438508204986414,9.333814764812045,9.414347648620605,984000,-0.0034157729273284992,0.31627933299194316,-1.467268161983567
2024-04-25,9.422400229830904,9.438507265805375,9.325760318061317,9.374080657958984,1126900,-0.004286367295494707,0.3161744278929868,-1.1189711368561583
2024-04-26,9.382134146216812,9.551254197128376,9.382134146216812,9.543201446533203,1333900,0.017880506666034617,0.30571621780428243,-0.7609496132792476
2024-04-29,9.58346823146253,9.720374986314212,9.55930844179043,9.712322235107422,1479100,0.017566402271664696,0.2756150383484562,-0.4990833691430509
2024-04-30,9.655948034524728,9.655948034524728,9.349921226501465,9.349921226501465,1644600,-0.03802749454262701,0.3026096264668242,-0.22819065307440614
2024-05-01,9.398239929710497,9.494879836192846,9.196906599199176,9.253279685974121,2000900,-0.01038986896358732,0.2528393262314532,0.25773382956157964
2024-05-02,9.382134992730553,9.43045534079039,9.261335274619777,9.293548583984375,1692100,0.004342409462330279,0.24671025605226996,-0.017554435240639505
2024-05-03,9.325761893348973,9.357975202713574,9.253281755272157,9.293548583984375,1441800,0.0,0.24604347537841798,-0.3215249063029833
2024-05-06,9.349921226501465,9.470721706735453,9.333814956619102,9.349921226501465,1113500,0.006047459501257158,0.24741798130376744,-0.9404916187011726
2024-05-07,9.34992044013073,9.4868271787326,9.325760653326213,9.39018726348877,1361700,0.004297317592868933,0.24704075347674354,-0.3604024982434952
2024-05-08,9.2613338589644,9.462667203724497,9.164693945642647,9.45461368560791,1590700,0.00683760717908308,0.2477430626600055,0.06344020369985887
2024-05-09,9.462667465209961,9.607627723211214,9.406294372887597,9.462667465209961,1656300,0.0008514733194932606,0.23654402058241536,0.35032680212938483
2024-05-10,9.59152026743412,9.59152026743412,9.366027139971749,9.374080657958984,1378400,-0.00940581248651764,0.22726467370624923,-0.16610170757723514
2024-05-13,9.462667391928086,9.47072091020485,9.34992044013073,9.39018726348877,1232400,0.0017167319879414255,0.2006371805732193,-0.5610619567588465
2024-05-14,9.35797380824018,9.744534231038152,9.349920290092651,9.736480712890625,2381000,0.036214493364805256,0.22964814889917465,2.4888973105923538
2024-05-15,9.720373169283828,9.728426687011039,9.438506961062954,9.680107116699219,2205000,-0.005806762247701237,0.23076749127296345,1.8409757048220445
2024-05-16,9.680107192862106,9.73648028134468,9.61567981856323,9.688159942626953,1154800,0.0008315484670976664,0.22963363782941504,-0.8623780129495651
2024-05-17,9.68816122510947,9.825067973569544,9.68010847427863,9.768694877624512,1543800,0.008278356977080832,0.226196146888321,0.31846041218487453
2024-05-20,9.889494463954142,9.937814808460427,9.792854542967389,9.905601501464844,1730400,0.013917532914042267,0.2255941406824529,0.7413925532328937
2024-05-21,9.841174628112672,10.050560734052754,9.833121109569568,9.897547721862793,1429000,-0.0008133837659104011,0.2258710333012421,-0.08595081091927499
2024-05-22,9.817013801735222,9.825067320056213,9.510987785795342,9.567360877990723,2265600,-0.03392962448594725,0.2554139135709544,1.667837975845876
2024-05-23,9.63984074334583,9.68816031589952,9.510987525834983,9.559307098388672,1873500,-0.0008421519198208729,0.25505876950605183,0.8100280196754814
2024-05-24,9.623734831824896,9.704268486193644,9.58346800464052,9.59957504272461,1563800,0.004203585922636762,0.25465112864527084,-0.07295938473962424
2024-05-28,9.74453494024137,10.018347664953447,9.72842790277405,10.010294914245605,2905800,0.04189522374457997,0.28618775920551215,2.323720500436299
2024-05-29,9.945868327215779,9.986134384940893,9.865334675713909,9.905601501464844,2059100,-0.010513649495538109,0.2838048322371517,0.8365631589499624
2024-05-30,9.800907544702476,10.026400681776286,9.800907544702476,9.889493942260742,1915000,-0.0016274296635752036,0.2463780053184711,0.5105510704638409
2024-05-31,9.945868327215779,9.994187903696245,9.88144171322461,9.905601501464844,2352200,0.0016274296635750945,0.24182556532060773,1.2649383636445057
2024-06-03,9.978080956864634,9.978080956864634,9.704267481976666,9.808960914611816,2049900,-0.0098040584315024,0.24594607885430286,0.685546441831245
2024-06-04,9.74453396915075,9.74453396915075,9.543200629028012,9.728426933288574,2223800,-0.008244135611086618,0.2486745753335883,0.9096394688446992
2024-06-05,9.736481598714212,9.784801175943965,9.647894427083278,9.66400146484375,1764800,-0.006644418547782497,0.2500687198420021,-0.05757582186777725
2024-06-06,9.655946639490379,9.73648028134468,9.599573551007808,9.688159942626953,1268900,0.002496722699248222,0.24989931835385468,-1.3832689478915638
2024-06-07,9.647894166578919,9.776748161105992,9.623734378616383,9.6559476852417,1340200,-0.0033304495383824333,0.24963869629295835,-1.0979555933537166
2024-06-10,9.905601361466744,9.905601361466744,9.720374272840626,9.760641098022461,1669600,0.010784018609857275,0.2519232402932484,-0.23038016454298896
2024-06-11,9.760640879283272,9.760640879283272,9.607627868652344,9.607627868652344,1917100,-0.01580073191881928,0.256339119259092,0.2606996865959727
2024-06-12,9.76869378826274,9.76869378826274,9.486826803918486,9.51904010772705,2562900,-0.009263337922307395,0.25885463032763645,1.3197246252105237
2024-06-13,9.567360370333557,9.615679941644043,9.341867245491223,9.44655990600586,2815100,-0.007643370579667861,0.22534468091534807,1.6014032126085807
2024-06-14,9.382133407920472,9.43045374781814,9.317706800074081,9.374080657958984,1673800,-0.007702140222823276,0.22590248226147877,-0.4018956050643957
2024-06-17,9.64789332296131,9.808960610029882,9.470720536027075,9.51904010772705,3117800,0.015345510802491141,0.2332883130633682,1.8809638606283838
2024-06-18,9.61568128237472,9.77674859060287,9.599575012367412,9.704268455505371,2309200,0.019271820976966197,0.241659739214159,0.6198481301840978
2024-06-20,9.833120966629155,9.889494059559802,9.712321262341828,9.75258731842041,3134600,0.004966780121880659,0.23696101771625522,1.622710064063761
2024-06-21,9.808961732584674,9.808961732584674,9.66400146484375,9.66400146484375,2850100,-0.009124823028443212,0.23873537049579918,1.1556138189902811
2024-06-24,9.792853964645262,10.203574180603027,9.73648087273859,10.203574180603027,6602200,0.0543302760042469,0.2784543669901512,3.0146864882811957
2024-06-25,9.971479370047206,9.971479370047206,9.524481640177424,9.601846694946289,6780700,-0.06078262474296655,0.35574434326751986,2.43589769075211
2024-06-26,9.63623107264487,9.662019150971748,9.481500963107141,9.601846694946289,2962100,0.0,0.35544787198521594,0.4675020083525349
2024-06-27,9.610443828568357,9.627635609015893,9.464310005716944,9.59325122833252,2408400,-0.0008955898243027573,0.32117155911119477,0.0033649928474087576
2024-06-28,9.670615558868937,9.713596236421557,9.558866125147418,9.619038581848145,1948100,0.002684465959703884,0.32002914654019804,-0.48864010125022816
2024-07-01,9.67921213015282,9.730788288833757,9.524482014533483,9.541674613952637,2274700,-0.008075314057223714,0.32086578389523424,-0.14483567872538528
2024-07-02,9.558866741385952,9.653423582266992,9.498694280806044,9.576059341430664,2041800,0.003597159018446789,0.32119592035720285,-0.38290853977235506
2024-07-03,9.61044392819187,9.713597071311293,9.593251327777812,9.687808990478516,1390500,0.011602124834409137,0.32287144421906216,-1.200856667899656
2024-07-05,9.679212208664085,9.730788367763374,9.584654550668276,9.653423309326172,1820300,-0.0035556904386776335,0.32187829182071365,-0.5623895329834799
2024-07-08,9.644827829335137,9.679212208664085,9.601847150226883,9.653423309326172,1046900,0.0,0.32106788608975917,-1.64239025079279
2024-07-09,9.644827980794698,9.662019760835012,9.550270321313983,9.567462921142578,1197200,-0.008944536714415677,0.3223670665269308,-1.3425726799431843
2024-07-10,9.627635501988216,9.69640426259048,9.5072905808284,9.576059341430664,1572100,0.0008981023186841387,0.3222480652833457,-0.8004206286588289
2024-07-11,9.576059792821825,9.687809239015163,9.533079110472336,9.627635955810547,1688800,0.005371543090557838,0.32042240111559794,-0.6496239496059865
2024-07-12,9.68780815780528,9.68780815780528,9.550269825679246,9.619038581848145,1427300,-0.0008933880517808224,0.3156690041826737,-0.957982107793279
2024-07-15,9.619038473901465,9.704999828042032,9.54167423892083,9.601846694946289,1276000,-0.0017888761354010994,0.3139456569080228,-1.0890168762365113
2024-07-16,9.601848178096192,9.601848178096192,9.455714345357599,9.464310646057129,2433900,-0.014427493923178507,0.3170037691019784,0.23380582770984545
2024-07-17,9.464309221858219,9.53307797752936,9.37834786737518,9.4213285446167,1648000,-0.004551837003705716,0.3162150074011869,-0.5580926780209243
2024-07-18,9.4213296407998,9.464310323042175,9.326772795697238,9.343964576721191,1753100,-0.00824547804424142,0.31255380013791567,-0.3806203111561267
2024-07-19,9.35256042268384,9.412732883026372,9.27519536236442,9.292387962341309,1178500,-0.005535068726677336,0.30409603158675724,-1.0960738973165831
2024-07-22,9.292387962341309,9.378348502860884,9.180638521856402,9.292387962341309,2150500,0.0,0.3031340861297937,0.14043284192160838
2024-07-23,9.266598499186374,9.275194798652366,9.08608030934172,9.14625358581543,2124000,-0.015851215064199876,0.30592441793546027,0.14555902447601127
2024-07-24,9.180638572723723,9.2580036334718,9.09467721193957,9.111869812011719,1474900,-0.003766412757924227,0.2251935564607197,-0.5515638950613995
2024-07-25,9.103274200369315,9.197831048551677,9.034505434456985,9.180639266967773,1541600,0.007518900621279332,0.10653248729129672,-0.3954469524955341
2024-07-26,9.197831153869629,9.249408138788626,9.129062387169878,9.197831153869629,1357300,0.001870872985915167,0.10720019841274685,-0.803134051735349
2024-07-29,9.197829878988427,9.215022478174538,8.965735528493697,9.068888664245605,2471100,-0.014117984247691819,0.11491821714143573,1.609649582908998
2024-07-30,9.034504421499037,9.060292500877686,8.905562385029269,8.991523742675781,1818000,-0.008567400682092758,0.11491438411420916,0.39057798091640333
2024-07-31,9.103272656494752,9.26659824289015,9.094676357266517,9.215022087097168,1582200,0.02455266079383003,0.14826323082656556,-0.10732059949694488
2024-08-01,9.197830638843906,9.266599401693002,8.888371206022974,8.95713996887207,1768700,-0.02838401185337993,0.1732617894230857,0.4032096631669499
2024-08-02,8.853986818626554,8.88837120002791,8.553122866523449,8.587507247924805,3777900,-0.04214247457221353,0.21132625364739469,2.7426841744975596
2024-08-05,8.123317304892664,8.389796862990364,8.037356765349225,8.355412483215332,3742800,-0.02739897110328989,0.22398169528076967,2.2325124233918734
2024-08-06,8.39839320273723,8.707852622181104,8.389796902805609,8.639083862304688,2534700,0.03338701228490546,0.26330502338887407,1.000802370098121
2024-08-07,8.811005255773857,8.845389633736566,8.630487066522571,8.690659523010254,1548400,0.005952288136612217,0.2657428929891601,-0.5568901995306157
2024-08-08,8.759428478772998,8.896966813549868,8.699256020912541,8.888370513916016,1371400,0.0224949075776507,0.2814181477687497,-0.9059037018051982
2024-08-09,8.939946883889922,9.025908242687974,8.862582644717603,9.000120162963867,1248200,0.01249419023481852,0.28531746797858104,-1.1174409922173563
2024-08-12,9.06029223073198,9.17204166442517,9.051695931265987,9.14625358581543,1948600,0.01610642258158053,0.29302934542628034,0.18198041100291643
2024-08-13,9.137658033098994,9.137658033098994,8.957139828501994,9.034504890441895,1821500,-0.01229322779207712,0.2950059730348702,-0.07807073311130129
2024-08-14,8.819602993267772,9.068889979091285,8.716449842560287,8.733641624450684,2584800,-0.03386870149150938,0.31178755857744467,1.0079696171407773
2024-08-15,8.785217377674554,8.931351192297022,8.776621078040701,8.888370513916016,1288800,0.017561316467187567,0.3204292341589833,-1.0995509428947818
2024-08-16,8.89696704118664,8.93994690087907,8.81100568222523,8.914158821105957,1132200,0.0028971529542200706,0.32035627635624875,-1.3597343621188314
2024-08-19,8.91415821761061,8.948542594909668,8.853985762284308,8.948542594909668,1539600,0.0038497890626265742,0.32079016839462393,-0.5265371026267267
2024-08-20,8.92275529252374,8.939947072773617,8.707852710776411,8.742237091064453,1847500,-0.023324563478270645,0.3292102903488128,0.0409008189544202
2024-08-21,8.836793688290703,8.853986287854891,8.70785247071236,8.725044250488281,1401800,-0.0019685772264457333,0.3258272828916005,-0.7244640923487642
2024-08-22,8.759428660039662,8.776621259663147,8.630487442016602,8.630487442016602,1413300,-0.010896553991487225,0.32718012855099177,-0.6912294089022137
2024-08-23,8.742236607227879,8.819601663541299,8.690659629756185,8.78521728515625,1686600,0.017769469214511877,0.33304295475863044,-0.17909222200095176
2024-08-26,8.871177541039728,8.991523271480549,8.819601384985248,8.948542594909668,1844000,0.01842022548169192,0.34038029918221346,0.04450330070252698
2024-08-27,8.922755874483904,8.922755874483904,8.793813825152672,8.802410125732422,955000,-0.016465118558960226,0.3415882218350896,-1.7122269239585077
2024-08-28,8.750833652690718,8.768025433454543,8.64768050874282,8.673468589782715,1225800,-0.014756783098323662,0.34388512807758154,-0.9228754697273405
2024-08-29,8.639084122974346,8.69925658473474,8.544526460449946,8.57031536102295,1918200,-0.011964248627228162,0.3317931185267857,0.3046259386986341
2024-08-30,8.553123516744414,8.5789115998088,8.338220911701649,8.458566665649414,2466500,-0.013124795785052648,0.32139436727574716,0.9407561334363849
2024-09-03,8.406989195057955,8.406989195057955,8.131914138793945,8.131914138793945,2456700,-0.039383397126176986,0.3172462682497911,1.089740260804389
2024-09-04,8.131913712790807,8.192086173249246,7.925607431400479,7.951395511627197,2180700,-0.02244888795848013,0.31280223341231644,0.9378194996862239
2024-09-05,8.037357125497751,8.054548906261479,7.925607681274414,7.925607681274414,1645000,-0.003248453466504859,0.28451520372313527,0.023361110127289596
2024-09-06,8.02016367532344,8.054548052996676,7.856838086322625,7.899817943572998,2641700,-0.0032592817587298525,0.28219249773239813,1.5782596289982767
2024-09-09,7.908414883124208,7.92560748324668,7.762281061236371,7.770877361297607,1622000,-0.01645663957320577,0.2670190146951162,-0.1449564826058127
2024-09-10,7.762281114429408,7.762281114429408,7.452821688198905,7.590359210968018,4049300,-0.02350415735597112,0.26402917108993956,2.452134377452156
2024-09-11,7.6505314040540995,7.770877142152678,7.581762645080133,7.702108383178711,1964800,0.014615190215200975,0.262350853777108,0.2820193878474472
2024-09-12,7.736492248614261,7.89981783537819,7.6677234942096355,7.882626056671143,1873400,0.023166996898985576,0.2832746356403667,0.1351367131459739
2024-09-13,8.011568598576616,8.037357500608271,7.856839285328448,7.874031066894531,1902400,-0.001090966257841809,0.2655677584465069,0.2320910715893007
2024-09-16,7.951394679135975,8.0201634323995,7.908414003399221,7.959990978240967,1045400,0.010857728451577453,0.2593556670371541,-1.5266126889599498
2024-09-17,7.985779762268066,8.020164141941809,7.94279908272882,7.985779762268066,947500,0.003234563813960964,0.2594918651578471,-1.7246444200742905
2024-09-18,7.9170117504922715,7.994376817010532,7.865434766217312,7.874031066894531,1662600,-0.014092292265538238,0.25901836058857647,-0.12862068439426733
2024-09-19,8.020164791728375,8.054549174187908,7.796665895847235,7.856839179992676,2180400,-0.002185752406138704,0.25154057269885177,0.6196648524278323
2024-09-20,7.856838582775976,7.856838582775976,7.745089143329743,7.848242282867432,1710400,-0.0010947918995821426,0.25169513309784797,-0.09726273345747319
2024-09-23,7.8740296267674585,8.04595150992627,7.856837848345679,7.959990978240967,1149600,0.01413827275729814,0.25918839272718536,-1.1766234016899293
2024-09-24,8.080336830757265,8.114721211406891,7.985779988917862,8.011568069458008,955800,0.006458639429444175,0.25010251365372993,-1.5163504838836956
2024-09-25,7.874030828916876,7.8826271293342876,7.512994409268868,7.521590709686279,5026000,-0.06310885976257449,0.3089521005080789,2.3014987089655183
2024-09-26,7.504398228311604,7.667724659689055,7.4356294634542595,7.530187129974365,2592500,0.001142246625524979,0.30908950380064026,0.7495817078908994
2024-09-27,7.573166808796705,7.788069375428086,7.573166808796705,7.753684997558594,1915800,0.029248321153486984,0.33264519842352774,-0.00046648505496672214
2024-09-30,7.78806902717754,7.78806902717754,7.633338923789608,7.676319599151611,1544300,-0.010028000477659768,0.3322265870202406,-0.4855258205245991
2024-10-01,7.641935551725001,7.8654335976079155,7.616146653524939,7.762280464172363,2131900,0.011135951834506176,0.3355899233023782,0.29527381755438586
2024-10-02,7.831049110708578,7.97718291932034,7.702107900657362,7.745088577270508,2250400,-0.002217254764385464,0.3100673120765825,0.436528708480714
2024-10-03,7.745089768410457,7.7536860690127805,7.650532101361593,7.7278971672058105,2244400,-0.002222120206481644,0.30131651065430665,0.4262696483291355
2024-10-04,7.917010587491621,7.968587564189976,7.745088698144163,7.753684997558594,3145600,0.00333142361402046,0.3016581798030653,1.1238497905618319
2024-10-07,7.805261862379646,7.925607605731937,7.770877481391607,7.779473781585693,2148200,0.003320484659758248,0.30191044166013437,0.26586776095103254
2024-10-08,7.736493078876455,7.736493078876455,7.349668588890293,7.452821731567383,4110700,-0.042895981977838046,0.3316864853391828,1.57683408494781
2024-10-09,7.45282102582047,7.504397182380844,7.358264192267633,7.427032947540283,2206400,-0.003466271735087405,0.3224445072129521,0.29214728250286914
2024-10-10,7.530186643857884,7.624743484485465,7.470013363650979,7.573167324066162,1873000,0.019484939845295857,0.3258461156344759,-0.08626285422418437
2024-10-11,7.57316709091542,7.607551470065813,7.504397512826371,7.512993812561035,1839900,-0.007977354884512278,0.31464590471771503,-0.1259832425174085
2024-10-14,7.470013618469238,7.47860991876179,7.3754567746161195,7.470013618469238,1828100,-0.005737207591018462,0.31483496898428104,-0.13654837727668664
2024-10-15,7.349668067465935,7.349668067465935,7.160553576080569,7.169149875640869,3382000,-0.04110974150561662,0.33767535813319755,1.1950757655471742
2024-10-16,7.177746672761649,7.237919134278402,7.0574009299398375,7.083189010620117,2457100,-0.012062849202232922,0.33714238845384675,0.35683430980403125
2024-10-17,7.083188670325461,7.091784970068667,6.9886318325149865,7.005823612213135,2432600,-0.010982483740367864,0.33633948574160627,0.2857888421579271
2024-10-18,7.048804510089653,7.091785190352477,6.988632049594672,7.074592590332031,3150100,0.009768109682791093,0.3403768761913566,0.9037449016732938
2024-10-21,7.0917852328903495,7.1605539938080405,6.8854789501372755,6.9370551109313965,2865200,-0.01963250860366726,0.3437421308522515,0.5962222151292752
2024-10-22,6.962843766349247,7.040208004820813,6.937054867070458,6.997228145599365,1809600,0.008636742572534517,0.34021610385437207,-0.7060747666891768
2024-10-23,6.988632115113544,7.005823895506874,6.8081139121479435,6.885478973388672,3111000,-0.016099394006656394,0.33866241649896756,0.7876580689206287
2024-10-24,6.919863460737437,6.945651541619492,6.859690588855718,6.902670860290527,2206800,0.002493720480037553,0.271901310780586,-0.28228875106952206
2024-10-25,6.937054995203366,7.005823754973816,6.919863215154894,6.962843894958496,1794400,0.00867957857914148,0.2749648856333955,-1.018726204697406
2024-10-28,6.808113784312171,6.954247603958864,6.730748724524124,6.919863224029541,2188300,-0.0061919923666876485,0.2474368487521798,-0.2682024566848937
2024-10-29,6.919863417586994,6.928459717756844,6.799517674573998,6.8510942459106445,2479600,-0.009987620675599284,0.2474274083510762,0.15049829711092091
2024-10-30,6.876882781764208,6.902670862655097,6.704960876177765,6.71355676651001,2837900,-0.02027950337403536,0.24486725906298684,0.6684505533528983
2024-10-31,6.747940628582871,6.747940628582871,6.550230247419056,6.618999004364014,3138900,-0.014184729355090025,0.24548491743948447,1.0066078842928632
2024-11-01,6.704960443735583,6.756537012085041,6.524442249565417,6.533038139343262,2475000,-0.013072056921858938,0.24543317732763414,-0.004032098178738032
2024-11-04,6.653384073151405,6.679172564628484,6.533038736011425,6.541635036468506,1980600,0.0013150460051370753,0.24435739991294061,-0.8514750824737005
2024-11-05,6.550230458069776,6.558826757911409,6.4642695091241364,6.498653888702393,2614200,-0.006592078390272397,0.2409113162309143,0.2816859758547563
2024-11-06,6.490057643305779,6.558826398695945,6.395500399697242,6.50724983215332,2899100,0.0013218527350438661,0.20796089582805527,0.8962377459570602
2024-11-07,6.576019287109375,6.593211477785845,6.53303860547112,6.576019287109375,2263500,0.010512676560249791,0.21598039348769116,-0.29955276973841416
2024-11-08,6.593211312409197,6.593211312409197,6.300943668345954,6.326732158660889,3409000,-0.038645734506314124,0.22397566358498738,1.500661467479624
2024-11-11,6.3181356468572325,6.455673574104123,6.2493668881808535,6.44707727432251,2542400,0.01884303614884156,0.24329625223065535,0.050099239326038165
2024-11-12,6.43848110375576,6.507250273706412,6.369712343699251,6.412693023681641,2122400,-0.005347581143906403,0.2433312465317971,-0.9262395513660961
2024-11-13,6.395500919641853,6.395500919641853,6.197790526874508,6.326732158660889,5868400,-0.013495455004935179,0.2116850066534868,3.1389804951229774
2024-11-14,6.42988520844301,6.75653722833872,6.421288908495898,6.644787788391113,7238500,0.04904889992559502,0.2832248395502617,2.8465333181224035
2024-11-15,6.722152627801441,6.851093843624749,6.627595380956104,6.8081135749816895,4181900,0.024282317585101895,0.2967886315404911,1.1276114367592436
2024-11-18,6.842498598773877,7.031613110288997,6.842498598773877,7.014420509338379,5212700,0.02985302906924817,0.3139400065452656,1.5757708269816728
2024-11-19,6.962843903888265,6.988631983888187,6.868286244241416,6.919863224029541,2494700,-0.013572098657205697,0.3099401037392277,-0.3621085480024056
2024-11-20,6.937055231008898,7.005823993116948,6.894075369532599,6.945651531219482,1832800,0.0037197806761182354,0.30865545289858687,-1.1819156958503338
2024-11-21,6.962843625942498,7.083188540997007,6.962843625942498,7.040207862854004,2454300,0.013521910910938156,0.30666385926153894,-0.376873442371659
2024-11-22,7.014420111550286,7.229322692515862,7.005823811562474,7.160553932189941,2566100,0.016949647103399367,0.3115659469963071,-0.2806892019096285
2024-11-25,7.134765794384622,7.1605538743514705,6.902670615318141,6.962843894958496,2904500,-0.02799934632376815,0.32681686332873866,-0.011668183377054114
2024-11-26,6.945651619931715,6.954247920252094,6.80811409395894,6.8596906661987305,1844100,-0.014925648157033514,0.3302837674989209,-1.2239877178609182
2024-11-27,6.85969023474567,6.971439262622805,6.842498045080408,6.911266803741455,1414500,0.007490601697477693,0.3294500647216713,-1.7273225377974175
2024-11-29,6.894075379855383,6.954247841842947,6.868286479185017,6.902670860290527,1157900,-0.0012445321195855778,0.3208704810005533,-1.9085721996709082
2024-12-02,6.885478686612485,6.919863065755353,6.696364191432579,6.816709518432617,2630600,-0.012531537784562374,0.3199134419161046,-0.039045911383359354
2024-12-03,6.833902055465096,6.902670817247292,6.799517674573998,6.8510942459106445,1502100,0.00503150332141699,0.3157126430929498,-1.2050821222558024
2024-12-04,6.833901958637656,6.928459619589646,6.765133197829823,6.790921688079834,1713900,-0.008821709101249292,0.3180406131101093,-0.8925615055742451
2024-12-05,6.825306207750208,6.980035922725002,6.816709907526752,6.902670860290527,1803900,0.016321743564394846,0.3203366013893023,-0.7339050205755788
2024-12-06,6.88547907137712,6.88547907137712,6.661980184565097,6.756537437438965,2430300,-0.021397872475962205,0.3312058618414687,-0.08436406770293686
2024-12-09,6.859690315018955,7.15195754274857,6.859690315018955,7.057400703430176,3721300,0.04356626596223492,0.36065664217576693,0.7595270800214081
2024-12-10,7.091785395891785,7.246515521407139,7.074592795373051,7.186342239379883,2245000,0.018105502015872754,0.3296088560967194,-0.2590326606595673
2024-12-11,7.186342239379883,7.220726620629038,7.083189095632418,7.186342239379883,1678400,0.0,0.32685760561690164,-0.8161292645192162
2024-12-12,7.1003813657794,7.160553825218595,7.023016306621422,7.143362045288086,1720400,-0.005998773195280219,0.32712927948183596,-0.7356585071065108
2024-12-13,7.1175728039846575,7.17774608032312,7.005823370542642,7.0659966468811035,1429200,-0.010889465820887538,0.3253788006293574,-1.0396830435410702
2024-12-16,7.023016382171274,7.023016382171274,6.799517502152448,6.833901882171631,2800100,-0.03339827810996049,0.31059289006721313,0.6312255407313192
2024-12-17,6.790921567687402,6.80811375758457,6.6877684283043966,6.782325267791748,2471100,-0.007575793277847402,0.3003757975151626,0.39811447549589285
2024-12-18,6.773729561063367,6.833902022384438,6.550230676458962,6.567422866821289,2049900,-0.03219850517662448,0.2991096871826986,-0.006849357415734452
2024-12-19,6.618999262711359,6.6963643222411475,6.5416346130757095,6.550230503082275,1561700,-0.0026212574914512418,0.29669104181206846,-0.8657624631307544
2024-12-20,6.490058215137891,6.644787928398837,6.447077534284998,6.567422866821289,2133100,0.002621257491451355,0.29641983118668686,0.1822471899913174
2024-12-23,6.515845903618824,6.533038092946547,6.369712089386117,6.481461524963379,2661200,-0.013175468920888571,0.29244939184910684,0.9209910375938357
2024-12-24,6.490058422088623,6.515846503507352,6.386904866731215,6.490058422088623,883800,0.001325503629341105,0.28325266397156607,-2.3012340765480723
2024-12-26,6.498654312596812,6.567423076238974,6.44707773986519,6.490058422088623,1400500,0.0,0.2705311237989799,-0.8598130592926624
2024-12-27,6.4814621216862705,6.576019376641326,6.429885548954649,6.490058422088623,2105700,0.0,0.26740583737499307,0.34523676627849154
2024-12-30,6.4986539773207515,6.6619799874917165,6.490058087256039,6.601807117462158,2143500,0.017071884692395435,0.2739579256883266,0.3447258865432923
