Date,Open,High,Low,Close,Volume,log_return,vol_21d,vol_zscore
2015-01-02,7.344493655939802,7.710955260825654,7.344493655939802,7.58880090713501,2000,,,
2015-01-05,7.634608100477049,7.634608100477049,7.344492905287765,7.565896511077881,3000,-0.003022747715093996,,
2015-01-06,7.565896511077882,7.565896511077882,7.565896511077882,7.565896511077881,0,0.0,,
2015-01-07,7.863645372351094,8.008702585298892,7.7033185958862305,7.7033185958862305,3400,0.018000374528266444,,
2015-01-08,7.8254738229972745,7.8254738229972745,7.512454986572266,7.512454986572266,2600,-0.025088914451022962,,
2015-01-09,7.756761081028111,7.764395863248287,7.481915473937988,7.481915473937988,1800,-0.0040734694322241026,,
2015-01-12,7.481915473937988,7.481915473937988,7.481915473937988,7.481915473937988,0,0.0,,
2015-01-13,7.481915473937988,7.481915473937988,7.481915473937988,7.481915473937988,0,0.0,,
2015-01-14,7.443742778458851,7.817838394633961,7.443742778458851,7.520089149475098,8600,0.005089154267743014,,
2015-01-15,7.581165955050913,7.581165955050913,7.497184801314451,7.520089149475098,900,0.0,,
2015-01-16,7.665147304534912,7.665147304534912,7.665147304534912,7.665147304534912,200,0.019105737077022227,,
2015-01-20,7.665147304534912,7.665147304534912,7.665147304534912,7.665147304534912,0,0.0,,
2015-01-21,7.680416107177734,7.680416107177734,7.680416107177734,7.680416107177734,600,0.001989996362073057,,
2015-01-22,8.191932828069376,8.191932828069376,7.527722117260469,7.710953235626221,21700,0.003968089886932143,,
2015-01-23,7.8636486269876515,7.8636486269876515,7.5200913146823956,7.634610176086426,12600,-0.009949936320822216,,
2015-01-26,7.710956864428091,7.710956864428091,7.634610468505757,7.695687294006348,400,0.007968200382134914,,
2015-01-27,7.817839162985511,7.817839162985511,7.7185891621471,7.726223945617676,2000,0.003960169533536365,,
2015-01-28,7.863647330731599,7.863647330731599,7.5735321044921875,7.5735321044921875,1000,-0.01996069876358031,,
2015-01-29,7.802568845781711,7.802568845781711,7.558260917663574,7.558260917663574,400,-0.002018424649460839,,
2015-01-30,7.489552935533903,7.558263815817964,7.489552935533903,7.50482177734375,600,-0.007095408768622402,,
2015-02-02,7.53535828567206,7.542993068695068,7.53535828567206,7.542993068695068,300,0.005073344351390387,,
2015-02-03,7.489551313653861,7.787300581352647,7.481916530355684,7.6193389892578125,3100,0.010070557153799387,0.1644848547015727,
2015-02-04,7.939992962751806,7.939992962751806,7.504820488551797,7.665147304534912,2000,0.005994110832619431,0.16522897637110828,
2015-02-05,7.733855724334717,7.733855724334717,7.733855724334717,7.733855724334717,100,0.00892380833135045,0.16768024142755186,
2015-02-06,7.710953235626221,7.710953235626221,7.710953235626221,7.710953235626221,200,-0.0029657220823449764,0.15631246225399517,
2015-02-09,7.71095387318824,7.978164699073373,7.649877071380615,7.649877071380615,2400,-0.007952237592135048,0.13077729154480564,
2015-02-10,7.642244389633421,7.642244389633421,7.0696486692369875,7.420840740203857,14800,-0.030397220543158642,0.16938938116464966,
2015-02-11,7.466645401035459,7.497183799743652,7.4437417840275275,7.497183799743652,2300,0.010235098593861371,0.17335085668612632,
2015-02-12,7.481915473937988,7.481915473937988,7.481915473937988,7.481915473937988,300,-0.002038618052338327,0.17350901484605846,
2015-02-13,7.634608135815561,7.634608135815561,7.550627708435059,7.550627708435059,700,0.009141861387926931,0.17556257493166316,
2015-02-17,7.550627708435059,7.550627708435059,7.550627708435059,7.550627708435059,0,0.0,0.17556257493166316,
2015-02-18,7.367394470554218,7.405567646026611,7.329222023174587,7.405567646026611,1500,-0.01939859808613979,0.17395978398824308,
2015-02-19,7.420838672362405,7.481915473937988,7.375030707134265,7.481915473937988,4200,0.010256736698212813,0.17874128720244709,
2015-02-20,7.60407020249473,7.60407020249473,7.474281797914652,7.512454986572266,800,0.004073469432224083,0.17934745934408058,
2015-02-23,7.37503119016282,7.520089149475098,7.37503119016282,7.520089149475098,2800,0.0010156848355189103,0.17859603855412687,
2015-02-24,7.382668098523027,7.7873022339895215,7.344494902023962,7.634610176086426,900,0.015113887005205391,0.1841310927329797,
2015-02-25,7.741492062766559,7.741492062766559,7.5582609342525755,7.596434116363525,300,-0.005012937909632392,0.18253707483028334,
2015-02-26,7.726222481727377,7.756760881730534,7.466645717654107,7.558260917663574,3200,-0.005037815587737517,0.18235464963263337,
2015-02-27,7.649879748117634,7.672783374786377,7.649879748117634,7.672783374786377,800,0.015038314273845436,0.1768350827754744,
2015-03-02,7.527724094336207,7.61933931353441,7.527724094336207,7.58880090713501,900,-0.01100584497934919,0.18121117048806418,
2015-03-03,7.58880090713501,7.58880090713501,7.58880090713501,7.58880090713501,0,0.0,0.17927242451148442,
2015-03-04,7.649877071380615,7.649877071380615,7.649877071380615,7.649877071380615,100,0.008015982931560799,0.180497724468369,
2015-03-05,7.794935586000356,7.794935586000356,7.581166744232178,7.581166744232178,1600,-0.009022466758387016,0.18008592267330362,
2015-03-06,7.649876862556012,7.649876862556012,7.481915298123565,7.596434116363525,1000,0.002011830120067495,0.17887345016870068,
2015-03-09,7.588799317666731,7.6346072817179085,7.558260917663574,7.558260917663574,900,-0.005037815587737517,0.1761938681153557,
2015-03-10,7.542991761852371,7.558260597160039,7.497183799743652,7.497183799743652,2800,-0.008113669723240327,0.1777783949291639,
2015-03-11,7.527724122140926,7.634608908980144,7.527724122140926,7.535358905792236,11000,0.005079006108422033,0.17740107490399037,
2015-03-12,7.520089149475098,7.520089149475098,7.520089149475098,7.520089149475098,200,-0.002028469893017336,0.14110738831154646,
2015-03-13,7.596433974205624,7.6040687561035165,7.588799192307731,7.604068756103516,700,0.01110547380716124,0.14188375723048902,
2015-03-16,7.634608412152274,7.634608412152274,7.626973628997803,7.626973628997803,2900,0.0030076589089094692,0.14174489075154761,
2015-03-17,7.481915158108741,7.611703538001408,7.4513767586100474,7.604068756103516,11300,-0.0030076589089095287,0.13908255770530645,
2015-03-18,7.6040687561035165,7.6040687561035165,7.6040687561035165,7.604068756103516,0,0.0,0.13908255770530645,
2015-03-19,7.604068559268758,7.634606957976952,7.481914964435984,7.497183799743652,4300,-0.014156010022566091,0.1306391735713183,
2015-03-20,7.481915281702128,7.558260917663574,7.466645717654107,7.558260917663574,3000,0.00811366972324031,0.12883869065463377,
2015-03-23,7.596435727378891,7.634608917585427,7.5735321044921875,7.5735321044921875,2500,0.002018424649460937,0.12831278003577867,
2015-03-24,7.558261601908738,7.5658963846239216,7.390300750732422,7.390300750732422,13500,-0.024491119913359286,0.15448729104071504,
2015-03-25,7.252878680710845,7.336859119110836,7.245243896830919,7.329225063323975,900,-0.008298642047332992,0.1450442353882705,
2015-03-26,7.329225063323975,7.329225063323975,7.329225063323975,7.329225063323975,0,0.0,0.14474697417781465,
2015-03-27,7.329225063323975,7.329225063323975,7.329225063323975,7.329225063323975,0,0.0,0.14433695261503474,
2015-03-30,7.329225063323975,7.329225063323975,7.329225063323975,7.329225063323975,0,0.0,0.13150157873969942,
2015-03-31,7.40556891747436,7.40556891747436,6.993300153394963,7.100184917449951,57500,-0.03174896065210064,0.1645258414136022,
2015-04-01,7.092550609816889,7.10018539235138,6.497051405892419,6.878781795501709,4800,-0.03167925675921854,0.19126328857429745,
2015-04-02,7.558260531059002,7.558260531059002,6.871146202087402,6.871146202087402,300,-0.0011106376994164757,0.1861766732393659,
2015-04-06,6.947494197746134,6.947494197746134,6.5657637633225665,6.718455791473389,12000,-0.022472598767629318,0.19534058881188401,
2015-04-07,6.955128833427954,7.138360010590986,6.955128833427954,7.062013626098633,3000,0.04987189180692457,0.27387896122401406,
2015-04-08,7.008570194244385,7.008570194244385,7.008570194244385,7.008570194244385,300,-0.0075965133418002765,0.2742063062567052,
2015-04-09,7.375030660009525,7.375030660009525,7.145992291518137,7.367395877838135,2400,0.0499305892402098,0.33016672682516385,
2015-04-10,7.329223469999031,7.481915473937988,7.313953905558681,7.481915473937988,8300,0.015424535708683584,0.33441794238110345,
2015-04-13,7.375031810513495,7.375031810513495,7.252878189086914,7.252878189086914,6500,-0.031090456922663063,0.35100983023650895,
2015-04-14,7.062012326830417,7.107820294716701,6.794800758361816,6.794800758361816,19600,-0.06524065631230593,0.4104534093795399,
2015-04-15,6.82533983024691,6.871147802625341,6.810070991516113,6.810070991516113,4000,0.0022448193334760357,0.4102659619710779,
2015-04-16,7.191802042879783,7.481917284620411,6.871148392960832,7.062013626098633,356100,0.03632768229439959,0.4350305031262616,
2015-04-17,7.062014412879944,7.634610176086426,7.062014412879944,7.634610176086426,48000,0.07796165288004164,0.5187546536171762,
2015-04-20,7.588801676523749,8.726359068441743,7.588801676523749,8.665282249450684,64800,0.1266326162654354,0.6753241445469461,
2015-04-21,8.550760582985227,8.856145331576839,8.41333813780729,8.611837387084961,37700,-0.006186798952996085,0.676814303811891,
2015-04-22,8.718722610655744,9.26077982123392,8.627107399752909,9.146260261535645,47300,0.060207383962075915,0.7018238032774954,
2015-04-23,9.192070065614118,9.367666467627002,8.932493218869148,9.00883960723877,31500,-0.015138807258073369,0.6969337411803204,
2015-04-24,9.115720458452534,9.13862480373169,8.78743285180612,8.947759628295898,14600,-0.006803093806041981,0.6964734824106753,
2015-04-27,9.008837218111918,9.054644456511202,8.787433624267578,8.787433624267578,20500,-0.018080476408383058,0.7023726544719027,
2015-04-28,8.772164500581203,9.0317412915417,8.772164500581203,8.802702903747559,7200,0.00173611879486359,0.7021292519707604,
2015-04-29,8.817972035578942,8.99356766312385,8.772164069036442,8.917222023010254,13200,0.012925643211869134,0.7015332851682479,0.0854557905007337
2015-04-30,8.840874348318366,9.04700907515808,8.665278746722597,8.779797554016113,57000,-0.015531115936774339,0.6917463627756798,0.945621720125354
2015-05-01,8.733993423936163,8.77216661913651,8.688186172170258,8.726359367370605,15500,-0.006105092381504862,0.6778118586715643,0.14825400253979806
2015-05-04,8.733992282910105,8.733992282910105,8.52785822070702,8.543127059936523,14000,-0.02122115032366044,0.6859929105283349,-0.023339870598542367
2015-05-05,8.581300250149848,8.581300250149848,8.420973433728319,8.543127059936523,4600,0.0,0.6767914778594459,-0.7420651829400821
2015-05-06,8.527858372300647,8.573665618896484,8.520223588503654,8.573665618896484,19000,0.0035682609394885175,0.662519665708379,0.1586470884848243
2015-05-07,8.703451197091889,9.008835896695969,8.596567171109358,8.779797554016113,62300,0.023757981765676662,0.661384371569567,1.0012637603076566
2015-05-08,8.940131100966486,8.963034734175942,8.795073786515433,8.85615062713623,24600,0.00865885399386083,0.6458316835306566,0.11572396726959107
2015-05-11,9.031741340266398,9.031741340266398,8.741626144574425,8.825607299804688,15100,-0.0034547874523607235,0.6466892518897637,-0.3796855770136857
2015-05-12,8.825607719544749,8.825607719544749,8.59656931962207,8.764530181884766,8600,-0.006944500967378706,0.633640015377388,-0.9484743016535121
2015-05-13,8.726356456626696,8.756894856982026,8.611836909224541,8.703452110290527,11700,-0.006993174081400162,0.5772501757255403,-0.6176563749180733
2015-05-14,8.672914364582429,8.741625952591617,8.436241925987392,8.459145545959473,22800,-0.02847157202298201,0.5932344988190119,-0.05623092736401679
2015-05-15,8.466780159371325,8.627106952156364,8.466780159371325,8.611837387084961,5500,0.017889527970724982,0.5864514373099334,-1.6247728886312518
2015-05-18,8.28355004991953,8.825607252192047,8.28355004991953,8.802702903747559,34600,0.021921125284440974,0.5337183731790675,0.7494244073178115
2015-05-19,8.817973271424435,8.817973271424435,8.627108052251149,8.772165298461914,19100,-0.0034751482249496214,0.30826446005675456,0.057729027897465354
2015-05-20,8.817977419724889,8.8943231064542,8.779804212313547,8.85615062713623,102200,0.009528529493905166,0.3087220635860723,2.0939458511875095
2015-05-21,8.87141227722168,8.87141227722168,8.817970267051173,8.87141227722168,11600,0.0017217994304315192,0.2226736361804969,-0.5629670502035719
2015-05-22,8.901950998484937,8.932489395141602,8.741624234014248,8.932489395141602,37800,0.006861120516617831,0.218641425029874,0.9361291977963888
2015-05-26,8.970662718233855,9.008835896695969,8.779797554016113,8.779797554016113,24900,-0.017241773940910192,0.22537665609680735,0.3714073930420091
2015-05-27,8.779798677805083,8.947760247681282,8.74926027674513,8.940125465393066,7500,0.018096273495193386,0.22547557614989977,-1.0613031941242193
2015-05-28,8.94012564223504,9.047010412105589,8.879048838906991,8.917222023010254,3100,-0.0025651575584189094,0.22574760861666032,-1.9457644779063927
2015-05-29,8.955394488570233,9.153894463644528,8.940125651768403,9.04701042175293,40300,0.014449897310890353,0.22685394013417023,0.9053439053224864
2015-06-01,9.115723352794566,9.13099292116226,8.909589276482373,9.077550888061523,7500,0.0033700672464778607,0.21914470036565437,-0.8913149229126246
2015-06-02,9.161530978863174,9.444011430006954,9.138627355282075,9.19970417022705,46300,0.01336689788170259,0.22090557510710468,1.1015688766867568
2015-06-03,9.230239281216083,9.611969602337721,9.146258144589925,9.36766242980957,62600,0.018092263125607702,0.20935632063183213,1.2977579354821853
2015-06-04,9.413473634439635,9.444012043897214,9.214973608918807,9.321858406066895,4100,-0.00490158264091416,0.21132986690722505,-1.5765766996082224
2015-06-05,9.253145086598451,9.29895305633545,9.253145086598451,9.29895305633545,1500,-0.0024601893779591013,0.21256859932321764,-2.174184486503093
2015-06-08,9.291320949036566,9.688320312680395,9.291320949036566,9.398205757141113,10200,0.010616974922132956,0.20166969976178467,-0.3598901378958975
2015-06-09,9.550896297917685,9.665415144848026,9.375299907452348,9.466915130615234,15900,0.007284308189612784,0.20126023208098562,0.08085421645864442
2015-06-10,9.48981916543344,9.6119727922363,9.34476118753526,9.535626411437988,11800,0.007231830556297738,0.20022612875790752,-0.1919486478407885
2015-06-11,9.695951648946314,9.695951648946314,9.352394447513388,9.48981761932373,6000,-0.004815538661111428,0.19893375879396752,-0.8104418851220093
2015-06-12,9.428741910465995,9.757029585101076,9.428741910465995,9.650145530700684,21400,0.016753601897242263,0.1997275124842456,0.3587886585170486
2015-06-15,9.650143139583337,9.650143139583337,9.550893165023028,9.558527946472168,13200,-0.009539261426250768,0.16811560897351036,-0.07083623445652225
2015-06-16,9.650143139583337,9.650143139583337,9.550893165023028,9.558527946472168,5500,0.0,0.16328320092676601,-0.8966829333049972
2015-06-17,9.611974094356642,9.71885816824205,9.566166114053505,9.619608879089355,15600,0.006369872079222653,0.15139061359689635,0.12480475978282425
2015-06-18,9.61960454418884,9.764661748277272,9.581431365820468,9.688315391540527,23600,0.007116953794984934,0.14902968455438823,0.5107260187845031
2015-06-19,9.795200484070369,9.894450460023062,9.642508493409627,9.695950508117676,25200,0.0007877643663696996,0.14855898412183557,0.6998487360613063
2015-06-22,9.848644280800727,10.092952238156053,9.810471822298215,9.9249906539917,74100,0.023347559956375316,0.1620775417983197,1.6170452952661825
2015-06-23,10.30672011431103,10.489950519378706,9.932624521941298,10.31435489654541,30300,0.03848071933276693,0.1986848282635393,0.7613469834252167
2015-06-24,10.299085123835475,10.383066270529794,10.222739487314058,10.26091194152832,38800,-0.005194885259631136,0.18412901811114202,0.9679260327291273
2015-06-25,10.192203829687848,10.192203829687848,9.932626993861629,10.04714584350586,20600,-0.021053120483022884,0.20436725024848376,0.31012190146591856
2015-06-26,10.062414772969962,10.077683612176422,9.657779976649687,9.978433609008789,62300,-0.00686247349978933,0.20704434343182376,1.2788054225981125
2015-06-29,9.963165269947186,9.978434109920132,9.825742069725283,9.886818885803223,17400,-0.009223680670416652,0.21015817834186698,0.0465795707800745
2015-06-30,9.88681960351897,9.88681960351897,9.604339126629071,9.642512321472168,49100,-0.025020755400357465,0.23334963882841378,1.0012207164894433
2015-07-01,9.757027676552324,9.82573925699379,9.726489277255324,9.779932022094727,13700,0.014150844387453723,0.2338091077490929,-0.23160959212587068
2015-07-02,9.802836260423096,9.810471042754125,9.703586274398466,9.772297859191895,9600,-0.0007808995022183232,0.22742355478722795,-0.5276012841154066
2015-07-06,9.78756973195868,9.78756973195868,9.543262446322625,9.596704483032227,26000,-0.018131877293079544,0.23691252813774702,0.4721268373533597
2015-07-07,9.695953566844764,9.695953566844764,9.543261528015137,9.543261528015137,13200,-0.005584450241539604,0.23779678915173513,-0.5274836830340828
2015-07-08,9.74939644900956,9.74939644900956,9.5432616479296,9.627242088317871,3500,0.008761491007697176,0.23695978392817432,-2.1222457052155175
2015-07-09,9.718854099642162,9.718854099642162,9.543258492858136,9.566162109375,2900,-0.006364705761081523,0.23722221661263865,-2.008489784423771
2015-07-10,9.61960347642012,9.848641065021717,9.61960347642012,9.787564277648926,10200,0.02288053708952174,0.24873475356267385,-0.5529909963820622
2015-07-13,9.856282089038297,10.00134009700684,9.581436371756654,9.902090072631836,8300,0.011633224690032236,0.250209714194596,-0.8217789056248633
2015-07-14,9.718856779151745,10.108222007751465,9.634876343374431,10.108222007751465,15500,0.020603299547516635,0.25340006538414755,-0.07565226484258095
2015-07-15,9.90208795679041,9.978433609008789,9.848645199335198,9.978433609008789,7700,-0.012923027853528266,0.25563787762855733,-0.8482100540066425
2015-07-16,10.68845097003418,10.718989372253418,9.932624969038356,10.718989372253418,20600,0.07159075122230135,0.3509417663720071,0.21819068930879715
2015-07-17,11.451914813669188,11.451914813669188,9.924992838513297,10.192204475402832,10500,-0.05039371525027736,0.40064775879165193,-0.5605450698097689
2015-07-20,10.00133751799764,10.00133751799764,9.84864476412231,9.963164329528809,8700,-0.02272843606454932,0.40978736262930354,-0.7202970577372566
2015-07-21,9.79520273712175,10.070048383529928,9.79520273712175,9.963164329528809,9900,0.0,0.40980963320897884,-0.5164093948319236
2015-07-22,9.963166898694423,9.963166898694423,9.856282089038297,9.902090072631836,11700,-0.006148871601463043,0.402482564542916,-0.23896545453432277
2015-07-23,10.077684303629301,10.077684303629301,9.85628065924682,9.86391544342041,6000,-0.003862659720968553,0.37726569608636673,-1.0037021039032181
2015-07-24,9.86391544342041,9.91735747644936,9.85628065924682,9.86391544342041,10400,0.0,0.37716248814476344,-0.2220039988328975
2015-07-27,9.96316602913597,9.96316602913597,9.581435535514615,9.589070320129395,19300,-0.02825925202386621,0.38256581349540836,0.6292003872814477
2015-07-28,9.9249906280706,9.932625410988352,9.459279791482295,9.718855857849121,23900,0.013443959885137033,0.3859148200025337,1.1090359713124027
2015-07-29,9.695950508117676,9.695950508117676,9.573796915589082,9.695950508117676,3200,-0.0023595764930127877,0.38486007851665555,-1.7341901087931613
2015-07-30,9.604334981604364,9.7264885699089,9.581431365820468,9.688315391540527,19900,-0.000787764366369732,0.3747686702395115,1.0551842448855182
2015-07-31,9.833376273569174,9.833376273569174,9.558530617434895,9.711222648620605,24800,0.0023616302284487477,0.37145978959233794,1.307117382620074
2015-08-03,9.711221368268294,9.886816998957622,9.711221368268294,9.833374977111816,48400,0.012500018814011334,0.37409889071237795,1.9769264281905037
2015-08-04,9.90972010416868,9.96316285133316,9.825739684471506,9.84864330291748,52000,0.0015515003239197232,0.36804652388549464,1.8931012925487756
2015-08-05,9.947893484248066,9.947893484248066,9.757028294529837,9.772297859191895,15800,-0.007782076138849837,0.3686377697519986,0.35850265575394263
2015-08-06,9.924989508469867,9.924989508469867,9.802835907937409,9.81810474395752,29200,0.004676470328271017,0.367842876875617,1.0523996028708142
2015-08-07,9.81046911961004,9.91735313892033,9.81046911961004,9.825737953186035,3400,0.0007771605312047246,0.36688789023547524,-1.8437625321980406
2015-08-10,9.909722313313342,10.207472331859144,9.810473035224474,10.039510726928711,44900,0.021523116024737516,0.3659095124313787,1.4652866749551077
2015-08-11,10.115855845107243,11.4671818433345,10.092952224418317,10.886951446533203,99700,0.08103657642511293,0.4581714139885031,2.078256277282545
2015-08-12,10.841143912465645,11.757296785840078,10.215106249143497,11.03200912475586,76000,0.013236010484142954,0.45561553967295687,1.5704574918650915
2015-08-13,10.909855224000047,10.948028411092135,9.909721217033667,10.528124809265137,53800,-0.04675073811167748,0.48567847768253103,1.0915843441978126
2015-08-14,12.177203146608562,12.177203146608562,10.53576224171489,10.757165908813477,69000,0.021521899169743723,0.4229179332109746,1.239249383889948
2015-08-17,10.657914138014787,11.054913425353634,10.657914138014787,10.91749095916748,39300,0.01479404960675984,0.3831337253382423,0.6107368872134002
2015-08-18,11.070180414885463,11.261045594452455,10.795334818422434,10.978565216064453,40300,0.00557857678082904,0.37129338227417347,0.5701725283155393
2015-08-19,10.963298764524769,10.978568332709502,10.436511039733887,10.436511039733887,53200,-0.05063442004974902,0.4177580592120269,0.7750240394867636
2015-08-20,10.07004961821735,10.467049662020518,10.039511209316577,10.07768440246582,62400,-0.03498682072817546,0.4365501646865095,0.8539237987887656
2015-08-21,9.940261448839843,10.230375955410954,9.924991881076592,10.039510726928711,35400,-0.0037951335769864205,0.43654106763758926,0.20114592143334284
2015-08-24,9.543261902905998,10.146396026045934,9.543261902905998,9.947896003723145,67100,-0.009167308800414215,0.43791630364352296,0.8156631826420223
2015-08-25,10.039510786851617,10.100587602083039,9.879183964845867,9.932626724243164,33000,-0.0015361047283703856,0.42548549025320453,-0.00010398218227515113
2015-08-26,9.932625743060235,10.215106167624329,9.886817772115222,10.115856170654297,17700,0.018279143531218688,0.42749538885941496,-0.6753085956955795
2015-08-27,10.207472006501618,10.48995244828026,10.138760409943265,10.444145202636719,18800,0.03193744301102634,0.43952319684576213,-0.8522828475905937
2015-08-28,10.413603755492462,10.459410987760679,10.215103807415979,10.283815383911133,10200,-0.015470216247836928,0.44426194662882407,-1.5511008323025655
2015-08-31,10.138758063428863,10.489950020485985,10.039508083380886,10.45941162109375,28900,0.01693086921709148,0.4469228238980148,-0.22875023942751038
2015-09-01,10.291451815075355,10.291451815075355,10.115856170654297,10.115856170654297,13800,-0.03339809598028104,0.4633029208518119,-1.072269331747671
2015-09-02,10.26854801231418,10.383067573607885,10.070048021879485,10.13875961303711,17700,0.0022615538491854623,0.4633133669986261,-0.6943486473175985
2015-09-03,10.02424159985083,10.222741606523451,9.802837970283074,10.054780006408691,17500,-0.008317520589353372,0.46345051036592344,-0.718116322900203
2015-09-04,10.25327935539634,10.360163407446377,9.84864458434321,10.115856170654297,17900,0.006055966740167811,0.46359962065148863,-0.6533138575852597
2015-09-08,10.52048857894604,10.551026978800008,10.062412581136515,10.306719779968262,17800,0.01869197763265188,0.4674232346116481,-0.9437991069360425
2015-09-09,10.459412126552941,10.932757704053788,10.31435490445305,10.627373695373535,41200,0.0306370081487389,0.47318260738222157,0.35732094516734236
2015-09-10,10.688452887903937,10.802971734751393,10.489952873814813,10.589202880859375,44200,-0.003598210631249547,0.377893041583968,0.5675266735002268
2015-09-11,10.841142981130366,10.932758187788078,10.680816187456136,10.718989372253418,21300,0.012181990371051795,0.3773987850788605,-0.5784375896530297
2015-09-14,10.718989385713478,10.718989385713478,10.535758972167969,10.535758972167969,6100,-0.017241788640397406,0.3451570713065474,-2.2783238853420307
2015-09-15,10.650277610283792,10.650277610283792,10.314355191390414,10.428874015808105,24700,-0.010196780695112862,0.3376850671247297,-0.046879811182914365
2015-09-16,10.45177858605257,10.810605384952526,10.428874964703677,10.688451766967773,37600,0.024585577630373397,0.34524809212193497,0.6467314503919845
2015-09-17,10.696085407631845,10.864046250373946,10.421239068430376,10.581565856933594,36000,-0.010050467437468203,0.3457349712479174,0.5877985517851911
2015-09-18,10.38306847754943,10.91749095916748,10.38306847754943,10.91749095916748,43100,0.03125276119306017,0.3148507627819951,0.9191638114933494
2015-09-21,10.64264461049055,10.886952593246082,10.635010554852135,10.734260559082031,5800,-0.016925630629402725,0.29350467810632513,-2.1201801767475206
2015-09-22,10.69608655011507,10.69608655011507,10.566298148983021,10.688451766967773,9200,-0.004276663126189235,0.2936499650885939,-1.2558406118017078
2015-09-23,10.535760849409638,10.650279696257094,10.497587657762795,10.589202880859375,4300,-0.00932899866591491,0.2937347812681846,-2.1234277015813032
2015-09-24,10.535758958937995,10.718989372253418,10.459412589343431,10.718989372253418,9000,0.012181990371051795,0.29492186084538075,-0.9479088403141993
2015-09-25,10.741893143066736,10.741893143066736,10.535759107209168,10.619739532470703,14800,-0.00930238684181062,0.2931289460264721,-0.21064277718642221
2015-09-28,10.917490491227683,10.917490491227683,10.047144844918789,10.489952087402344,27500,-0.012296634437040524,0.27637669355520394,0.6573021372469927
2015-09-29,10.535759277067807,10.627374486491862,10.321990455078344,10.337259292602539,18100,-0.014663079739774596,0.27581333166170646,0.016240350100216502
2015-09-30,10.413605051560308,10.680815881295935,10.413605051560308,10.474681854248047,17600,0.013206318233966337,0.2732645592454051,0.009940272239017035
2015-10-01,10.436510546392343,11.87945190745199,10.199837347368277,10.734260559082031,56400,0.02447945420571187,0.2570181425028281,1.5361158861575397
2015-10-02,10.688450504835123,10.94039249420166,10.283816511018093,10.94039249420166,22200,0.019021125690786737,0.26304130476434384,0.22381576840982556
2015-10-05,10.955663661068492,10.955663661068492,10.75716366220379,10.879317283630371,16200,-0.0055981835413422745,0.2616508580710061,-0.20870064806414745
2015-10-06,10.94039674891652,11.337396842973845,10.825877883065548,11.108358383178711,38600,0.020834342651338794,0.2682155740996816,0.9245373697572423
2015-10-07,11.00910391871974,11.00910391871974,10.802969169628524,10.9098539352417,5900,-0.01803142084244058,0.27376865310237264,-1.4636021249066324
2015-10-08,10.879319302986255,10.978569320840817,10.764800443665765,10.963299751281738,5000,0.00488689680244318,0.2545249580463014,-1.4948410295131007
2015-10-09,10.963295652214512,11.230507194845451,10.734258019208427,10.978565216064453,8100,0.0013914466494456363,0.2538561456435714,-0.8160185156748281
2015-10-12,11.123626849627756,11.131261634584678,10.665550673609907,10.757165908813477,17000,-0.0203726263875888,0.2618728973941065,0.13415163278383552
2015-10-13,10.726622287251336,10.879314271762777,10.726622287251336,10.795333862304688,8600,0.0035418623173439977,0.25424774220438645,-0.7665108969311877
2015-10-14,10.764798925575615,10.925125742870335,10.764798925575615,10.91749095916748,9000,0.011252187289415704,0.2530309413175347,-0.6444308138740504
2015-10-15,10.917489494035252,11.093085127077616,10.780066318198305,10.932758331298828,33400,0.0013974554169158052,0.2395509423260277,1.067580790743801
2015-10-16,10.909857244016278,11.138895680883468,10.909857244016278,11.001472473144531,4600,0.006265491345216031,0.236652327890869,-1.3698010905317313
2015-10-19,10.917489385793427,11.085450962585218,10.917489385793427,10.925124168395996,20200,-0.006964018589413265,0.21264265270052987,0.6096466605147299
2015-10-20,10.925125742870335,10.98620255630708,10.91749095916748,10.91749095916748,4800,-0.0006989281727184963,0.2035727140906538,-1.3062011600395358
2015-10-21,10.970930434139483,11.001468833746486,10.925123198775417,10.978565216064453,4900,0.00557857678082904,0.20333488030646127,-1.197143669693521
2015-10-22,11.016743074417912,11.03964670182298,10.787704616087673,10.8945894241333,21800,-0.007678472164232029,0.2023281933343768,0.6550622514087635
2015-10-23,10.894584531142609,11.444275710545307,10.841141787075479,11.360295295715332,29400,0.04185812440711385,0.24413613949478213,0.9640817608041712
2015-10-26,11.38319988767786,11.39846945245981,11.245776717011994,11.306854248046875,13200,-0.0047152948439876585,0.2417845968367148,-0.08572607547465018
2015-10-27,11.238146339427619,11.429011593088651,11.115992693579464,11.146531105041504,14900,-0.01428077460692273,0.24345665471688244,0.11502026303209381
2015-10-28,11.177068689634632,11.375567985406514,10.81060705110749,11.024375915527344,20400,-0.011019524416048471,0.24045514667444254,0.5286839320883857
2015-10-29,10.90985379305221,10.90985379305221,10.176931463768321,10.825873374938965,46500,-0.01816986150768009,0.24822027705280994,1.4832206025243302
2015-10-30,10.764799385167843,11.115991441469445,10.764799385167843,11.085453033447266,34400,0.02369475936402755,0.24732101334558912,1.185731417868863
2015-11-02,11.093088593363742,11.306858206594569,11.093088593363742,11.2610502243042,45900,0.015716177440942943,0.24462678360421924,1.4500051904213085
2015-11-03,11.268680202223731,11.306853383165752,11.115988206548518,11.184699058532715,17700,-0.006803199954932419,0.24509479332827463,0.24029045111714045
2015-11-04,11.207604250746577,11.322123074132264,10.97856587588228,11.1770658493042,36100,-0.0006827018847975854,0.23461682222377284,1.1497828312089948
2015-11-05,11.146526620824638,11.26104543571339,10.88694986377774,11.131257057189941,85000,-0.004106884833290768,0.22570232086876657,1.9292874986463187
2015-11-06,11.207606665535982,11.222875505500532,11.001471865316462,11.085453033447266,21900,-0.004123390767921988,0.22588353946644096,0.2602114979627617
2015-11-09,11.13125753262719,11.826006689636845,10.93275756545503,11.222872734069824,60600,0.012320192941629405,0.22955286971104844,1.3711425657648089
2015-11-10,11.222874785270387,11.390836382659945,11.215240001731535,11.383201599121094,53800,0.014184820502824639,0.2199340254806004,1.122190426557977
2015-11-11,11.459549456998365,11.467184241522366,11.146530572445633,11.367934226989746,25500,-0.0013421197552314704,0.22034704387415247,0.19142045666595306
2015-11-12,11.268682433757945,11.329759244123055,11.2305092452565,11.24577808380127,5900,-0.010803828200068042,0.22249546625707917,-1.4992840116554111
2015-11-13,11.261046062274083,11.306854027634044,10.99383450854228,11.12362289428711,53900,-0.010921741167685552,0.22656019845187858,1.0331089473876978
2015-11-16,11.192334333588946,11.31448793551246,11.13125753262719,11.222872734069824,60200,0.008882868620160482,0.22753160260742278,1.0814684850449774
2015-11-17,11.4519128969546,11.902354920729696,10.932759279302893,11.06254768371582,239300,-0.014388583510165965,0.23219087126976873,2.242999279688013
2015-11-18,11.070180298136998,11.596967867825414,11.032007117007607,11.390833854675293,48300,0.029243663427964632,0.25237824998233827,0.5062499671110909
2015-11-19,11.375562379799206,11.51298551753966,11.306851539021729,11.444273948669434,22100,0.004680528948252761,0.25223788387436974,-0.526727375491994
2015-11-20,11.474815260159378,11.581700030919777,11.291584848649778,11.467181205749512,32700,0.0019996342055662764,0.24978542811427748,-0.047138332245968965
2015-11-23,11.528257015503954,11.528257015503954,11.390833854675293,11.390833854675293,37300,-0.006680163153819132,0.20603029447295637,0.10912427232951181
2015-11-24,11.37556828342062,11.37556828342062,11.154164628876506,11.367934226989746,34300,-0.002012379170205544,0.20544164314739466,-0.06143506687785335
2015-11-25,11.375565732297101,11.451912104229148,11.337393274424041,11.429008483886719,28900,0.005358122252528798,0.19909791677468713,-0.34847849627349836
2015-11-27,11.421373653389432,11.543527265496332,11.375565684802865,11.40610408782959,23200,-0.0020060688263653223,0.19452823778961376,-0.6701067269253211
2015-11-30,11.177065851269674,11.62750709060073,11.177065851269674,11.490084648132324,58900,0.00733580054580018,0.18145882390106022,0.6262128185181919
2015-12-01,11.375566370817294,11.50535477353113,11.268682317824494,11.497720718383789,43600,0.0006643583770246356,0.1648820496401854,0.18837620292440652
2015-12-02,11.474816971023978,11.497721321947356,11.352663345138133,11.413740158081055,54500,-0.007330910662040004,0.15950625127153648,0.4875621046574684
2015-12-03,11.429008149898257,11.505353791506302,11.352661780197272,11.42137336730957,67100,0.0006685501698373765,0.1571955838481859,0.702224566725181
2015-12-04,11.413738456322845,11.566430465914177,11.345026869983512,11.467181205749512,32600,0.004002690467239269,0.15740249446674764,-0.31675178515968117
2015-12-07,11.467178290354674,11.520620298101408,11.291581977898234,11.444273948669434,34900,-0.0019996342055663423,0.1566714595138895,-0.164477609419946
2015-12-08,11.383201599121094,11.429009572261167,11.276317541949311,11.383201599121094,26600,-0.005350788363226894,0.15726540917776974,-0.5805846205274118
2015-12-09,11.34502648801869,11.34502648801869,10.841142509285614,10.94039249420166,61500,-0.03967705139616928,0.20660897816271825,0.6547330918458413
2015-12-10,11.016739187765385,11.016739187765385,10.657912420576803,10.818239212036133,26400,-0.011228147720619865,0.20143396412797443,-0.5411470271152317
2015-12-11,11.054913749017025,11.054913749017025,10.44414559676763,10.642644882202148,11000,-0.016364493436193457,0.2070606676928333,-1.653671161332412
2015-12-14,10.871681032705746,10.871681032705746,10.47468181666006,10.581565856933594,21100,-0.005755615097630987,0.20543832313759752,-1.0015449741287585
2015-12-15,10.505219584228538,10.627373181797472,10.390700040438007,10.45941162109375,15900,-0.011611210398306837,0.20579115832798556,-1.3153046659707786
2015-12-16,10.528124041505963,10.726624017434903,10.405970434193671,10.635008811950684,55000,0.016649070550862503,0.21303991579230702,0.644105591741134
2015-12-17,10.665546363060981,10.680815198710661,10.367796422917051,10.45941162109375,19100,-0.016649070550862524,0.2147580368151862,-1.1020205642940182
2015-12-18,10.39833656256058,10.558663368225098,10.39833656256058,10.558663368225098,5100,0.009444488606924078,0.1868215404831549,-2.8204073898918165
2015-12-21,10.474681359943647,10.474681359943647,10.11585461501667,10.253277778625488,27900,-0.029349257542965537,0.2041737517938541,-0.0884687947336649
2015-12-22,10.314354561954975,10.344892961808943,10.245642980260325,10.306719779968262,16000,0.005198650588412489,0.20589507567630377,-0.9173387513754399
2015-12-23,10.367797222714824,10.367797222714824,10.176932029766329,10.245643615722656,6200,-0.005943486193067873,0.20583877235225692,-2.0356838409344666
2015-12-24,10.30672333230227,10.30672333230227,10.138761711169044,10.192204475402832,3000,-0.005229441168668375,0.20554292899986354,-2.421047365232892
2015-12-28,10.123491592102521,10.184568405151367,9.963164775826035,10.184568405151367,7200,-0.0007494877283737244,0.20265908760920892,-1.255232998679688
2015-12-29,10.329625021890953,10.33725980507803,10.230375024737944,10.321990966796875,6100,0.013402991341893326,0.2127737047713283,-1.3082008455662155
2015-12-30,10.253278076944174,10.390700516458406,10.131124473779119,10.367796897888184,16700,0.004427885508616049,0.21092191554809944,-0.15937616038990146
2015-12-31,10.375433249140155,10.497586870777962,10.268548466160567,10.489952087402344,29100,0.011713304849290508,0.2179465905343194,0.4921112443817164
2016-01-04,10.352526935828068,10.497584141790142,9.955527040617628,10.39069938659668,27400,-0.009506738661914642,0.21844902901336885,0.4766794326854433
2016-01-05,10.467049128859394,10.489952752345056,10.199837518518779,10.299087524414062,17200,-0.008855814832800958,0.21811647385005725,0.005082632385953393
2016-01-06,10.2303746488001,10.512855791597572,10.2303746488001,10.421239852905273,31100,0.01179071560097912,0.22372935988756334,0.754367757392972
2016-01-07,10.283816789672834,10.459412417525686,10.230374040597372,10.428874015808105,56400,0.0007322898370773899,0.2243218030308847,1.425427572192566
2016-01-08,10.390700516458406,10.421238917249669,10.268546913293351,10.367796897888184,9100,-0.00587375679263133,0.22435632976807485,-0.727697692499528
2016-01-11,10.421242459961597,10.421242459961597,10.291454030453792,10.38306999206543,16100,0.0014720442298820692,0.18472956772911814,0.04179888255710366
2016-01-12,10.31435759618672,10.352530789257022,10.154030767765933,10.207472801208496,20900,-0.017056514704757542,0.18925142025802688,0.39780878414749016
2016-01-13,10.176934392370875,10.352530789257022,10.169299608138195,10.207472801208496,7400,0.0,0.18281788992526563,-0.9186363857744377
2016-01-14,10.253279018664355,10.367797850126435,10.077682651917128,10.238009452819824,13500,0.002987131723121073,0.18305613305775156,-0.11951869640679184
2016-01-15,10.115856988121775,10.230375832599139,10.085318581054942,10.161664962768555,3700,-0.00748490832957963,0.18074825104479428,-1.5844540921646826
2016-01-19,10.085319186714289,10.085319186714289,10.02424236891274,10.07768440246582,8000,-0.008298788737164844,0.16972639705268178,-0.5858963658716069
2016-01-20,10.008972319495275,10.10822232567721,10.008972319495275,10.039510726928711,11400,-0.0037951335769864205,0.1619477039143954,-0.09852498654561384
2016-01-21,10.031876383513557,10.230375662093133,10.016606816188103,10.054780006408691,9400,0.001519763262266081,0.15717802973861428,-0.3990514920868818
2016-01-22,10.146395226082277,10.146395226082277,10.039510439083239,10.054780006408691,23300,0.0,0.12270653903646242,0.8379359661687037
2016-01-25,10.062414772969962,10.91749088322989,9.978433609008789,9.978433609008789,5400,-0.007622018960940488,0.12267429609872503,-1.0448122269756375
2016-01-26,10.100588027118125,10.245646015466628,10.02424236891274,10.07768440246582,7400,0.009897389275660787,0.12768290645045044,-0.6459202426543708
2016-01-27,10.100586450565771,10.772432069610728,9.741760384012396,9.95552921295166,20900,-0.012195417654806032,0.13290990479972262,0.6686850508053938
2016-01-28,9.978434020702844,10.688452911376954,9.138627443093355,9.543261528015137,45300,-0.042292790341012604,0.19490652052271118,1.5836037346112968
2016-01-29,9.444008594776784,9.482181774680512,8.993566673717073,9.024105072021484,43000,-0.05593596797235277,0.2585575548941718,1.3651298654868549
2016-02-01,9.016473804680802,9.069915836204345,8.344628106284953,8.550762176513672,45700,-0.05387891587979986,0.30288618418496316,1.3183947879100812
2016-02-02,8.550762377685714,8.619473978742876,8.329358734331024,8.398070335388184,55500,-0.018018464945983373,0.29444368986271335,1.46306960019381
2016-02-03,8.398070335388184,8.550762377685714,8.283551485688308,8.398070335388184,19700,0.0,0.2967177709842538,0.19769478265730092
2016-02-04,8.367531007141528,8.382799845646334,8.191934631731694,8.214838981628418,13700,-0.022059806716543395,0.29951088222796757,-0.24317056797501815
2016-02-05,8.138490085047748,8.352258854580635,8.107951689400192,8.329355239868164,55800,0.013843900241365153,0.3015369172158933,1.4203295514447098
2016-02-08,8.39806774684361,8.39806774684361,7.848375835911481,8.016337394714355,22200,-0.03830441739063768,0.31304095384950253,0.38617174361824175
2016-02-09,7.894183626804366,8.092683580335864,7.84074161165852,8.039240837097168,18200,0.00285302187037922,0.3168153662895864,0.09395468548783782
2016-02-10,8.046874990369986,8.107951782365399,8.031606156417528,8.100317001342773,61000,0.007568541394745921,0.32078817739824694,1.4752580990597375
2016-02-11,8.054510732246301,8.054510732246301,7.65751080882367,7.772030353546143,65400,-0.04137175987325914,0.3364623521035897,1.4143769805721227
2016-02-12,7.756760914881582,8.016337680064238,7.756760914881582,7.817837715148926,27100,0.0058765723003176,0.33991703082804303,0.3438392384178743
2016-02-16,7.7873004347767205,7.8636468101354415,7.497185227743774,7.626973628997803,21500,-0.02471688371696279,0.33734478421209785,0.0450530396156465
2016-02-17,7.6422417867450765,8.092683716534804,7.6422417867450765,7.8483757972717285,9200,0.028615479989475327,0.3679474933382998,-1.1088591279277638
2016-02-18,7.9399915078988155,8.237741462479862,7.924722671508789,7.924722671508789,16800,0.009680719439236879,0.37560315804206146,-0.3889600006818438
2016-02-19,7.947625877869561,9.14625896007217,7.779664317734569,8.588932991027832,47700,0.08048718801410795,0.4925105280771675,0.9303531664454692
2016-02-22,8.672916916344986,8.672916916344986,8.18430233001709,8.18430233001709,15500,-0.048256543471317796,0.5109511834731219,-0.6427707781194809
2016-02-23,8.27591497652891,8.428606986999512,8.016338194682419,8.428606986999512,32400,0.029413544075616787,0.5279375196760988,0.3645409567031534
2016-02-24,8.352262486757683,8.566032077346069,8.100320431079247,8.55839729309082,16300,0.015281426869912452,0.5342867400346586,-0.7514070373702009
2016-02-25,8.550762377685714,8.550762377685714,8.222474668769296,8.398070335388184,2400,-0.01891098302643604,0.531910906989936,-3.0019421588901167
2016-02-26,8.413337962978412,8.604203153847147,8.268280010186137,8.321722030639648,4200,-0.009132749228258515,0.5317617959960981,-1.9566070121065968
2016-02-29,8.40570179982917,8.474413373749798,8.21483664031312,8.436240196228027,8000,0.013667526720833824,0.5222505732593917,-1.102971646830847
2016-03-01,8.504951770148654,8.504951770148654,8.321720663662715,8.436240196228027,4700,0.0,0.4896133801488794,-1.5116705718741352
2016-03-02,8.48204886039519,8.6271068138767,8.48204886039519,8.527856826782227,2400,0.01080134370411209,0.45533788937398406,-1.9173429053013655
2016-03-03,8.62711015005082,8.62711015005082,8.420975313734514,8.619475364685059,11200,0.010686141579639173,0.45197198499936236,-0.3272620990855354
2016-03-04,8.650009510769227,9.153893446838447,8.550759534256676,9.024105072021484,14900,0.045875118049456654,0.4775986426328589,-0.020433654390921003
2016-03-07,9.008838752472483,9.459280799310065,9.008838752472483,9.352396011352539,19400,0.035733230063497094,0.48069441635105825,0.23379162054770602
2016-03-08,9.30658493620894,9.543258056367696,8.932489395141602,8.932489395141602,5000,-0.04593744467785584,0.5122507370823874,-1.0599914101661194
2016-03-09,9.184434409731582,9.352396011352539,9.146261219168675,9.352396011352539,20600,0.04593744467785588,0.509095016414562,0.4253399889425505
2016-03-10,9.444011370650669,9.52799180864892,9.306588173841655,9.512722969055176,4300,0.016997594127586495,0.5098813825712287,-1.109197492519883
2016-03-11,9.466913712846072,9.535625301951228,9.436375309698555,9.505086898803711,7700,-0.0008030441691114204,0.5107974319434019,-0.44556103627685106
2016-03-14,9.5737993132298,9.611972502478205,9.489818879357733,9.550895690917969,11300,0.004807821390294212,0.47905848049041033,0.06761767241789338
2016-03-15,9.596698086801203,9.734121207425089,9.436371355437553,9.527986526489258,11200,-0.002401521764011574,0.48077107132621716,0.11113833713412481
2016-03-16,9.527990075410667,9.711221213855433,9.48981761932373,9.48981761932373,9300,-0.0040140237140117085,0.46741241453802984,-0.07174684544324274
2016-03-17,9.566163104811608,9.802836260423096,9.550894268242466,9.772297859191895,15200,0.029332239572728847,0.467770706747068,0.5182824439158252
2016-03-18,9.77230016750385,10.44414588137963,9.192069678962072,10.04714584350586,38600,0.027736964685328026,0.471567784309393,1.5532684754259087
2016-03-21,10.070049418026242,10.230376243591309,10.047145793829257,10.230376243591309,6800,0.01807275924227898,0.40037779082546077,-0.44325099116592925
2016-03-22,10.207473581751806,10.38306999206543,9.963166292369188,10.38306999206543,11100,0.014815236581973451,0.34366128893566605,0.21766146448400514
2016-03-23,10.215107403491013,10.42124147745005,10.154030586903662,10.230376243591309,9800,-0.014815236581973533,0.34845879381738837,0.1386894736679427
2016-03-24,10.276180602502153,10.283815383911133,9.924988666710233,10.283815383911133,13400,0.005209979722229607,0.34799953179607424,0.6009351211566
2016-03-28,10.283815835904596,10.283815835904596,10.039507916729264,10.06241226196289,22500,-0.021764414065494595,0.35098442803781316,1.2590630897380097
2016-03-29,8.863779829571119,10.131125398292077,8.848510991828586,9.718855857849121,35900,-0.034739021952489214,0.3775011198653286,1.7383009889318404
2016-03-30,9.726492356898564,10.138761241988819,8.947762564213905,9.291319847106934,27900,-0.04498728690249751,0.41774816921602886,1.2392137450503493
2016-03-31,9.321856311379962,9.6577787399292,8.978299100158642,9.6577787399292,35400,0.038683063132873,0.433576463587761,1.4195485379620252
2016-04-01,9.41347697982436,9.41347697982436,8.405708381487814,8.85615062713623,55600,-0.08665147393060836,0.5396674966399084,1.936531610743302
2016-04-04,8.741625667372418,8.955394479020589,8.588933659052296,8.917222023010254,23100,0.0068722619429135955,0.5390374677591148,0.6031764929694912
2016-04-05,8.779800592847042,9.466915130615234,8.74926218512608,9.466915130615234,13900,0.05981863665755131,0.5553788508505165,-0.12805506265373934
2016-04-06,9.38293490276416,9.535626944808486,9.00883921773229,9.390569686889648,16400,-0.008097141436211487,0.5427247870022568,0.12347108789339023
2016-04-07,9.36003008355433,9.36003008355433,8.344627223472244,8.443877220153809,54700,-0.10626437151372027,0.6390250453026914,1.6924722324575043
2016-04-08,8.466781660919851,8.466781660919851,8.199570049524938,8.283551216125488,9000,-0.019169822110249268,0.6159998029227693,-0.8348650500624227
2016-04-11,8.314088979851908,8.627107814162606,7.833108553438029,7.917088985443115,90400,-0.04524818136681949,0.6246781915547055,2.1480181613380362
2016-04-12,7.970531048520102,7.970531048520102,7.825473805654266,7.901820182800293,10700,-0.0019304500989548038,0.6245098170181949,-0.806927997948535
2016-04-13,8.008704691156598,8.054512665659956,7.939993093448087,7.955262660980225,103400,0.006740543774987332,0.6250759529714088,1.9987546982546316
2016-04-14,7.932356325998048,7.993433119060611,7.932356325998048,7.947625160217285,1900,-0.000960517540713812,0.6252789446086455,-2.4630142509347177
2016-04-15,8.016336594372278,8.382797346344757,7.970528636329322,8.100317001342773,23900,0.01903003482615097,0.632479445506228,0.17258107320257512
2016-04-18,8.191932086595832,8.382797241210938,8.100316899751714,8.382797241210938,21400,0.0342784615816088,0.636332948842738,0.0363617848445052
2016-04-19,8.459147152307196,8.459147152307196,8.130858715297688,8.398070335388184,19700,0.0018202990190821131,0.6245757660267676,-0.018557622401204298
2016-04-20,8.413339992206092,9.024108167823913,8.22247475530225,8.817974090576172,48200,0.04879019120722781,0.6496276116553191,0.8710041109236909
2016-04-21,8.795070508351856,8.817974133024503,8.214840010628691,8.55839729309082,46100,-0.029879208180791667,0.6491012952434535,0.7466492835324193
2016-04-22,8.657645869010807,8.810337888339582,8.497319066692349,8.596569061279297,11600,0.004450236788346184,0.6504319517312123,-0.8017444136866457
2016-04-25,8.535491609195553,8.657645215437084,8.497318425221843,8.527856826782227,2500,-0.00802509861809488,0.6485850929642984,-2.1416634379137043
2016-04-26,8.581298847489665,8.581298847489665,8.428606839687752,8.527856826782227,2700,0.0,0.647533740527748,-1.7926269253116134
2016-04-27,8.420972386954816,8.535491943359375,8.260645590462795,8.535491943359375,6300,0.0008949142620903091,0.6406387918513325,-0.9404380533098354
2016-04-28,8.29118429395201,8.367530667657576,8.169030678497487,8.336992263793945,9700,-0.02353048144870207,0.628458959049044,-0.5122290505253625
2016-04-29,8.329357818739998,8.329357818739998,7.90182014730329,8.214838981628418,6000,-0.01476036072661918,0.6084301003640726,-0.8538157778082945
2016-05-02,8.199568452885256,8.245376419210542,8.05451122769221,8.085049629211426,6500,-0.015925519324158952,0.5380601140315773,-0.7078076122845677
2016-05-03,8.115587243246711,8.703451597472311,7.840741656242997,8.29881763458252,8700,0.026096419549475326,0.5471510273808365,-0.4066577705699207
2016-05-04,8.39806839822431,8.39806839822431,8.176664805940295,8.321722030639648,11600,0.0027561572629684747,0.4975024613899044,-0.14239180943668905
2016-05-05,8.359898240129256,8.703455562418068,8.230109805116767,8.504956245422363,3100,0.021779873010164007,0.5067016664681132,-1.2004378729794054
2016-05-06,8.497318236675742,9.20733696731626,8.398068251783513,8.420971870422363,10900,-0.009923835629386979,0.348697176317306,-0.05899747627735878
2016-05-09,8.443875494439357,9.146258654625786,8.443875494439357,8.840874671936035,10600,0.048660570909929556,0.37980902394058697,-0.09107555194640707
2016-05-10,9.505086235870813,9.505086235870813,8.619471878267069,8.81033706665039,10200,-0.003460117776083148,0.3380763226688771,-0.035702401980599714
2016-05-11,8.85614722006727,8.932492877425467,8.58893559908085,8.924858093261719,11900,0.012914728856744,0.33810293744334646,0.11150657940890872
2016-05-12,8.932489568673034,9.062277939008457,8.741624403837744,8.909585952758789,5700,-0.0017126571701964642,0.33907253746004345,-0.5541131716001505
2016-05-13,8.97066510583574,9.53562596754605,8.856146268062277,9.054645538330078,3500,0.01615017470667404,0.3402103492228076,-1.2083434869141947
2016-05-16,9.054644605019648,9.054644605019648,8.86377940967536,9.001202583312988,2400,-0.0059197563831990836,0.3393411694133675,-1.4883854048568839
2016-05-17,9.054643128376247,9.054643128376247,8.68054758125175,8.779797554016113,4600,-0.02490483902587315,0.33697216589608,-0.6529352746725277
2016-05-18,8.848512649536133,8.932493093085645,8.650012625044804,8.848512649536133,3000,0.007796032944447472,0.33752194099218935,-1.058711828378363
2016-05-19,8.940125452998481,8.940125452998481,8.787433447910407,8.81033706665039,1800,-0.004323683928596873,0.29291628664472746,-1.6129004735757984
2016-05-20,8.817971861153254,9.26841382285725,8.520221904749024,8.940125465393066,8400,0.0146239244793427,0.27586892839556926,0.6172657139295976
2016-05-23,8.963029071738465,9.008837037311343,8.795068230188038,8.81033706665039,15300,-0.014623924479342782,0.2816545023216785,1.5163785723723036
2016-05-24,8.985933303833008,9.008836922280542,8.665279733195913,8.985933303833008,10900,0.019734689621609156,0.2866084042001127,0.899641208110929
2016-05-25,9.039376871255627,9.321857307470736,8.863780491499028,9.161530494689941,13300,0.01935286091259458,0.2922732837691465,1.114535033201945
2016-05-26,8.89431744815174,9.092817417936194,8.314087831379126,8.420971870422363,75200,-0.08428800366804987,0.42178524774746834,2.8429474286577827
2016-05-27,8.504953227069619,8.550760465468402,8.230106884305206,8.474414825439453,35800,0.006326358102808668,0.413980397621494,1.7052402645657314
2016-05-31,8.512588778814074,8.924857637387902,8.398069934579754,8.833242416381836,34100,0.04147054804916091,0.43278614987186637,1.4688221669501742
2016-06-01,8.833242867576027,8.963031285987363,8.604205167408345,8.924858093261719,12800,0.010318275838620699,0.42749353495849357,0.3771415042888884
2016-06-02,8.955396844142786,9.069916426697219,8.894320024684337,9.00883960723877,20000,0.009365846271872064,0.4208220512677827,0.8012932708963865
2016-06-03,8.97829962895154,9.16153005531553,8.436242404888317,9.016472816467285,19400,0.0008469433988572295,0.42093991907061146,0.7335164897996109
2016-06-06,9.016473740342176,9.138627370434667,9.00120417253408,9.069915771484375,5100,0.0059097602928929825,0.41596805227579425,-0.704905651192699
2016-06-07,9.024108167823913,9.024108167823913,8.779800897576784,8.817974090576172,12100,-0.02817082889950338,0.4277806868431283,0.21530078087171609
2016-06-08,8.802701027327576,9.047008928673698,8.802701027327576,8.932489395141602,2200,0.012902975004196796,0.39556118524904027,-1.4436187715130298
2016-06-09,8.894318922237932,8.932492111691195,8.482050077947354,8.772165298461914,14700,-0.018111449440954594,0.400628713398396,0.45558177466878413
2016-06-10,8.619470606845296,8.703451015232911,8.443875008918603,8.566028594970703,5000,-0.02377945687029296,0.405619978741836,-0.582564407231554
2016-06-13,8.627107488841295,8.627107488841295,8.39806909517254,8.413338661193848,8000,-0.017985835113082174,0.40939754394025957,-0.13037233770444218
2016-06-14,8.451508987560514,8.451508987560514,8.046875055302595,8.359893798828125,12700,-0.006372658742168703,0.4037057339457422,0.2777300084934103
2016-06-15,8.344624801738334,8.428605207745916,8.191932095407774,8.329355239868164,11800,-0.003659672520104265,0.4036322260579324,0.13177627990794522
2016-06-16,8.207203402215402,8.329357010776762,8.054511391513705,8.245376586914062,9600,-0.010133421457608923,0.397041259051543,-0.13291492170922767
2016-06-17,8.298821595630944,8.596571669738132,8.275917967805222,8.405706405639648,18900,0.019258179662344485,0.4029069148710818,0.5462962036301161
2016-06-20,8.443875185353729,8.978297499544842,8.39806722558063,8.779797554016113,19900,0.04354254054095697,0.43308382039486976,0.5426329386984255
2016-06-21,8.665280136741933,8.6958185387918,8.550760582985227,8.611837387084961,8700,-0.019315652559535816,0.43443688016236137,-0.5636650402824458
2016-06-22,8.55076045589256,8.772164049486543,8.474414815949109,8.657645225524902,9200,0.005305074494865164,0.43249484285463186,-0.4546529578378834
2016-06-23,8.66527965591604,8.741625292757913,8.26827972320387,8.703452110290527,16500,0.0052769695573919705,0.42669280757278916,0.2953432271978687
2016-06-24,8.680547367418876,8.680547367418876,8.275913433110832,8.436240196228027,22000,-0.0311830062706603,0.43142822994859376,0.6386293465650665
2016-06-27,8.398067119509674,8.733989483929225,8.184298342151779,8.207201957702637,3200,-0.027524678647994436,0.3314281380250066,-1.8040173002795825
2016-06-28,8.39807062029496,8.76453153424132,8.283551766710003,8.665282249450684,7800,0.05431243981939382,0.3828934228090942,-0.4878184438638765
2016-06-29,8.566029820685198,8.733990661493975,8.420971870422363,8.420971870422363,8100,-0.02859925051145602,0.3662929039525808,-0.357185465098195
2016-06-30,8.436242736408438,8.764530414521438,8.436242736408438,8.634742736816406,11800,0.025068672447969436,0.3761154292638605,0.25566313328434487
2016-07-01,8.665280475507702,8.756895685238966,8.581299320517653,8.749260902404785,8300,0.013175310423256236,0.37773950665707345,-0.2525541655959666
2016-07-05,8.764528928485465,8.779798492740039,8.504952888993794,8.650010108947754,41300,-0.01140873889769432,0.379207066443017,2.135933821168474
2016-07-06,8.611838386551087,8.695819548004547,8.520223169768876,8.634742736816406,3200,-0.0017665715255617768,0.37812655641601306,-1.6111552809599015
2016-07-07,8.535492736612422,8.65001157556693,8.466781142002509,8.634742736816406,4700,0.0,0.366287305991279,-0.970086274637118
2016-07-08,8.65001157556693,8.65001157556693,8.55839635878472,8.634742736816406,13800,0.0,0.36282728352827837,0.4758510603295938
2016-07-11,8.58893695131522,8.650013778054895,8.58893695131522,8.619475364685059,6400,-0.0017696978241613234,0.35784712260272855,-0.6754126846483861
2016-07-12,8.650010285320906,8.650010285320906,8.627106666564941,8.627106666564941,2100,0.0008849640310295339,0.3479860844053963,-2.1310896135212807
2016-07-13,8.65000978960549,8.65000978960549,8.398067813449437,8.588932991027832,39200,-0.004434671255131423,0.34211170104149924,1.756683189109759
2016-07-14,8.573665466488574,8.573665466488574,8.420973433728319,8.543127059936523,7700,-0.005347405986875873,0.3418522634655835,-0.33001694766094436
2016-07-15,8.466778592626884,8.688182148541792,8.268278651987918,8.436240196228027,10400,-0.012590372072773625,0.34478404437803484,0.06880443166929215
2016-07-18,8.390433674886804,8.474414825439453,8.390433674886804,8.474414825439453,1300,0.004514868762751934,0.342762534928364,-2.1790365165386967
2016-07-19,8.3217232814202,8.512588500976562,8.31408922598865,8.512588500976562,4800,0.004494464275215785,0.3367822057371364,-0.6368369929247831
2016-07-20,8.459146472490552,8.512588500976562,8.459146472490552,8.512588500976562,4000,0.0,0.29842232184981093,-0.765157780994345
2016-07-21,8.45151216933204,8.581300584254707,8.45151216933204,8.550762176513672,13600,0.004474354415440414,0.2918045665658919,0.6109920827651848
2016-07-22,8.504953335927766,8.550760574912855,8.428606966828704,8.482048988342285,4300,-0.00806837582680374,0.29222253154214445,-0.651691792039189
2016-07-25,8.489684104919434,8.54312612853583,8.489684104919434,8.489684104919434,700,0.0008997451291829012,0.2914347549023765,-2.2196490406206646
2016-07-26,8.459145389093631,8.489683791187753,8.398068584905392,8.428606986999512,20300,-0.007220278091838731,0.27149522206957954,1.1210305687954285
2016-07-27,8.40570179982917,8.474413373749798,8.40570179982917,8.436240196228027,5600,0.0009052213360514079,0.2524283012811819,-0.18797106640653213
2016-07-28,8.428605415105112,8.474413373749798,8.413336580952086,8.436240196228027,17200,0.0,0.16302166560999903,0.8854830833800525
2016-07-29,8.413336580952086,8.474413373749798,8.237740255589062,8.436240196228027,34100,0.0,0.1292241820075948,1.4133014680930835
2016-08-01,8.4744152869943,8.4744152869943,8.169030525967093,8.306453704833984,19400,-0.015503967511406565,0.10444988692659302,0.8519530440095429
2016-08-02,7.787298456108591,8.306451929213434,7.787298456108591,8.207201957702637,5800,-0.012020711136587843,0.0948175750909854,-0.2428571692857874
2016-08-03,8.199569059497978,8.420972668915198,8.199569059497978,8.390434265136719,30400,0.022080222662933868,0.12405904407226252,1.319254775449696
2016-08-04,8.321720621499763,8.359893798828125,8.123221409959319,8.359893798828125,14100,-0.0036465554625886042,0.1242900445450557,0.5374573338196279
2016-08-05,8.51258848389136,8.779800081971173,8.359896454171336,8.772165298461914,50600,0.04813795072554395,0.21242357149893193,1.5438052293356685
2016-08-08,8.779796920573252,9.130988826519893,8.688181735729707,8.894315719604492,45400,0.013828715250588607,0.21715559321326056,1.3349455853523564
2016-08-09,8.879047851795466,9.00883622646182,8.795067438578995,8.840874671936035,15400,-0.0060265729586104835,0.2184379621294133,0.37822163056348124
2016-08-10,8.825606808328933,8.825606808328933,8.74162565777537,8.787433624267578,12500,-0.006063112861892146,0.21988851730300674,0.13460869067385953
2016-08-11,8.909585779672305,8.932489395141602,8.787432193045648,8.932489395141602,3400,0.01637242001086856,0.22530235842189872,-0.9349571703666325
2016-08-12,8.970664622661786,9.459279808903219,8.917222598325042,9.146260261535645,30700,0.02364995746162977,0.23575206379587096,0.9701010871040421
2016-08-15,9.14625900790168,9.230240152454783,9.008836574429749,9.214970588684082,26500,0.007484318283761816,0.2289156245553315,0.7879146352642399
2016-08-16,9.276049824861738,9.276049824861738,9.100454163918199,9.19970417022705,9900,-0.0016580713104563962,0.22980716147818944,-0.16509834078737556
2016-08-17,9.184434117060619,9.314222523982835,9.161530494689941,9.161530494689941,4900,-0.004158078825791185,0.23147870632548698,-0.838038360106555
2016-08-18,9.161531259776616,9.413473311173025,9.100454442958885,9.390569686889648,47800,0.02469271160806007,0.24232669447777502,1.211306609303786
2016-08-19,9.421105368942676,9.535624185312265,9.314220606396283,9.474547386169434,23500,0.008903019647621331,0.24276587801627508,0.5124871059516205
2016-08-22,9.45164283834292,9.53562324687627,9.36766242980957,9.36766242980957,7500,-0.011345389304282461,0.24522204363709968,-0.5967876999489501
2016-08-23,9.444009177631688,9.871547508372641,9.253143994426296,9.581432342529297,33800,0.022563503387142768,0.25233928170158676,0.871857340851787
2016-08-24,9.497453552319712,9.65778037511409,9.497453552319712,9.543261528015137,9300,-0.003991788360974227,0.25048769002217613,-0.6844768656111595
2016-08-25,9.581435683518933,9.688319757404342,9.421108844597672,9.619608879089355,11600,0.007968300512104546,0.2499022497208515,-0.4737036065244072
2016-08-26,9.619607592549517,9.619607592549517,9.444011207647335,9.61197280883789,11100,-0.0007941177981786336,0.25016752691653926,-0.5002466187954125
2016-08-29,9.604339267731639,9.642512463135558,8.970666699543267,9.596704483032227,15900,-0.0015897324723861278,0.25072498607864,0.005529479983405307
2016-08-30,9.444012324821124,9.596704376651038,9.321858683357192,9.589070320129395,9900,-0.0007958149602048602,0.23966172694994584,-0.5685179773757169
2016-08-31,9.543259912219742,9.6577787399292,9.466913541684805,9.6577787399292,9400,0.007139736115512703,0.229646622898873,-0.6868432664887536
2016-09-01,9.627242088317871,9.627242088317871,9.611973248289587,9.627242088317871,1700,-0.003166880389150211,0.226427340554277,-2.38909441754378
2016-09-02,9.604339309623928,9.627242935728923,9.520358861843514,9.619608879089355,15900,-0.000793190495592761,0.22502003317220765,0.16587962375922463
2016-09-06,9.611972494687812,9.695952928491815,9.581434088932445,9.680684089660645,43500,0.006328962419161376,0.16713552407912968,1.3429822163513236
2016-09-07,9.657779406685144,9.695952594588023,9.4211069522547,9.673048973083496,52700,-0.0007890071593410947,0.16472113614951786,1.5376788116927016
2016-09-08,9.619607911476487,9.688318782880016,9.31422310572416,9.543261528015137,43500,-0.013508255771924677,0.17232102537144425,1.2123406616851748
2016-09-09,9.589067287137645,9.596701341244662,9.161528949149778,9.428740501403809,27200,-0.012072781502264469,0.1777567789224644,0.6482036981941709
2016-09-12,9.39056696937126,9.50508578574085,9.321855388312356,9.474547386169434,13300,0.004846455780378417,0.17149481371003106,-0.21655002869396486
2016-09-13,9.421107896951435,9.543261528015137,9.253146290192308,9.543261528015137,11700,0.0072263257218862,0.15498469676864085,-0.31685931512554877
2016-09-14,9.474549928518536,9.543261528015137,9.245511506227558,9.543261528015137,14300,0.0,0.1538261044450204,-0.04460264974781802
2016-09-15,9.543261195136429,9.543261195136429,9.314222780834546,9.535626411437988,18900,-0.000800373376998136,0.153621063762894,0.25404749247237796
2016-09-16,9.497452292367264,9.527990696081899,9.222606658935547,9.222606658935547,91700,-0.03337721740245434,0.19535531331087294,1.8883609692369394
2016-09-19,9.35239584863571,9.466914690238932,9.123357437336228,9.451645851135254,141000,0.02453117498191586,0.19510197940768906,2.106743870924411
2016-09-20,9.390569475359364,9.466915130615234,9.192069461126572,9.466915130615234,14200,0.0016142118642406252,0.1926751617004723,-0.25121519155448413
2016-09-21,9.409073685219363,9.571033182245188,9.370511760116539,9.517046928405762,22800,0.0052815017399492565,0.18895382398655675,0.1893603597567579
2016-09-22,9.509331703186035,9.640441770099981,9.30109854341569,9.509331703186035,68900,-0.0008110030596985898,0.1715021201698738,1.2803127883452592
2016-09-23,9.663579663897183,9.663579663897183,9.370510114300385,9.540182113647461,32600,0.003238973732232867,0.17140175247934406,0.45768058985239474
2016-09-26,9.378223319072038,9.517045940833736,9.355086460614245,9.41678524017334,4400,-0.013018814036981206,0.17447550950412466,-1.4870912660446618
2016-09-27,9.470768569381432,9.470768569381432,9.146849708778975,9.177699089050293,49200,-0.02571723140021319,0.19431178255290438,0.8075733168870741
2016-09-28,9.208551829634734,9.285675676210083,9.116003655048821,9.131428718566895,20900,-0.0050543608055633165,0.19454483796006475,-0.038902744830061904
2016-09-29,9.169988083214568,9.32423499781928,9.131426170686565,9.185412406921387,61000,0.005894449188888271,0.19659508495691633,0.9157297935032539
2016-09-30,9.254822807865912,9.301097245528425,9.169987196909746,9.285672187805176,7600,0.010855969504076019,0.19918778112232136,-1.0823255821224071
2016-10-03,9.270249484401173,9.362797640380132,9.162276268005371,9.162276268005371,14400,-0.013377938520306122,0.20312659537691932,-0.6854034748362611
2016-10-04,9.247112083485971,9.424496604381984,9.15456392560833,9.324235916137695,36800,0.017522374195729717,0.21449434862660707,0.3589877070964673
2016-10-05,9.393648516156988,9.42449790637805,9.293387814061665,9.308812141418457,9100,-0.0016555292718996807,0.21260431475781721,-1.1514810049290027
2016-10-06,9.362795906945216,9.447631517009228,9.324233998549856,9.393645286560059,12900,0.009071933705112863,0.21595116116480975,-0.684001061399169
2016-10-07,9.331948446504343,9.439920929607903,9.324235916137695,9.324235916137695,19300,-0.007416404433213079,0.21265178159151865,-0.18201967797582674
2016-10-10,9.370507841990133,9.571029180274024,9.370507841990133,9.524755477905273,36300,0.02127722618775875,0.22214959580241425,0.5290559250735964
2016-10-11,9.524755524418609,9.524755524418609,9.21626098658906,9.247110366821289,10500,-0.029583139128779003,0.24451767695788645,-0.8741872872568568
2016-10-12,9.239397052498015,9.34737024188626,8.699532576571153,8.8692045211792,84800,-0.04172599958511255,0.2796482543897383,1.3462983923596827
2016-10-13,8.792083449464908,9.023454221399755,8.792083449464908,8.907769203186035,8700,0.004338729763766429,0.2807319298923411,-1.1024407011962947
2016-10-14,9.046594171394915,9.100581169128418,9.031169840262242,9.100581169128418,65900,0.021414436100802094,0.29346440348376956,0.9825260138178448
2016-10-17,9.108291460158043,9.162277709093484,8.892344993401318,8.946331977844238,13400,-0.017094662819166575,0.2766222546596528,-0.6133658908350899
2016-10-18,9.023453308367497,9.162275904583211,8.954042010259638,9.008028984069824,16500,0.006872675580520051,0.2621088168791973,-0.30720191500710936
2016-10-19,9.031164944575176,9.116000558585649,8.930904272286112,9.108288764953613,25600,0.011068563254997473,0.26590153957522317,0.1929348684002147
2016-10-20,9.108290868524756,9.123715194858356,8.977180784905732,9.031167030334473,13200,-0.008503253921355532,0.26553791579466257,-0.5785488387316599
2016-10-21,8.96946797763434,9.13142744443799,8.907769203186035,8.907769203186035,30500,-0.013757758195797833,0.2682764695396282,0.5058275200561181
2016-10-24,8.984893096809488,9.077442002160915,8.907769989693264,8.915482521057129,5100,0.0008655343561285576,0.2676938793678271,-1.559684570586352
2016-10-25,8.93090447852356,8.98489071273079,8.869205714998932,8.892342567443848,14400,-0.002598853764824811,0.26531341532643926,-0.41662318965101586
2016-10-26,8.869204600081963,8.915479034662075,8.869204600081963,8.900053977966309,4500,0.0008668209463102373,0.25193517803518595,-1.7026752964619305
2016-10-27,8.938618563167516,8.977180480957031,8.792083422668838,8.977180480957031,13600,0.008628513731366147,0.25392832156220924,-0.30210988877354295
2016-10-28,8.915482037902935,9.285674697217,8.907769506957035,8.961755752563477,71600,-0.0017196930736711469,0.2527619998021686,1.7222866857902612
2016-10-31,8.961753415796343,9.324234185155488,8.961753415796343,9.247110366821289,86100,0.03134494762603699,0.2741121321521739,1.7091620355039407
2016-11-01,9.324234185155488,9.540179846781104,9.123712845892365,9.247110366821289,40700,0.0,0.2698923367232301,0.7760961536726654
2016-11-02,9.239399903809442,9.239399903809442,8.861494727588484,8.977180480957031,13000,-0.02962525455236585,0.28145943547918995,-0.4724192707297433
2016-11-03,8.907768176392771,9.139138921657647,8.691822490715639,8.87691879272461,23600,-0.011231341400768438,0.283343251930223,0.1631142386544266
2016-11-04,8.907768676213298,8.946330591839063,8.822932314735137,8.853781700134277,15900,-0.0026098354920994584,0.2803290983252378,-0.31266079612355413
2016-11-07,8.884632078642897,9.17770088067832,8.676398169530616,9.046590805053711,29700,0.02154330161793552,0.2920494942581803,0.3971525845562046
2016-11-08,9.008029193861997,9.146851057803467,8.822932149427787,8.861494064331055,5200,-0.020672599429997728,0.2870465545006969,-1.4638878466196086
2016-11-09,8.838357855704261,8.869207242780593,8.630123941308467,8.80750846862793,82700,-0.0061107879287781485,0.2711856671205027,1.446954825802166
2016-11-10,8.815218450541865,8.984889662651183,8.753519694228077,8.930903434753418,20300,0.013912965519246335,0.23545248225448703,0.023239055084545168
2016-11-11,8.884631752644596,9.085152388441665,8.876919222477342,9.062015533447266,9200,0.014574002096968857,0.24026847075659466,-0.878801861644601
2016-11-14,9.069728182191572,9.216262579748369,8.745809266005633,8.954042434692383,26600,-0.011986461377728063,0.23190491863908716,0.39446420945506455
2016-11-15,9.100577719425047,9.794689273958639,8.98489196999786,9.75612735748291,107700,0.0857904355451262,0.37213812820322123,1.7805814612918638
2016-11-16,9.640442595189931,9.717566430154411,9.362798113231126,9.447633743286133,32800,-0.032131221925913375,0.3924831325249609,0.4450419444952717
2016-11-17,9.38593659465676,9.594169808303803,9.046592544665797,9.054305076599121,12800,-0.04252396894046865,0.4202674987541951,-0.5394518878772533
2016-11-18,9.154562817116943,9.532467933235052,8.645547642670952,9.023452758789062,87700,-0.003413293622463561,0.41938202723483026,1.3786590443339326
2016-11-21,9.154563712060977,9.154563712060977,8.869206714717894,8.99260425567627,26700,-0.0034245599063421734,0.4166421815601486,0.15750012264281293
2016-11-22,9.01574315244003,9.370511530790113,8.383330244058047,9.054305076599121,58000,0.0068378535288056465,0.41723022927169545,0.8804856657858846
2016-11-23,8.984893911391453,9.239401585413182,8.838359479730396,9.216264724731445,8800,0.017729484338097165,0.4211077339844691,-1.112109343101825
2016-11-25,9.185415331986615,9.216264724731445,9.085154621689034,9.216264724731445,10500,0.0,0.4211401459469865,-1.0347058429200924
2016-11-28,9.15456354322629,9.385934296009827,8.923192790442751,9.000316619873047,25600,-0.023710071309411357,0.4292220883135787,-0.06039035236265762
2016-11-29,9.00803150758073,9.26253918160246,8.923195125901794,9.216264724731445,28200,0.0237100713094114,0.4368192997461525,0.10525252749097312
2016-11-30,9.17770045229872,9.640441960610987,8.961754758323092,9.432208061218262,67000,0.023160394056472026,0.4306101040194482,1.170838864219229
2016-12-01,9.50161876573787,9.50161876573787,9.077439934451741,9.185412406921387,28400,-0.02651360436420596,0.4410116637885231,0.15235124013288462
2016-12-02,9.200836908103382,9.247110611924635,9.015739886296585,9.108288764953613,33400,-0.008431765465713371,0.4292194959498224,0.30000483009518825
2016-12-05,9.25482314106393,9.370508136124325,9.02345241543588,9.108288764953613,25400,0.0,0.4270466905288166,-0.04389413204995386
2016-12-06,9.17770059291485,9.23939936356749,9.108290027561152,9.162276268005371,13100,0.005909796449483421,0.4271024606644593,-0.8463909309107329
2016-12-07,9.162275405250773,9.162275405250773,9.023452816600713,9.123713493347168,14500,-0.004217746190257515,0.4212522081620731,-0.6718985781082908
2016-12-08,9.30880800896682,9.331945592991776,9.062012996757831,9.115999221801758,92600,-0.0008458764812639648,0.41429448422937004,1.4825122976622356
2016-12-09,9.131426833937827,9.139139364105079,8.91548113780625,9.062015533447266,45000,-0.005939465643627813,0.41425604198475724,0.6245516238269198
2016-12-12,8.977181116927019,9.108291205395155,8.977181116927019,9.015742301940918,13000,-0.005119366349306742,0.41222878191811896,-0.9711147217518772
2016-12-13,9.247112038614064,9.409071497990867,8.984891891479492,8.984891891479492,11200,-0.0034277059725208894,0.40916274440472966,-1.1965433127111718
2016-12-14,8.98489316393671,9.03888014837963,8.815221885708898,8.946331977844238,23900,-0.0043008746480240004,0.40728405092500924,-0.18988107218475364
2016-12-15,9.139137288942843,9.162274138683715,8.838355300282737,8.930903434753418,28000,-0.0017260551271173026,0.26171720788612685,0.11329757073902666
2016-12-16,8.93861801538382,9.116001796634645,8.869206714717894,8.99260425567627,34200,0.006884931869179389,0.24353475665229832,0.3990460584382705
2016-12-19,9.023454193898525,9.13913994726707,8.915481706696768,8.977180480957031,22800,-0.001716634754717493,0.1948843913497023,-0.232068238805661
2016-12-20,8.954042690446672,9.23168790396921,8.954042690446672,9.146851539611816,26000,0.01872387065089596,0.20538669105434207,0.05300977555143072
2016-12-21,9.085153865893586,9.09286639731507,8.907770056244289,8.946331977844238,17500,-0.022166112638240573,0.21982149699146064,-0.5517880110316052
2016-12-22,9.008029128449785,9.069727897644043,8.946330359255526,9.069727897644043,62000,0.013698650013516897,0.22385490913792427,1.466390653182181
2016-12-23,9.046589611580073,9.131425964325931,8.954041464908737,9.023452758789062,23200,-0.005115213365112736,0.21497352399292305,-0.19027284158434274
2016-12-27,9.06632922945828,9.370359451072412,9.06632922945828,9.339176177978516,18500,0.03439099465586112,0.2475460514239553,-0.6629609587240577
2016-12-28,9.331382950200524,9.534069061279297,9.331382950200524,9.534069061279297,12700,0.020653555731959254,0.2401756559769256,-1.2351306774394575
2016-12-29,9.534069808690198,9.549661449545626,9.385952937815402,9.440522193908691,16900,-0.009860304661166788,0.23123744838985935,-0.6849604260894737
2016-12-30,9.549661636352539,9.549661636352539,9.331383864259156,9.549661636352539,25300,0.01149442733771322,0.2205259801324814,0.09999047800254099
2017-01-03,9.580840827330745,9.580840827330745,9.378154023773517,9.487293243408203,126900,-0.006552373158386643,0.19944855761695585,2.4702015362780334
2017-01-04,9.518476499594462,9.604228272221379,9.39374637815525,9.448315620422363,13000,-0.00411686556449354,0.19727868539159502,-0.9690348590456654
2017-01-05,9.49509171347251,9.49509171347251,9.378156643318965,9.39374828338623,700,-0.005792092614507521,0.19893769710537393,-3.327279848529989
2017-01-06,9.38594985147674,9.424928197347887,9.159876337564222,9.292402267456055,17100,-0.010847286002612687,0.20265923183195056,-0.2034775792525634
2017-01-09,9.432724015212138,9.440519089626278,9.292402267456055,9.292402267456055,5000,0.0,0.20190237168125175,-1.3076390129118531
2017-01-10,9.159879650974537,9.518479224495385,9.0819229310329,9.230040550231934,14500,-0.0067336639635173995,0.20355712548601018,-0.23212742668287528
2017-01-11,9.292401539714152,9.354766590843774,9.191058145766005,9.206649780273438,9500,-0.0025374166500895102,0.20252021049936403,-0.5879454917996264
2017-01-12,9.269016028858536,9.354767799377441,9.206650969672031,9.354767799377441,15200,0.01596011323717269,0.20791009659588966,-0.1201392853878938
2017-01-13,9.354767799377441,9.61981967264516,9.105307562631424,9.354767799377441,146800,0.0,0.20717066169874343,1.8656322215460641
2017-01-17,9.409336819315856,9.448315166254515,9.105307348784606,9.245628356933594,5700,-0.011735308652329472,0.21153863172685328,-1.0328483762662624
2017-01-18,9.183264493278362,9.339177157855623,9.105308532714844,9.105308532714844,4000,-0.015293231067098425,0.21927901709880518,-1.2212954553256632
2017-01-19,9.16767265689841,9.191059368320303,9.120898490604475,9.144285202026367,3100,0.00427151739831667,0.21856914389127763,-1.2956733052037128
2017-01-20,9.198857307434082,9.269018201325707,9.128696413542457,9.198857307434082,63600,0.005950154548155307,0.21907140388479196,1.1426815849091936
2017-01-23,9.237835219450657,9.237835219450657,9.081921799001472,9.12090015411377,11800,-0.008510770302567423,0.21175402749730107,-0.18644551406102097
2017-01-24,9.261219027357914,9.32358407857648,9.175467267794897,9.191058158874512,10800,0.007662571838420604,0.1973742295948777,-0.239285492321895
2017-01-25,9.300199770354595,9.315790665457786,9.15987799717465,9.253425598144531,15600,0.0067627457388286134,0.19329814020692498,0.11550453638439497
2017-01-26,9.097511516211107,9.276810871013062,9.081919880080434,9.26121997833252,20500,0.0008419691985195038,0.19203849984584653,0.35048900898522417
2017-01-27,9.191060936082378,9.510682106018066,9.159878401050856,9.510682106018066,41800,0.026579812018173953,0.1763098571576741,0.8991662472770129
2017-01-30,9.417134330229295,9.417134330229295,9.23783494291057,9.276812553405762,16700,-0.024897586169919137,0.18240274813142962,0.13172197867227073
2017-01-31,9.354769014721011,9.354769014721011,9.206652165772702,9.307994842529297,11500,0.0033556784011904363,0.18032362927708362,-0.16072061542738147
2017-02-01,9.26121997833252,9.26121997833252,9.26121997833252,9.26121997833252,500,-0.0050379042494452545,0.17529177393822545,-2.2386621175938406
2017-02-02,9.206651931348945,9.2768120726747,9.159877760348216,9.175469398498535,10600,-0.009302233869070354,0.17655253500173654,0.022132355719910554
2017-02-03,9.159878922667282,9.346974143510707,9.081922208924027,9.269018173217773,55200,0.010143906305424074,0.18084153160139027,1.1984206195573366
2017-02-06,9.14428424377226,9.214445114135742,9.14428424377226,9.214445114135742,3900,-0.005905085731380535,0.18088036796184145,-0.9249274474315257
2017-02-07,9.183264474123469,9.237834464199356,9.089716875572236,9.175469398498535,33500,-0.004238820574043505,0.17773059615277484,0.8092267264661802
2017-02-08,9.198855183321658,9.198855183321658,9.081920139353707,9.089715957641602,6300,-0.009389893314307512,0.18028731147092278,-0.5598981017644027
2017-02-09,9.089718084540547,9.2456307695296,9.089718084540547,9.12869644165039,6400,0.004279247020926847,0.17994890899060972,-0.5118587425283598
2017-02-10,9.159878262740042,9.159878262740042,9.1364915476821,9.152082443237305,1800,0.00255853587983766,0.18009691585980941,-1.4003422455248349
2017-02-13,9.152082443237305,9.206652436306193,9.120899908676627,9.152082443237305,5100,0.0,0.17017248550041897,-0.555309551211226
2017-02-14,9.089715940828551,9.370359451072412,9.074125047731753,9.339176177978516,20700,0.02023660189029644,0.1854854372154879,0.6538158865970622
2017-02-15,9.276812553405762,9.354769261296672,9.261221657897737,9.276812553405762,38900,-0.006700031759428263,0.18229123247738852,1.0839849808702773
2017-02-16,9.191060527225384,9.323586481076617,9.042943678277075,9.307994842529297,25800,0.0033556784011904363,0.17361172114596382,0.6732918649031454
2017-02-17,9.300200710025011,9.331383246832248,9.245630713024605,9.269018173217773,5800,-0.004196231813091591,0.17410826419705694,-0.6093421725444399
2017-02-21,9.253424392336836,9.362563617638292,9.19885515141118,9.354767799377441,51100,0.009208678863400656,0.17571773424695514,1.2708186485618762
2017-02-22,9.315791332729479,9.432726399905341,9.300200436509542,9.370361328125,59700,0.0016655193399227948,0.17242866208807153,1.2796466343775323
2017-02-23,9.26121999308911,9.417132637393614,9.245628356933594,9.245628356933594,34800,-0.013400827992252283,0.1779617890914676,0.7758796182908441
2017-02-24,9.183262325729125,9.409335821867998,8.926006304034892,8.941597938537598,31500,-0.03343651620590206,0.21094294016962184,0.6602837126089927
2017-02-27,8.90262030736504,9.175467985372158,8.90262030736504,8.97278118133545,30100,0.0034813681327231314,0.21153036577898113,0.6047444035075743
2017-02-28,8.910415412982237,9.081918931811693,8.88702796122818,8.941597938537598,35200,-0.0034813681327230546,0.1852363531827803,0.7402718215312896
2017-03-01,9.050736406256332,9.144283982922412,8.902619595730885,8.941597938537598,37900,0.0,0.16725255426514188,0.7570173312990682
2017-03-02,9.02735142730821,9.02735142730821,8.63756941147124,8.707730293273926,21900,-0.026503142942056815,0.18662356491838197,0.2986300225683059
2017-03-03,8.972781686979742,8.972781686979742,8.333538710798328,8.770094871520996,31100,0.007136453459068262,0.18982946293376302,0.5292498972458829
2017-03-06,8.816869034829692,8.82466410969061,8.512838811749305,8.71552562713623,38400,-0.006241633981232701,0.18875989387324507,0.6750159877771237
2017-03-07,8.692139137283787,9.058534460632993,8.66875242320412,8.754504203796387,22800,0.004462343993396082,0.1849720927923323,0.20623290986674425
2017-03-08,8.738911166177823,8.879232903150456,8.40369845827656,8.85584545135498,15300,0.011509409890675115,0.19093418731425627,-0.28516150812592933
2017-03-09,8.80907632993792,8.910419773449512,8.684346166677628,8.793484687805176,52500,-0.007066673077280899,0.19162252098546667,1.0167018959268672
2017-03-10,8.832458732527709,9.39374493630208,8.239990003179765,8.466063499450684,357200,-0.03794542828811711,0.2276050815802029,2.4657163187701685
2017-03-13,8.637570118837957,8.692139367619975,8.614183404138558,8.684344291687012,37400,0.02545625530436603,0.2475390688420817,0.32086650692420043
2017-03-14,9.237833845188609,9.237833845188609,8.434882377056988,8.544021606445312,31900,-0.01629008684178553,0.2513859428854993,0.046097692337727494
2017-03-15,8.567408561706543,8.692138688288773,8.49724767964149,8.567408561706543,76000,0.0027334909582229817,0.25201203889974866,1.0323460493972003
2017-03-16,8.637570429744919,8.73891385502382,8.497248649597168,8.497248649597168,34100,-0.008222879201894146,0.23761642625526946,-0.06314394424678417
2017-03-17,8.481655358225836,8.715524677936399,8.458268649289803,8.645363807678223,52300,0.017280778451130605,0.24906284405276566,0.4895813688872709
2017-03-20,8.72332121993433,8.73111703870827,8.489452604317748,8.567408561706543,125200,-0.009057899249236438,0.24855909009965854,1.4717802414788
2017-03-21,8.606388796366359,8.731118950256393,8.481658642476324,8.637571334838867,60300,0.00815614577933779,0.2520621594977346,0.4856652850307641
2017-03-22,8.61418297734589,8.62197879634286,8.434882857666631,8.481657028198242,56200,-0.018215612812912105,0.25273395000839827,0.3718946160453572
2017-03-23,8.481657742120543,8.497248637976593,8.434883567651832,8.458271026611328,62400,-0.0027610526287957554,0.2518001899984172,0.5252497096920101
2017-03-24,8.52842855059783,8.52842855059783,8.43488097387711,8.466063499450684,12300,0.0009208602415667248,0.25057570798012835,-1.6991846414233733
2017-03-27,8.497245540296554,8.497245540296554,8.388107078739907,8.473858833312988,35000,0.0009203506674264477,0.2272342648393524,-0.255757152289605
2017-03-28,8.473861453289054,8.512839805946458,8.341335500324025,8.450474739074707,29900,-0.0027633713337984166,0.22617005805988571,-0.4742527448805222
2017-03-29,8.517513671064938,8.691018786709598,8.47808058767431,8.556946754455566,54000,0.012520817031965125,0.23232196408219663,0.319042556203074
2017-03-30,8.572719536537713,8.83297683394295,8.541173220249911,8.556946754455566,104500,0.0,0.23232196408219663,1.1300216806717136
2017-03-31,8.627925402010488,8.675245252503945,8.525400438167765,8.556946754455566,75200,0.0,0.21470918869832178,0.618603651582667
2017-04-03,8.612149370668597,8.612149370668597,8.407098016099528,8.533283233642578,108700,-0.0027692472192469863,0.21281082403425952,1.020019398583344
2017-04-04,8.635808277582965,8.667354579655143,8.438643701601057,8.45441722869873,31600,-0.009285138000788673,0.21395873126747866,-0.6159286021897237
2017-04-05,8.501736815792873,8.525397107858842,8.312458992004395,8.312458992004395,61600,-0.0169335810647739,0.21928249626708635,0.21425368792675206
2017-04-06,8.351891225740419,8.37555076331988,8.304571398458359,8.320344924926758,26600,0.0009482386196144705,0.21378375998127497,-1.022865862013523
2017-04-07,8.32034526009314,8.493850297619103,8.296685721560607,8.367664337158203,29200,0.0056710825490196405,0.2152569759506253,-0.8325851835924473
2017-04-10,8.391328016292992,8.391328016292992,8.146843512321647,8.209936141967773,45000,-0.019029648491089,0.18348896273303453,-0.10306491930486417
2017-04-11,8.202048370001956,8.233594680958756,8.060090346758043,8.091636657714844,60100,-0.014514128476566655,0.1603913330264627,0.37919022215154574
2017-04-12,8.052204252249242,8.131070412277506,7.996998391503524,8.060091018676758,41300,-0.003906167783506044,0.15340309109498135,-0.32559205425007
2017-04-13,8.280911614856851,8.391324040485932,8.138952889351337,8.304571151733398,141900,0.029881255278419224,0.1901211505429283,1.7516786074454922
2017-04-17,8.478079394368669,8.67524403144701,8.399213238687972,8.43864631652832,169400,0.016015802334248812,0.19768629039530203,1.7784661426038122
2017-04-18,8.438643364947202,8.438643364947202,8.146839894390055,8.320344924926758,75200,-0.01411819541052602,0.19229241296835567,0.46766045863802813
2017-04-19,8.280911644693454,8.399210081625542,8.146839681704758,8.194159507751465,51300,-0.015282065952976135,0.19640715179081866,-0.06849280236402067
2017-04-20,8.273025556217833,8.273025556217833,8.075860977172852,8.075860977172852,31200,-0.01454215935869302,0.19717949704905052,-0.8180799163067485
2017-04-21,8.131068407994851,8.186274255132503,8.04431550292339,8.067975044250488,57000,-0.000976959074550248,0.18953543929420433,0.1518792465151034
2017-04-24,8.044314989970353,8.3597787800833,7.989109146352952,8.296686172485352,71200,0.02795365184096356,0.21668022503522352,0.49803004288019614
2017-04-25,8.37554891181618,8.509620848667003,8.26513650731463,8.422868728637695,91700,0.015094295590051026,0.22364686956382443,0.8682004620122333
2017-04-26,8.493850462223934,8.509623237510231,8.399210802013418,8.478076934814453,43500,0.006533173189712365,0.22485683778897117,-0.5431313574616792
2017-04-27,8.517510701546342,8.564829783419112,8.485964396256747,8.549057006835938,135400,0.008337337736746095,0.22640595755763004,1.4389321702338354
2017-04-28,8.596374045998338,8.675240166543414,8.430755794552132,8.541168212890625,52000,-0.0009231937442812939,0.2222020543901506,-0.33368179146304977
2017-05-01,8.556941737848867,8.556941737848867,8.52539544005545,8.541168212890625,26000,0.0,0.2222020543901506,-1.4469346138146482
2017-05-02,8.612152619928342,8.612152619928342,8.509626903962111,8.556946754455566,23400,0.0018456474382230123,0.22230321105678505,-1.456182142607117
2017-05-03,8.533284574249992,8.549058104982558,8.414986102249104,8.470191955566406,10000,-0.010190267559894573,0.22493877453089206,-2.3616039991978797
2017-05-04,8.517507610157752,8.517507610157752,8.399208444165453,8.422868728637695,12800,-0.0056026970605054785,0.22345319868717417,-1.783482914412145
2017-05-05,8.478074428783053,8.501733960780577,8.399208319294026,8.414981842041016,8600,-0.0009368045096219212,0.21505258945604205,-1.9696408374407866
2017-05-08,8.438646437019639,8.478079515423033,8.399213358616244,8.446533203125,17800,0.0037424155331594105,0.2153299143459349,-1.0340441873585853
2017-05-09,8.446532961691497,8.446532961691497,8.39921311853532,8.43075942993164,14800,-0.0018692308214520903,0.21472738908837632,-1.1777604111022058
2017-05-10,8.478077143465866,8.517510210836859,8.359778693476088,8.391324996948242,128500,-0.0046884207946708825,0.20388557576502536,1.2263169491910944
2017-05-11,8.422868728637695,8.438641499496219,8.37554891181618,8.422868728637695,31000,0.0037520405925853084,0.19599283288151115,-0.32621017395782637
2017-05-12,8.399208103062707,8.399208103062707,8.0048790700152,8.107404708862305,140800,-0.03817266866640345,0.23984630355487768,1.2455607316615687
2017-05-15,8.359778652070199,8.509623404789952,8.359778652070199,8.501736640930176,121400,0.04749264765024491,0.2727379721461767,1.1056496915897676
2017-05-16,8.517512200616759,8.620037898883135,8.359780646408247,8.509625434875488,55900,0.0009274735880240235,0.2673071570097525,0.3428391967699958
2017-05-17,8.549058133620342,8.549058133620342,8.146842124072629,8.154728889465332,38200,-0.04259993609377085,0.3026666464122522,-0.056792973766441913
2017-05-18,8.154729307829864,8.202048398367017,7.973337455108419,8.004883766174316,29300,-0.018546164629458673,0.3048167140779588,-0.33303378221478175
2017-05-19,8.012767960188972,8.154726690484043,8.004881196922991,8.03642749786377,86000,0.003932817190267293,0.301258775768237,0.8433330340667817
2017-05-22,8.178386053653009,8.178386053653009,7.571119585469764,7.657871723175049,184900,-0.048250541160948596,0.344180938447312,1.5490937960003466
2017-05-23,7.728853315566405,7.855038553024903,7.728853315566405,7.791945934295654,70600,0.01735652547961066,0.33418520280377906,0.5212993823287085
2017-05-24,7.8234922436602785,7.847151787652911,7.689420240829789,7.791945934295654,53200,0.0,0.3279259203126594,0.2505302595487635
2017-05-25,7.799832058112638,7.870810684252373,7.6973063730797575,7.768285751342773,36800,-0.0030411116833871264,0.3258290931412116,-0.1406484208860665
2017-05-26,7.776171019553192,7.807717323303223,7.697305636239718,7.807717323303223,24900,0.005063128969356324,0.3244407432631722,-0.495252970541756
2017-05-30,7.886582323979692,7.886582323979692,7.697304528713723,7.784056663513184,25200,-0.0030350206425851325,0.3242446172682944,-0.4419295991864794
2017-05-31,7.728850704914678,7.823489601041419,7.705191168913766,7.776169776916504,37300,-0.0010137239714701704,0.32408947935522026,-0.020602171298338655
2017-06-01,7.720964845043828,7.862923581895172,7.720964845043828,7.760397911071777,36100,-0.0020302902905200773,0.3234154620282038,-0.08144650535290586
2017-06-02,7.744625281732732,7.815604658387841,7.697306198711502,7.71307897567749,17100,-0.0061161538866552284,0.32284396861911463,-0.9994217609414773
2017-06-05,7.736738072321605,7.736738072321605,7.318748641604832,7.429161071777344,80300,-0.03750451477078097,0.34257920702065264,0.7533978062364506
2017-06-06,7.381841787780349,7.492254226087037,7.097925056292983,7.176791191101074,121400,-0.03456056757403047,0.3558872312678431,1.1936630387942921
2017-06-07,7.358182452904028,7.389728757280295,7.2004509310226945,7.302976608276367,91300,0.017429645754451967,0.3644294233851505,0.7393957137308772
2017-06-08,7.263542837581451,7.334522203597016,7.208336998290744,7.231996536254883,26500,-0.00976687546074981,0.36407500693105227,-1.0539770905790822
2017-06-09,7.231995941469807,7.342408363093661,7.176790106719425,7.310862064361572,37500,0.010846052127078813,0.36941864760966797,-0.481299774747911
2017-06-12,7.287202797299342,7.366068931241789,7.176791112327748,7.1846771240234375,18800,-0.017410615253950636,0.36924662704571676,-1.4261314223304804
2017-06-13,7.192563348869775,7.255655950446631,7.121583984065028,7.224109649658203,56300,0.005473413507774526,0.3543234412567298,0.2368966616462429
2017-06-14,7.247770716421047,7.2950905536492385,7.176792088763706,7.287203788757324,15100,0.00869590984421405,0.3029924332265505,-1.604224214511393
2017-06-15,7.216224599504662,7.279317216059204,7.216224599504662,7.25565767288208,16100,-0.004338371157163815,0.30172837044086004,-1.3529769946082315
2017-06-16,7.263544437982227,7.3108642764597915,7.176792278250562,7.25565767288208,17600,0.0,0.27428926924177466,-1.131743778054403
2017-06-19,7.3187500264125385,7.334523556045957,7.2950904840857005,7.326636791229248,12700,0.00973504945817476,0.2749170395594225,-1.450331451185246
2017-06-20,7.3187480749522775,7.334521600379866,7.263542240201896,7.310862064361572,17900,-0.0021553863990488495,0.2734482858949699,-0.907259230562113
2017-06-21,7.318749427795411,7.397615565265283,7.287203123232107,7.31874942779541,64700,0.0010782739107281008,0.22270061762113913,0.981156355495878
2017-06-22,7.3345232009887695,7.3345232009887695,7.29509013093743,7.3345232009887695,26800,0.0021529360281156047,0.2118800887236703,-0.28193900104226816
2017-06-23,7.373956271040109,7.389729047786693,7.29509013093743,7.3345232009887695,20900,0.0,0.2118800887236703,-0.6023462023218518
2017-06-26,7.381841243953939,7.437047835101769,7.350294942779385,7.429161071777344,21500,0.01282053521440576,0.21874236539257544,-0.5156928013874046
2017-06-27,7.429159198533873,7.46070549175411,7.247767448425293,7.247767448425293,38100,-0.024719458127371172,0.2304278532194506,0.3408130697955583
2017-06-28,7.33971696084185,7.371698266798905,7.251767797589086,7.283749103546143,21700,0.004952233103610146,0.23230357419948908,-0.5187836493053064
2017-06-29,7.323724694812955,7.435659628083158,7.267757609425029,7.3956828117370605,12200,0.015250709745310807,0.24087427505588543,-1.2714983214543314
2017-06-30,7.475637647508499,7.475637647508499,7.395684001949097,7.451651096343994,37500,0.007539205362323489,0.24332243040166676,0.3881084949307788
2017-07-03,7.459644964011252,7.611556704486311,7.403677881991128,7.491626262664795,31200,0.005350266975439955,0.2440796613678339,0.07486827102231502
2017-07-05,7.523608589764065,7.523608589764065,7.395683377663053,7.403678894042969,25000,-0.011808873965623393,0.2100262683825043,-0.18563470692313894
2017-07-06,7.459647408118636,7.459647408118636,7.211792452969109,7.227782726287842,20400,-0.024044712242999786,0.19058555793137488,-0.4418036683580098
2017-07-07,7.2037951473903,7.435659771682266,7.2037951473903,7.331720352172852,25700,0.014277876247071202,0.18730855135219743,0.12749552806446712
2017-07-10,7.3237245281002865,7.371696859122462,7.283747712664196,7.363701343536377,6400,0.004352517745205794,0.18421478008911363,-2.38410497089344
2017-07-11,7.3477094513832215,7.387686262134958,7.283746859178142,7.3716959953308105,19600,0.0010850949445083931,0.18061540513392382,-0.22284298444782172
2017-07-12,7.46764151870291,7.523608608512971,7.3716976093880575,7.499622821807861,30600,0.01720492764153305,0.17739519959037994,0.5868715510130926
2017-07-13,7.411674873758019,7.555590365121219,7.411674873758019,7.4196696281433105,22200,-0.010718197172984492,0.18225079581081896,0.06275996651388434
2017-07-14,7.47563681431929,7.603562022960984,7.47563681431929,7.539599418640137,16800,0.016034521428184987,0.18770869479974267,-0.5341618038579121
2017-07-17,7.547596222270623,7.603564088123281,7.515614911423931,7.587573051452637,12900,0.00634273110057994,0.18708135704848428,-1.0475121607207223
2017-07-18,7.5955671517112515,7.5955671517112515,7.523609025116979,7.5715813636779785,5000,-0.002109839806215638,0.1875262638675238,-2.4114317323725514
2017-07-19,7.571582777276589,7.603564088123281,7.571582777276589,7.587573051452637,29700,0.0021098398062156724,0.1854269985897444,0.6025461329420831
2017-07-20,7.6035644096349255,7.635545721833926,7.547596541415705,7.555592060089111,10900,-0.004223824897222634,0.18610138185511782,-1.0703401464279327
2017-07-21,7.619552292794001,7.619552292794001,7.467641298155587,7.539599418640137,5000,-0.0021189062033571955,0.1865364302815449,-2.127817090863227
2017-07-24,7.531603529817182,7.531603529817182,7.387687295968971,7.3956828117370605,11100,-0.019272626962659224,0.19976596867942834,-0.7405279762786707
2017-07-25,7.475636625378806,7.555589497511929,7.4116740226745605,7.4116740226745605,14300,0.0021599016398595513,0.19985219864696072,-0.29460595145697843
2017-07-26,7.467641594164181,7.579575774915409,7.435660290736056,7.523608684539795,14400,0.014989573335826626,0.20167024925130478,-0.2523026459738729
2017-07-27,7.499622600316011,7.539599418640137,7.47563681431929,7.539599418640137,3700,0.0021231519869729792,0.17941348817153563,-2.1204921072294627
2017-07-28,7.563584375258843,7.6355424878528915,7.483630747377833,7.491626262664795,45100,-0.00638315462489585,0.18125518704200363,1.5225271699638705
2017-07-31,7.523607842786405,7.579574926900331,7.315729012514201,7.363701343536377,33100,-0.01722319221634593,0.18472785120684512,0.9889686190584934
2017-08-01,7.395684211704721,7.395684211704721,7.203796371913223,7.219786643981934,39900,-0.01973730449291772,0.1942380382687586,1.2394647015449551
2017-08-02,7.275752142287625,7.347709486996423,7.107850146311934,7.147826194763184,27700,-0.010017119997711108,0.1946983308603212,0.745104036695543
2017-08-03,7.147827597710107,7.147827597710107,6.923958479967135,6.9399495124816895,22300,-0.029513782141665272,0.214335285919861,0.45112674909781025
2017-08-04,7.139833725773856,7.139833725773856,6.836010932922363,6.836010932922363,62100,-0.0150901350659046,0.2053559251138461,1.6807096805626935
2017-08-07,6.748061973043771,6.78803879798664,6.604146470741766,6.716080665588379,38900,-0.0176996144674632,0.20198452045367538,1.025014948750096
2017-08-08,6.660114226563222,6.8520020902650085,6.660114226563222,6.812026023864746,48700,0.014184832990039545,0.2099311764190256,1.1947813236283056
2017-08-09,6.796033237217485,6.875986874417801,6.796033237217485,6.8599958419799805,17400,0.007017252521866024,0.21262629838752234,-0.1163557575726779
2017-08-10,6.85999775682444,6.87598879372587,6.380277705953341,6.492212295532227,47100,-0.05510348539594958,0.26525338809293325,1.1063103337609637
2017-08-11,5.204962788359856,5.388855110416734,5.045055874346955,5.140999794006348,545800,-0.23335577721171705,0.8287128314823102,2.94206031537162
2017-08-14,5.276920476743371,5.988505111231053,5.2689253408207355,5.8445892333984375,145100,0.1282687428714017,0.9657569074771468,1.5232158203857564
2017-08-15,5.916547429053546,6.380276755165659,5.740649861823074,5.7726311683654785,65400,-0.012388330913962894,0.9634203774244404,0.759249446354891
2017-08-16,5.756639402506325,5.812606868762302,5.716662967678204,5.732653617858887,42600,-0.0069494518635325585,0.9628756473465674,0.31902142874628875
2017-08-17,5.796616127289509,6.108433991525531,5.436826313266958,5.452816963195801,53800,-0.05004618397579369,0.9693225780292897,0.5028823097880033
2017-08-18,5.500789702938144,5.56475231183904,5.4048457895868,5.428831577301025,141600,-0.004408417465445777,0.9692951741181451,1.2462732100093004
2017-08-21,5.40484597393311,5.40484597393311,4.805195923163757,5.109018325805664,127600,-0.06071665434972577,0.9801132737514957,1.072981416447766
2017-08-22,5.077037261381654,5.077037261381654,4.989088476342751,5.053051471710205,57500,-0.011014964683070907,0.9804519756486704,0.26033834126676825
2017-08-23,5.021068401562148,5.021068401562148,4.70925019534651,4.821185111999512,81900,-0.04697254092514106,0.9824062727790082,0.5380707236296486
2017-08-24,4.8451708465070285,4.8611614942678925,4.485381081264042,4.565334320068359,133100,-0.05452802483158325,0.9802963459217654,0.9334179379341002
2017-08-25,4.573330528736221,4.837176850704161,4.397433362004799,4.773213863372803,54000,0.04452809706043039,1.0051110227273152,-0.14683758717915762
2017-08-28,4.773215431887678,5.037061840557554,4.757224775111989,4.989089488983154,79400,0.04423358204847683,1.0298631547171864,0.31949912110345796
2017-08-29,4.925125375243759,5.005079016235734,4.893144071345855,4.965102195739746,32200,-0.004819545460762086,1.0310828381917803,-0.8516881082922321
2017-08-30,4.989089776925076,5.37286594293834,4.989089776925076,5.228950023651123,66300,0.05177661710976597,1.059601787928709,0.05556490580013314
2017-08-31,5.316897789945971,5.564753126338541,5.196967690079301,5.396851062774658,66200,0.0316051493311545,1.0719849333046867,-0.0007986242760299302
2017-09-01,5.492792358638225,5.852582485867106,5.492792358638225,5.604727268218994,78200,0.037794749724944184,1.08450553770871,0.15262495122018893
2017-09-05,5.796616620724033,6.08444872519196,5.788621104455414,6.07645320892334,67000,0.0808107752838139,1.1289989826395364,-0.07466238576339258
2017-09-06,6.100440156164189,6.284332860126126,5.836594185533421,5.8525848388671875,42800,-0.03753775551217305,1.1337573889827972,-0.7293664500052554
2017-09-07,6.084448889602473,6.132420844768864,5.628714743650933,5.7566399574279785,90100,-0.01652945267927918,1.1316690485022558,0.30577466093877403
2017-09-08,5.940532499040677,5.940532499040677,5.7086678640594295,5.812607288360596,67100,0.009675265181606036,1.1321513019921265,-0.24529541659590381
2017-09-11,5.756640899733643,5.756640899733643,5.572748184204102,5.572748184204102,40700,-0.04214090635165105,1.1262149458124164,-1.0474080797226855
2017-09-12,5.6686920887321195,5.6686920887321195,5.564752652285631,5.588738441467285,29700,0.002865257781344052,0.7695068199181136,-1.7860097554858057
2017-09-13,5.516778988703593,5.780624875690991,5.3568721248117175,5.444820880889893,21500,-0.026088720613201586,0.6281579438921588,-2.158604917747887
2017-09-14,5.436827426657489,5.620720129121566,5.372864432596172,5.588738441467285,10200,0.026088720613201565,0.6353011853413026,-2.7356083272564886
2017-09-15,5.596732984333953,5.652700451426277,5.460812265143438,5.484798431396484,20900,-0.01877323639517902,0.6378844153790596,-1.452192052606381
2017-09-18,5.5167800388676405,5.732654022154986,5.460812568664551,5.460812568664551,14200,-0.004382743206575447,0.6138005659760275,-1.7749725780008248
2017-09-19,5.46880835335287,5.596733570098877,5.460812836682635,5.596733570098877,16200,0.024585535723287037,0.6193278185212352,-1.4453261256785288
2017-09-20,5.588738838543746,5.684683145828881,5.556757529864457,5.572748184204102,21400,-0.00429481390287654,0.5773880625630247,-0.9708746989972687
2017-09-21,5.596732874207927,5.684681640408973,5.572746708426851,5.636709690093994,36400,0.011412184387556035,0.5751949606572715,-0.18306378143418991
2017-09-22,5.692677021026611,5.700672537048471,5.652700584658871,5.692677021026611,15600,0.009880108718520218,0.5430300520835626,-1.2607801611709422
2017-09-25,5.612724056764032,5.628714708385979,5.548761450276247,5.564752101898193,19600,-0.022728177905059984,0.506931322483617,-0.8684291426162895
2017-09-26,5.556754946257468,5.636708562028615,5.548759813428609,5.604727268218994,35500,0.007157958876667176,0.4905932549134369,0.056802258989825195
2017-09-27,5.700674048743618,5.820604152144077,5.580743945343158,5.708669185638428,14100,0.01837553250801904,0.4741991816856835,-1.2290201592084564
2017-09-28,5.765755535883272,5.985947027667862,5.635271415249008,5.7086687088012695,22500,-8.352860585666864e-08,0.47305290269346145,-0.4853052919731089
2017-09-29,5.708668722380377,5.708668722380377,5.439545830544853,5.4884772300720215,36400,-0.03933500018589589,0.4687994916508262,0.29913659897444866
2017-10-02,5.464011886106574,5.765756130218506,5.464011886106574,5.765756130218506,20100,0.04928545839950964,0.48639267356868715,-0.5639916823698304
2017-10-03,5.8146870186859605,5.8146870186859605,5.635271496067814,5.7005133628845215,12700,-0.011380069425791794,0.4718708435767871,-1.2132028131425197
2017-10-04,5.667891380930207,5.77390958933035,5.618959989869864,5.741288661956787,27900,0.007127456252288544,0.37317581259588656,0.197828799718017
2017-10-05,5.627115113344913,5.830996092894568,5.627115113344913,5.733133316040039,19000,-0.001421482895717166,0.35100932243842686,-0.4361127976340145
2017-10-06,5.635270453556645,5.749444088236242,5.57002859880952,5.741288661956787,15300,0.0014214828957171482,0.3464697088476496,-0.8059252027244466
2017-10-09,5.684201844616989,5.830996406670148,5.627115416149318,5.741288661956787,27300,0.0,0.3446369023265741,0.6599994780777677
2017-10-10,5.676047176247432,5.8065308942253,5.676047176247432,5.782065391540527,3500,0.007077262330940078,0.31033144563392634,-3.216525145103184
2017-10-11,5.847306728363037,5.879927654944445,5.700512169874584,5.847306728363037,17800,0.011220213886319793,0.3120526429825673,-0.06421942478599535
2017-10-12,5.879928170298807,6.034877779577323,5.790220419901318,5.904393672943115,35000,0.009715597178238828,0.29542848837954705,1.16724333056983
2017-10-13,5.888082110068954,6.116428962436983,5.716822456883032,5.724977493286133,21300,-0.030858145967911095,0.3070697775443975,0.1722257709138546
2017-10-16,5.741289589815456,5.8717733203973825,5.71682408476744,5.7739105224609375,31600,0.008510966362268826,0.2992133843856109,0.8849107601833268
2017-10-17,5.790220988783679,5.82284192142916,5.757600056138196,5.7739105224609375,10800,0.0,0.29833694405134864,-1.1161120165251974
2017-10-18,5.757599353790283,5.773909818123372,5.749444316059811,5.757599353790283,13300,-0.0028289755156130493,0.2878765050158616,-0.7027542359706902
2017-10-19,5.741289589815456,5.7739105224609375,5.741289589815456,5.7739105224609375,3200,0.0028289755156131044,0.28717349391720276,-2.566536628758081
2017-10-20,5.945169888056874,5.945169888056874,5.749444316059811,5.757599353790283,3200,-0.0028289755156130493,0.28532925107341345,-2.1490400059454577
2017-10-23,5.716824725763872,5.765756130218506,5.716824725763872,5.765756130218506,5100,0.001415694899259783,0.2835147560852135,-1.3766877619452504
2017-10-24,5.830997401764307,5.928860200585859,5.7086687088012695,5.7086687088012695,52800,-0.009950458213613744,0.27354310815359806,1.460749922219927
2017-10-25,5.749444519701906,5.806530952453613,5.73313405479111,5.806530952453613,14100,0.016997464684244467,0.27831815387957765,-0.08070524906031062
2017-10-26,5.790220217677336,5.855462074279785,5.700512470412899,5.855462074279785,18300,0.008391603194023494,0.2728694582980396,0.22633917515340665
2017-10-27,5.765754917257009,5.95332545597604,5.708668096300034,5.904393672943115,8800,0.008321850557341297,0.2739256035001157,-0.6209011210752824
2017-10-30,5.9777911253091345,5.9777911253091345,5.6515814329355925,5.676047325134277,18800,-0.03944166707221669,0.27412665045827594,0.3634713025218262
2017-10-31,5.724979175271528,5.757600108212046,5.643426842920235,5.7086687088012695,18700,0.005730748636607537,0.21347424397148215,0.3617360528542401
2017-11-01,5.651581830604286,5.798376416381145,5.55371903266784,5.7739105224609375,43600,0.011363738829966902,0.2133723928627274,1.3024460238778657
2017-11-02,5.8228410869380145,5.830996513366699,5.5700287007308384,5.830996513366699,45400,0.009838329800983035,0.21461885242861592,1.2844446366260431
2017-11-03,5.847306808639664,5.879927735668919,5.798375418095783,5.839151382446289,27900,0.0013975607643909402,0.2144835317704081,0.6815498707835521
2017-11-06,5.798376092616795,5.896238885088868,5.798376092616795,5.888083457946777,14000,0.008345080513313443,0.21604211875892182,-0.11793476629721572
2017-11-07,5.855462278782345,5.95332545597604,5.765754917257009,5.904393672943115,23900,0.002766208526954912,0.21606067268655202,0.5155106168429326
2017-11-08,5.863617869083652,5.912549264608859,5.6271159296090705,5.676047325134277,98100,-0.03944166707221669,0.2567442260579059,1.9374133308060062
2017-11-09,5.676045327509281,5.741287165248371,5.676045327509281,5.716821670532227,21600,0.007157901930528321,0.2547092421876871,0.19533356423164475
2017-11-10,5.749443948618815,5.904393155444441,5.749443948618815,5.847306728363037,18400,0.02256816796344949,0.2652430316299032,0.047767906942950175
2017-11-13,5.93701636645474,6.140897417119265,5.88808457208768,6.067500114440918,63400,0.036965510561400294,0.27130019065485556,1.3540513583762246
2017-11-14,6.197981191650915,6.230602114590756,6.0430316132506325,6.051187038421631,47300,-0.002692219984999965,0.27108726642861736,0.9919278982357612
2017-11-15,5.871771648390672,5.9533243456541625,5.716822456883032,5.724977493286133,21700,-0.0554158393660724,0.33683588962718036,0.11147987077686804
2017-11-16,5.708667654790468,5.855461825919687,5.708667654790468,5.749444007873535,20600,0.0042645377223584895,0.33708898087580724,0.03181987752882335
2017-11-17,5.790221522236476,5.912550225363265,5.716824611458184,5.896239757537842,16800,0.025211662648989986,0.3482449350399951,-0.31442161748165165
2017-11-20,5.830997349026626,5.863618281672108,5.7739105224609375,5.7739105224609375,11100,-0.020965234009079788,0.3563296725190956,-1.04133344120426
2017-11-21,5.806530871592456,5.855462265643431,5.757599477541481,5.814686298370361,8500,0.007037253054482161,0.35711556473026607,-1.565072414899849
2017-11-22,5.782066598370051,5.84730847097623,5.749445662066961,5.765756130218506,23800,-0.008450533670835182,0.35660511109817633,0.07806800259262343
2017-11-24,5.7820654042425055,5.871772766113281,5.724978583065703,5.871772766113281,3600,0.018220288819681903,0.3573434305939069,-2.4082825863053103
2017-11-27,5.85546038129178,5.879926264879953,5.635268984486335,5.716821670532227,37500,-0.02674359373937478,0.3681700949638532,0.7157892680351273
2017-11-28,5.643426246752965,5.790220429478067,5.553718496207104,5.782065391540527,23400,0.011347954077129721,0.3692976117233098,0.02242026237817078
2017-11-29,5.7739103460903705,5.7739103460903705,5.6271161536696965,5.692358016967773,4900,-0.015636376509979965,0.34658086403668836,-1.8742220672763719
2017-11-30,5.708667565654429,5.73313345489668,5.610804786429661,5.627115249633789,20600,-0.011527654739359221,0.3482234660649738,-0.06570368896231055
2017-12-01,5.627116706331764,5.716824471613275,5.627116706331764,5.684203147888184,33200,0.010094028117371515,0.34769728546755263,0.5611424692649024
2017-12-04,5.708668118282639,5.9370150141176925,5.659736723933446,5.871772766113281,33800,0.03246564279421267,0.36479092425543325,0.6111582741984927
2017-12-05,5.888083671043811,6.132741049950616,5.879928632478748,6.034878253936768,24600,0.027399088318805158,0.37667449039183004,0.20649778478177908
2017-12-06,6.067500114440918,6.255070696607171,6.034879177444374,6.067500114440918,27900,0.005390996466669759,0.3761436361681097,0.32919069885024704
2017-12-07,5.994102395824749,6.043033797924158,5.96148146109181,6.002257823944092,29400,-0.010810975045768532,0.37846890332402167,0.3834870856697915
2017-12-08,5.994100078549457,6.067497347759831,5.994100078549457,6.026721000671387,15100,0.004067379419261353,0.3490729411450522,-0.41114139400007577
2017-12-11,6.051187633956534,6.075653134133178,5.92070392935546,5.977790355682373,19400,-0.008152087913668938,0.3507198721586448,-0.03985119348770523
2017-12-12,6.801470733307874,6.801470733307874,5.920704817400529,5.9533257484436035,62300,-0.004100981217933535,0.34322103525095937,1.4781475000669713
2017-12-13,5.985946051629917,6.116429762115976,5.871772416082484,5.928859233856201,108500,-0.004118190249039433,0.31728577233703004,2.0656400743886767
2017-12-14,6.002256951286667,6.10827477931887,5.945170129367666,5.994101524353027,19600,0.010944083941431804,0.31992928521113545,-0.07759321152854301
2017-12-15,5.896238933112636,6.06749901576973,5.871773040359263,6.043033123016357,40200,0.008130152170845955,0.25058731084528824,0.8156472988364308
2017-12-18,6.197983627223595,6.613900752582273,6.116431287827013,6.42633056640625,66900,0.06149764280330633,0.323324660517261,1.3352132704221638
2017-12-19,6.287690589991084,6.524192538398246,6.279535162659441,6.352932453155518,40100,-0.01148719143569917,0.3198218312169463,0.6483838105624644
2017-12-20,6.393708919608332,6.4997267545976145,6.2795352682780505,6.3121562004089355,14900,-0.006439180135907664,0.30958555424772305,-0.5877419456801142
2017-12-21,6.41817392660785,6.41817392660785,5.994101452916571,6.222448348999023,41800,-0.014313875274747048,0.3159285585364472,0.6187199722956422
2017-12-22,6.018567145419395,6.238758607379999,6.018567145419395,6.173516750335693,24600,-0.00789480325595358,0.3156754928612264,-0.06422377418579052
2017-12-26,6.059343305554597,6.10827469990379,5.79022044219796,5.871772766113281,83900,-0.050112058591602525,0.3604317136562436,1.5187274349582165
2017-12-27,5.855461775283676,6.173516393288076,5.847306738060859,6.100119113922119,64500,0.038151705166656176,0.36974636389023674,1.0618461860229107
2017-12-28,6.1084318489908345,6.166607533828827,5.884040487886336,5.98376989364624,23800,-0.01925751153017821,0.3762763500113438,-0.37364750524452944
2017-12-29,5.942213821419479,6.191537237163185,5.817551915402989,6.108429431915283,86900,0.020618905023513732,0.3762705153409226,1.5243768211013722
2018-01-02,6.14167411490823,6.241403902841106,5.867418089743913,6.1915388107299805,39700,0.013513960687854267,0.3737781464343926,0.14546162328145798
2018-01-03,6.233091729546285,6.382685788391248,6.183227043264631,6.291267395019531,31900,0.015978892016749024,0.37542987932438016,-0.23046991420717636
2018-01-04,6.282958145653217,6.382687545674044,6.1915393308227555,6.366065979003906,13800,0.011819149026751904,0.3628847796248015,-1.510139886759226
2018-01-05,6.3577538348606994,6.43255066839106,6.316199730229924,6.407618522644043,6800,0.006505983485614513,0.35287994980384285,-2.2235294959981586
2018-01-08,6.424241090444411,6.499038331967665,6.349443848921157,6.440862655639648,21600,0.005174807313068523,0.35286115943011315,-0.5702768141657059
2018-01-09,6.515660894316765,6.640322454214506,6.507349912302551,6.615390300750732,81900,0.026736314322938964,0.358481143624529,1.1841490898893825
2018-01-10,6.656943235025338,6.798226733839513,6.623699709166681,6.731740474700928,47000,0.017434926382931995,0.36119658025484747,0.37214675299069566
2018-01-11,6.8730235612547315,8.144574181732938,6.781604365988674,7.645926475524902,138900,0.12733929456713716,0.5522102849105669,1.6502005838359566
2018-01-12,7.812141675053476,7.812141675053476,7.371670061251556,7.429845333099365,101500,-0.02866797718561387,0.5674269030427982,1.1746038633261733
2018-01-16,7.521266311308609,7.587752578534726,7.396603965825522,7.471401214599609,45600,0.005577518511130287,0.5652587078365428,0.21538849191476106
2018-01-17,7.396602023679632,7.562818440679853,7.396602023679632,7.4381561279296875,44900,-0.0044595746210015635,0.5677948740071591,0.1453746905262604
2018-01-18,7.438156525111358,7.6043721584085215,7.396602418642402,7.512953758239746,14700,0.010005712606546797,0.5677426310339736,-1.2528533568782436
2018-01-19,7.471400835827342,8.211061511943376,7.471400835827342,7.679170608520508,15600,0.02188284917707694,0.538628878290619,-1.066876142692434
2018-01-22,7.645927476592752,7.7789000043037735,7.596063174990512,7.679170608520508,9900,0.0,0.5347187151500875,-1.4729734232268932
2018-01-23,7.720723710713976,7.7622778183277585,7.5046429851852485,7.645926475524902,22400,-0.004338528488138462,0.5340021182279668,-0.5211287220083047
2018-01-24,7.5960623687943665,7.6126835367047905,7.479711023106598,7.587751388549805,14500,-0.007637731386636514,0.5308005443303128,-0.9703253126020012
2018-01-25,7.720722877952106,7.720722877952106,7.579439402851373,7.604371547698975,5100,0.0021879977998381043,0.5277907125937994,-1.9219871445747316
2018-01-26,7.604373172502759,7.645927284513235,7.4797116290500965,7.546197891235352,26200,-0.007679439718916844,0.4857675437070534,-0.09668186795103034
2018-01-29,7.479710030882373,7.687479753962439,7.396601824618909,7.604371547698975,34400,0.007679439718916824,0.4764348871280424,0.24584649049789853
2018-01-30,7.587751200412814,7.679169603100193,7.512953965223741,7.645926475524902,16700,0.0054497335867985126,0.4645324522558977,-0.5546461995457498
2018-01-31,7.637614877235613,7.762277189985778,7.4381561279296875,7.4381561279296875,23900,-0.027550033295485155,0.482466252312706,-0.08325623649944629
2018-02-01,7.421536859064081,7.729036040999682,7.421536859064081,7.720725059509277,2900,0.037285293390072985,0.49196723400579956,-2.1396797543760573
2018-02-02,7.6043721584085215,7.62930509783709,7.504642778430224,7.512953758239746,26200,-0.027279580783526228,0.5084548664013409,0.16254337847437755
2018-02-05,7.454779765786674,7.645927578781279,7.446468784548962,7.554509162902832,47500,0.005515926635071962,0.508397561971397,0.7173358296425014
2018-02-06,7.471399067660738,7.612682543062524,7.313494426517998,7.44646692276001,46400,-0.014404943754516886,0.5143752826335416,0.6202214110531937
2018-02-07,7.421535069445087,7.521264445544878,7.321805693345296,7.504642486572266,30700,0.007782145902434191,0.5143281159953289,0.15824193868804434
2018-02-08,7.471400316621247,7.5046434462388545,7.404914057386031,7.454779148101807,26700,-0.006666504141412993,0.511413912366506,0.06818525191395716
2018-02-09,7.479710175693742,7.504642321024043,7.29687259392144,7.355048656463623,57100,-0.013468353651864664,0.5136697293998963,0.9009482010729846
2018-02-12,7.37166969547923,7.471399067660738,7.2968724681984485,7.44646692276001,24800,0.012352711890843585,0.25642204104108335,0.0736710594880812
2018-02-13,7.388291134405462,7.388291134405462,7.130656346614219,7.305182933807373,27500,-0.019155594186560067,0.24549493173919792,0.3040368625867794
2018-02-14,7.305182102890952,7.4381545746603175,7.305182102890952,7.371668338775635,3900,0.009059962318780373,0.2469280696199964,-1.9861575930514925
2018-02-15,7.421535573772777,7.421535573772777,7.305184230793762,7.346738338470459,14500,-0.0033875982221271226,0.24674699188985788,-0.3084531904083318
2018-02-16,7.338426571418727,7.479710046820513,7.338426571418727,7.44646692276001,3000,0.01348323008990692,0.24891290920797865,-1.9726796864278977
2018-02-20,7.396604802824507,7.562821282277662,7.321808338165283,7.321808338165283,35300,-0.016882343152450723,0.24124683761350418,0.7608979853501435
2018-02-21,7.330115718554712,7.371669822490954,7.330115718554712,7.355048656463623,3600,0.004529631261607047,0.2422917137814471,-1.6238061945711892
2018-02-22,7.330116378368308,7.413224593721702,7.330116378368308,7.346738338470459,17300,-0.0011305181990632245,0.24216533345306096,0.03154750062226082
2018-02-23,7.346737388241288,7.454777737195258,7.3134942649153425,7.396601676940918,14300,0.006764210625415379,0.24300398659328173,-0.1674321116335471
2018-02-26,7.454778277606624,7.629304885864259,7.454778277606624,7.629304885864258,8800,0.03097607649156771,0.26732883054072315,-0.7241882718076109
2018-02-27,7.645925462017081,7.645925462017081,7.554507071447692,7.5628180503845215,22000,-0.00875285965435853,0.2677507744057586,0.27438208643886774
2018-02-28,7.521265131750709,7.629305497193915,7.521265131750709,7.587751388549805,14100,0.003291409049029192,0.26661571517465993,-0.16366364534320463
2018-03-01,7.554507258003772,7.629304485125171,7.554507258003772,7.604371547698975,32600,0.0021879977998381043,0.26599830398406976,0.7124722312566772
2018-03-02,7.521265652603282,7.629306025528354,7.521265652603282,7.620995044708252,13500,0.0021836588976640236,0.2468110975845542,-0.21418668029013102
2018-03-05,7.5711284237093075,7.645925650830707,7.546196278861706,7.604371547698975,43900,-0.0021836588976640895,0.2089852678352135,1.00009379197374
2018-03-06,7.5628180503845215,7.645925462017081,7.479709846173387,7.5628180503845215,63200,-0.0054794068488671546,0.18651709227158836,1.3192145583507116
2018-03-07,7.587752200125823,7.587752200125823,7.488022804260253,7.488022804260254,112900,-0.009939094110420908,0.18875734220295784,1.800610774015373
2018-03-08,7.537886575856462,7.537886575856462,7.313495649082291,7.454779148101807,17000,-0.004449461501275679,0.18251135287530115,-0.14067158648588296
2018-03-09,7.537885299719641,7.637614671688642,7.537885299719641,7.604371547698975,45600,0.019867962460563823,0.19343517713587785,0.8832107403006647
2018-03-12,7.546197891235352,7.587752003245827,7.5378869103175035,7.546197891235352,15300,-0.007679439718916844,0.1939476628267818,-0.24205467078589785
2018-03-13,7.546195029357438,7.978356362244124,7.537884051591511,7.762275695800781,37000,0.028231705119264584,0.20909188290790334,0.7289088684450913
2018-03-14,7.695790543059476,7.695790543059476,7.43815574406782,7.5628180503845215,132100,-0.02603167224921497,0.2278888142418409,1.834952101261281
2018-03-15,7.620994516949352,7.629305497193915,7.554508260150257,7.587751388549805,6700,0.003291409049029192,0.21616304154798385,-1.0028970210759172
2018-03-16,7.596062769376647,7.803832530975342,7.571129827328109,7.803832530975342,53100,0.028079675376801293,0.23354588388852415,0.8996905809605669
2018-03-19,7.75396688088223,7.928493499755859,7.720723753124334,7.928493499755859,13300,0.015848079641506592,0.23669952532982014,-0.4804090695709544
2018-03-20,7.928491943709365,8.036532285863194,7.920180965256333,7.970046043395996,8300,0.005227227084867452,0.23408202689672117,-1.0847717662403025
2018-03-21,7.928493940029826,8.12795271765327,7.928493940029826,8.036534309387207,11100,0.00830766433912539,0.2227961175876917,-0.7050877962638523
2018-03-22,7.945114742517636,8.061465282875025,7.67085797255573,7.903560638427734,41800,-0.016684562556059494,0.23449555869742306,0.6559266150391728
2018-03-23,7.936803633381565,7.953424799198527,7.762277033121162,7.945114612579346,16800,0.0052438539769909635,0.2339743059518216,-0.4214772431689033
2018-03-26,7.978357021849027,7.978357021849027,7.845383744336103,7.970046043395996,23800,0.003133044239943257,0.23371869051120672,-0.03841024005900545
2018-03-27,7.978359400231243,8.061466831800647,7.928494307226588,8.019912719726562,11000,0.006237269118074726,0.21183524697316708,-0.9880526199807727
2018-03-28,8.011478997641925,8.019912326448075,7.969313157857666,7.977746486663818,30600,-0.005271562566305432,0.2098645739294351,0.23370581216286127
2018-03-29,7.952445863861903,7.99461089176123,7.842815021981672,7.969311714172363,39400,-0.0010578469297344943,0.21020978244486785,0.48413721127082576
2018-04-02,7.9946127065737915,8.045211877484117,7.9608801940490865,8.003046035766602,20200,0.004224094186019281,0.21030998607526638,-0.30322264371233026
2018-04-03,8.04521045275661,8.04521045275661,7.842815413450552,7.851248741149902,11800,-0.01914962923316982,0.22321693022837003,-0.9443060973391438
2018-04-04,7.901847243241785,8.019911420450876,7.606688006588674,7.75848388671875,32600,-0.011885654764880663,0.2276747010361852,0.30608380872591456
2018-04-05,7.800649801396013,7.952446487322573,7.707885606800014,7.716318130493164,10900,-0.005449615514685161,0.22766411499353156,-0.9392275907562363
2018-04-06,7.682587450632198,7.868116688207134,7.564524048377192,7.581389904022217,18300,-0.01764077667756774,0.23378932285295836,-0.2154017364648642
2018-04-09,7.522355707021068,7.598254042857581,7.438024044036865,7.438024044036865,6300,-0.0190913193997531,0.24308336200239722,-1.5207751296272491
2018-04-10,7.598258346102941,7.598258346102941,7.471760779985211,7.497060775756836,2000,0.0079058190729661,0.23406242361159083,-2.413014471989982
2018-04-11,7.530789758797711,7.572954790100681,7.513923102879388,7.5645222663879395,2300,0.008958147570743253,0.2348849537944931,-1.9352309541371677
2018-04-12,7.581388665067682,7.581388665067682,7.429592772082581,7.513923645019531,7800,-0.006711409331142262,0.212285190870432,-0.6504401064198292
2018-04-13,7.429592772082581,7.522356973587169,7.429592772082581,7.513923645019531,4500,0.0,0.1927066147497369,-1.1591664854878445
2018-04-16,7.429592772082581,7.522356973587169,7.429592772082581,7.513923645019531,7200,0.0,0.19226861619684293,-0.6397917180040665
2018-04-17,7.303095470000631,7.513923864881695,7.303095470000631,7.463325500488281,13500,-0.006756692972859006,0.1626987081570139,0.1474071712154783
2018-04-18,7.454892413409955,7.454892413409955,7.319962364990205,7.328394889831543,5600,-0.018244578707267266,0.15804346105607553,-0.845496214413767
2018-04-19,7.3030951633676064,7.3030951633676064,6.77180753406477,7.04166841506958,14900,-0.03991138085545442,0.19803657519241047,0.27739957488569644
2018-04-20,6.9995038978543755,7.100701445735216,6.92360553588209,7.07540225982666,7100,0.004779165556631369,0.19520451212847892,-0.5692906139546173
2018-04-23,6.788674584787682,6.932037959943493,6.6959099769592285,6.6959099769592285,33900,-0.055127409630024965,0.25715061305638925,1.2981731109639192
2018-04-24,6.788675222091146,6.923605280964324,6.426050085684537,6.459782600402832,27100,-0.035901224755795096,0.26984678574286447,0.9835049929732574
2018-04-25,6.628444334346731,7.244063215810683,6.375450119232091,6.906737327575684,37400,0.06690169545761995,0.37747381102942706,1.2983244210407638
2018-04-26,7.201899444164807,7.201899444164807,6.830841745388464,7.050102710723877,13800,0.020544826117622546,0.3868465991004591,0.15233169363352578
2018-04-27,7.134433635080823,7.530791282653809,6.9151718892535055,7.530791282653809,19500,0.0659579346935779,0.46053028822219416,0.5819586387228086
2018-04-30,7.547656633771476,7.547656633771476,7.159732341766357,7.159732341766357,6000,-0.05052752246968636,0.4892353442166066,-0.7108724481737586
2018-05-01,7.227196124460467,7.260928630828857,6.847705226754472,7.260928630828857,5300,0.014035133400383518,0.49275944705303615,-0.7830002573096584
2018-05-02,7.168166160247928,7.168166160247928,6.98263692855835,6.98263692855835,9400,-0.03908110234617263,0.5048463476609214,-0.07776029614515143
2018-05-03,6.771808424696172,6.9236051399603475,6.771808424696172,6.839273452758789,2200,-0.020745123257383077,0.5071674351920544,-1.6447334557031545
2018-05-04,6.873004594972745,7.252496307388537,6.847705415560497,7.201897144317627,10400,0.051662977944580996,0.545124157549729,0.1984408546890195
2018-05-07,7.151299310278473,7.488625250199846,6.957337558327098,7.058535099029541,12600,-0.02010694666017357,0.5460086842427627,0.45365304780362375
2018-05-08,7.168165798007167,7.378994203830907,6.965770721435547,6.965770721435547,15700,-0.01322927946643454,0.5442612289793226,0.6608271175904283
2018-05-09,7.092266790493185,7.429592691313248,7.092266790493185,7.387426853179932,6600,0.05877122379864446,0.5842991028621789,-0.48175811838573146
2018-05-10,7.218766583242302,7.429595036202985,7.0669698397516605,7.252499103546143,9900,-0.018433367845163237,0.586294510233249,-0.04884946043378162
2018-05-11,7.252497269940796,7.480191523363465,7.252497269940796,7.378993988037109,7700,0.0172911999291522,0.5897529404067858,-0.40936087918925096
2018-05-14,7.294664108903107,7.530792553922421,7.294664108903107,7.429594993591309,3100,0.006834034296723259,0.5903537770936844,-1.6306144420976028
2018-05-15,7.303092940456373,7.412723764331699,7.252494593588513,7.294659614562988,3200,-0.018328826848001824,0.5935492332198695,-1.453756909122453
2018-05-16,7.303096490772745,7.488625729388989,7.303096490772745,7.421160697937012,7000,0.017192952453954313,0.5966212990237848,-0.3845640475932485
2018-05-17,7.362128192231571,7.421160697937012,7.362128192231571,7.421160697937012,6200,0.0,0.5930322092787683,-0.5528714813700202
2018-05-18,7.235630117782592,7.488624340943854,7.2187642651699555,7.36212682723999,33500,-0.007986611149986741,0.5756098699977525,1.535588955125868
2018-05-21,7.446457371184554,7.471756548381277,7.2777948494624916,7.438024044036865,22000,0.010256366002945176,0.5762411462256589,0.9257798164641754
2018-05-22,7.45489206223798,7.589822104301684,7.45489206223798,7.488624572753906,16900,0.006779917427773642,0.5369624929661306,0.6741147264545084
2018-05-23,7.488624669459838,7.547656362563404,7.3874271366052255,7.454892158508301,9500,-0.004514663067233153,0.5172428881707953,-0.0015641733534686362
2018-05-24,7.505490876318246,7.674154243266418,7.480191692974636,7.6488542556762695,13300,0.025685383669332963,0.4748941065653086,0.5648131384162076
2018-05-25,7.640421730726091,7.716319280756923,7.5729559013989,7.6488542556762695,12700,0.0,0.47166614798890005,0.5045498432309213
2018-05-29,7.581388192483458,7.733184880252823,7.547655684562091,7.682585716247559,23800,0.004400306176159138,0.41430062453489896,1.3904419801803793
2018-05-30,7.750050627217391,7.75848395514522,7.522356402890906,7.5476555824279785,13300,-0.01771917614179763,0.3768306412423252,0.49513597808197396
2018-05-31,7.547657137107773,7.547657137107773,7.260930362472409,7.345262050628662,14000,-0.027181509749725486,0.38783898019855145,0.5085442694118472
2018-06-01,7.404293996393099,7.581389904022217,7.269363934246458,7.581389904022217,9500,0.03164106108524348,0.3739094355469811,-0.06189698042738179
2018-06-04,7.530791084091841,7.716319506364803,7.463326057038661,7.5982561111450195,6500,0.0022222144108930125,0.3631308657559802,-0.792999851365272
2018-06-05,7.58982236374911,7.716319081446321,7.370560635777194,7.5392231941223145,11900,-0.007799609842413955,0.3230914288885193,0.20942675157784826
2018-06-06,7.5813890608594745,7.750051619785002,7.5392232200664635,7.556089878082275,34400,0.002234692437106017,0.3127782633982413,1.7504611523798455
2018-06-07,7.5898221956515615,7.631988035365593,7.564523013521743,7.623554706573486,6500,0.008888913350992539,0.3074396990368225,-0.7411512994491282
2018-06-08,7.606688101937329,7.631987281568394,7.362126416600153,7.5645222663879395,6300,-0.007773563112621386,0.23729325196450116,-0.7833947060670098
2018-06-11,7.5898214460190045,7.623553953609233,7.522356430838549,7.5645222663879395,10100,0.0,0.22649250434181523,-0.06618070624327867
2018-06-12,7.615121965785034,7.615121965785034,7.556090268175143,7.5982561111450195,3200,0.004449567166936891,0.21984373868931437,-1.6350715663813802
2018-06-13,7.58982141782071,7.58982141782071,7.41272555256837,7.5476555824279785,12100,-0.00668176574641094,0.22061424881646302,0.17559312478184852
2018-06-14,7.556090718431374,7.589823233968034,7.5139248729488965,7.581389904022217,2900,0.004459551335517932,0.2096320535516017,-1.9851239316928029
2018-06-15,7.49705702483472,7.505489548292843,7.33682701543445,7.446457862854004,23300,-0.017958082815171528,0.2125308825026266,1.0655692541535144
2018-06-18,7.404292665141279,7.480191012514304,7.336827646197804,7.36212682723999,4200,-0.011389602587526752,0.21626965355006617,-1.406552594531894
2018-06-19,7.378991851726875,7.53078851289264,7.210329341679518,7.2693610191345215,23000,-0.012680467235257538,0.21894442798661448,1.1050295939903771
2018-06-20,7.286230351467234,7.370561235376906,7.286230351467234,7.345262050628662,8600,0.010387091552712259,0.21902658329665023,-0.3045498798143374
2018-06-21,7.362127330026124,7.378993988037109,7.362127330026124,7.378993988037109,2100,0.004581826929856178,0.2182245826547215,-2.0668888735943005
2018-06-22,7.345261110348949,7.404292801953628,7.319961928839298,7.353694438934326,7000,-0.0034344816422249547,0.21801879430073678,-0.3964371567725897
2018-06-25,7.235630225058788,7.387426922055392,7.235630225058788,7.336827754974365,9600,-0.0022962684578010993,0.1958499582333775,0.05585363425360738
2018-06-26,7.336829006498734,7.421160697937012,7.286230635033058,7.421160697937012,7200,0.011428910002701905,0.2012358151707565,-0.30259671322938747
2018-06-27,7.412726499812561,7.4211598288180545,7.252497269940796,7.378993988037109,5300,-0.005698159902675723,0.2005831252706512,-0.6502275591372088
2018-06-28,7.507547594954625,7.713233628900976,7.199017726711453,7.250439643859863,38500,-0.01757520577596583,0.2004408102756212,1.9195632000978775
2018-06-29,7.181877021409007,7.447554588317871,7.0361825554305035,7.447554588317871,23500,0.026823627768659482,0.20195702486026293,1.2090878502714553
2018-07-02,7.3875632156755335,7.3875632156755335,7.09617427670463,7.276149749755859,1100,-0.023283893555159682,0.18467410663135753,-2.183018114425102
2018-07-03,7.2418694496154785,7.2418694496154785,7.2418694496154785,7.2418694496154785,400,-0.004722457434227506,0.1842604133103169,-2.5527536917010467
2018-07-05,7.241868746190082,7.447554767584744,7.233298290967738,7.276149749755859,24700,0.004722457434227446,0.18464607846875936,1.0471257093787008
2018-07-06,7.3018609396629435,7.447554588317871,7.284720029630849,7.447554588317871,3700,0.023283893555159703,0.20369954314383668,-0.5258146545119061
2018-07-09,7.404704162460188,7.456125259399415,7.31043078919894,7.456125259399414,8300,0.001150141725252868,0.2008589525671377,0.19264643001749834
2018-07-10,7.49040764345433,7.704664160605704,7.4818371866105755,7.584681034088135,10800,0.017094682665263032,0.20870226419394405,0.40517178318917124
2018-07-11,7.593249756834279,7.730374597807288,7.584680118348932,7.721804141998291,3500,0.017917474164206238,0.21760478790405985,-0.5582951191188593
2018-07-12,7.704663230380295,7.738944236292635,7.644671674364614,7.721804141998291,13200,0.0,0.21725648869006076,0.5684341818612109
2018-07-13,7.610390926529362,7.730374859953169,7.584680375554146,7.713233947753906,2500,-0.001110485775968384,0.215701006225848,-0.8432217789082254
2018-07-16,7.6446726373827225,7.713234657844327,7.541829606690316,7.678953647613525,3100,-0.004454254030599856,0.2161267613361975,-0.6572007326484649
2018-07-17,7.670382275103532,7.816076755523682,7.601820262826244,7.816076755523682,2600,0.017699440922567287,0.21280170401473164,-0.7352511450267974
2018-07-18,7.713233947753906,7.730374859953169,7.610390926529362,7.713233947753906,4100,-0.013245186891967355,0.21439762249270874,-0.32239904612876213
2018-07-19,7.533257734460611,7.841786768571701,7.3704231707884365,7.567538738250732,9600,-0.01906966717835627,0.221031796307929,0.5012676037901158
2018-07-20,7.584679251483372,7.773224353790282,7.584679251483372,7.773224353790283,2100,0.026817172119659678,0.23580182255715357,-0.8456034201111768
2018-07-23,7.644671933604211,7.7903664180032335,7.541828912379667,7.713233947753906,2800,-0.007747504941303511,0.23841334796138078,-0.5987205123989008
2018-07-24,7.713233947753906,7.850357976053298,7.541828912379667,7.713233947753906,5200,0.0,0.2377028474959473,-0.009258151557511375
2018-07-25,7.858927954760507,7.8674984103395245,7.670382018640271,7.824646949768066,2900,0.014341069060027018,0.24064186212117036,-0.501523009123484
2018-07-26,7.781796688682275,7.781796688682275,7.661812744052601,7.747515678405762,2400,-0.009906382817241212,0.24264000498566188,-0.6249374153478173
2018-07-27,7.7046627408019415,7.7046627408019415,7.31043078919894,7.456125259399414,3700,-0.038336357296286684,0.2793374360151833,-0.2074230665460058
2018-07-30,7.456125259399415,7.541828177396258,7.31043078919894,7.456125259399414,7100,0.0,0.2715377969206205,0.5237678876975855
2018-07-31,7.456126924322177,7.481837478532853,7.327573335945019,7.42184591293335,4800,-0.004608075486544885,0.2557281456719475,0.21647307520018508
2018-08-01,7.4475561765593055,7.661812693710679,7.4475561765593055,7.584681034088135,2200,0.021702758151807923,0.25193856469167925,-0.7284619625438618
2018-08-02,7.558969020843506,7.5846803891886205,7.54182892593711,7.558969020843506,1300,-0.0033957517320774297,0.2515356051307012,-1.6715240533548192
2018-08-03,7.516117411122674,7.54182795884724,7.447554588317871,7.447554588317871,7500,-0.014849072658438371,0.25796136435242467,0.9866893437989008
2018-08-06,7.447555575290685,7.6960930824279785,7.447555575290685,7.6960930824279785,6400,0.03282707287126789,0.2701292092111749,0.6783488297840321
2018-08-07,7.447555973285973,7.83321834749119,7.447555973285973,7.7560858726501465,24000,0.00776500088903221,0.2709723463694234,2.3643412574084715
2018-08-08,7.481835621517755,7.7732245546610335,7.481835621517755,7.670381546020508,11700,-0.01111144970359065,0.2686209998019292,1.3458954787098028
2018-08-09,7.661812693710679,7.670383150554434,7.55896966355687,7.584681034088135,8200,-0.011235799666193494,0.26379154284322814,0.7860390732935734
2018-08-10,7.533257534499808,7.670381546020508,7.507546986670571,7.670381546020508,11900,0.011235799666193579,0.26710012539412364,1.3149442182656543
2018-08-13,7.670381546020508,7.670381546020508,7.576108992430921,7.670381546020508,19800,0.0,0.2670863210886142,1.7558376271734772
2018-08-14,7.713234668129249,7.841788252335234,7.593250723499575,7.747515678405762,40100,0.010005874964830273,0.26891970919667463,2.191992625996813
2018-08-15,7.824649622752978,7.867501097962963,7.593252147013404,7.841789722442627,50800,0.01209485488338088,0.26505610464926704,2.06787148340579
2018-08-16,7.867500782931305,8.484559058880677,7.850359866604107,8.347434997558594,412100,0.06248721651638236,0.3369022994663621,2.9449591446857153
2018-08-17,8.356002493929184,8.818796445515396,7.92748954552256,8.0731840133667,189700,-0.03340635191875054,0.3524466286863864,2.003632219725561
2018-08-20,8.14174774725577,8.356004266920396,8.081756183293278,8.201739311218262,61800,0.01579828907037426,0.34508604278907334,1.1373408436905148
2018-08-21,8.2874415470317,8.313152098372314,8.124606148119192,8.304581642150879,33200,0.012461124680210297,0.3445841897000233,0.6543478772790496
2018-08-22,8.31315392986147,8.31315392986147,8.124607938069365,8.158889770507812,41100,-0.017699265398669783,0.35223055175104695,0.727896103535879
2018-08-23,8.141744613647461,8.270298149038833,8.056041711837583,8.141744613647461,39300,-0.002103619132712773,0.3499670218933701,0.6269075338489384
2018-08-24,8.141745350661735,8.244588351749165,8.116034804720757,8.133174896240234,23400,-0.001053119579982908,0.34754179498513643,0.20942985501052835
2018-08-27,8.124605109474286,8.313151035623806,8.0731840133667,8.0731840133667,25400,-0.0074034096392190125,0.31714452042191754,0.20904926113889563
2018-08-28,8.141744613647461,8.193166518198076,8.081753072774614,8.141744613647461,43900,0.00845652921920205,0.3172253552763629,0.5498978331819458
2018-08-29,8.141746533948838,8.15031698961593,8.056043611925185,8.098895072937012,15800,-0.005276841425745714,0.3174673982265518,-0.25317787628807625
2018-08-30,8.10746603742108,8.13317658871229,7.978912463641336,8.124606132507324,30000,0.0031696094166198518,0.31098690335268353,0.15233835905955503
2018-08-31,8.133176540865449,8.158887909329092,8.013193423996523,8.030333518981934,9500,-0.01167118982575826,0.3145245484196544,-1.0331859764975553
2018-09-04,8.056044117514968,8.13317658871229,7.970342007436369,8.124606132507324,21600,0.011671189825758191,0.30905775812037056,-0.294279284248569
2018-09-05,8.098894561420492,8.098894561420492,7.970341003827939,8.0731840133667,8700,-0.006349297210075979,0.2926027339893992,-1.2596103330449782
2018-09-06,8.03033255506132,8.11603547167208,7.978911458953733,8.0731840133667,13800,0.0,0.2920037512153701,-0.7433691652081642
2018-09-07,8.056044117514968,8.124606132507324,7.970342007436369,8.124606132507324,22800,0.006349297210076067,0.2884371321617538,-0.26734113618704886
2018-09-10,8.116034070033876,8.176025610906724,7.98747971731906,8.141744613647461,63200,0.002107232009126074,0.28395999477442774,0.721322965613691
2018-09-11,8.141745792567368,8.270299346573218,8.05604287834776,8.107464790344238,70900,-0.004219266710848005,0.28361600842224827,0.7661647584102883
2018-09-12,8.098894620036695,8.16745662689209,8.004622064941426,8.16745662689209,17900,0.007372337688083646,0.28390135039465686,-0.7400837214132578
2018-09-13,8.141744613647461,8.141744613647461,8.01319107825609,8.141744613647461,25600,-0.003153070977235725,0.28346320331045094,-0.3238074982994365
2018-09-14,8.141746282062451,8.261730205718818,8.116035733180233,8.218878746032715,34600,0.009429311121043194,0.2824587995318293,0.025762033524651732
2018-09-17,8.270299337389257,8.42456425588382,8.15031623840332,8.15031623840332,43500,-0.008377065413813174,0.180137251857873,0.5049259150144583
2018-09-18,8.141747510859206,8.210309529775278,8.056044578552246,8.056044578552246,27900,-0.011634039773165187,0.14294542414156694,0.011424364670574571
2018-09-19,8.090325997387069,8.176028934030665,8.090325997387069,8.116037368774414,8600,0.007419337302033735,0.13386076763514,-1.80007794000014
2018-09-20,8.167459246577765,8.167459246577765,8.013195090335202,8.064616203308105,20000,-0.006355903776616069,0.1265762708777689,-0.3491349437028832
2018-09-21,8.064614526276438,8.064614526276438,7.927490497098418,8.030333518981934,34600,-0.004260061294366547,0.11255038896681951,0.5895694331370881
2018-09-24,7.970342866874569,8.39885591544499,7.927491398552772,8.116037368774414,59500,0.010615965070982584,0.11906795968623742,1.4187405180594417
2018-09-25,8.064616365949824,8.236021441522706,7.97891423682532,8.158889770507812,52900,0.005266075896614456,0.12046843625872658,1.1247865925926572
2018-09-26,8.21887881331365,8.373143742517012,8.184597808748858,8.270299911499023,52000,0.013562671188334794,0.12568446654884555,1.0153834081011588
2018-09-27,8.535978840782294,8.561689391474104,8.458846371383192,8.518837928771973,79800,0.029609164830307552,0.15830730305699234,1.5458013912994193
2018-09-28,8.49312636680252,8.57025882701745,8.39028335895714,8.424564361572266,40900,-0.011128171125905102,0.16299709700643564,0.5129212698969294
2018-10-01,8.450276553488264,8.570260494649906,8.398855448221655,8.544549942016602,36900,0.014141878942895382,0.16843413027333004,0.3460434367674124
2018-10-02,8.56168882233145,8.570259277766883,8.39885425567627,8.39885425567627,17900,-0.017198347606755583,0.17520423197951449,-0.8047367188381753
2018-10-03,8.407424747081802,8.484556394359865,8.141746348711967,8.270299911499023,70300,-0.015424525040542189,0.18164895899418343,1.1961265324432035
2018-10-04,8.278869120080227,8.450274117088654,8.056042215307523,8.210307121276855,51400,-0.007280442412707873,0.18214168584058862,0.6598854175383504
2018-10-05,8.270301332125042,8.484557851789667,8.14174774725577,8.201739311218262,13600,-0.001044088057167367,0.18223549892674842,-1.5485097938237709
2018-10-08,8.236020951409794,8.484558500531351,8.236020951409794,8.407426834106445,31400,0.024769219237045514,0.19969808510782489,-0.18623690246013253
2018-10-09,8.467417755224853,8.484557851789667,8.201739311218262,8.201739311218262,29700,-0.024769219237045562,0.21959928444992752,-0.22490897247811448
2018-10-10,8.158889056797708,8.484558263235881,8.158889056797708,8.441707611083984,63700,0.028838368829356975,0.239857084843829,1.1109718077613686
2018-10-11,8.484557088721717,8.484557088721717,8.296011956846966,8.433135986328125,28100,-0.0010159057704546162,0.2392154601384048,-0.36294627056825707
2018-10-12,8.475985934597809,8.475985934597809,8.167456106098196,8.18459701538086,26200,-0.029914730878776562,0.2626265240638122,-0.4910699281171222
2018-10-15,8.15888747214085,8.296011493971177,8.15888747214085,8.278870582580566,17100,0.011452580941316076,0.2636092484113975,-1.1545655140312725
2018-10-16,8.2960123891015,8.347433494174332,8.201739000928429,8.227450370788574,7000,-0.006230386319487791,0.2628178675899157,-2.211712369791518
2018-10-17,8.321721791404588,8.39885425567627,8.296011242421901,8.39885425567627,12900,0.020619128708463264,0.26783568249699957,-1.191941628617684
2018-10-18,8.3988554416318,8.3988554416318,8.201739025401173,8.364574432373047,23500,-0.004089840058826387,0.267860388837165,-0.4295528246568822
2018-10-19,8.398853026647872,8.398853026647872,8.193167030237761,8.210307121276855,5500,-0.018615127394423715,0.27560829416852717,-2.2668984270023107
2018-10-22,8.236019285052981,8.236019285052981,7.798936661116189,7.816076755523682,89000,-0.04920759595937283,0.32556762659706295,1.3911248019376616
2018-10-23,7.661810783435326,7.764654605271425,7.447554319703288,7.498976230621338,65300,-0.04141622635867868,0.35053408684588094,0.9793913301965428
2018-10-24,7.4989764129414285,7.696091972052005,7.284719944000244,7.284719944000244,29700,-0.028987512560588506,0.35938541332121393,0.0012596648622183128
2018-10-25,7.389284793657289,7.702981394998923,7.319574622472658,7.415426731109619,43400,0.017783527564789656,0.362475211984815,0.5107436070013759
2018-10-26,7.389286060858609,7.633272532857269,7.154014400516035,7.232438564300537,42600,-0.02498626020653221,0.3453572100594786,0.546656728718609
2018-10-29,7.284720286977035,7.389285554520911,7.180155019433159,7.188868999481201,42600,-0.006042405959291919,0.34518814012667637,0.5432261874168997
2018-10-30,7.188869436458079,7.206297397613525,6.927455836202873,7.206297397613525,40200,0.002421424826530464,0.338224054396336,0.4574865284775838
2018-10-31,7.197582203378816,7.197582203378816,6.892599582672119,6.892599582672119,29900,-0.04450697051893835,0.3599973702704059,0.02163775300617079
2018-11-01,6.9361692057590485,7.1801548233656085,6.90131411752954,6.962310314178467,15000,0.010063049171095108,0.36541973762720315,-0.8430903021438165
2018-11-02,6.962310967406536,7.04073513103367,6.8141770362854,6.8141770362854,38700,-0.021506060799884284,0.36828120776332185,0.5136820715979896
2018-11-05,6.779322030553475,7.032021239370806,6.753180503845215,6.753180503845215,33500,-0.008991720492162288,0.36717918374598635,0.2530985261286776
2018-11-06,6.849032172836844,6.849032172836844,6.561477458319824,6.596332550048828,43000,-0.023499759312925545,0.34841678732774645,0.5902567314615346
2018-11-07,6.971025379490281,7.55484882150347,6.971025379490281,7.493852615356445,60500,0.12756921280546477,0.5908807285239814,1.007095850507891
2018-11-08,7.493852811936006,7.746552455330933,7.493852811936006,7.702983379364014,30600,0.02752467252632846,0.5899692808513061,0.10027432371555163
2018-11-09,7.528707154956899,7.82497501373291,7.528707154956899,7.82497501373291,25100,0.015712837602941697,0.5939966774655691,-0.17939812543192715
2018-11-12,7.824975794858183,7.885972833616273,7.58099013285884,7.702983379364014,24100,-0.015712837602941603,0.5880661921139545,-0.23235219441948837
2018-11-13,7.729122887287743,7.746550846459321,6.910027503967285,6.910027503967285,66600,-0.10863408759970095,0.6895466292839773,1.1238260742841837
2018-11-14,7.058164307091482,7.415429264206462,7.058164307091482,7.310863971710205,21300,0.05638783907688509,0.7254489990848021,-0.641241991535375
2018-11-15,7.2672939854996645,7.737838158538659,7.188869818158004,7.537420749664307,22800,0.03051859069512077,0.7307524544264263,-0.6042714247967861
2018-11-16,7.511279089168084,7.720409632803593,7.363144746340204,7.467710018157959,10700,-0.009291652851662861,0.7308792491455068,-1.6827220381430181
2018-11-19,7.476424858241799,7.737838483350387,7.328290498380633,7.45899772644043,12500,-0.0011673428402224815,0.7294021209133257,-1.7572319001052406
2018-11-20,7.467709664602757,7.729123247276094,7.363144397735596,7.363144397735596,10400,-0.012933982707308875,0.7120489569780314,-1.8909668648914535
2018-11-21,7.371858178394387,7.746550997794951,7.337003090381137,7.397999286651611,17200,0.0047225275276523634,0.6983622035260426,-0.8969251913353169
2018-11-23,7.406714774484233,7.511280059814453,7.380573660904433,7.511280059814453,2800,0.015196301644528754,0.6925167495015844,-2.9848494593993737
2018-11-26,7.424139978951625,7.842400964858963,7.371856940207854,7.816259860992432,24300,0.03980026286974253,0.703174096634337,0.010077781447757218
2018-11-27,7.7204107748482995,8.086389695853466,7.624559469255912,8.02539348602295,30600,0.02640453884021149,0.7003863882565413,0.35712584839582123
2018-11-28,8.025392726918003,8.190954208374023,7.7378380063289995,8.190954208374023,32200,0.02041969969706492,0.7011498387584642,0.4534077498883204
2018-11-29,8.190955185845043,8.696354502405084,8.18224203494722,8.652786254882812,39400,0.05485097943113639,0.720823411449082,0.7434675756302723
2018-11-30,8.55693299671591,8.696353364978426,8.051533746258816,8.626643180847168,126500,-0.003025920975050205,0.6961356368917517,2.047671684127103
2018-12-03,8.783492836223367,8.783492836223367,8.208383314841408,8.443655014038086,19300,-0.021440185093000202,0.7049885549925227,-0.34917541742842007
2018-12-04,8.434940514798681,8.45236764517067,7.807548032199283,8.112530708312988,31500,-0.04000540606912883,0.7179301205430694,0.2897188748248562
2018-12-06,8.103818458055306,8.103818458055306,7.7814085827244215,7.859832763671875,29700,-0.03164453800304157,0.7290098066028802,0.22211999111854708
2018-12-07,7.938255009562003,8.278092802732893,7.929541859232749,7.964396953582764,10500,0.013215899125141595,0.7205574122115985,-1.0130109057358176
2018-12-10,7.938256269111787,8.286808098927063,7.877260052073845,7.981825351715088,6700,0.00218589766758195,0.5771795340629444,-1.4252525518646868
2018-12-11,8.068960958593689,8.068960958593689,7.563561755062936,7.580988883972168,21100,-0.05152347534885438,0.5993947222850716,0.02575303653592167
2018-12-12,7.676841039940195,7.999250820978175,7.493851614917463,7.668127059936523,16900,0.011428744427449282,0.5980935212792052,-0.2287349966302728
2018-12-13,7.729126669124609,7.737840652974122,7.624561355964163,7.650702476501465,2400,-0.0022749245832877577,0.5957250863623444,-2.19507672108018
2018-12-14,7.76397942606279,7.76397942606279,7.476424694061279,7.476424694061279,7800,-0.023042774977090143,0.4573678473268836,-0.8362036623494035
2018-12-17,7.546134384537728,7.69426873138522,7.363144946138528,7.432855129241943,8700,-0.005844640299599277,0.41606791388439157,-0.6593521360143041
2018-12-18,7.424141104906827,7.424141104906827,7.066875419830864,7.084303379058838,27700,-0.04802851038188909,0.4339354643777684,0.6168500295005872
2018-12-19,7.093017578125,7.607129926093942,7.023307401077996,7.093017578125,22500,0.0012293154947820432,0.43352916466182856,0.3479823269144654
2018-12-20,7.075589799955712,7.075589799955712,6.4133426855069,7.014593601226807,52200,-0.011118081402039336,0.43452707265690044,1.165384204110047
2018-12-21,7.023307867896717,7.032021017348585,6.875173108567604,6.9187421798706055,23900,-0.01375879185692393,0.4347757766558835,0.2872230773281409
2018-12-24,6.88388729095459,6.971025020611135,6.761894469435426,6.88388729095459,27500,-0.005050481587973745,0.43391585964210816,0.4126668686031996
2018-12-26,6.927455902099609,7.032021176994173,6.8403181730208065,6.927455902099609,32700,0.006309126499416647,0.4301852047096169,0.5311244098511386
2018-12-27,6.927455187911024,7.075589519825758,6.927455187911024,6.979738235473633,12800,0.007518781884976355,0.40255781004090313,-0.5590874136179765
2018-12-28,6.988452253608738,7.066875578866992,6.918741661644294,6.962310314178467,17700,-0.002500053031737233,0.3859006673658509,-0.14067494424967375
2018-12-31,7.084304097661279,7.084304097661279,7.023307896197837,7.0320210456848145,11800,0.009962792265041223,0.3782426553738689,-0.5714132009486116
2019-01-02,7.049448268801999,7.215009725877833,6.8403173293026365,6.910027503967285,23400,-0.017500535137921165,0.30435456203133904,0.28822330967766463
2019-01-03,6.962310255691274,7.040734411301576,6.883886515586394,6.936169147491455,7300,0.00377600798881507,0.30741501803342897,-1.11911435067043
2019-01-04,7.136585716139762,7.171440804177885,6.944882731930085,6.979738235473633,5700,0.006261787915802147,0.3098321585475716,-1.322921185082526
2019-01-07,6.988453184258976,7.075590500931371,6.953597675882342,7.023308277130127,9400,0.006222957585990062,0.2925725345613613,-0.5821733196091712
2019-01-08,7.032021176994173,7.032021176994173,6.927455902099609,6.927455902099609,6900,-0.013741739470966182,0.2797601370408516,-0.9137554346452925
2019-01-09,6.9535974902569695,6.971025036227319,6.517908425492762,6.753180503845215,20700,-0.02547905243880747,0.2783576734773595,0.5480567100889103
2019-01-10,6.883888262897988,7.127874355890436,6.883888262897988,7.040736198425293,19100,0.04169915867633014,0.3259098535847976,0.378480398113218
2019-01-11,7.136586548482854,7.337003951334964,7.136586548482854,7.2847208976745605,10400,0.03406638865239665,0.3096461216252815,-0.4253782911627948
2019-01-14,7.241150978850489,7.354429378694208,7.232437000089971,7.29343318939209,25800,0.00119525321281652,0.3061055026600881,0.8069947860596833
2019-01-15,7.241152255688402,7.467709926335682,7.241152255688402,7.354430675506592,10100,0.008328564392392311,0.30834942050998665,-0.6960761101928329
2019-01-16,7.4067127519588425,7.458995795852712,7.36314368721575,7.415426731109619,5600,0.008259579045247744,0.30024049257143687,-1.585345847455545
2019-01-17,7.415428433778814,7.563562789312237,7.319576303133081,7.450283527374268,22700,0.004689565387659731,0.30004668816224217,0.578062489130175
2019-01-18,7.563560828057234,7.580987954830562,7.406712532043457,7.406712532043457,18200,-0.005865401063666088,0.24538023965108666,0.25923224499478964
2019-01-22,7.371858377727244,7.467709664602757,7.363144397735596,7.363144397735596,12400,-0.005899618511198782,0.24694373046755924,-0.3274302479048869
2019-01-23,7.371858178394387,7.467709462678109,7.371858178394387,7.397999286651611,1300,0.0047225275276523634,0.24257715781968003,-3.0534151824542897
2019-01-24,7.476424753872293,7.476424753872293,7.258580207824707,7.258580207824707,19000,-0.019025350934636077,0.24766685325381127,0.5636572547623859
2019-01-25,7.363144930404577,7.537420387790717,7.354430949782537,7.389286041259766,16100,0.017846872774913338,0.2517908262049128,0.38385299825790326
2019-01-28,7.3805726163977745,7.458996777049522,7.32828956562631,7.354430675506592,7900,-0.004728174225972242,0.25306920720708287,-0.5365694225781253
2019-01-29,7.4328538584003825,7.476422923143475,7.354429708064973,7.415426731109619,12900,0.008259579045247744,0.25325442052452496,0.17660603035731012
2019-01-30,7.459725448884839,7.610337549116611,7.397708999934374,7.486303806304932,13000,0.009512668276188185,0.25345569508588084,0.21124950984624835
2019-01-31,7.504023886904422,7.601478435338207,7.442006587982178,7.442006587982178,15100,-0.005934676753961127,0.2542942881011579,0.41223131075745545
2019-02-01,7.574900519916719,7.752091002418395,7.433148133915378,7.681214809417725,19600,0.03163719779276488,0.2619695321832363,0.8160761452880303
2019-02-04,7.707791328430177,7.752089149696288,7.548320354747105,7.707791328430176,22700,0.0034539651483139686,0.26199145855765565,0.941468112878037
2019-02-05,7.583759000123616,7.858403991318527,7.530601441715493,7.60147762298584,39100,-0.013889025637166576,0.26996871624626295,1.5465308796729436
2019-02-06,7.672354699691978,7.725512264304088,7.574900150299073,7.574900150299072,5700,-0.0035024826415721373,0.2710882686191545,-1.1064434101218992
2019-02-07,7.566041228806203,7.769810929330676,7.566041228806203,7.619198799133301,3300,0.005831049869905997,0.2636897829057485,-1.6981199560932998
2019-02-08,7.672352480311606,7.725510029546839,7.397707536509549,7.424285888671875,17400,-0.02591471624614397,0.2643181149076889,0.45854276816391887
2019-02-11,7.504023305514893,7.619197314691926,7.450865745544434,7.450865745544434,29400,0.0035737296418854245,0.2271084893661793,1.0869099644460178
2019-02-12,7.574897959109357,7.574897959109357,7.406566423956604,7.424285888671875,48600,-0.0035737296418853403,0.1970377882452734,1.5296472360001927
2019-02-13,7.424287996968801,7.450866356678662,7.220518319431011,7.40656852722168,42500,-0.0023892581481461217,0.1973619450527752,1.3016551586415444
2019-02-14,7.335690679775166,7.406566852919998,7.247095885799441,7.362269878387451,19600,-0.005998952722900883,0.1966536636051633,0.3726173790103686
2019-02-15,7.362270369755947,7.521741347519826,7.353410636293874,7.4597249031066895,9700,0.013150244693965484,0.19992844814553837,-0.4802542813187258
2019-02-19,7.521741991917981,7.521741991917981,7.255955879660332,7.3799896240234375,12200,-0.010746304624057694,0.20277261977154518,-0.1754065170819617
2019-02-20,7.353411329075519,7.495163698180753,7.202799225673516,7.309113502502441,17600,-0.009650238132342682,0.20446273297629444,0.2625899402516937
2019-02-21,7.282534739027085,7.335691452026367,7.2027988246174415,7.335691452026367,16300,0.0036296801201356472,0.20403347501017685,0.15575279283014506
2019-02-22,7.043327304352078,7.530601701049177,7.043327304352078,7.512882232666016,4800,0.023867503482911855,0.2199823548917944,-1.6762521737795821
2019-02-25,7.707791328430177,7.752089149696288,7.504022533480993,7.707791328430176,22500,0.025612499985411118,0.22377700720674623,0.5533318230688711
2019-02-26,7.628055949894521,7.707791864739425,7.601477593249794,7.636915683746338,13000,-0.009237862757453207,0.2205666906519916,-0.224314784796415
2019-02-27,7.619195818328352,8.106469271958053,7.619195818328352,7.796386241912842,29000,0.020666508667828095,0.22881886976468535,0.8481967114750298
2019-02-28,7.539461174763396,8.017875820740386,7.539461174763396,7.8406853675842285,23200,0.005665925857192419,0.22821170781041586,0.48251305527933264
2019-03-01,7.7786667770991,7.796386241912842,7.548319648894556,7.796386241912842,17100,-0.00566592585719256,0.22852211517291682,0.022865817551560034
2019-03-04,7.583761950575186,7.787530839775741,7.574902213241843,7.760952472686768,12500,-0.004555256030358009,0.22797305167272694,-0.41676020996527674
2019-03-05,7.70779324296027,7.716652978396285,7.539462494230358,7.6103386878967285,11800,-0.019597391468504213,0.2126132621896135,-0.4631241426433176
2019-03-06,7.619197905004796,7.698932983771994,7.344552039548392,7.442006587982178,22800,-0.02236716135259168,0.22510100393844915,0.48370042940017066
2019-03-07,7.4951635636657725,7.911561774122413,7.397709022882623,7.690073490142822,43400,0.032789824889885584,0.24989058135449527,1.3883098056172485
2019-03-08,7.814104372632999,8.079890413826138,7.6014758776427005,7.96471643447876,42400,0.03509100122435056,0.27636167561279,1.2444666160674762
2019-03-11,8.044451015663368,8.044451015663368,7.8052442091490235,7.884979248046875,36200,-0.010061752696892128,0.2793357222337044,1.0015333459241376
2019-03-12,7.29139482175583,7.610338531615753,7.087625980377197,7.087625980377197,88100,-0.10660914467986453,0.46063581765252404,2.1017610638643767
2019-03-13,7.087625089122383,7.193939364069929,6.644648521052234,6.680086612701416,233300,-0.05921949046726249,0.5003492823136836,2.7004416885605136
2019-03-14,6.485176280124905,6.804119064221384,6.201671160694934,6.74210262298584,80500,0.009240884703802691,0.50283708496559,1.3618262248853539
2019-03-15,6.653508413646216,6.795260783618791,6.582631806204542,6.76868200302124,94600,0.003934547853439425,0.5036622775515118,1.4349820404306977
2019-03-18,6.768681555574075,6.777541289339376,6.600350416131565,6.733243465423584,64700,-0.005249417064293197,0.5036368990186453,0.9352712616223288
2019-03-19,6.600350416131565,6.78640060064932,6.600350416131565,6.733243465423584,78200,0.0,0.49995810343709063,1.036392666302902
2019-03-20,6.644648711461924,6.697805850458973,6.361143547688942,6.467458248138428,89900,-0.040273789515028496,0.5145739020021962,1.0775710986376883
2019-03-21,6.201670072775824,6.449737061567165,6.1573722604167545,6.210529804229736,907200,-0.04053697241860803,0.5280656713837817,2.680563963948677
2019-03-22,6.201672774642751,6.325706111848085,6.157374942984559,6.219391822814941,275700,0.001425917290978625,0.527521877242666,1.476299014906367
2019-03-25,6.254829274803446,6.414300691924839,6.157374308668233,6.299127101898193,264600,0.012738944255512395,0.520449379414702,1.3491999052359338
2019-03-26,6.334564685821533,6.3522837307452225,6.183952592742497,6.334564685821533,108600,0.005610027133937585,0.5084574023495055,0.5242000615191443
2019-03-27,6.42315917500729,6.768680722685713,6.414299442332181,6.556052207946777,205700,0.03436752855656641,0.5305299419079356,0.9845580844400132
2019-03-28,6.556052207946777,6.688945240886265,6.46745699347222,6.556052207946777,98000,0.0,0.521574212353367,0.2805376840041174
2019-03-29,6.591491345109028,6.591491345109028,6.4231601995301455,6.4497389793396,103700,-0.016348962564695278,0.5197448788491521,0.27423273398495596
2019-04-01,6.449738855440234,6.538334082344215,6.378862251461685,6.423160076141357,67300,-0.004129441371820598,0.5199074465513802,-0.19329019188851052
2019-04-02,6.378862380981445,6.538334215101974,6.3079861980191545,6.378862380981445,67700,-0.00692044903100379,0.519704224796777,-0.2916116408260722
2019-04-03,6.37000293999897,6.538334082344215,6.343424160700093,6.423160076141357,151100,0.006920449031003644,0.5212250454543184,0.4951511051977227
2019-04-04,6.414300472462591,6.511755435263429,6.21053165767369,6.378862380981445,177500,-0.00692044903100379,0.5186288165099637,0.6217973770357912
2019-04-05,6.414300464766526,6.5294744731697465,6.272548099012022,6.281407833099365,429300,-0.015395638665285072,0.4981051140476381,1.595978690826205
2019-04-08,6.2548290607974355,6.4674580321396835,6.2548290607974355,6.378862380981445,126400,0.015395638665285106,0.48017185940932305,-0.04040309213800908
2019-04-09,6.414299439826354,6.45859725827398,6.263687786506099,6.352283000946045,80100,-0.004175495268511266,0.48068348836172137,-0.7588857277452103
2019-04-10,6.440879467412209,6.538334433467826,6.370003282082811,6.467458248138428,143900,0.017968903417643876,0.33899858333662247,0.05643373438937227
2019-04-11,6.45859900472283,6.467458739790209,6.361144031258752,6.396582126617432,42200,-0.011019374417684651,0.27597967677832336,-1.539101707106958
2019-04-12,6.3965822818821785,6.46745889677535,6.299127728507999,6.387722969055176,88900,-0.0013859429846270162,0.2729326599088997,-0.5115075842104505
2019-04-15,6.423158713072039,6.423158713072039,6.290265689689838,6.316844463348389,54900,-0.011158072317236553,0.27340692735527383,-1.1154770278221506
2019-04-16,6.3345649778577,6.378862380981445,6.290267152278582,6.378862380981445,65100,0.009769981570415635,0.27697771950370986,-0.8850718019668457
2019-04-17,6.378862667871746,6.378862667871746,6.290267435184298,6.325705528259277,69900,-0.008368196903909298,0.27751404250457556,-0.7771146472853906
2019-04-18,6.334565194591836,6.343424506537553,6.281408055551371,6.299127101898193,56900,-0.004210505819075003,0.24232645529465774,-1.0030246988155915
2019-04-22,6.316846216218229,6.343424574796767,6.2548293421093195,6.325705528259277,92300,0.004210505819075078,0.19610019748013977,-0.2774443580081852
2019-04-23,6.316844463348389,6.325703772931055,6.175091707928246,6.316844463348389,80300,-0.0014017846665064378,0.19624469971212305,-0.43700892998775215
2019-04-24,6.316846084911683,6.467458188577309,6.245969900235009,6.3700032234191895,54700,0.00838018591907914,0.19344775778671325,-1.0320397827874106
2019-04-25,6.387720629830822,6.458596796313255,6.316844463348389,6.316844463348389,35000,-0.008380185919079283,0.1948865208128967,-1.634360851650415
2019-04-26,6.334564849237378,6.467457900821031,6.325705115319297,6.423160076141357,32100,0.016690430601419365,0.16236265855990836,-1.6035327184730714
2019-04-29,6.450262419609084,6.585772222995475,6.42316071739608,6.558670520782471,26000,0.02087769760434833,0.1791793020734043,-1.709016702628221
2019-04-30,6.414125497746649,6.513499395015284,6.414125497746649,6.4863972663879395,32600,-0.011080662063925944,0.17396910764119444,-1.2253447614048487
2019-05-01,6.486397850250302,6.486397850250302,6.387024374810449,6.468329906463623,29700,-0.002789309477118407,0.17360366000030664,-1.25260100911435
2019-05-02,6.441229486306718,6.5044670867411165,6.414127349853516,6.414127349853516,28500,-0.00841499030516343,0.17446559434200182,-1.2041667003514955
2019-05-03,6.450261540489117,6.5406012535095215,6.314751755571645,6.5406012535095215,97100,0.019526139975057595,0.18563421394036503,0.5398388460347147
2019-05-06,6.441228898028421,6.5857724638474,6.41412676405046,6.432194709777832,25500,-0.01671329256970277,0.19373075960644695,-1.2468264786690584
2019-05-07,6.459296159742339,6.531567934998538,6.27861629082808,6.305718421936035,80200,-0.019858895739817223,0.19886392060187147,0.6718267864485152
2019-05-08,6.585771299606052,6.585771299606052,6.2334462048198835,6.2966837882995605,93300,-0.0014337957214057887,0.19103483974359212,1.017690161158369
2019-05-09,6.242482069911126,6.377991900083819,6.233448310979013,6.341856002807617,55200,0.007148358530211122,0.1923999507539764,0.036931808324756274
2019-05-10,6.522532517044866,6.540600457449888,6.314750987000259,6.350887298583984,78100,0.001423064673417524,0.18104715937913304,0.8461493310903853
2019-05-13,6.323785752242223,6.3508878807208395,6.260547739641262,6.332819938659668,57800,-0.0028489103077462214,0.17745039183311953,0.17006141386733886
2019-05-14,6.314753864463529,6.423161987066009,6.314753864463529,6.341856002807617,44900,0.0014258456343287896,0.17753623395471557,-0.31301803696718944
2019-05-15,6.32378625869751,6.414125976238438,6.296684128048355,6.32378625869751,13600,-0.0028533501889210634,0.1734456733011011,-2.3670188658239284
2019-05-16,6.341854202205695,6.3508883893466646,6.296684128048355,6.32378625869751,138400,0.0,0.16981255802962658,1.7490630765689312
2019-05-17,6.305718315189324,6.36895633285485,6.296684128048355,6.32378625869751,46800,0.0,0.1673291112362048,-0.0868220938960182
2019-05-20,6.314752129195062,6.3237863164184915,6.170208579810241,6.2334465980529785,53400,-0.01438871450313437,0.17412188995914046,0.14782391859140037
2019-05-21,6.242480354502652,6.251514541726081,6.152140636137139,6.2334465980529785,59100,0.0,0.1732958698256596,0.3718535507766938
2019-05-22,6.1882767208450185,6.2334467968552545,6.106971187109871,6.116004943847656,19800,-0.019020309424917593,0.18457561105028977,-1.419402380552268
2019-05-23,6.1431082205914045,6.21538001105914,5.6101031197310816,5.844986438751221,99500,-0.0453248216369391,0.2350641076582238,1.2744315876697117
2019-05-24,5.917257616616789,6.025665283203125,5.8901554845833175,6.025665283203125,12700,0.03044361895335563,0.2629659655456062,-1.876657821100727
2019-05-28,5.971462143512191,6.2244133949279785,5.890156168741632,6.2244133949279785,44700,0.032451310434502355,0.2822295412344308,-0.0014254900026041898
2019-05-29,6.125039457186819,6.179243292818268,5.971461707510818,6.061801433563232,31700,-0.0264721819930623,0.2825953261027447,-0.5430983621305608
2019-05-30,6.323786834190632,6.667078222860976,6.116005249550559,6.549636363983154,547600,0.07740250898597972,0.39682354248271395,2.797912421361008
2019-05-31,6.585771725472872,6.63094180011389,6.32378632641199,6.4773640632629395,75600,-0.011095883910949518,0.39871982558193625,0.4013944279694629
2019-06-03,6.477363668674248,6.477363668674248,6.215378285573018,6.377989768981934,45700,-0.01546068277007556,0.4013466018870153,-0.22951086850276572
2019-06-04,6.341855262757935,6.350889451409698,6.215379637050042,6.2244133949279785,76800,-0.02437376031189246,0.4028728581592493,0.41572030188374093
2019-06-05,6.224411503018051,6.224411503018051,6.0618000336765165,6.143105983734131,55300,-0.01314872936622601,0.4014594086913518,-0.030711607748377567
2019-06-06,6.097937107086182,6.15214094078965,5.989529439679245,6.097937107086182,49800,-0.007379939980160982,0.3968399511601769,-0.13379747546819032
2019-06-07,6.1340728573394605,6.1340728573394605,6.025665192386996,6.125039100646973,39800,0.004434605371915665,0.3973903924213828,-0.36693594221421605
2019-06-10,6.125039100646973,6.143107044805717,6.097936969021973,6.125039100646973,24900,0.0,0.3962417663992957,-0.8927136655204593
2019-06-11,6.125040761211607,6.134074520353244,5.9714629788388045,6.007598876953125,26200,-0.019359992777932326,0.4007217209018901,-0.7591442362887346
2019-06-12,6.007597597931784,6.106971511976337,6.007597597931784,6.061801433563232,15400,0.008981874759341462,0.4027369620222137,-1.2772373645622574
2019-06-13,6.106971294756982,6.116005051654004,6.034699085711913,6.097937107086182,14600,0.005943512646675327,0.4035361369032028,-1.2256783804336149
2019-06-14,6.052767032184826,6.052767032184826,5.854019641876221,5.854019641876221,51800,-0.04082199126206886,0.4255395877995733,0.137050865959149
2019-06-17,5.872087462202657,5.953393426449993,5.745611852864179,5.790781497955322,32200,-0.010861287338634585,0.42602053674540186,-0.35764125515245165
2019-06-18,5.790780649062092,5.9082224844755915,5.5739653505513616,5.772712707519531,52000,-0.0031251462266534465,0.4257704663374037,0.22702363255673635
2019-06-19,5.718510042464604,5.799816011279825,5.718510042464604,5.736577987670898,38600,-0.0062792468337136064,0.4242834676791467,-0.12122493606626135
2019-06-20,5.772713464583725,5.89015531539917,5.736577576759552,5.89015531539917,83100,0.02641950349702449,0.4370650238854891,0.7947057030951218
2019-06-21,5.890154998801582,6.061800672127281,5.736577268416813,5.781747341156006,107000,-0.018576421496689744,0.4368588018403689,1.0021213914058973
2019-06-24,5.745611991227581,5.826917526659113,5.5558983572643745,5.691408157348633,138400,-0.015748248313443187,0.4117714410009594,1.2679106383288055
2019-06-25,5.709476241847109,5.790781779270484,5.601068140659626,5.664306163787842,25300,-0.004773287571808212,0.3953423336151447,-0.8330304233521749
2019-06-26,5.61010238191244,5.646238272393857,5.4926605224609375,5.4926605224609375,99700,-0.03077165866675366,0.3845352176353183,0.8203853182729189
2019-06-27,5.501694281482106,5.6101019444734375,5.501694281482106,5.564931869506836,56700,0.013071991371490567,0.3823442621907959,0.09336118649548489
2019-06-28,5.6010679135734955,5.899189641284979,5.546864080564254,5.863053321838379,69500,0.05218577059824597,0.31944247018007765,0.620614793211669
2019-07-01,6.323786277958529,6.594805862180539,6.323786277958529,6.405092239379883,224300,0.0884228238226166,0.4541903175400935,2.1704065915950936
2019-07-02,6.414125280024364,6.4592953492787695,6.34185351383628,6.359921455383301,85500,-0.007077308903936766,0.4516401812003128,0.7192120180201245
2019-07-03,6.359921636364566,6.387023764843184,6.332819938659668,6.332819938659668,41200,-0.004270402597562619,0.44333866521858073,-0.28469721452220126
2019-07-05,6.332821098420854,6.359922801089023,6.188277104686696,6.215379238128662,60100,-0.018718881983137127,0.4459625118956922,0.2529339933137724
2019-07-08,6.269583476639139,6.368957397939396,6.20634544839828,6.2244133949279785,58400,0.00145246125141141,0.44503048109380344,0.20054854972499642
2019-07-09,6.251513983997535,6.368955822782012,6.215378099875191,6.332819938659668,60900,0.01726642073172566,0.4484928901942315,0.23208941953661244
2019-07-10,6.368955238989008,6.37798899380468,6.242479225380166,6.350887298583984,23400,0.0028489103077461945,0.4484743234562853,-1.1347207188415704
2019-07-11,6.296683046595236,6.38702317939403,6.188275404165097,6.350887298583984,18300,0.0,0.44197343745936124,-1.4186215033286154
2019-07-12,6.350888669895896,6.730315500328899,6.350888669895896,6.685145854949951,175300,0.051293493354763076,0.4728416948159979,1.5730941933684255
2019-07-15,6.685145854949951,6.712247556022565,6.459296335733898,6.685145854949951,64500,0.0,0.4730867597318617,0.08128419201986291
2019-07-16,6.639975764999582,6.910995359805185,6.621907820730793,6.847757339477539,75500,0.024033174413534295,0.4476749023356734,0.29847798923277835
2019-07-17,6.910995043314191,7.037470647403727,6.603839574037282,6.739349365234375,172100,-0.01595781605519609,0.4506421794876075,1.417938938490308
2019-07-18,6.667077678694022,6.667077678694022,6.495431998368573,6.639975547790527,65400,-0.014855105996662328,0.45583826339614675,-0.0648638381052159
2019-07-19,6.667077591468926,6.775485252117099,6.558669930820752,6.739349365234375,30800,0.014855105996662355,0.45415251013937075,-1.1734438173032076
2019-07-22,6.802589449557085,6.802589449557085,6.585773631609915,6.79355525970459,41700,0.008011019935088346,0.44902546229304635,-0.66522025925125
2019-07-23,6.739349671625351,6.856791524720339,6.603839874267578,6.603839874267578,32200,-0.028323127867312736,0.4571602159394964,-0.9536602465621715
2019-07-24,6.594806671142578,6.712248103322745,6.540602403030124,6.594806671142578,25400,-0.0013688077037795191,0.4510832540815316,-1.1831898938397136
2019-07-25,6.603839840056323,6.603839840056323,6.368956565856934,6.368956565856934,30700,-0.034846819531953475,0.4725074093751953,-0.9328603420130092
2019-07-26,6.3960584790795805,6.658043893617816,6.3960584790795805,6.576738357543945,36400,0.032103280350689475,0.4616271682228009,-0.6127978113894897
2019-07-29,6.59480553505352,6.59480553505352,6.459295749664307,6.459295749664307,58400,-0.018018637327400736,0.47029539460990977,0.09456179111940775
2019-07-30,6.588298674151244,6.809444150062339,6.413224952699792,6.72651481628418,64100,0.040536856842777746,0.4577883541774109,0.24051826221006417
2019-07-31,6.579083428087979,6.754157132733603,6.533011678050896,6.560654640197754,50500,-0.02496676092455739,0.36040183374980006,-0.012855624928051713
2019-08-01,6.615939829628527,6.652797398867257,6.496152949291093,6.569868087768555,34000,0.0014033636396333367,0.35915987736646104,-0.6248556860001393
2019-08-02,6.542226087887988,6.579083664995652,6.311866011276601,6.5330119132995605,52500,-0.005625674915534073,0.35946700062159026,0.11109794969771347
2019-08-05,6.450081613295825,6.468510400330164,6.321080104055452,6.459296226501465,22600,-0.011347710820472964,0.35512835100437207,-1.2290569637107187
2019-08-06,6.514583269628339,6.514583269628339,6.33029494061452,6.4316534996032715,13000,-0.0042887094985188294,0.3557621928936736,-1.8510140144556284
2019-08-07,6.311864765029895,6.459295483728056,6.275007195199578,6.450080871582031,26000,0.0028610098636346784,0.3512194616270674,-0.7269910778664602
2019-08-08,6.302651731845163,6.505368402565173,6.275008329785767,6.4408674240112305,17700,-0.001429444743453003,0.35122898843376665,-1.2602335242122367
2019-08-09,6.901587412961385,7.205663071206866,6.625155595524984,6.809443473815918,390500,0.055647170699986565,0.3994767005876578,2.596026685262607
2019-08-12,6.735728394043565,6.92001671366889,6.735728394043565,6.90158748626709,49500,0.013441060699168117,0.361958710071845,0.12153337490940244
2019-08-13,6.846301286867609,6.910802266194469,6.689656804577194,6.781800746917725,44300,-0.017508792036338407,0.36791611750670583,-0.0023887819910712598
2019-08-14,6.78180008413611,6.892372804138535,6.754156684447037,6.864729404449463,24600,0.012153958178695403,0.36064636985650317,-0.7182675503334043
2019-08-15,6.90158590628109,6.966086869290237,6.698869284415983,6.75415563583374,67200,-0.01623865655388716,0.36080537846655675,0.7501633754254459
2019-08-16,6.855515775838271,6.855515775838271,6.643584492629322,6.67122745513916,47400,-0.01235409594849929,0.359600814185306,0.26529322864657573
2019-08-19,6.671227506814619,6.791014850290371,6.533011814440872,6.689656734466553,47300,0.002758693325036047,0.3558208926934838,0.23247241367967722
2019-08-20,6.735728188719176,6.735728188719176,6.6159408505207224,6.643584251403809,37300,-0.006910947830990523,0.35515567676629145,-0.11172000282999835
2019-08-21,6.615941550659446,6.726514726516357,6.615941550659446,6.652799129486084,9000,0.0013860730837259854,0.34105468188986027,-1.9177553079815157
2019-08-22,6.67122745513916,6.7633718351772,6.634369878874731,6.67122745513916,19700,0.0027661814222285945,0.341092641770939,-0.8458156702947438
2019-08-23,6.643582534057174,6.671225488417686,6.551438620560738,6.615939140319824,29200,-0.008322110438830589,0.31800595337450416,-0.3230217015793546
2019-08-26,6.597512156582716,6.625155557857669,6.486939430236816,6.486939430236816,25500,-0.01969092172766871,0.3062392734669887,-0.47645080341865276
2019-08-27,6.560653778559346,6.560653778559346,6.311864955027309,6.42243766784668,66000,-0.009993092412053954,0.3017344059871484,0.7580140038858502
2019-08-28,6.486939614317899,6.551440592871842,6.311865906280315,6.4408674240112305,44400,0.002865479539427716,0.2633099990370008,0.26730063670614035
2019-08-29,6.404010162860163,6.63437024698286,6.376367198816555,6.523797512054443,36000,0.012793422669677451,0.25426584821875986,0.01200202134195526
2019-08-30,6.4869388405782376,6.634369128971451,6.4869388405782376,6.606726169586182,32100,0.012631599804493914,0.25814142121124817,-0.13631747813484918
2019-09-03,6.62515567582095,6.6620132519258455,6.579083486001348,6.634369850158691,44300,0.0041754429835240475,0.2575547755263493,0.30265623847725903
2019-09-04,6.634369776953013,6.662013178415141,6.440867284848996,6.5422258377075195,43800,-0.013986239950126688,0.25927065094103374,0.24750135314884691
2019-09-05,6.569869086649754,6.634369622935736,6.394795386459181,6.625155448913574,26200,0.012596385860999489,0.2618381132880999,-0.5095693964972519
2019-09-06,6.625155448913574,6.671227197778283,6.468510536144275,6.625155448913574,15800,0.0,0.26182612256847676,-1.1527568501222794
2019-09-09,6.67122745513916,6.67122745513916,6.514582975703821,6.67122745513916,19800,0.006930033670557307,0.2623389256589856,-0.8581961596277403
2019-09-10,6.67122745513916,6.67122745513916,6.569869340100464,6.67122745513916,33600,0.0,0.17404902893223254,0.04345769674293238
2019-09-11,6.671227520951782,6.708085536956787,6.634369944323748,6.708085536956787,31600,0.0055097261094554754,0.16782819936506968,-0.03930000042754978
2019-09-12,6.671228291529162,6.956875202456264,6.597513129758434,6.827873229980469,45700,0.01769964319499329,0.16943640051197129,0.7269216848135317
2019-09-13,6.8186590544476395,6.910803006661049,6.772586858652423,6.827873229980469,45600,0.0,0.16388274506012604,0.6590341384267644
2019-09-16,6.818658072698124,6.910802011644661,6.744942921540894,6.791014671325684,58800,-0.0054128720223935636,0.15460852664149027,1.2235170245643574
2019-09-17,6.744943305751328,7.021375138337253,6.744943305751328,6.966088771820068,87700,0.025453548912031623,0.1704097934908681,1.8480473534922406
2019-09-18,6.9108019470054,7.270163525224133,6.7910146078068365,6.9845170974731445,182100,0.0026419406504130712,0.17040423769543017,2.57113451064125
2019-09-19,6.975303146217315,7.297807159506328,6.966088532425958,7.22409200668335,108700,0.03372569618640437,0.19918128626837808,1.558474199231758
2019-09-20,7.270163757509227,7.316235947712072,7.168805642066117,7.22409200668335,39600,0.0,0.19946718648656628,-0.05574175903785536
2019-09-23,7.224091666192684,7.279378028204124,7.002945778769975,7.122733116149902,117500,-0.014130035890924429,0.2090586461967934,1.6078654408429771
2019-09-24,7.122733299139293,7.141162086949892,7.076661109924316,7.076661109924316,39600,-0.006489314568059515,0.20788801760521458,-0.22168694971215377
2019-09-25,7.076660882600031,7.076660882600031,6.956873985367545,7.067446708679199,34300,-0.001302931604714158,0.19148120981633898,-0.49534929368639896
2019-09-26,7.085876381327846,7.307021855584834,7.085876381327846,7.279378890991211,40200,0.02954627117561193,0.2034741353305488,-0.18561381900780138
2019-09-27,7.316235850300545,7.4636665933605135,7.270163660711124,7.380736827850342,109500,0.01382793340337525,0.20490924911305997,1.391550536522178
2019-09-30,7.399165733512568,7.5926682413536835,7.399165733512568,7.491310119628906,110200,0.014870223270725668,0.2058388892299,1.2645442944343133
2019-10-01,7.546596551955924,7.55581116693334,7.13194854426675,7.187235355377197,79300,-0.04143711274728362,0.26308212878779497,0.679512018259799
2019-10-02,7.168805413019461,7.178019587139452,6.920016560502345,6.9845170974731445,95100,-0.028610729225135575,0.28631283714290046,0.8900832011416963
2019-10-03,6.993731168203764,6.993731168203764,6.7817999073679855,6.910801410675049,59800,-0.010610246654395968,0.2841013328104969,0.15275336220027202
2019-10-04,6.910801752479913,7.067446662503102,6.864729565045937,7.012160301208496,44100,0.014560218335439915,0.28505098374944265,-0.3666318790396726
2019-10-07,7.049019048740561,7.049019048740561,6.920017517580358,7.002946853637695,39900,-0.001314788220490214,0.285244419979101,-0.6629125881887407
2019-10-08,6.910801752479913,7.039803262167328,6.910801752479913,7.012160301208496,31300,0.0013147882204902772,0.2848434817800858,-1.2078205815162546
2019-10-09,7.00294639034422,7.095090335076976,6.929231234558015,7.0213751792907715,15800,0.0013132655586986217,0.2847419151384678,-2.175118136572342
2019-10-10,7.104304236699506,7.104304236699506,6.96608811377452,7.012160301208496,33600,-0.0013132655586986853,0.28479483119446647,-0.9092017594752873
2019-10-11,7.0121605722757,7.16880548835427,7.002945958681922,7.076661109924316,45300,0.009156374046376292,0.2804066206883462,-0.4008223537350365
2019-10-14,7.012160331831598,7.076660867268518,7.012160331831598,7.049017906188965,45900,-0.0039138987926526985,0.2810334240390545,-0.37908820796195547
2019-10-15,7.1780194781613424,7.2333058401727826,7.0490179668013155,7.122733116149902,32700,0.010403213360712163,0.2814590882856825,-0.8886336435259773
2019-10-16,7.095088346405411,7.260947839812851,7.06744539042208,7.178018093109131,57100,0.0077317969614965785,0.26950861926953795,0.07349671926689573
2019-10-17,7.196448604686249,7.32545012212646,7.150376853860372,7.22409200668335,65900,0.006398238929428035,0.27003556635330206,0.4463794615137804
2019-10-18,7.23330545425415,7.307020599669813,7.187233708057825,7.23330545425415,46100,0.001274565334871442,0.24349462067604505,-0.16249943246620452
2019-10-21,7.224091086273975,7.279377443847266,7.214876473656636,7.260948657989502,26900,0.003814371824496909,0.2438409102013751,-1.1665035688786705
2019-10-22,7.279378890991211,7.297807680512626,7.205663732905548,7.279378890991211,35000,0.00253505195254562,0.23823364440888972,-0.5850539058709947
2019-10-23,7.325450024592252,7.509737904196008,7.297807062340169,7.380736827850342,111700,0.01382793340337525,0.24053249982436195,1.6135522362147006
2019-10-24,7.4268080916765475,7.463665663002945,7.224091010004453,7.417593479156494,39400,0.004981200817912485,0.2404291520328969,-0.42701982793093685
2019-10-25,7.417594395036814,7.65716907761656,7.380736819159463,7.64795446395874,46400,0.03058354613245638,0.24193226055743813,-0.1207087211416675
2019-10-28,7.694029041015083,7.740100366092643,7.620313866385949,7.703242778778076,59500,0.0072031585549995,0.23904399979764876,0.45272984870340377
2019-10-29,7.657170639517323,7.89674449221114,7.657170639517323,7.869101524353027,56200,0.021302510974822535,0.24437426202793927,0.4345762276505006
2019-10-30,7.942814520215007,7.952029133233876,7.491309027336807,7.841456413269043,129100,-0.0035193071725403515,0.18745365605748876,2.079410758607129
2019-10-31,7.841456807940349,7.841456807940349,7.56502455473812,7.78617000579834,27000,-0.007075500352629632,0.1514134939062746,-1.0786008422101532
2019-11-01,7.81381368637085,7.859885879268893,7.712455564998347,7.81381368637085,37400,0.0035440690263128915,0.14035715797124906,-0.33742114420961267
2019-11-04,7.7769548343556965,7.998101148303616,7.7769548343556965,7.942814350128174,24300,0.016374511830869364,0.14190826984101693,-1.1605535930463973
2019-11-05,7.988886684959066,8.071816444396973,7.942814498743134,8.071816444396973,25900,0.01611087838758736,0.14352178333346588,-0.9618625833217163
2019-11-06,8.025744144065978,8.191603660583496,7.601881618663095,8.191603660583496,209500,0.01473114284980483,0.14462397136009372,2.534154815766852
2019-11-07,7.896744223196602,8.228463341209856,7.896744223196602,8.145533561706543,121500,-0.005639938058911235,0.1502108932785605,1.5052477022287687
2019-11-08,8.191601788811088,8.191601788811088,7.832239878054902,7.859882831573486,58500,-0.03569804838588733,0.20980185868441278,0.21624230738223676
2019-11-11,7.89674273132845,7.89674273132845,7.730884082410239,7.78617000579834,46300,-0.009422615649776001,0.2154447738150719,-0.18901220064214802
2019-11-12,7.730884951863366,7.813813846272107,7.601882984859758,7.620312213897705,45800,-0.021531741944095815,0.23216106386355742,-0.20755913470129086
2019-11-13,7.6295256068390405,7.638740220943966,7.491309910281023,7.555810451507568,102800,-0.008500478311864708,0.23451848505870235,1.077188012546869
2019-11-14,7.56502495404336,7.592667917196491,7.380737068432563,7.408380031585693,64700,-0.01970506731165051,0.24623125058432865,0.27942263765050046
2019-11-15,7.371521571596979,7.42680837003565,7.141161522484573,7.23330545425415,153000,-0.023915678567827624,0.2606116524147458,1.5645647852035827
2019-11-18,7.150376532016737,7.251734642897645,7.104304343887634,7.141161918640137,28400,-0.012820620805397545,0.26433191064807043,-1.0450219318913103
2019-11-19,7.113517849229485,7.5926667153498455,7.10430367609595,7.16880464553833,69500,0.003863427794513172,0.2643423120588036,0.2780174964302241
2019-11-20,7.583452720880093,7.583452720880093,7.196448190816212,7.297806739807129,57400,0.017834931800045743,0.27184147010489124,-0.06641009605922059
2019-11-21,7.279378571847043,7.279378571847043,7.13194782276241,7.196448802947998,69400,-0.013986173874116287,0.27124427020709485,0.28648006848900637
2019-11-22,7.233306019272014,7.353093359617919,7.178019655891664,7.343878746032715,82000,0.020279460030083733,0.2806535632009213,0.5090038133602648
2019-11-25,7.325449591657339,7.537381299741916,7.279377844167727,7.472879886627197,39900,0.017413309274455575,0.26559304625807273,-0.6817693185021074
2019-11-26,7.537381745202016,7.5558100937854284,7.353093426221297,7.380736827850342,103100,-0.01240697703916678,0.2665516440482815,0.8390179819417874
2019-11-27,7.446385170240319,7.512033562736178,7.305710299002385,7.502655029296875,80300,0.016383487003199727,0.2616238565536698,0.4015014442214176
2019-11-29,7.512033939361572,7.69960014562063,7.361980527161216,7.512033939361572,26200,0.0012492981112183859,0.2618585239018919,-1.2876300204566122
2019-12-02,7.502655029296875,7.549546802107216,7.418250017115497,7.502655029296875,92800,-0.0012492981112183904,0.26122491472898146,0.6795592739246247
2019-12-03,7.455763010644686,7.568302725046982,7.4088716865736,7.483898162841797,38800,-0.0025031608013556953,0.2605149459754175,-0.7759172521122005
2019-12-04,7.4745200745783125,7.62457348323862,7.408872127532959,7.408872127532959,147500,-0.010075582789329726,0.2529422326505992,1.3329983877557678
2019-12-05,7.390115294649661,7.549546785216413,7.371358675006107,7.465141773223877,59600,0.007566204322147654,0.24631946734319762,-0.29523844642034563
2019-12-06,7.44638757741236,7.9715735455753105,7.44638757741236,7.840276718139648,108000,0.04902970688513803,0.3012280220360804,0.9327347535393243
2019-12-09,7.690221671213557,7.690221671213557,7.530790171063216,7.6620869636535645,53100,-0.02298973321253018,0.30968326570363486,-0.42758718248186084
2019-12-10,7.652708644920143,7.905923703240976,7.558925985620253,7.680843353271484,29000,0.0024449565466310367,0.2860941203558875,-1.5148680810566322
2019-12-11,7.624574772663807,7.830898076766553,7.615196237389511,7.652709484100342,26500,-0.0036695866952821494,0.2846753124532241,-1.5471664556589058
2019-12-12,7.699598359425356,7.849651289622496,7.6151933625929615,7.774624824523926,57400,0.015805436761173346,0.2797933243992374,-0.14636822381944406
2019-12-13,7.784004373648695,7.784004373648695,7.652707595372338,7.690220832824707,42800,-0.010915702833000812,0.28094444005722885,-0.6209363962134244
2019-12-16,7.727733040750076,7.746490104170416,7.540166878476726,7.5776801109313965,31900,-0.014742401144134769,0.2768682168336107,-1.075912443558555
2019-12-17,7.52141250265697,7.671465468250467,7.52141250265697,7.587060451507568,26500,0.001237125255643822,0.26154732107111306,-1.3169843838020894
2019-12-18,7.66208620964247,7.680842381374632,7.549546496091085,7.64332914352417,49500,0.007389035937360433,0.25616570368638425,-0.18671563916197956
2019-12-19,7.690221057070496,7.690221057070496,7.568302808198645,7.596438407897949,34700,-0.006153753125444527,0.2581988234835822,-0.8128630371894068
2019-12-20,7.5776812581770425,7.6058159631810796,7.483898162841797,7.483898162841797,23100,-0.014925705908372309,0.25903590354675604,-1.4379898872160535
2019-12-23,7.502655029296875,7.605816213970684,7.483898409611356,7.502655029296875,21400,0.0025031608013558063,0.2530858441244696,-1.4094462374915246
2019-12-24,7.624573552583597,7.774626515415526,7.474520142558564,7.755870342254639,35300,0.033193058347360804,0.26834167126221703,-0.4665799162148219
2019-12-26,7.765248345195226,7.765248345195226,7.465142405481013,7.605816841125488,94700,-0.019536691775876084,0.2731242557325664,1.1851367497415
2019-12-27,7.549545942235638,7.633950944803528,7.483897557216941,7.4932756423950195,41500,-0.01490729101629314,0.27478449902189384,-0.17445760096922672
2019-12-30,7.483898106256242,7.708977980552082,7.483898106256242,7.64332914352417,29600,0.019827222677269767,0.27750331832069486,-0.711674226849694
2019-12-31,7.690221226152062,7.77462623833344,7.587060041478253,7.737112998962402,77900,0.01219536043429258,0.2802614665189944,0.9724015328825484
2020-01-02,7.737112998962402,7.765247704894136,7.502655029296875,7.502655029296875,26900,-0.03077165866675366,0.30162997661676394,-0.8947588689292235
2020-01-03,7.549546785216413,7.765247687520741,7.455763239805557,7.465141773223877,24300,-0.005012539268537721,0.30201737909971604,-1.0166166839486799
2020-01-06,7.493276495857572,7.57768150803895,7.4276285505548,7.502655029296875,19400,0.005012539268537705,0.3002678865239451,-1.3940310128192888
2020-01-07,7.446385153580323,7.587060024503521,7.408871914293215,7.465141773223877,45400,-0.005012539268537721,0.2997515681992058,0.374133093777249
2020-01-08,7.4745205421627405,7.521412766344334,7.26819770723837,7.371359348297119,44100,-0.012642289882154524,0.24350251490101657,0.46149066998502297
2020-01-09,7.437006603354919,7.512033528952666,7.380736744551423,7.427628517150879,29900,0.00760449843301212,0.23465981010828044,-0.40632975179033487
2020-01-10,7.474519859449111,7.502655012510985,7.380736761231341,7.465141773223877,19900,0.00503779144914236,0.2353770326548846,-1.2970024968743334
2020-01-13,7.474518654427469,7.493275271047132,7.408870719855156,7.446383953094482,25300,-0.0025158834002504938,0.23526807812995226,-0.7299053686451024
2020-01-14,7.46514175635321,7.502654995555541,7.418249983753753,7.427628517150879,25100,-0.0025219080488918843,0.22689413884833465,-0.6737569230202446
2020-01-15,7.418249318075285,7.52141138741405,7.324466228485107,7.324466228485107,51700,-0.013986348669624492,0.2286274593264632,1.006783179827622
2020-01-16,7.399493234993726,7.530789569910094,7.277575433310781,7.43700647354126,46400,0.015248129754792927,0.2316800794073805,0.7031308088302335
2020-01-17,7.408871502511318,7.427628121112387,7.324466495209976,7.380736351013184,74500,-0.00759500197632092,0.23267528320100603,1.5826375202382719
2020-01-21,7.4182490095138345,7.4182490095138345,7.343222540962412,7.3901143074035645,61000,0.001269792494327346,0.23074931910000515,1.1043268521918743
2020-01-22,7.3526004467103565,7.427626908869771,7.3432219153439355,7.361978530883789,52700,-0.0038144839438710647,0.23031006356925307,0.7400644890162064
2020-01-23,7.361979464321179,7.361979464321179,7.118143431386716,7.324466228485107,20500,-0.005108436328928452,0.2255572163157131,-1.2118350306107943
2020-01-24,7.455763372235491,7.587060159265561,7.361980272351937,7.530789852142334,133500,0.02777964793700219,0.24655719320058334,2.2152781662630012
2020-01-27,7.333845028107041,7.51203312841373,7.240061487908633,7.380736351013184,49300,-0.02012652015853022,0.22482371352655042,0.3475768696779011
2020-01-28,7.3807374353789355,7.418250678092457,7.315089484226836,7.371359348297119,14700,-0.0012712775418596215,0.2159706875372813,-1.6934652417956189
2020-01-29,7.399491965471451,7.577680041597253,7.305708885192871,7.305708885192871,28400,-0.00894605106457877,0.21226006939674108,-0.4627335080872727
2020-01-30,7.446383729207241,7.446383729207241,7.249439037025724,7.305708885192871,21500,0.0,0.19814647707886238,-0.9207714098450529
2020-01-31,7.333845620778632,7.333845620778632,7.080631025604584,7.0993876457214355,31400,-0.028647548342356402,0.21098240507543806,-0.18117690213981208
2020-02-03,7.136899653913546,7.25881744002989,7.033738037483082,7.043116569519043,31800,-0.00795776650269771,0.18821069610500912,-0.17329951223927006
2020-02-04,7.0524958718327575,7.165035592533868,7.04311778537088,7.0993876457214355,29700,0.007957766502697732,0.19180046796951417,-0.3223300435969802
2020-02-05,7.071251643357211,7.333844740673496,7.071251643357211,7.286952972412109,31100,0.026076951792942137,0.21457523790175256,-0.28684037585589206
2020-02-06,7.343223056614079,7.3807362935240235,7.165034957695312,7.2681965827941895,10200,-0.0025772871558727424,0.21422262895144556,-2.06217774228973
2020-02-07,7.2681974357713885,7.343223918396195,7.146279177909522,7.277575969696045,13700,0.0012896376824213835,0.2103068939228931,-1.3874487127250286
2020-02-10,7.305709819704134,7.371358207893066,7.2588180499701735,7.2681965827941895,18400,-0.0012896376824214483,0.20817585002188096,-0.8458048872071883
2020-02-11,7.315088765974702,7.3994933301960675,7.286953613105523,7.352602005004883,13900,0.011546066979493683,0.2117573621682693,-1.2374663716882457
2020-02-12,7.361979732412114,7.437006206816391,7.333845028107041,7.380736351013184,18300,0.003819145332231713,0.21221829592167135,-0.7692013258603118
2020-02-13,7.408871997592667,7.48389847701042,7.324466984651147,7.41825008392334,26500,0.005069781423930825,0.21290000681374482,-0.19765441203954903
2020-02-14,7.427628097287285,7.59643811134849,7.408871478746381,7.540167808532715,35800,0.016301245926764303,0.21378809451875536,0.3028160483161259
2020-02-18,7.55892487426668,7.624572815563317,7.455762801502113,7.540167808532715,30300,0.0,0.20776754841078715,0.07189774738454915
2020-02-19,7.577680269432124,7.624572034577788,7.437005421188143,7.446383953094482,39500,-0.012515898410650669,0.21090546603499705,0.5767565599853643
2020-02-20,7.408871914293215,7.577681491085201,7.352602055362553,7.465141773223877,15200,0.0025158834002505957,0.2110127501753942,-0.9519111097154377
2020-02-21,7.483898341610518,7.549546733509877,7.352602005004883,7.352602005004883,21800,-0.0151901576725265,0.2175100654500906,-0.26307784064996864
2020-02-24,7.286953531809859,7.343223389727366,7.0993873387515025,7.2400617599487305,18500,-0.015424528121951196,0.22338292231640797,-0.5477040129091642
2020-02-25,7.268196570461553,7.296331721692801,6.827415813921088,6.836793899536133,39400,-0.057310843131806816,0.2757422380861153,1.2074851093904215
2020-02-26,6.864929614115234,6.949334180349246,6.649228260951703,6.789902687072754,76000,-0.006882283941962739,0.27010727018883585,2.4514297880358056
2020-02-27,6.63984875241948,6.771145072877163,6.396012728712356,6.714875221252441,143900,-0.011111361956546278,0.2710163707335114,2.821046074155678
2020-02-28,6.733632274612299,7.071251853421989,6.03025841295473,6.836793899536133,105800,0.017993645898509034,0.28124893474215684,1.9630939472694975
2020-03-02,6.55544275261282,6.6117130428573505,5.533206599719866,5.720772743225098,224500,-0.17821500237246798,0.6678632117471609,2.4392329806713846
2020-03-03,5.720775058051066,5.7489102145578,5.120562708774424,5.186211109161377,221400,-0.09810049743588198,0.7305363232079891,2.0383563325730445
2020-03-04,5.036157081089186,5.383154768867826,4.78294249173814,5.158075332641602,148700,-0.005439881438238446,0.7308920749369737,1.4321618800641014
2020-03-05,5.036157659755192,5.176832547156992,4.876726150512695,4.876726150512695,44100,-0.05608938842853741,0.7393538346902104,0.13918934724829063
2020-03-06,4.876725875832807,4.886104409821483,4.1264605972702055,4.782942771911621,329800,-0.01941812420146663,0.721860900167742,1.9175564577701574
2020-03-09,4.829833257156464,5.073669262209631,4.2577558052806985,4.492213726043701,124400,-0.06271038472642931,0.7334842645076954,0.911253822228888
2020-03-10,4.473458260335672,4.942374222413596,3.5637612670729126,4.398431777954102,258400,-0.021097551713798596,0.7282579141158799,1.4592316965675323
2020-03-11,4.285890804732185,4.407808579457765,4.1264593525606825,4.267134189605713,76600,-0.030305611348949674,0.7237903786540286,0.2411440474890153
2020-03-12,4.126460515565368,4.126460515565368,3.5825178528030044,3.7794628143310547,139400,-0.12136056502161309,0.7824539162171813,0.752459767583753
2020-03-13,3.7982192529470726,4.032677220482248,3.6763010025024414,3.6763010025024414,73900,-0.027674802618804114,0.7719815270283398,0.035892968438975506
2020-03-16,3.5731395006458975,4.923617496095174,2.6259292865314494,2.710334300994873,134300,-0.3048350987186151,1.2040195164389897,0.6078430915035722
2020-03-17,2.7666042294081317,3.5262480366256175,2.7666042294081317,2.8791439533233643,162800,0.06042102595007825,1.2427603169038135,0.7432186812610417
2020-03-18,2.841630211795604,2.963548448171943,2.091364846976376,2.250796318054199,148000,-0.24620893879744501,1.4097637020037226,0.5687969512517363
2020-03-19,2.363336556666718,2.4571196646310454,2.01633883360214,2.3445799350738525,112800,0.04082218095056735,1.442958969722184,0.20965615035103774
2020-03-20,2.34457939809446,2.5790373379039058,2.072608223690945,2.4477407932281494,236200,0.04305922023714279,1.4699148045718111,1.013957736357211
2020-03-23,2.382093483445247,2.382093483445247,2.0726089639163026,2.1476354598999023,70500,-0.1307980230866311,1.4868056906544718,-0.6820184113067344
2020-03-24,2.2883098994674054,2.8134957120543853,2.1851482648113434,2.710334300994873,140100,0.2327045347462877,1.7942695576237078,0.205716984188892
2020-03-25,2.7197120952302107,3.22614119156769,2.7009554785952306,3.1886279582977295,82700,0.16251873157316626,1.9341698144219561,-0.8871710040164048
2020-03-26,3.23552016696844,4.088947294201375,3.2073852362152513,3.6012744903564453,180300,0.12169709075152076,2.008678693686677,0.5894091450929734
2020-03-27,3.273032423667082,4.135837378081461,3.2542758088056707,4.0326762199401855,124000,0.11314242207660567,2.068772764119927,-0.1544117888664806
2020-03-30,4.09686671683097,4.663253710602198,3.322804206931751,3.388882637023926,105200,-0.17392996852275083,2.1254124166980146,-0.48669190801495404
2020-03-31,3.398323357893343,3.7381558287199184,3.398323357893343,3.6437578201293945,89600,0.07251525582769282,2.08731702721101,-0.7342687683266075
2020-04-01,3.5682389360650633,3.662636927268219,2.775297025293503,2.7941765785217285,74900,-0.26547805926815554,2.2396991718086774,-1.0038063622736937
2020-04-02,2.7941773152935365,3.0018526806261194,2.7469784197775144,2.8224966526031494,34800,0.01008437304983769,2.242440129503552,-2.142427050784704
2020-04-03,2.9168933137696476,2.9640924160650717,2.643139600753784,2.643139600753784,30000,-0.06565437779317924,2.2441556774696068,-2.224592111638149
2020-04-06,2.7752972289392233,3.0584907732048077,2.7752972289392233,2.9263336658477783,68100,0.10178287762528268,2.289604005823667,-0.767978317366871
2020-04-07,3.11512984357489,3.3039256394107777,2.8602555979681674,2.907454490661621,40200,-0.0064723780111000705,2.2857213541325048,-1.538511007663692
2020-04-08,2.964093303788649,3.058491086526922,2.926333965631273,2.9829728603363037,31700,0.025642454487487094,2.2913511325800524,-1.760292654884733
2020-04-09,3.04905096819206,3.3888831732103823,3.039611190971052,3.285045623779297,134300,0.09646013297672074,2.324948484596702,0.6589685313417841
2020-04-13,3.341684896554798,3.341684896554798,3.2095279913581907,3.237847328186035,37600,-0.01447183624876957,2.2911004247088016,-1.3440185752369744
2020-04-14,3.2661662357376287,3.4172026789685597,3.115129567444644,3.1340091228485107,61000,-0.03259564925100651,2.291713378335157,-0.5345972842706579
2020-04-15,3.1340096298349285,3.256726984874009,2.935774040963854,3.0679311752319336,31300,-0.02130960470988698,2.0230893938346584,-1.4430308754313748
2020-04-16,3.105689953997157,3.105689953997157,2.9074543867101785,3.049051284790039,96400,-0.0061729620830177755,2.013607422642582,0.35816869843705607
2020-04-17,3.124569703980763,3.209527938117053,2.935773903198217,3.08681058883667,102700,0.0123078978911497,1.7985661887480457,0.4991419791585645
2020-04-20,3.0584908949340757,3.0773704502990595,2.9452133376821195,3.039611339569092,33600,-0.015408727537071966,1.7989581552725384,-1.2073042176514466
2020-04-21,3.030172329417432,3.030172329417432,2.850816282957845,3.0018529891967773,43900,-0.01249989736043372,1.7973076515313522,-0.7153628565260771
2020-04-22,3.030171679332134,3.030171679332134,2.8791350054962237,2.992412567138672,15200,-0.003149820365660999,1.724483369036181,-2.1338723656898018
2020-04-23,3.001852082087021,3.332244509884336,2.926333639256917,3.285045623779297,71700,0.09330059966469786,1.5636651256627312,0.2981851837196592
2020-04-24,3.2661661892133123,3.2661661892133123,3.0773704128018626,3.1717681884765625,26400,-0.03509131981127006,1.4662678809730265,-1.1711274322728598
2020-04-27,3.285045581014862,3.3228046894073486,3.190647810033646,3.3228046894073486,54100,0.04651999171748999,1.4095147282316842,0.02921318968428121
2020-04-28,3.3794436380082877,3.4644018641436847,3.322804970626062,3.4455223083496094,48800,0.03626629416399303,1.3531586770147932,-0.07451892660194692
2020-04-29,3.4927211559659144,3.974150273067834,3.4927211559659144,3.7381556034088135,151800,0.0815168291895319,1.2420458152471037,1.8373798315565353
2020-04-30,3.766474846871945,3.8608728475199388,3.5871188481966025,3.813673734664917,35900,0.020000623765856023,1.2190112170511542,-0.559054295032001
2020-05-01,3.860872745513916,3.860872745513916,3.634317639969241,3.860872745513916,54200,0.012300298411066916,0.7337406438088722,0.18436425341552784
2020-05-04,3.804234272958019,3.851432936815357,3.596558711588579,3.7381556034088135,53600,-0.032300922176922965,0.7520697538063693,0.1298365372196573
2020-05-05,3.823114446755026,3.8325540010033032,3.6437581897338305,3.78535532951355,33300,0.012547425205067776,0.6951576600637462,-0.7279584105738153
2020-05-06,3.8231136798858643,3.8231136798858643,3.672077016153948,3.8231136798858643,41600,0.009925429229663411,0.6232824845038856,-0.2903609537980491
2020-05-07,3.823113828525776,3.8325533812475996,3.681516936705542,3.7381556034088135,146900,-0.022472854434731123,0.6318983914215538,1.7193938728563096
2020-05-08,3.5871180221528003,4.153505220426609,3.4455213913808462,3.9363901615142822,172000,0.05167176506113255,0.6452874595251663,1.7272032269545492
2020-05-11,3.9741500287707767,4.276223349410095,3.8419931479203613,3.8986318111419678,102800,-0.009638426749510966,0.5734856509888537,0.9733162611768388
2020-05-12,3.908071948838023,4.00246973501785,3.7759150481862656,3.851433277130127,45400,-0.012180315133955032,0.5724003974920507,-0.33999621317984735
2020-05-13,3.8136740039122934,3.8136740039122934,3.3700039772109234,3.4927213191986084,70400,-0.09776417880435505,0.6676125535852643,0.3491619405036999
2020-05-14,3.530480317225766,3.5399200951436667,3.379443645477295,3.379443645477295,45100,-0.03297008597372661,0.6746229874428522,-0.39596664420451516
2020-05-15,3.417202532887317,3.587118749320456,3.285045650709798,3.3133649826049805,61500,-0.01974680996793816,0.6789800663769872,0.14559230696877015
2020-05-18,3.322805222720373,3.5399203558863697,3.322805222720373,3.473841905593872,53100,0.047296874845661495,0.6950297115331957,-0.04674705527008141
2020-05-19,3.4738413190091744,3.5399197581438218,3.2567262225047235,3.294485330581665,36500,-0.05301120023209693,0.7210858055900284,-0.6944333455567185
2020-05-20,3.303925283853883,3.43608239423534,3.285045728808253,3.3983230590820312,31500,0.031032133370725218,0.7244214655245707,-0.902747136659476
2020-05-21,3.426643012527802,3.530480577273156,3.426643012527802,3.473841905593872,18500,0.021979066861371733,0.7256918200135739,-1.8736350020716257
2020-05-22,3.464402149718872,3.5021612644195557,3.3133654658540608,3.5021612644195557,12500,0.008119123143550733,0.6547301956559128,-2.119319317239881
2020-05-26,3.596559579151863,3.7192769450062637,3.4832822184205177,3.558800458908081,66700,0.016043256300674817,0.6410172212602201,0.37778199319204236
2020-05-27,3.6531973022335604,4.247903965422494,3.6343177470588692,4.229024410247803,237700,0.17254779224372138,0.8554705573997412,2.0006510218937574
2020-05-28,4.304543711995037,4.918130084455508,4.153507232666016,4.153507232666016,161200,-0.018018236944460083,0.8563235581884807,1.3196412883421604
2020-05-29,4.427261624745695,4.7198950647449704,4.247905558270474,4.634936809539795,71200,0.10966947196217723,0.8912459881768738,0.2975055066079269
2020-06-01,4.90868905690867,4.955888171929071,4.653814826071568,4.842610836029053,203700,0.0438314386205409,0.8983296693549183,1.5428694809601002
2020-06-02,4.88036953678584,4.937008199963591,4.446139335632324,4.446139335632324,223100,-0.0854178496213147,0.9588024045796005,1.4814536990114984
2020-06-03,4.446138764320925,4.91812801361084,4.446138764320925,4.91812801361084,182600,0.10089181846360878,1.0006048248053347,1.1268726399246953
2020-06-04,4.993646206785046,5.239080831753214,4.719892479012257,5.0502848625183105,156500,0.026516677052869614,1.001683576911599,0.85778295126483
2020-06-05,5.257961558241076,5.4184375602720705,4.937008653930841,5.220202445983887,200600,0.03309153378220868,1.0037876531387804,1.0470422794585263
2020-06-08,5.361797405081048,5.390116956483102,4.993645937598335,5.286279201507568,134400,0.012578449940924214,0.994676686278992,0.5853166077314299
2020-06-09,5.191881447040719,5.3051587524009385,5.040845039893759,5.286279201507568,70000,0.0,0.9877371064942916,-0.13286754869476902
2020-06-10,5.078605335832884,5.257961336554578,5.003087114502509,5.182442665100098,101700,-0.01983813174649852,0.9914430165353189,0.31520160951676135
2020-06-11,4.974767986298874,5.0314066571906615,4.663255071331969,4.682134628295898,148700,-0.10152237899548738,1.0661537711376587,0.701350376570048
2020-06-12,4.767092059612487,4.880369382384204,4.483898302559125,4.531097412109375,118700,-0.03278995861210654,1.0060026845528918,0.40084687227589205
2020-06-15,4.44614168237695,4.823733419651666,4.342303853348431,4.51222038269043,38100,-0.004174807800547743,0.9945215262894923,-0.9360822947205001
2020-06-16,4.682134082584907,4.974767406480953,4.606615863530973,4.946447849273682,89800,0.09188035608634848,1.0219246082872935,0.056102165806025124
2020-06-17,5.040847342483789,5.040847342483789,4.691574816227541,4.908689975738525,38800,-0.0076626139489045205,1.0205382621732022,-0.9089554351696862
2020-06-18,4.8237310503831194,4.955887935974355,4.512218166427445,4.937008380889893,37800,0.005752458020834262,0.9899769046124337,-0.9433113472347577
2020-06-19,4.937008380889893,4.99364704614328,4.8520501579477635,4.937008380889893,200000,0.0,0.9911640202540993,0.9190540720581237
2020-06-22,4.918128722628192,4.974767386693358,4.7482127304326935,4.757652282714844,78500,-0.037005228188298545,1.0089208431295276,-0.304270510277973
2020-06-23,4.804851168140296,4.880369383336171,4.672693841423445,4.852049827575684,156200,0.019646931866862474,1.0087239777394574,0.5644326860194532
2020-06-24,4.833170932677405,5.229642066630278,4.719893594440621,5.144683837890625,87200,0.058562656515291855,1.0196932710667406,-0.4396204909287103
2020-06-25,5.144682552445787,5.1918816566467285,4.955887035890059,5.1918816566467285,17600,0.0091322687016048,0.8496682511964151,-2.5169972662590934
2020-06-26,5.078606590036067,5.116365710026176,4.908690099956359,4.9558892250061035,64400,-0.0465195739146629,0.8669722922788117,-0.5741103139885978
2020-06-29,4.993646406706302,5.248520592771923,4.993646406706302,5.154122829437256,40500,0.03922033198876851,0.7946265021243237,-1.1718190709398861
2020-06-30,5.163563394263423,5.173003397511886,4.89924960504426,5.144683837890625,29000,-0.0018330267757103614,0.7821978560408617,-1.4713998783418776
2020-07-01,5.069166287768114,5.144684523320652,4.984208497833603,4.993648052215576,23600,-0.02979720178813969,0.7247023805537599,-1.5738945278861596
2020-07-02,5.09748342968073,5.380676678476118,5.0786038797610376,5.324038028717041,58400,0.06406532814352013,0.6730300546759403,-0.2936702533307008
2020-07-06,5.380677947388878,5.569473941233099,5.31459973214887,5.541154384613037,46400,0.03997080833460765,0.6803319634987475,-0.5460289438644528
2020-07-07,5.491832183721603,5.491832183721603,5.169341027805455,5.216766357421875,15400,-0.060325113542075995,0.7071556046771986,-1.8759358379630047
2020-07-08,5.169341263249692,5.45389234934553,5.027066172483256,5.378012180328369,35700,0.030441084503233455,0.7138445845532172,-0.6466187394401545
2020-07-09,5.197797608063942,5.292647838592529,5.159857515852506,5.292647838592529,1200,-0.01600016544812039,0.7162237627096275,-3.3315209435976274
2020-07-10,5.226251958958176,5.359042257702449,5.226251958958176,5.3021321296691895,7800,0.0017903710390410753,0.7125631153685094,-1.4492665201033066
2020-07-13,5.235737962146441,5.27367805625549,4.590755910010998,4.600240707397461,58900,-0.1420003984574303,0.7950310675767424,0.35968563221441024
2020-07-14,5.074491116608891,5.140886491485285,4.609724849318596,4.704575061798096,38100,0.022426822835265373,0.7900660073775446,0.017799221694595132
2020-07-15,4.789940806204447,4.875305777123561,4.780455558168145,4.7994256019592285,8400,0.019960791838404345,0.7921914325657562,-1.2536767823960786
2020-07-16,5.216766189862641,5.216766189862641,4.818394881180826,5.008095741271973,9400,0.04255950678641259,0.7390623721532141,-1.048039744568577
2020-07-17,4.97015538303741,5.008095918221337,4.666634719817698,4.87530517578125,36000,-0.02687304863042719,0.7447393523971493,0.12720543622049388
2020-07-20,4.837366411181893,4.932216644287109,4.7520014275279925,4.932216644287109,2800,0.011605807941092392,0.7456167186559802,-1.8154667117887509
2020-07-21,4.884792804718018,4.970157806736093,4.827882652612073,4.884792804718018,13000,-0.009661640588642,0.7463599670707404,-0.5236366795537336
2020-07-22,4.770970116092059,5.055520734410353,4.770970116092059,4.922730445861816,16300,0.007736475233946945,0.7347944278279048,-0.27563781206487065
2020-07-23,4.979640170476738,5.008095456169003,4.751999694064313,4.856334686279297,7000,-0.013579371639314919,0.7335395326322325,-0.9325727879997863
2020-07-24,4.837365006272093,4.941700458526611,4.837365006272093,4.941700458526611,4700,0.017425520744868774,0.7054939185834118,-1.187920586392533
2020-07-27,4.628694209866872,4.989125416467967,4.628694209866872,4.856334686279297,6000,-0.017425520744868705,0.7062511966966377,-0.8932524638172066
2020-07-28,5.027068144360076,5.046038194055404,4.752002197636996,5.017582893371582,5400,0.032664348805384165,0.6982504140922626,-0.9018328623135754
2020-07-29,5.017583159631891,5.027068411123724,4.80891260191009,4.884792804718018,13700,-0.02682145240001608,0.6896374077375662,0.01563829451903354
2020-07-30,4.856336178365616,4.979641700448096,4.75200115409419,4.827881336212158,16800,-0.011719145319319984,0.6903568164934296,0.23893358156591846
2020-07-31,4.799424789540377,4.9132450330200435,4.619209177890183,4.695089340209961,36200,-0.027890583405994412,0.6894562419713043,0.9488973081755309
2020-08-03,4.733030628192228,4.903761489225919,4.733030628192228,4.837366104125977,5800,0.02985323796129406,0.6569862560744995,-0.7238081042051528
2020-08-04,4.875306158037589,4.884791406814986,4.590755478939027,4.865821361541748,19700,0.00586515288675764,0.6382104418277789,0.5558464039947684
2020-08-05,4.9132476546301485,5.008098360421743,4.799427350418257,4.884792804718018,59000,0.003891337877262537,0.6076112710506948,1.5278267790979863
2020-08-06,5.046036214737547,5.41595226483695,4.903760671689628,5.378012180328369,100900,0.09619195268440406,0.6904316675929331,1.8639512412699157
2020-08-07,5.453891716969174,5.453891716969174,5.00809554954248,5.140885829925537,21800,-0.04509341761700989,0.7061043945827612,0.40036807747318026
2020-08-10,5.264191072113564,5.406466139780355,5.2167657480370275,5.311615943908691,23800,0.032670704773794954,0.7158895768360616,0.439273017570885
2020-08-11,5.330586792685077,5.453892292186412,5.21676654035222,5.406466960906982,20300,0.017699712545652797,0.4967216870073059,0.3428059788746836
2020-08-12,5.4538920098274675,5.548742215194263,5.235736311343111,5.283161640167236,25200,-0.02307110839214367,0.5046548813091946,0.6134801337318089
2020-08-13,5.359042644500732,5.463378112899717,5.264192424265985,5.359042644500732,26400,0.014260634031331697,0.5029836894087901,0.6047449550879084
2020-08-14,5.378012688547682,5.453892864735479,5.264192424265985,5.359042644500732,26300,0.0,0.48447486856943733,0.5457184300069415
2020-08-17,5.396981346333894,5.425436178954688,5.0934602672631595,5.311615943908691,19800,-0.008889238184840735,0.4742959126732706,0.2647698191788134
2020-08-18,5.254706014671383,5.273676054525446,5.169340609187382,5.178825855255127,5600,-0.02531774813594376,0.48406168533273586,-1.3007542110731207
2020-08-19,5.178825937729242,5.178825937729242,5.065005696792242,5.121915817260742,18800,-0.011049809587321187,0.4845184163499322,0.15828064582918772
2020-08-20,5.102948343141387,5.102948343141387,4.875307294515795,5.017582893371582,26400,-0.02058022971790793,0.4903776452988333,0.5414738393575226
2020-08-21,4.9891265601566595,5.083976780404946,4.837365755477875,5.055521488189697,23200,0.007532687594915602,0.4879659881467598,0.32430218860606097
2020-08-24,5.027066648255974,5.245222380967796,4.970156063825476,5.055521488189697,65100,0.0,0.4847093839935643,1.4830605428422632
2020-08-25,5.05552029130278,5.25470593280804,5.0080954185471676,5.235735893249512,21400,0.03502639622148399,0.4934485676351291,-0.00934651869251074
2020-08-26,5.1598551194470055,5.349555492401123,5.065004932969948,5.349555492401123,30900,0.021506065703995887,0.4866291880048801,0.416360747238668
2020-08-27,5.349556950090294,5.444407162412881,5.083976355587049,5.340072154998779,48900,-0.0017743068707498342,0.4748487348162979,1.0043009453241574
2020-08-28,5.2262519002116745,5.359042197463297,5.140886482980602,5.340072154998779,14400,0.0,0.4716092350553859,-0.7951674338304234
2020-08-31,5.19779773668085,5.35904335871018,5.188312487252496,5.226253032684326,28800,-0.02154458108517147,0.46655164585765996,0.24447129204454823
2020-09-01,5.226252021372917,5.330587031205838,5.207281526187114,5.254706859588623,38800,0.0054296356632459,0.45781640700350296,0.6269071677862599
2020-09-02,5.264191687038296,5.302131769818847,5.188311069195731,5.216766357421875,12800,-0.007246481446565712,0.45937235860156334,-1.170230141614168
2020-09-03,5.216766533619057,5.292646701743025,5.055520950214887,5.1029462814331055,14400,-0.022059663018014618,0.4676840381260891,-0.8919307827381198
2020-09-04,5.112429716231729,5.121914960864574,5.036549568294401,5.046034812927246,11200,-0.011215325857693728,0.32005672293668985,-1.295774236777739
2020-09-08,5.1977974337753485,5.1977974337753485,5.027067024548693,5.11243200302124,11200,0.013072471829256522,0.2852820155365601,-1.188491478712021
2020-09-09,5.046036459997322,5.08397654634996,4.884790866857861,4.90376091003418,20000,-0.04167277776386946,0.2932695093182012,-0.10692296951007405
2020-09-10,4.894275075497733,5.008095773190421,4.818394911890241,4.970155239105225,16400,0.013448631479109033,0.2896898041533018,-0.4511304751739507
2020-09-11,4.951187756034112,4.98912830971976,4.846852703314054,4.884792804718018,11600,-0.01732420484995812,0.2855793903296169,-0.9937285800640635
2020-09-14,4.9227310809417455,5.036551342952978,4.761485483618407,4.818395614624023,88600,-0.013685857387408008,0.27974176853168875,2.2043585006556703
2020-09-15,4.856334686279297,4.894274765681367,4.751999694064313,4.856334686279297,10200,0.007842960982039958,0.28283293102606843,-1.0528594439437047
2020-09-16,4.9132466316223145,4.932216678374463,4.799426351109425,4.9132466316223145,33500,0.011650978129702502,0.2878957639472238,0.6968864532159272
2020-09-17,4.884790659712764,5.046036246014423,4.884790659712764,5.036550998687744,29800,0.02478657044085901,0.2927965060632963,0.4499406374840931
2020-09-18,5.027065782052943,5.027065782052943,4.837364921961796,5.008095741271973,28600,-0.005665770887216783,0.2911329827011664,0.34817838546129076
2020-09-21,5.027065869669531,5.027065869669531,4.723544759602505,4.941700458526611,12800,-0.013346256938476112,0.2860590205086446,-0.9112271753005396
2020-09-22,4.865820823681542,4.90376091003418,4.808910694152586,4.90376091003418,2200,-0.007707050968651584,0.2853860751802596,-2.7746242081169976
2020-09-23,4.837366444613721,4.9132466316223145,4.74251621085298,4.9132466316223145,19500,0.0019325083534853763,0.28558835247739406,0.04081831896909797
2020-09-24,4.903760290835915,5.008095741271973,4.751999964588156,5.008095741271973,48600,0.01912079955364231,0.2645985566967883,1.165068480285473
2020-09-25,4.884790281187522,4.9986105265987595,4.789940076678157,4.970155239105225,9800,-0.007604676428018729,0.2507033012695723,-0.8191621831252187
2020-09-28,4.751999966280558,4.998610496520996,4.751999966280558,4.998610496520996,16100,0.005708898263578659,0.2526857960547225,-0.12301177376322225
2020-09-29,4.929955757451321,5.168348198684383,4.85367024900834,4.910884380340576,41800,-0.017705929334014495,0.25730938289797833,1.0487477217853134
2020-09-30,4.910883777225274,5.1969543987535545,4.910883777225274,5.053919315338135,27700,0.02871000054023239,0.2725485409583318,0.5196614917382946
2020-10-01,5.092062261853633,5.092062261853633,4.834598465169879,5.0062408447265625,45000,-0.009478741258830185,0.27259877973567803,1.1277005218134528
2020-10-02,4.987169469220264,5.0062408447265625,4.777384338650985,5.0062408447265625,136600,0.0,0.27209953519497404,2.11776644535563
2020-10-05,5.053917824336801,5.13020330090535,4.910882328422116,4.920417785644531,10000,-0.017291860383648855,0.26813462854974535,-0.8022961681758193
2020-10-06,4.92041767306505,5.0729890774086135,4.910882216060807,4.996703147888184,42000,0.015384881850970266,0.2720878517027176,0.7252031951373064
2020-10-07,5.025311122804626,5.273239404941343,5.025311122804626,5.2541680335998535,32600,0.05024334825318803,0.321395660501,0.3910338807019802
2020-10-08,5.158809644758495,5.282773759936488,4.968095971174864,5.263702392578125,45100,0.00181298327579484,0.2808799461509187,0.7035174865986047
2020-10-09,5.273238990821553,5.368595840040402,5.206488969019697,5.282774448394775,55900,0.0036167673611516484,0.278490849126478,0.8636803844713525
2020-10-12,5.339989212526008,6.055166351382992,5.053918629801641,5.912130832672119,193800,0.11255488999841096,0.4623543973953112,1.9050463726027063
2020-10-13,5.91213187053458,6.150524292002869,5.6260612375911085,5.807239532470703,1439200,-0.01790097896213281,0.46519245285226213,2.9139452821648852
2020-10-14,5.816774210204523,5.940738361815295,5.4353462962392065,5.69281005859375,183700,-0.01990134907260857,0.47578584302409216,1.1967425130917104
2020-10-15,5.59745319377677,6.05516659959567,5.492560869826792,5.69281005859375,126800,0.0,0.4762375655846508,0.8505456447265844
2020-10-16,5.9121300174622835,5.940737299138818,5.4830239751954775,5.6642022132873535,150300,-0.005037928132649903,0.473410891595435,0.901252032576502
2020-10-19,5.75955871261581,5.81677281781033,5.444880906697306,5.483023643493652,74100,-0.0325093486945172,0.49028626238902245,0.3514266067290514
2020-10-20,5.492560531394182,5.6546669642459095,5.492560531394182,5.549774646759033,39100,0.01210061418831782,0.486647807889899,-0.15742287413127126
2020-10-21,5.568846398775901,5.6928100965150294,5.349525380887195,5.454417705535889,35700,-0.017331454248700605,0.49106734489811565,-0.3805691810566994
2020-10-22,5.47348818062428,5.626059595013695,5.339988590893702,5.416274070739746,41800,-0.007017730264866305,0.49276319564872784,-0.27981109179831726
2020-10-23,5.3876673310916,5.49256009494079,5.0348467536957235,5.206489086151123,88000,-0.03950238944407139,0.5125090171763024,0.35911675137512455
2020-10-26,5.339988404058925,5.339988404058925,5.158810168414945,5.225560188293457,32500,0.0036562563857113046,0.5113748042470714,-0.6162266212905496
2020-10-27,5.177880852438096,5.177880852438096,4.977631274002075,5.03484582901001,64000,-0.037179099331739233,0.5291367445230951,-0.03790354840946578
2020-10-28,4.987168626407726,4.987168626407726,4.767847617800986,4.863204479217529,129500,-0.03468532734754232,0.5396003066021455,0.6050370587713048
2020-10-29,4.8918119839692835,4.8918119839692835,4.014527910271393,4.443634033203125,454400,-0.09022506087320081,0.6111252300936871,1.6260704192075217
2020-10-30,4.50084779609647,4.50084779609647,4.224312680165615,4.300598621368408,58400,-0.032718290340167766,0.6179944862587009,-0.3102471391883258
2020-11-02,4.434099071478825,4.805991116724901,4.434099071478825,4.777384281158447,57900,0.10513894792622548,0.7305725245700245,-0.2810359849673844
2020-11-03,4.777384330942266,4.987169461173039,4.701098374342709,4.939490795135498,43800,0.03336907277108692,0.7384466574747793,-0.6748761396186369
2020-11-04,4.968097385816596,4.968097385816596,4.758311830441913,4.786919116973877,19900,-0.03137523410302087,0.7440630369472611,-1.402976598357807
2020-11-05,4.77738244676371,5.2350952776563835,4.77738244676371,5.1492743492126465,77300,0.07296878780624606,0.7679649950534383,-0.08595728132115703
2020-11-06,5.339987642156159,5.435344475021989,5.05391714355867,5.072988510131836,95100,-0.014925708006386859,0.7693910807458235,0.09092170264942445
2020-11-09,5.521166801452637,5.683273672551502,5.149274861971154,5.521166801452637,173600,0.08465912135078793,0.8256829886411541,0.6543913403235789
2020-11-10,5.492559668319181,5.826308849519057,5.3876669126172905,5.816772937774658,128000,0.052156414891185214,0.7466015750420691,0.3654593356384637
2020-11-11,5.864452378412144,5.91213057947562,5.587917266272961,5.6260600090026855,52400,-0.033336253536275735,0.7529506112439613,-0.5305501194051934
2020-11-12,5.626060215915915,5.702345704180964,5.511631983518341,5.645131587982178,36400,0.003384131485402783,0.7500992324693004,-0.9411943431522934
2020-11-13,5.6069880762799755,5.7881663134557275,5.5497739679135245,5.769094944000244,23400,0.021721704890591376,0.7540093341624144,-1.395460214667892
2020-11-16,5.807238843588591,6.017023949528102,5.750024723786906,5.854917049407959,130300,0.014766616712220421,0.7552523200808055,0.9420490760012716
2020-11-17,5.845380893105152,6.169594199988024,5.769095409132711,6.007487773895264,68800,0.025724824016323894,0.7490520831387973,0.07578143257161593
2020-11-18,5.826309269190502,6.083772993769601,5.53070280428097,5.616523742675781,152700,-0.06729373208759555,0.7881710601115417,1.0569350267458757
2020-11-19,5.578380884111097,5.959808734028378,5.578380884111097,5.864451885223389,60800,0.04319610113472771,0.798669329384809,-0.2166945578966316
2020-11-20,5.854917235600446,5.854917235600446,5.664203496863267,5.673738956451416,70300,-0.03306069417518596,0.8080113586009107,-0.05260343788933387
2020-11-23,5.750025125225426,6.007488909656568,5.683275086781265,5.893060207366943,119900,0.037927094205465424,0.8021429277837951,0.6615045157614019
2020-11-24,5.902596538015094,5.902596538015094,5.740489615152556,5.797703742980957,85700,-0.016313489785473288,0.8058208083502121,0.1412377239045769
2020-11-25,5.797701863711235,5.94073736426738,5.7214163846672434,5.864451885223389,43700,0.01144708975519374,0.7912648215883001,-0.7798259703357812
2020-11-27,5.864452288920279,5.89305911818235,5.511631696705709,5.530703067779541,115500,-0.058594078049676236,0.8113159289496925,0.5940599071645224
2020-11-30,5.578381414744613,5.7690955851932575,5.521167300019229,5.587917327880859,129700,0.010291702220508228,0.7317246941418115,1.0043572961150684
2020-12-01,5.578381779284017,5.75956004843616,5.549774947400592,5.730953216552734,55900,0.025275225606262466,0.7155545703461319,-0.407596676516621
2020-12-02,5.540238892339071,5.740488529205322,5.540238892339071,5.740488529205322,30100,0.0016624440170637988,0.6340339046807507,-1.3329020425967817
2020-12-03,5.692809871019116,5.8072385597265335,5.626060295195288,5.740488529205322,47200,0.0,0.6282155521820368,-0.6191015301843729
2020-12-04,5.778630493950237,5.893058712516225,5.750023666657401,5.864451885223389,49100,0.021364706205841806,0.6138587866380558,-0.695004575221131
2020-12-07,5.87398808830887,5.912130832672119,5.769095768658626,5.912130832672119,43700,0.008097290886649353,0.5690695669083072,-0.8395098963661051
2020-12-08,5.873987044149154,5.902594324685051,5.788166111936059,5.816772937774658,38200,-0.016260683502044133,0.5697236105389529,-0.9814085501351918
2020-12-09,5.864451146412459,5.8835225137708225,5.225559657861399,5.263702392578125,246500,-0.0999109738575183,0.6082082210817376,2.092060118871747
2020-12-10,5.263702811152163,5.769094768383871,5.263702811152163,5.711880207061768,96300,0.08171359660387499,0.6488010384011128,0.5886905977636511
2020-12-11,5.730953894105053,5.912131729979876,5.616525188950627,5.8835248947143555,85200,0.0296078015249235,0.6457422845464409,0.346638925876257
2020-12-14,6.102844247282169,6.579628946996443,6.055165595431813,6.407986164093018,181000,0.0853889964129768,0.7072981849066663,1.438222549838816
2020-12-15,6.51287904334993,6.808485507965088,6.3030939717414505,6.808485507965088,92500,0.06062465245706114,0.730622850935415,0.26646558244672613
2020-12-16,6.846629212107531,6.903843330600656,6.703594143223414,6.741736888885498,84100,-0.009852112685951538,0.7326769311553637,0.13542351945790904
2020-12-17,6.770342552734951,6.865699400438789,6.636842965949577,6.7226643562316895,66800,-0.00283303283422105,0.7300152322892843,-0.2847129194371726
2020-12-18,6.7703440314073555,6.856165440433235,6.3984520167909045,6.551023006439209,152500,-0.025863335898229402,0.6911369013659853,1.2303503562071485
2020-12-21,6.579628646621964,6.856163723456024,6.4365931522981015,6.531949996948242,132700,-0.002915701652547434,0.6793434781419971,0.8926358029341742
2020-12-22,6.61777177544991,6.684521797997149,6.493807642732463,6.674985885620117,100600,0.021661569781912835,0.6669126638939725,0.3609027131590013
2020-12-23,6.684522191041626,6.72266493339786,6.636843535747657,6.646378993988037,53100,-0.004294895585319884,0.6588208336275915,-0.720298598408268
2020-12-24,6.674985975278746,6.827556937781971,6.617771864340037,6.770342826843262,17500,0.018479530577276276,0.6551683353993845,-2.2234529791128996
2020-12-28,6.779879298762997,6.989664389514507,6.77034338547106,6.8657002449035645,73900,0.013986311426821586,0.6554256871961996,-0.029799811893332365
2020-12-29,6.922914151055011,6.922914151055011,6.388914880071752,6.674985885620117,124200,-0.028170946418778035,0.6245102449244193,0.7803047346214899
2020-12-30,6.759237539526314,6.845403603954874,6.653923511505127,6.653923511505127,43600,-0.0031604073549711988,0.6258844765978587,-0.7845197284929899
2020-12-31,6.615627288818359,6.740089274872807,6.577331363343674,6.615627288818359,38800,-0.0057720611026343,0.6245226098355188,-0.9232989543158027
2021-01-04,6.634775759818378,6.634775759818378,6.223094301166579,6.309260368347168,136700,-0.047416167422659965,0.652174344577896,0.9342166796084428
2021-01-05,6.366703992477949,6.740089506975827,6.366703992477949,6.720941543579102,37500,0.06320980148215755,0.6827232924032606,-1.078645792346237
2021-01-06,6.69221898440901,6.807107214689397,6.567757457767357,6.701793193817139,68000,-0.0028531239164074603,0.6816839421284141,-0.17769106552812775
2021-01-07,6.711366808470913,6.835828324082916,6.673070430755615,6.673070430755615,39400,-0.004295043003466737,0.6826359988713808,-1.021193196286748
2021-01-08,6.682645477646488,6.749663576401375,6.519887563901369,6.596479415893555,48400,-0.011544003574225399,0.6809117725676249,-0.7295474651984653
2021-01-11,6.558184036723192,6.653923859696275,6.414574074001826,6.481592178344727,54500,-0.017569898160073535,0.5703134466144102,-0.46886955141146386
2021-01-12,6.510313633896948,6.720941221156529,6.481591461918015,6.634775161743164,26400,0.023358593791695203,0.5104234658336895,-1.533749436577739
2021-01-13,6.69221971503174,6.69221971503174,6.548610210418701,6.548610210418701,29500,-0.013071934991660228,0.5081512381618146,-1.222164355477532
2021-01-14,6.606054673959742,6.682646538106182,6.510314843776691,6.577332496643066,32400,0.00437642197725376,0.41600778165560387,-0.9929392220614255
2021-01-15,6.663498015796447,6.701793944672699,6.577331947563142,6.6922197341918945,43700,0.017316350444701405,0.36160959520755703,-0.43820578058721493
2021-01-19,6.692219191072507,6.826255387784914,6.5486096977032,6.759237289428711,89700,0.009964438741893468,0.3618888155386473,0.7668339212904327
2021-01-20,6.874124700512616,7.1326224139386545,6.749663176658169,7.046456813812256,155800,0.0416148542057802,0.3890493190209558,1.527008722622134
2021-01-21,7.084752139882999,7.190066149512737,6.93156800136973,7.017734050750732,56100,-0.004084529749467856,0.37633405522990326,-0.009624039822887
2021-01-22,7.017735481066879,7.036883445218247,6.835829593367142,6.969865798950195,88800,-0.0068444106471805405,0.3773932263443852,0.8250199965394283
2021-01-25,6.979439532084931,7.084753562867162,6.711368034760038,6.921995639801025,93700,-0.006891855182521378,0.37262063169160875,0.9303745280123171
2021-01-26,6.960291752358769,6.960291752358769,6.768812106340386,6.883699893951416,72800,-0.005547832628868922,0.3729010781355757,0.45823879934791295
2021-01-27,6.8549772873561805,6.921995387506449,6.701793580182375,6.720941543579102,51600,-0.023928027307451964,0.3777206558576711,-0.2627213721959641
2021-01-28,6.7113674032252675,6.8166809675740945,6.615627135237705,6.701793193817139,23600,-0.0028531239164074603,0.3741557979707224,-1.5886839708636686
2021-01-29,6.730517067071258,6.730517067071258,6.32840930074095,6.500741004943848,37500,-0.03045896029113162,0.3763154503601011,-0.6608843237292699
2021-02-01,6.539035286066402,6.778385042988442,6.510313570888878,6.701793193817139,46500,0.03045896029113164,0.3918750488875464,-0.2505910609474209
2021-02-02,6.768811680332644,6.826255570522821,6.673071406825558,6.720941543579102,27700,0.002853123916407586,0.3913182851695854,-1.1898754733166785
2021-02-03,6.787959666188351,6.8071076296484305,6.606053785055866,6.7688117027282715,58400,0.007097292176683297,0.3501713892297009,0.32129343258457493
2021-02-04,6.7305154197449,6.893272872283518,6.7305154197449,6.84540319442749,63700,0.011251812952472408,0.27683209091670014,0.4506216283287299
2021-02-05,6.893272872283518,6.893272872283518,6.740089172706731,6.84540319442749,47400,0.0,0.27652437806493363,-0.12872387438323096
2021-02-08,6.864551544189453,6.883699507716926,6.807107653607032,6.864551544189453,35300,0.002793351630686567,0.27590055277167763,-0.7300730128420595
2021-02-09,6.7783850976009274,6.893272872283518,6.701793247812534,6.84540319442749,28000,-0.0027933516306865975,0.27239178733465624,-1.1192583995714696
2021-02-10,6.854976947389321,6.912420834730617,6.835828984942223,6.84540319442749,31700,0.0,0.26332765642251504,-0.8047730100642831
2021-02-11,6.797533060048027,6.883699119321687,6.673071075880169,6.84540319442749,59900,0.0,0.25232912510257216,0.39010046091752115
2021-02-12,6.864551767855932,7.036883445218247,6.797533665064405,6.969865798950195,61600,0.018018609989686477,0.25270899715127476,0.3856790610800536
2021-02-16,6.950716418141848,7.036882010999468,6.950716418141848,7.017734050750732,72100,0.0068444106471805535,0.25302663594005714,0.6451926030755308
2021-02-17,7.027308675512049,7.132622234858341,7.027308675512049,7.084752559661865,60900,0.00950456685853454,0.24890454124096387,0.2527257739397973
2021-02-18,7.123049191485357,7.2187890079320445,7.02730937503867,7.190067291259766,120600,0.014755582699394695,0.25120568406047183,1.613230734507229
2021-02-19,7.228362070010209,7.381545752000096,7.008160298888056,7.017734050750732,58900,-0.024260149557929257,0.2257881390448305,0.27471363081302425
2021-02-22,7.027309152319155,7.419842615571569,6.9698652642717365,7.132622718811035,70700,0.01623862840098972,0.2322593372981621,0.669571025479392
2021-02-23,7.170918493906904,7.170918493906904,6.941142946532256,6.960290908813477,27900,-0.02445773882297856,0.24707954813652863,-1.3444521441170616
2021-02-24,7.036882905398671,7.190067063381894,6.989013226954209,7.132622718811035,63700,0.024457738822978442,0.25970935727183353,0.6203963299438959
2021-02-25,7.1900674054226785,7.324103150576241,6.95071763224387,7.266659259796143,62600,0.018617652293163423,0.2649696282794429,0.6042820737725497
2021-02-26,7.343251539221259,7.343251539221259,7.046457858082953,7.075179576873779,51500,-0.026703836734831943,0.26861772167769965,0.12842787515448242
2021-03-01,7.3049543438312,7.3336760576444044,7.056030389325252,7.084752559661865,52900,0.001352122899213457,0.26796667125241486,0.10953386418811825
2021-03-02,7.3336766351005895,7.544304683424918,7.1996408948636645,7.371972560882568,263000,0.03974036973160393,0.26903108853663665,3.032142689624423
2021-03-03,7.553878480236381,8.118743617044688,7.400694776223749,8.032578468322754,245400,0.0858202630862441,0.3785424188004292,2.3272984271328427
2021-03-04,8.042150900265456,8.463406954049407,7.908115630190672,8.319796562194824,206400,0.03513222206035966,0.388718918782346,1.7953486485383372
2021-03-05,8.118744818433854,8.386817253171467,7.8602475079225504,8.377243041992188,114600,0.006881064886794137,0.3887411223422921,0.8007967662663888
2021-03-08,8.291075821742012,9.305919240330145,8.291075821742012,9.286770820617676,324700,0.10307202728800784,0.5048125982962234,2.0362592697786295
2021-03-09,9.286768978094019,9.47824857199402,9.114437800107378,9.382509231567383,160600,0.010256340890248404,0.5023386132842131,0.9714318148636533
2021-03-10,9.363362673373734,9.382511093086203,9.181457251339822,9.286770820617676,86700,-0.01025634089024838,0.5083365283398821,0.07969952865546945
2021-03-11,9.286771357891169,9.449529282675657,9.152736064337091,9.430381774902344,146500,0.015345685919576966,0.5044790291508109,0.7388011803588589
2021-03-12,9.430381774569259,9.564417068118603,9.382511635567225,9.526121139526367,156400,0.010101038053960027,0.5018369353464275,0.7591158944278799
2021-03-15,9.564417184475293,9.956950685582843,9.2963456810684,9.90908145904541,454500,0.039414036732768436,0.5048288599664579,2.025993370980251
2021-03-16,9.937804634408238,10.148432731628418,9.775046683789977,10.148432731628418,309000,0.023867627132235367,0.5052944545122253,1.337866981124255
2021-03-17,10.1005625850265,10.435651785145723,9.966526357150547,10.148432731628418,195500,0.0,0.5077302873521636,0.660529097845547
2021-03-18,10.215448379516602,10.387780508164449,10.119708105146259,10.215448379516602,380800,0.006581838643830186,0.5084154547314286,1.3896462281906703
2021-03-19,10.119709165247244,10.483520967700347,9.813341716043375,10.435650825500488,278700,0.021326786529967685,0.5084900756584713,0.913634404392733
2021-03-22,10.531387582751485,10.627127835086092,10.100558273339175,10.26331615447998,161700,-0.016651908603517826,0.5012028584823807,0.16858286895952507
2021-03-23,10.186726994990476,10.368632426576486,9.430381724522512,9.5931396484375,277800,-0.0675277764017064,0.5825279451054286,0.79323790227736
2021-03-24,9.698454755105004,10.043118165045183,9.679306331362556,9.765472412109375,124600,0.017804718197847246,0.5654148994399695,-0.4055945254758763
2021-03-25,9.688877992896014,10.119707370178713,9.583564429174823,10.01439380645752,118700,0.025170497469790186,0.5655526215477349,-0.5498238634867191
2021-03-26,10.272889962012117,10.655850077417975,10.07183706555866,10.569684028625488,341100,0.05396646748718643,0.5805464197600313,1.0404606665154315
2021-03-29,10.569686282058004,11.43134512759302,10.560112071696139,11.201569557189941,516700,0.05806400130567317,0.5728031689831911,1.6323178756579864
2021-03-30,11.334008132485524,11.87143728368487,11.324410954547648,11.48755931854248,628400,0.025210743898062535,0.5679724405340809,1.890916513386927
2021-03-31,11.689092683761077,11.689092683761077,11.343601682515224,11.535541534423828,180600,0.004168186175886161,0.5681412828308422,-0.40369770768417035
2021-04-01,11.554735646394224,11.85224170206625,11.458765714825931,11.593123435974121,224200,0.004979277497765665,0.5194332415375086,0.007265948114365081
2021-04-05,11.468365531272228,11.85224443068473,11.439574911268416,11.698692321777344,159800,0.00906495309879248,0.5161044825079626,-0.5961148204083365
2021-04-06,11.775467872619629,11.95780967140898,11.554737363309119,11.775467872619629,147700,0.006541305330340041,0.5161833694630762,-0.7823002080877005
2021-04-07,11.823451254926496,11.909824018190923,11.602721673461565,11.641109466552734,88400,-0.011475620761109393,0.41614366119204965,-1.5503501740926386
2021-04-08,11.641110598021346,12.053780100289105,11.641110598021346,12.015392303466797,293400,0.031645767039989024,0.42236757365366406,0.548064054164854
2021-04-09,12.08257019123815,13.301383373527358,12.015391778543291,12.610403060913086,549200,0.048333593262393525,0.43249802119577985,1.5280093466619111
2021-04-12,12.936700358358436,14.011560577223749,12.869521937893357,12.975089073181152,460900,0.028509180954020143,0.43519167358267163,1.0982614418524625
2021-04-13,13.051863193412649,13.099847251029178,11.900227505871296,12.053779602050781,353500,-0.07365302333654697,0.5332166591050339,0.5611581985404698
2021-04-14,11.977002194535917,12.677580548881544,11.900226609845596,12.533626556396484,207000,0.03903688623433474,0.5329668136716459,-0.34445496664933023
2021-04-15,12.562417454220025,12.792744213468195,11.5643339155741,11.842645645141602,217400,-0.05670810265797416,0.5798434381685803,-0.22357502769541543
2021-04-16,11.756272628460449,12.044181528939566,11.04609801178588,11.54513931274414,382900,-0.025442544586378023,0.590508180295052,0.7577940017360801
2021-04-19,11.593125598345273,12.399270245123796,11.391589436650642,12.29370403289795,170400,0.0628227544186594,0.6223200548447104,-0.6584770659283241
2021-04-20,12.12095979377596,12.418465021704135,11.420381283863481,11.679499626159668,138500,-0.05125212782918681,0.6539242441316494,-0.9562564220051312
2021-04-21,11.679497221175188,12.044181711958732,11.036501002588041,11.161261558532715,373500,-0.04538614281278091,0.6733983238968295,0.7532240570687394
2021-04-22,11.276427022562757,11.852244938746008,11.20924860126174,11.66030502319336,124500,0.0437413469302078,0.6336319780297746,-1.1110775976199143
2021-04-23,11.660304868567449,12.082571578898829,11.660304868567449,11.967408180236816,66000,0.025996629454890074,0.6356508522243006,-1.9882415312218407
2021-04-26,11.996195735855412,12.284104616563363,11.94821076986457,12.149746894836426,105700,0.01512136804019518,0.6335153462515991,-1.2143042775343063
2021-04-27,12.236122348337124,12.591209710578038,12.140152395196422,12.456851959228516,120000,0.024962491821298612,0.615401979714717,-0.923788146574494
2021-04-28,12.572015620353307,12.572015620353307,12.00579493956325,12.12095832824707,111400,-0.027334782187483673,0.598426015978647,-0.9506784414063096
2021-04-29,12.274508547541219,12.399269104276607,11.66990011808688,11.842645645141602,91600,-0.02322899324942194,0.6000679501660635,-1.1839283963950642
2021-04-30,11.775468612467026,11.813856410162844,11.247635707721589,11.477962493896484,131300,-0.03127816222389483,0.6105166097126841,-0.5420997519543731
2021-05-03,11.266829738807314,11.72748425051121,10.71980336419394,11.689096450805664,172600,0.018227587978569174,0.6136600564244854,-0.06015892121515395
2021-05-04,11.727485413146299,11.900230071328084,11.602724822925468,11.708291053771973,46000,0.0016407479056052257,0.6128764788609105,-1.9637812454307109
2021-05-05,11.71788641312629,11.833049805769726,11.458768093250598,11.55473804473877,116400,-0.013201654739389028,0.6140520952419898,-0.5390966496896314
2021-05-06,11.324410227471548,11.573931346412397,11.046098491802816,11.228440284729004,132000,-0.028645702339571016,0.6206232109275405,-0.3866733774749017
2021-05-07,11.564334644583752,11.804258596067909,11.343604133294964,11.746676445007324,169900,0.04512047400029813,0.6314121564439077,0.040987580640983734
2021-05-10,12.23612157032732,15.547072845076274,12.111361005271984,15.38392448425293,2172400,0.269752754719643,1.123698517320526,3.0775709551452057
2021-05-11,14.779314438264754,17.48565620696639,14.779314438264754,16.084501266479492,1745200,0.04453305453077461,1.1284807978688138,2.3781052881861378
2021-05-12,16.44918832076994,16.71790385102594,14.625766346001916,14.712139129638672,398300,-0.08918320994662611,1.1441990974784637,0.7905212033428661
2021-05-13,14.875285975241418,15.748609069930527,14.875285975241418,15.307148933410645,366000,0.03964702568188801,1.1443995530651818,0.6641055729841916
2021-05-14,15.489487705008502,16.209259465731563,15.451100829616546,15.767800331115723,370100,0.029649937032112612,1.1202755684857273,0.6423481562855017
2021-05-17,16.276439975646934,16.89064653562523,15.26876011249543,16.49717140197754,1367800,0.04521902917485053,1.1159551455779184,1.789738082681456
2021-05-18,16.679508307173,17.360893118049013,16.602732734304126,17.23613166809082,786600,0.043818922829568535,1.1080358981624097,1.1481617981580696
2021-05-19,17.00581119232676,17.168959573374227,15.374329212326828,16.842662811279297,588900,-0.02309273835798967,1.0906286442185793,0.806338987660423
2021-05-20,17.216939664564006,19.587387149713575,16.698703159286666,18.570110321044922,1435700,0.09763819566881066,1.0993320782924891,1.4777542929640164
2021-05-21,19.097944626787605,19.38585444355787,17.015404823188984,17.898324966430664,1135100,-0.03684618499420655,1.1166315389478683,1.1535955800008229
2021-05-24,18.24382070977188,18.397371919379054,17.658405579097796,18.1286563873291,1081700,0.012786780936636455,1.1167357764869261,1.0154330709253874
2021-05-25,18.57971018277397,20.53748854796889,18.522127120213558,19.5106143951416,1681500,0.07346473332261584,1.131857730445156,1.258047134480823
2021-05-26,19.97126865545131,20.10562730928098,18.714067697053867,18.934797286987305,975600,-0.029957289867305514,1.146282637420615,0.7238364279317667
2021-05-27,20.882984178086424,21.382026513465778,19.731348301130186,20.47991180419922,1245500,0.07844313816079782,1.1498768974927636,0.8465096633192625
2021-05-28,21.113313076752874,21.19008868744934,20.067244236966665,21.103715896606445,609200,0.030004640094136767,1.1364662432995538,0.15914749985428234
2021-06-01,21.4588006132411,23.042298460265904,21.3532334799479,22.533658981323242,1283000,0.06556101228966763,1.1227743210418408,0.7595521963144912
2021-06-02,22.264943813282724,22.284136338571308,17.85034266386767,18.483741760253906,2249100,-0.19811862418803997,1.3776961431441241,1.167321215795983
2021-06-03,18.406968067550554,19.82731759208013,18.32059528817615,19.817720413208008,640200,0.06968498589512882,1.3852811961233533,-0.14940949044072036
2021-06-04,19.58738961773754,19.83691072611007,18.522126776315258,19.165122985839844,539400,-0.03348439179488241,1.394093835413425,-0.4812786253257182
2021-06-07,19.213111051934384,19.251497933479474,18.66608471897646,18.982784271240234,445000,-0.009559638591950165,1.3865432874234032,-0.9187727971869157
2021-06-08,18.867621567775114,19.510617904906756,18.714070367607082,19.443439483642578,363100,0.023977234122754723,1.3846112957385608,-1.4202999600638406
2021-06-09,19.47222681442584,19.88489443170142,19.06915454342297,19.529808044433594,356900,0.004432204532980282,1.057708378654192,-1.3278617489031013
2021-06-10,19.44343839513749,19.94248068298298,18.62769654586595,19.673765182495117,615200,0.007344115510460732,1.0508364970812907,-0.3538602718340743
2021-06-11,19.760135253244435,21.948242179506057,19.760135253244435,21.794689178466797,929700,0.1023802928525604,1.0333388909477301,0.30386652862851626
2021-06-14,21.83308128512652,21.861872820517334,18.330191686794556,19.059560775756836,1358000,-0.1340974707827086,1.1568848625507002,0.8987940274103409
2021-06-15,19.145927766522888,19.36665731306859,18.23421622317453,18.6276912689209,480300,-0.022919602179532893,1.1602143823873643,-1.0812795837326015
2021-06-16,18.339786683440927,19.520212036913968,18.282203619509747,19.27069091796875,440200,0.03393608488749956,1.1562978405934798,-1.1308837763078525
2021-06-17,19.04996127944297,19.213109632524375,17.293718104731116,18.31099510192871,713700,-0.051083631708363345,1.1653346105314013,-0.20996030778939845
2021-06-18,18.186232741200943,18.21502243831335,17.33210239420835,18.205425262451172,689600,-0.005782063660337058,1.1620113246629173,-0.29075219986371253
2021-06-21,18.12865064858853,19.126735025559935,17.898323907089182,18.838825225830078,335300,0.03420027088134509,1.1173172178534596,-1.484343079419853
2021-06-22,19.001975424064693,19.001975424064693,18.320592309210557,18.435754776000977,287600,-0.021627938484208645,1.1121079261202829,-1.5618002791495904
2021-06-23,18.426159695442813,19.069155940816973,18.138249863357323,18.934797286987305,187700,0.026709382162691545,1.114944870401471,-1.9611078246860283
2021-06-24,18.95398791298771,20.038443124879176,18.733258366479355,19.491416931152344,365200,0.028972855729553937,1.0894085315755277,-0.8273330885068854
2021-06-25,20.422331825319894,21.852278665712713,20.412734645528346,20.748628616333008,964200,0.06250594241827784,1.1044052170554197,0.7865561965255475
2021-06-28,21.257266101306847,21.353236067706117,19.606589635043886,20.000064849853516,437300,-0.03674463767207352,1.0788303163859403,-0.460376801633219
2021-06-29,20.046192532654178,20.344098035888784,19.50803840901663,19.853994369506836,330300,-0.00733030146882099,1.0729910701052572,-0.8751544609167463
2021-06-30,19.89242907591252,20.66121784390633,19.584911735777993,20.56511878967285,428700,0.0351911633961963,1.0535549008677463,-0.36597879574309605
2021-07-01,20.57472912600121,20.661218092558506,19.796330259922534,20.123065948486328,213300,-0.021729661220812883,0.7886991350190602,-1.6184007511429497
2021-07-02,20.142285606865762,20.401752523459724,19.51764445549808,20.17111587524414,229600,0.002384957200210931,0.7517163378025407,-1.3179602767024339
2021-07-06,19.988531130433792,20.036581585637627,18.82573760856268,19.027544021606445,253000,-0.058364059213394874,0.7707313142924226,-1.0297124428918516
2021-07-07,19.15246568966442,19.21973446702915,18.085769840204556,18.796899795532227,291200,-0.012195662990092525,0.7711824548959277,-0.7114241010490936
2021-07-08,17.91279659773679,18.79690468658725,17.61489114920353,18.450950622558594,174700,-0.018576058327570436,0.7682691302878658,-1.5161555365911716
2021-07-09,18.450949692062718,19.25817885564903,18.450949692062718,19.04676055908203,143300,0.03178114430352792,0.7771661178110899,-1.6595374284884228
2021-07-12,18.931440849522062,19.19090589463287,18.508606140807714,19.11402702331543,157800,0.0035254269193127612,0.7767500664460082,-1.3455083614791175
2021-07-13,19.11402936932536,19.21012842850134,18.57587720405179,18.69119644165039,104700,-0.022369830151794938,0.6811150121495457,-1.77893110003829
2021-07-14,19.104424389977016,19.104424389977016,18.114608764648438,18.114608764648438,240100,-0.0313339076888226,0.5121723464316809,-0.42418647709540486
2021-07-15,17.9704574405576,18.258752804292595,17.70138042358431,18.133825302124023,192800,0.0010602686582493151,0.5067879526640106,-0.7385738591323875
2021-07-16,18.25874903473949,18.527825996161337,17.720596944832643,17.797475814819336,167500,-0.018722356371502685,0.49333365347914443,-0.9002806876661351
2021-07-19,17.35542376916346,17.43230265169264,16.644293647534212,16.865320205688477,355900,-0.05379718434960944,0.4966897063769696,0.5257609749450797
2021-07-20,16.711562486722418,17.278544934290384,16.46170565957915,17.22088623046875,355000,0.020863508122827567,0.5039520804711713,0.629606847011323
2021-07-21,17.489967462337304,18.297196842625954,17.297769292578067,18.114608764648438,163900,0.050595763940035336,0.5219364820746066,-0.8768380222401803
2021-07-22,18.153046005960523,18.153046005960523,17.201668982579214,17.71099281311035,117200,-0.022533217111715034,0.5223775825041312,-1.3955123362876178
2021-07-23,17.768647248771767,17.86474630367028,17.172836407687615,17.653329849243164,140600,-0.003261084088613226,0.5119006340347476,-0.9979804313818408
2021-07-26,17.653333669346466,18.066556578836753,17.46113551795861,17.778261184692383,197900,0.007052003567847727,0.4999604033289513,-0.30286561415937246
2021-07-27,17.68215747835718,17.826305137679665,17.326593374224174,17.55722999572754,122000,-0.012510598520988925,0.4370884004142169,-1.2742429542196205
2021-07-28,17.634109971742184,18.643145483004016,17.470742125515912,18.277971267700195,147200,0.040230748242078715,0.4542020226966508,-0.7631938462615724
2021-07-29,18.42211844959361,19.152468693853294,18.11460294315522,18.8065128326416,123000,0.028506658224044707,0.46793489247480974,-1.107799759159694
2021-07-30,18.59509996399751,19.14286229452721,18.229923855019475,18.53744125366211,112400,-0.014410698706939345,0.44863480379151516,-1.2745541769195377
2021-08-02,18.556656301122718,18.989101134062174,18.306799490195147,18.48938751220703,161800,-0.002595618908551694,0.4444911572387078,-0.2364051226823228
2021-08-03,18.460555928813452,18.989099779473182,17.83591486252186,18.44133758544922,181400,-0.002602166826890749,0.44391936705945145,0.11256649622094764
2021-08-04,18.393293923182743,18.499003098859106,17.7686526266919,18.095388412475586,113400,-0.018937630701885595,0.402457660856716,-1.09504595563561
2021-08-05,18.239531395495717,19.21973849884154,18.191482782423453,19.04676055908203,231500,0.05123991575291823,0.4411224543781358,0.9712884967232314
2021-08-06,19.45998291506149,21.71830228660662,19.431152650885604,21.670251846313477,634900,0.1290433996481045,0.6201973476229028,2.838092062643454
2021-08-09,21.852846567307612,22.736954778016457,20.6612227759935,22.141143798828125,406300,0.021497150674317393,0.6161674155980684,1.6231659622831018
2021-08-10,22.362165372060264,24.985659142073047,22.141138827246813,23.640277862548828,857800,0.0655143583406705,0.6481379033258847,2.478506222759363
2021-08-11,24.985659112882654,24.985659112882654,22.160357146126632,22.698511123657227,662100,-0.04065261331366024,0.662618280435502,1.781001864446272
2021-08-12,22.583194691201914,22.977199217902797,21.891284705201226,22.10270118713379,327300,-0.026599506353163636,0.6591585835177399,0.615233553504836
2021-08-13,22.29489774655435,22.304506002971998,20.863025592624187,21.5549373626709,340500,-0.025094924452415044,0.6695114637282199,0.6293640034734104
2021-08-16,21.612598395567407,21.83362497574113,20.75732051310723,21.132104873657227,181000,-0.0198114601857483,0.670074284774032,-0.377722484959941
2021-08-17,20.96873158613901,21.132099414703944,19.844376962000805,20.58433723449707,222300,-0.026262983901949165,0.6442786329306583,-0.016163904404396825
2021-08-18,20.4498000791478,21.132099837857655,20.075013974972368,20.51706886291504,134100,-0.003273291015128213,0.6443349450872272,-0.7536711939411483
2021-08-19,19.950088459349768,20.44019200310244,19.700231642950147,20.18072509765625,128300,-0.016529221382420436,0.6306809784734618,-0.7963360312068768
2021-08-20,20.180722072202325,21.026389619211947,20.036574423988238,20.968730926513672,201500,0.03830437877743367,0.632251520964329,-0.12361172437599889
2021-08-23,21.141712188223607,22.39099444798926,21.141712188223607,22.083478927612305,490500,0.05179744456827596,0.6484125721097248,1.1942618190141
2021-08-24,22.083477928229748,22.919537315238873,21.660645023315176,22.660070419311523,240400,0.025774594118407445,0.6503398984296238,0.05023689855290306
2021-08-25,22.58319307070257,22.592803160046813,21.47805845723434,21.91050148010254,298900,-0.033638321714339184,0.6641617561931088,0.3364706720995905
2021-08-26,22.006599751577664,22.16996759869812,21.43961733115591,21.458837509155273,147900,-0.02082947591697991,0.6634584469055199,-0.8088519786815107
2021-08-27,21.64142517826676,22.919537667206,21.401178456038057,22.23723602294922,236300,0.035631616503330486,0.6667329883808716,-0.10012498614744897
2021-08-30,22.525532369436025,22.583191067449718,21.718303265496484,21.785572052001953,134000,-0.02052026390511457,0.6696476567487722,-1.088127926141186
2021-08-31,21.7951845902009,22.362167044383902,21.333911288371834,21.968162536621094,151200,0.008346329578077915,0.6686022934865569,-0.8715697468222259
2021-09-01,21.97777326054156,22.55436398800156,21.679865974025045,22.16996955871582,129400,0.009144402754388352,0.6674462078060199,-1.0838479455089105
2021-09-02,22.304508905954496,23.76520968512538,22.304508905954496,22.86188316345215,484700,0.030732382534802708,0.6636340191820136,1.0192940890176305
2021-09-03,23.07330520813383,23.39043094265055,20.27683232204884,21.112890243530273,596500,-0.07958726711064988,0.7166422612608108,1.2431539655683912
2021-09-07,21.1224924341935,21.660646438598633,20.77653838328977,21.660646438598633,350700,0.02561331997125134,0.5642589798243972,0.4433532610361123
2021-09-08,21.71830732351914,22.045043061541595,21.343521134059678,21.699087142944336,162300,0.0017731065779995232,0.5588927328505225,-0.7915590877428725
2021-09-09,21.506886253645995,22.46787316428667,21.506886253645995,21.708694458007812,195700,0.00044265405261530047,0.5041500917963878,-0.3991120989640983
2021-09-10,21.862451516810864,22.294896345922588,20.920684814453125,20.920684814453125,246500,-0.03697447299131578,0.5009369518092787,0.14641434847055784
2021-09-13,21.237813638673707,21.679866790771484,20.79575865363864,21.679866790771484,134400,0.03564565863801644,0.5116640325923153,-1.0389268548953674
2021-09-14,21.670258722604405,21.996994488528316,19.978923012211467,20.488245010375977,414300,-0.05653272466385395,0.5411214528215853,1.2740086689121402
2021-09-15,20.69004632681592,21.679861551180252,20.488238147025438,21.276247024536133,137000,0.03773997973935546,0.5543745028154176,-0.9499836230444231
2021-09-16,21.353129896608134,21.6318169988021,20.853418063296473,21.29547119140625,111100,0.0009031426957829154,0.5458811078324758,-1.250384596093621
2021-09-17,21.22820073818096,21.381958495332658,20.920685223877562,21.208980560302734,88200,-0.004069726671694243,0.5459779769206833,-1.577734746518559
2021-09-20,20.526683606615972,20.86302760173741,19.315839725366875,20.02696990966797,313300,-0.05734484268113493,0.5802659958986124,0.6767218116545871
2021-09-21,20.171114705439294,20.30565228419505,19.41193601154133,19.55608367919922,195100,-0.023793436973959813,0.5678654729288563,-0.1975486553789451
2021-09-22,19.69062536277419,20.642002367170132,19.63296665027858,20.555513381958008,185900,0.0498427723915158,0.5655104091176029,-0.2144221815695044
2021-09-23,20.891859735998615,21.958556024061405,20.76693221708753,21.09366798400879,271400,0.02584370384826377,0.5655554035802883,0.5172619301470675
2021-09-24,20.824587773906185,21.56454818286756,20.36331446686683,21.170543670654297,244100,0.003637866100763999,0.5550970820339907,0.3317123952840589
2021-09-27,21.353131714407564,21.67025736942074,20.920688639173605,21.045616149902344,175500,-0.005918486473009792,0.550988862982536,-0.341062537812074
2021-09-28,20.920688457826845,21.237814110091083,20.305655501210353,20.90146827697754,205000,-0.006872870537350662,0.5348934946349784,-0.0170819986361544
2021-09-29,21.101609376826453,21.40952129962249,20.610874061632835,20.803319931030273,132900,-0.004706822950754105,0.5311403569328221,-0.8832318800030637
2021-09-30,20.832186444620188,21.255566274769258,20.630119924619443,20.909164428710938,255100,0.005074966234999315,0.5304425815936282,0.3737371807911079
2021-10-01,20.976515317588767,21.890630283319723,20.456914498186592,21.640451431274414,166600,0.034376762450932,0.5443527271473477,-0.518448874772423
2021-10-04,21.650076086718137,21.659698562992638,21.255563735961914,21.255563735961914,183600,-0.017945630755719498,0.5344561605196356,-0.24221234215472856
2021-10-05,21.25556624459564,21.573100657931708,21.168965783203998,21.534610748291016,109100,0.013042759067383473,0.45926738017813584,-1.3773991401120704
2021-10-06,21.284434166864287,22.900971867693265,21.168966270583674,22.631549835205078,399600,0.049683500131957284,0.4825390976613396,1.8156731486135045
2021-10-07,22.997193610144738,25.306534897699468,22.97794865588432,25.21031379699707,906000,0.10790824527579918,0.6059519743966096,2.7905689103268063
2021-10-08,25.49898269537224,25.980095576417,23.40133024036909,23.536041259765625,485400,-0.06872027153800561,0.6604970322813492,1.4461058547550183
2021-10-11,23.57452885660602,24.90239947038497,23.256994459704543,23.699617385864258,635500,0.006925987047677974,0.6436001396868802,1.701828874498307
2021-10-12,23.59377558989313,25.681805519514096,23.57453063461737,25.15258026123047,374900,0.05950158220878418,0.662502141486021,0.7585029857474438
2021-10-13,25.1333336219381,25.845380349736615,24.786931816679477,25.18144416809082,233200,0.0011468945847859678,0.621592101938833,0.021896387896321232
2021-10-14,26.09556235605625,26.211028414786192,24.228843943789634,25.094846725463867,320700,-0.0034448654316461213,0.6146184544736173,0.4975882414264347
2021-10-15,25.508602748656944,26.749872909414695,25.05635734416843,25.575958251953125,376900,0.018990264126500817,0.6152320086314074,0.6979016584587274
2021-10-18,25.65293805529835,26.413097270063655,25.219935738621917,25.35464859008789,196900,-0.008690689882197927,0.6166491857548364,-0.5692880485049111
2021-10-19,25.18144426561561,25.662557070204905,24.47902001138717,25.19106674194336,268500,-0.0064726522585662385,0.5717499229847129,0.047484693169159764
2021-10-20,25.345023535388435,26.37460467779833,25.258423080858652,26.114803314208984,187600,0.03601289303223198,0.5634676678393361,-0.645702180569822
2021-10-21,26.028202859679205,26.336116606507183,25.470112061209363,26.114803314208984,202500,0.0,0.5495465530441206,-0.5075742126597398
2021-10-22,26.008965198609403,26.88459056896964,25.951230326609718,26.297632217407227,140100,0.006976575040116876,0.5471792627037366,-1.1260846384376726
2021-10-25,26.441960203125088,27.221364294603273,26.095560219990098,27.154006958007812,197500,0.03204571604610084,0.551522041830766,-0.4567228409522808
2021-10-26,27.375317618057167,27.817940489894074,27.221361676957407,27.279094696044922,256800,0.004596025375235631,0.5484472417806658,0.0020304669577362057
2021-10-27,27.240606184772815,27.32720663547807,26.57667184309875,27.221363067626953,179300,-0.002118574866349426,0.546591356820446,-0.6637250640915052
2021-10-28,27.298345733703446,28.145103598537712,27.077032413143357,27.740968704223633,237600,0.01890826319196115,0.5432924738296868,-0.19236289623259503
2021-10-29,27.77946093010828,28.068127949253647,27.490792075662764,27.789081573486328,176300,0.0017328592739075889,0.5440841387914528,-0.7334355857299002
2021-11-01,28.26057080115412,29.00148322638367,27.923791424977082,28.71281623840332,383000,0.032700387521965094,0.5433058657985895,0.6965031911674422
2021-11-02,29.23241354993347,29.444104361083628,26.951939856595555,27.702476501464844,739700,-0.03582176833526757,0.5596124234429248,1.7239556939466265
2021-11-03,27.452298814056448,28.85714740047633,27.433053860332937,28.664703369140625,233100,0.034144704535075,0.5645682769252812,-0.47617063658441855
2021-11-04,28.52999144346108,28.914881353777442,28.453013461397806,28.77054786682129,216200,0.0036857022550593837,0.5498393186609029,-0.5671874591586823
2021-11-05,29.001484491815393,29.70391070773669,27.962280720322273,28.43377113342285,402700,-0.011774657237105484,0.4280522268045481,0.8433581068888392
2021-11-08,30.23312958519313,31.03177679041826,28.481879219660897,29.415237426757812,471500,0.03393525677073055,0.34218481324481537,1.20803487743827
2021-11-09,31.16648852039654,31.74382611839123,29.703906912949222,30.108041763305664,473300,0.023279484382161528,0.3446420505498828,1.3196387110891934
2021-11-10,29.88672808567669,31.214598671170986,29.88672808567669,30.897066116333008,303400,0.02586892741650139,0.3026238031001429,0.28047827491968896
2021-11-11,31.60911085056931,32.89849335682112,31.031776933990688,31.70533561706543,457000,0.025823751011047967,0.3057948331448872,1.1595853882184193
2021-11-12,31.75344346860393,32.147955801238375,30.310105129121933,31.00290870666504,259300,-0.02240395338472474,0.32359078046349427,-0.15006114541200258
2021-11-15,33.02358703445539,33.196787960943084,30.59877773422756,31.012535095214844,332100,0.0003104513339571347,0.32357072890311667,0.45153655034981954
2021-11-16,31.02215909061709,31.291581119907114,29.34788470857231,31.18573570251465,365800,0.005569320586030059,0.31735945743892463,0.6153852080844571
2021-11-17,31.599496172472563,32.16720955483654,30.560292357099534,31.945898056030273,249900,0.024082984977876278,0.31519336956148114,-0.2883389789321563
2021-11-18,31.811176941861497,32.51360112942728,30.47368222403266,31.272329330444336,416700,-0.021310126633097157,0.32108680199263945,0.8483505372196571
2021-11-19,31.031781383683388,31.50327363062353,30.213889104185217,30.954801559448242,264600,-0.01020553325868693,0.3264257917399134,-0.27999814969340087
2021-11-22,30.78160811368675,32.561726499432574,30.656519546932888,32.22494888305664,349800,0.040212836236045046,0.34477763399685685,0.32717827767922253
2021-11-23,32.27304722849086,33.58167462057697,30.858574434015527,32.15757751464844,393100,-0.0020928471362752893,0.33706844685842824,0.5711994774674513
2021-11-24,32.09022548207147,32.21531585027539,30.694999324542195,31.897783279418945,234600,-0.00811159773367379,0.3415554660155961,-0.8452824146550435
2021-11-26,31.070268586649654,31.339690606780493,28.481880952036416,29.607685089111328,436100,-0.07450255868237786,0.44382910761101996,0.789047133227549
2021-11-29,31.551382674672432,31.753449197713916,29.559573865163884,30.367843627929688,439800,0.02535031415539217,0.4471042755867848,0.7366019302098152
2021-11-30,30.213888514083,30.68537891651452,28.664706287608002,29.6173095703125,636500,-0.025025299983884346,0.4585093726486853,1.6952572160693553
2021-12-01,30.541042636803326,31.503270144977733,29.001481193144027,29.1169490814209,433900,-0.017038525907956202,0.45025992858900704,0.5114326294960853
2021-12-02,28.962995798042257,31.166491838269298,28.635838892197196,31.089515686035156,365500,0.06555019886002317,0.4825346977634157,0.10912960560234844
2021-12-03,31.32044685341724,31.75344916708842,29.88673073247257,30.56991195678711,314000,-0.016854390298254182,0.47668422930848203,-0.4879612029334141
2021-12-06,30.694999521174157,31.2434697128666,29.92521969383369,30.050308227539062,383000,-0.017143337761180825,0.4817757345073618,0.14809667922941105
2021-12-07,30.75273317142456,32.79265434338726,30.377465727418162,31.58024787902832,511500,0.04965893995295858,0.5059247774675206,1.2145927535858034
2021-12-08,32.65793787276388,32.65793787276388,31.339689734473254,32.427005767822266,542100,0.02645972893552663,0.5011777663166783,1.3710262295929894
2021-12-09,20.110517555072942,22.131191971725237,17.41628622306985,20.745586395263672,11093300,-0.44665806676381753,1.6372415579374797,4.114923437851558
2021-12-10,20.043161494340715,20.389563337728422,17.8107981376197,17.964754104614258,3920200,-0.14392178720680132,1.6852099145258328,2.266199309499528
2021-12-13,18.09946545562719,20.524274734119807,18.089842978097465,20.302963256835938,2308800,0.1223551156353134,1.7542473080178758,1.504997852813133
2021-12-14,19.677511947837047,21.755918853415498,19.003953372660924,21.39027214050293,1657200,0.052169397166706925,1.7725410213357204,1.0572575059845881
2021-12-15,21.65007994736442,22.352504322962464,20.110518339602947,22.304393768310547,841100,0.04184744322275981,1.783656350730662,0.3291227814775783
2021-12-16,22.87210631442579,23.911310041765585,22.13119205304743,23.478307723999023,921200,0.05129323025168844,1.797503948467912,0.3781158458407254
2021-12-17,23.064550582921182,24.51751168667324,22.323638149731035,23.29548454284668,657800,-0.007817373932640375,1.7924856469408466,-0.012542016010141526
2021-12-20,22.506457182282002,23.112660364596003,21.66932190139092,23.00681495666504,406600,-0.01246907084240754,1.7923574486533609,-0.5135772331259402
2021-12-21,23.478305338341304,24.28657502584303,23.160770949344176,24.257707595825195,333300,0.052943931382536016,1.807600258879016,-0.7401934811757571
2021-12-22,24.24808689174421,26.41309458438924,24.055641029389193,26.114803314208984,573700,0.07376792444782364,1.823389741038542,-0.19442865619561303
2021-12-23,26.1148063027525,26.817232496023195,25.64331590485571,26.230274200439453,359400,0.0044119171855890715,1.823884835976772,-0.6868719353975673
2021-12-27,26.29762708837443,27.519654111190643,26.26875965800483,26.98080825805664,343200,0.02821156048544665,1.8286179936875933,-0.7701381482293906
2021-12-28,27.23098583957826,27.31758629706065,25.219934034131334,25.373891830444336,571500,-0.061405043303649404,1.823168501010518,-0.23209017340848317
2021-12-29,25.373887246297393,26.105177011342366,24.344304419493024,25.49897575378418,367200,0.004917520137729346,1.8199221612590744,-0.7010871134988707
2021-12-30,25.6581384849506,25.870347987495418,24.915402466324874,25.224071502685547,419400,-0.010839527892240531,1.8189447803670316,-0.5315738024410918
2021-12-31,25.185488001513765,25.87034717443858,24.51991926289579,25.26265525817871,292100,0.0015284715599652322,1.8188738638454518,-0.887640743211926
2022-01-03,25.706364964754645,26.603435418953033,25.291590295410238,25.310882568359375,295600,0.0019072157840674718,1.8002592648666333,-0.8570046964092136
2022-01-04,25.18548988313255,25.60990890659201,23.921873431096536,24.751422882080078,525800,-0.022351466743953417,1.800631648671628,-0.2810457216903273
2022-01-05,24.963632747008177,25.542388143329116,23.584268141529975,23.67108154296875,378300,-0.04462886250212908,1.8045082798062808,-0.6316697073451828
2022-01-06,23.50709675082904,24.80929386415644,22.957278024978464,24.13408088684082,313100,0.019370871172756016,1.7946261796132454,-0.7970196830514837
2022-01-07,23.950812149629236,24.134085090165918,21.934815323163775,22.272422790527344,691000,-0.08027571919435462,1.8032694493064894,0.023582115818931965
2022-01-10,22.12773153781084,22.426754414861506,21.31747445692762,22.339941024780273,421700,0.0030268867205896876,0.9052777765388378,-0.4485370278862856
2022-01-11,22.291714061255366,22.330296771316146,20.90270154262787,21.96375274658203,591400,-0.01698266160347367,0.7356800640667605,0.20409246074932144
2022-01-12,22.368877936703086,22.995862058779913,21.963749423392898,22.25312614440918,226200,0.01308900747460467,0.6115073204792355,-1.5791569115200337
2022-01-13,22.10843900597746,22.426754152615636,21.346410777466794,21.481454849243164,187300,-0.03529250185649268,0.6003155235268993,-1.987382354958843
2022-01-14,21.15349556137524,21.876939311956818,20.97986876686565,21.452518463134766,224200,-0.0013479484080930592,0.5808936049349204,-1.4285490833585979
2022-01-18,21.124554316149887,21.221013837921088,19.88987832487802,20.603675842285156,395200,-0.04037255052758135,0.5616929845432332,0.07564735486698644
2022-01-19,20.69048895638317,20.719425524666157,18.848119289998213,19.069974899291992,526500,-0.07735439545220789,0.613452490322599,0.9413832427141376
2022-01-20,19.176083839049813,21.008809698841628,19.01210316232569,19.32077407836914,432900,0.013065790779045619,0.618269780413914,0.36407782170633834
2022-01-21,18.983159039356238,19.40757977034681,18.462278800438884,18.645551681518555,306600,-0.03557329224576744,0.58278248625168,-0.6186314709703775
2022-01-24,17.951050666884925,19.59085531973285,17.401233736937755,19.581209182739258,494300,0.04896278930462914,0.5413641471968736,0.7918708584335162
2022-01-25,19.15679465450785,19.93811353479184,18.539454621859456,19.571569442749023,237300,-0.0004924166571790473,0.5395590488160321,-1.2516519650356839
2022-01-26,20.024925814400948,21.15349828416588,19.176084007497447,19.532983779907227,311300,-0.00197346202345892,0.5196065749701267,-0.47203149388018206
2022-01-27,19.745193584476553,20.179260632617826,19.002459292942287,19.23396110534668,225900,-0.015426988422143847,0.49196978766630334,-1.2455616434377348
2022-01-28,19.041041096861083,19.06033337359106,17.902822527171203,19.031394958496094,245400,-0.010587542358047276,0.4876915598030534,-0.9379149648030826
2022-01-31,18.809531706105727,20.08279201953373,18.674489503109434,19.870582580566406,193200,0.04315039399171988,0.5263344116283315,-1.4203851351615417
2022-02-01,19.967044664607812,20.53615379333496,19.532977756320232,20.53615379333496,180100,0.032946556763676894,0.5468795739715095,-1.4590508656842864
2022-02-02,20.76765953502374,20.82553452068259,19.59085650781383,19.860942840576172,216200,-0.033431800663940206,0.5509816713478893,-0.9504376789977385
2022-02-03,19.600504983228358,20.02492588824521,19.20502249439885,19.39794158935547,142300,-0.02358817504098651,0.5513038079637919,-1.725648543478204
2022-02-04,19.262898506518358,19.909175117072827,19.069981241163745,19.571569442749023,216200,0.00891101775318003,0.5420137103808521,-0.6989755653909724
2022-02-07,19.590854764826403,20.44934253481452,19.291831885744845,19.9670467376709,137800,0.02000527699619423,0.5424372342922595,-1.5350666724462796
2022-02-08,19.967044104707888,20.33358805268508,19.32076774816445,20.246774673461914,170100,0.013912253934483861,0.4812279326789584,-1.0188812163729213
2022-02-09,20.4396971676395,20.921992982941344,20.314299225366007,20.709781646728516,273300,0.022610626495826652,0.48981349211267433,0.13141511186811633
2022-02-10,20.198549687604626,21.076327942852092,20.034569033337924,20.758012771606445,253500,0.0023261978266975116,0.48773292088835046,0.05391652861643997
2022-02-11,20.73871939856601,21.153494080907326,19.73554325152539,19.938108444213867,152400,-0.04029943214726788,0.5008595186726581,-1.2122279218109766
2022-02-14,19.870591963622758,20.13103219793651,19.012103988271466,19.523338317871094,197500,-0.021022310912168222,0.4924363032273455,-0.5523734032347437
2022-02-15,19.851297464532067,21.452519567749714,19.851297464532067,21.356060028076172,163900,0.08972495471818528,0.5910810761526779,-0.9729986529620933
2022-02-16,21.192077904957298,21.896231208272727,20.854472299039877,21.40428924560547,115100,0.0022557925180737358,0.5727511639341782,-1.6590188767703418
2022-02-17,20.970223880462548,21.394644754604847,19.918818753040565,20.304655075073242,119700,-0.05274116017931512,0.5349844233287733,-1.4827047082392664
2022-02-18,20.333594442095666,21.085976685179542,19.523337207947733,19.619796752929688,148600,-0.03431107889664739,0.5487354245423148,-0.8538672912688717
2022-02-22,19.417229616162494,19.57156597685313,18.14396889901251,19.24360466003418,320600,-0.019360314823743115,0.5379888630806128,1.2997030385997137
2022-02-23,19.185728662908772,19.330418892312842,17.574860421882704,17.67131996154785,513900,-0.08523579583015387,0.5874050860545605,2.5798111358236087
2022-02-24,16.7067249269544,18.954223107731757,16.398055933170575,18.799888610839844,302600,0.061907960611255676,0.6314118202803563,1.058428323732373
2022-02-25,19.137500146486868,19.8609439468637,18.539452461991086,19.764484405517578,318100,0.05003566530796283,0.6565549538317976,1.1861873587010778
2022-02-28,19.4075857132392,20.15996605787157,19.13749937630217,19.803068161010742,233000,0.0019502731516154433,0.6539776473529201,0.34614689859315606
2022-03-01,19.67767245250188,19.986341535707737,19.05068814726338,19.23396110534668,701600,-0.02915935921660239,0.6613853914097442,2.5737185482376645
2022-03-02,19.397938197404727,20.729073832440044,19.311124803835845,20.4686336517334,370800,0.062216124523246874,0.6799134600994021,1.0834857080352538
2022-03-03,22.06021484996419,22.35923778704828,20.835182846040635,21.20172691345215,635000,0.03518898791288818,0.68126694209551,1.8955788660076367
2022-03-04,21.4139397308381,21.587564717786414,20.159969226347325,21.047393798828125,341300,-0.00730589411075672,0.6703020569637225,0.6588074406367498
2022-03-07,21.153492734208257,21.356056074188434,19.88987833388886,20.06350326538086,430800,-0.047874335794274525,0.6873935073369912,0.9996530305780036
2022-03-08,20.10209319797989,20.96057930862593,18.94458230557904,20.632617950439453,337100,0.02797081256163304,0.6930927622233789,0.49344612912174934
2022-03-09,20.912351629275673,22.79330463530792,20.83518435476891,22.764368057250977,284800,0.09832328980235733,0.7671395058508719,0.11478506720327729
2022-03-10,22.35923441761093,23.188783813339175,21.896230873870184,23.024803161621094,216200,0.011375524205628186,0.7668702700313507,-0.45471434746347206
2022-03-11,23.188786103773676,23.536037875972195,21.799773495541444,23.073034286499023,321500,0.0020925555361116293,0.7646023348201825,0.3189532588523049
2022-03-14,23.333472794368493,23.34311893175585,22.320650446446958,22.774009704589844,210400,-0.013044628228672675,0.7671661974805147,-0.5021813427418086
2022-03-15,22.860824826739414,22.918699815619227,22.01198307070941,22.802947998046875,204100,0.0012698652478981898,0.7499606522706794,-0.6048833976118964
2022-03-16,23.20807635848358,23.883291301039662,22.812593898927584,23.613204956054688,215400,0.0349162618260386,0.7492290401154377,-0.5067749445967427
2022-03-17,23.5649748156589,24.693547144261967,23.526390265710884,24.519920349121094,244500,0.03767977507011374,0.6986052813291763,-0.29590012501057333
2022-03-18,24.732128904906816,25.12761132762802,24.240186950831344,24.96363067626953,224200,0.017934130051206112,0.6994934966126051,-0.5964360088915884
2022-03-21,25.214426527205987,26.12114324315649,24.674255688683687,24.992570877075195,321100,0.0011586230795479831,0.6652569569779735,0.13610469197295458
2022-03-22,25.330177199943858,25.65813851136788,24.481335509265477,24.712839126586914,279300,-0.011255704509830919,0.6505872221852171,-0.3349361244621325
2022-03-23,24.809292551011353,25.233713323307747,24.269121829787384,24.934690475463867,213300,0.008937114385995539,0.6412723394460597,-1.0216391255825712
2022-03-24,25.146903607440404,25.638845561625015,24.86717299024476,25.609907150268555,360600,0.026719249013318278,0.5351241968822652,0.5106020381993058
2022-03-25,25.696718946149296,25.696718946149296,24.82858689739255,25.281944274902344,258400,-0.012888798748705122,0.5197175861931445,-0.4392551090127989
2022-03-28,25.445924655752645,26.352641241307772,25.175840195238813,26.256181716918945,258700,0.03781097936139994,0.5107164728234228,-0.40578470423623514
2022-03-29,26.449102339925403,27.51015349173058,25.976452666082075,27.500507354736328,581500,0.04630299847433614,0.5210574688657957,1.6949047265225274
2022-03-30,27.35065627232498,27.389327148554234,24.865989317020148,25.06901741027832,324500,-0.09257173620947415,0.6255700937370633,0.249540631491345
2022-03-31,25.127024862695354,25.629759166116187,24.3729234075641,24.401927947998047,147600,-0.026970574116096234,0.6126293207797554,-1.894728487517574
2022-04-01,24.604951974001338,24.885321775763224,23.908857870836503,24.83698272705078,190500,0.01767163793231001,0.6059356766097389,-1.1339504686627655
2022-04-04,24.89499248821754,25.436397633772547,24.4696018089874,24.537277221679688,158100,-0.012140300906944724,0.6076566613522802,-1.536034698768631
2022-04-05,24.65329297652767,24.93366464452598,23.850852533797436,23.937864303588867,135900,-0.024731994691334136,0.5860829603904384,-1.7850006501680242
2022-04-06,23.396459938433168,23.667161591991043,22.536010391578845,23.193431854248047,192100,-0.03159235691548857,0.5972455358616154,-0.6790299838334567
2022-04-07,23.222435328831185,23.425461559694718,22.58435025466491,22.903392791748047,132700,-0.012584072427505979,0.495053554738694,-1.581972833077906
2022-04-08,22.71970237934986,22.74870691857378,21.82058194759249,21.849586486816406,182600,-0.04710306015692201,0.5194021186526451,-0.6484819062312849
2022-04-11,21.66589173857721,22.410324878700106,21.375853762849147,21.78190803527832,202400,-0.003102277680753735,0.5191356964620911,-0.30442692975725527
2022-04-12,22.023611340356037,22.903395464811165,21.8205832417804,21.926931381225586,181700,0.006635906149015523,0.5186908880571252,-0.5885692082087666
2022-04-13,21.92693172513753,23.154762984113415,21.92693172513753,22.971071243286133,106000,0.04652002749669822,0.5450847722167371,-1.8438639291680183
2022-04-14,22.971068382870108,23.386790871072826,22.574682253192318,22.690696716308594,124400,-0.012280648043435477,0.5317292068312949,-1.3015744856439062
2022-04-18,22.49733798136192,23.17409391307653,22.458665265483983,22.874387741088867,72600,0.008062841190956667,0.5135400717878333,-2.165099034009962
2022-04-19,22.845384931614866,23.686498125394184,22.76804133802731,23.203100204467773,173400,0.014268053861054193,0.5117833818108899,-0.27138907684051966
2022-04-20,23.25143892385448,24.653293611944264,23.25143892385448,24.31491470336914,166100,0.04680403661804143,0.540613430518275,-0.3045310896113818
2022-04-21,24.691964051709757,24.962665678377196,22.381320982268317,22.71969985961914,171500,-0.06785755250399494,0.5872782816879538,-0.18616314223334463
2022-04-22,22.719702295898315,23.048413029828396,21.114821345071093,21.279176712036133,157700,-0.0655034079807417,0.6221861794669893,-0.34190233306919493
2022-04-25,20.36071908935972,23.657492629178545,20.15769285591251,23.599485397338867,252500,0.10349593121545828,0.7239841158975693,0.7881687863914891
2022-04-26,23.483473557463007,23.580151673325414,21.81091523039721,21.936599731445312,274800,-0.07306844409514916,0.7624003869993256,0.9738711541829582
2022-04-27,22.02360627044231,22.61335038174485,21.849582752871704,22.30397605895996,81900,0.01660849867966259,0.7502234115445138,-1.630848529673046
2022-04-28,22.68102956695144,22.68102956695144,21.578882897217078,22.410327911376953,181500,0.004756958893397682,0.7259045676763566,0.31447591889352655
2022-04-29,22.332979844689834,23.00973569209476,21.530539530355863,21.588546752929688,94300,-0.0373589889325264,0.6695366965582558,-1.4281574987274297
2022-05-02,21.404861236677334,22.710036107112586,21.279178577517254,22.64236068725586,178700,0.04765958739597998,0.6912150490752359,0.4307780267782882
2022-05-03,22.574682777998014,23.76384119467638,21.607886957475756,23.512474060058594,182000,0.0377085728483896,0.7023662938948625,0.4927971787582414
2022-05-04,23.203101002684605,23.734837996389412,21.433864624990576,22.797046661376953,475600,-0.03090009621147428,0.7085528590396184,2.566373406692167
2022-05-05,22.652030219958778,22.652030219958778,21.424198876641675,22.26531219482422,249000,-0.023601034724067924,0.7081366194406916,0.9351312996218755
2022-05-06,22.01394062994887,22.681028398844315,21.43386278585213,21.6658935546875,276600,-0.027290661950973898,0.7061364765666521,1.1065643304602744
2022-05-09,21.424196495771955,21.540212812427935,19.007206802259624,19.50994110107422,309000,-0.10481516277867095,0.7889330657219259,1.2260332646865968
2022-05-10,19.60661679013427,20.148021847316656,18.69782834685154,19.03620719909668,204400,-0.024581327929085087,0.7785260553882666,0.30460950200907694
2022-05-11,19.113552151080928,20.003004302324424,17.769704823561497,17.992069244384766,219800,-0.05641174452143266,0.7972173135236248,0.4538672818424212
2022-05-12,17.68269448340515,19.461596899585224,17.55701000801256,19.316577911376953,204000,0.07103262308488341,0.8431243302075336,0.2781125381229772
2022-05-13,19.606621305185723,20.33171822239503,19.471268626708547,19.75164031982422,109100,0.02227285571138443,0.828130796287656,-1.0947393969849712
2022-05-16,19.69363196365408,20.57341602568507,19.683963784025345,20.138357162475586,126400,0.019389771016631512,0.83293116690213,-0.7750864384464766
2022-05-17,20.48640425209239,21.36618831408255,20.283376167931817,21.269508361816406,181700,0.054648201701720266,0.8578769281434938,-0.08417894869071055
2022-05-18,20.8924598184676,21.250173265896915,20.157694719186022,20.322050094604492,124800,-0.04556800668130774,0.8672828328415905,-0.9490748565421712
2022-05-19,19.90632587683004,20.79577809585365,19.90632587683004,20.109352111816406,157200,-0.010521522052608152,0.8455061329625062,-0.3861595842876337
2022-05-20,20.544414046600995,20.544414046600995,19.132892837233246,19.4906063079834,116000,-0.0312523643452087,0.8226216971078629,-1.0415918077285307
2022-05-23,19.674294377941383,19.828981554324827,19.152223774634813,19.50027084350586,125900,0.0004957331779345434,0.7950939748302858,-0.8130931031003608
2022-05-24,19.287580255377964,19.287580255377964,18.11775617786743,18.47547149658203,241600,-0.05398436758590088,0.7089098964104059,0.6939853810411936
2022-05-25,18.427128080745305,18.97820141111343,18.175760942609248,18.891191482543945,206500,0.022251767003727455,0.6812254897153094,0.37125276334364027
2022-05-26,19.21990273022685,20.18669868302334,19.21990273022685,19.94499969482422,225300,0.05428271575487562,0.7096655921440894,0.5059175238803522
2022-05-27,19.819315818148475,21.58855222961764,19.819315818148475,21.346853256225586,192700,0.06792587028819709,0.7533625305737898,0.09524006242753791
2022-05-31,21.172827182342242,21.71423230202862,20.7474365234375,20.7474365234375,165000,-0.02848164233897246,0.7487731010946577,-0.4062733653648375
2022-06-01,20.90212545629273,21.269507039239564,20.25437221360977,20.853784561157227,351400,0.005112747492026934,0.7274993474297332,1.5222846477910883
2022-06-02,20.989136759646584,21.540211936327747,20.766774159451586,21.38552474975586,166700,0.025178834096373257,0.7197190634127597,-0.4262592717007308
2022-06-03,21.298512199200502,21.346851251733092,20.931128761492857,21.11482048034668,167200,-0.012739093240731858,0.7140574926728217,-0.33900730497035425
2022-06-06,21.366186592901418,21.6175537109375,21.01813953038737,21.6175537109375,121500,0.023530470100452373,0.7161276804097186,-1.1968202901626237
2022-06-07,21.17282639985275,21.772240571793848,20.989134692384525,21.0374755859375,131300,-0.027200257439677356,0.7160865745615776,-0.8764083933748086
2022-06-08,20.834449841642467,21.172828758136635,20.44773187022773,20.49607276916504,114500,-0.02607210345796533,0.6180449138109378,-1.2154745761105274
2022-06-09,20.486403113246148,20.911791929142932,20.167360579315257,20.409059524536133,96200,-0.004254398946735286,0.6108546915450096,-1.574611274818735
2022-06-10,19.96433379270338,20.05134556611022,18.456132793679373,18.562480926513672,110000,-0.09483650757496334,0.6698474624320705,-1.0542280594835107
2022-06-13,17.953400891047906,18.175763521871062,16.87059043589873,17.112289428710938,288100,-0.08134550361115278,0.6784332231589708,1.7356498600563017
2022-06-14,17.06394619966238,18.17576104636813,16.93826355188523,17.3153133392334,270300,0.011794388671185124,0.673931995871719,1.394640276858564
2022-06-15,17.47966670489773,18.7268340803171,17.47966670489773,18.32077980041504,149200,0.056444649770396586,0.7032927273475106,-0.30015448167888326
2022-06-16,17.4506668344057,17.52801043963455,16.23250551305558,16.445199966430664,346600,-0.10800228458786207,0.7547376997340897,1.8274670718118267
2022-06-17,16.599886177017872,17.344319485016293,16.599886177017872,16.841585159301758,163300,0.023817495706966334,0.75441592496489,-0.15478098476959282
2022-06-21,17.03494231686377,17.257304901897076,15.79744306465029,16.116485595703125,463300,-0.0440084368292099,0.764153016483982,2.1414302968404675
2022-06-22,15.903790262078232,16.406522632827844,15.517070500555702,16.17449188232422,260600,0.0035927279720475535,0.7617825429403156,0.7422258791257912
2022-06-23,16.358185195181868,17.518340905938974,16.31951247761552,17.28630828857422,253700,0.06647933362594205,0.8050775585876433,0.6107734465038257
2022-06-24,17.566681821762913,17.769708078466433,16.696565868430785,16.938264846801758,259900,-0.020339505125701658,0.7879267210186177,0.6563701220832463
2022-06-27,16.967265150035534,18.09841628297234,16.967265150035534,17.586015701293945,209400,0.03752876915847241,0.7961081378698981,0.14654562279336122
2022-06-28,17.61501829285366,18.320780607500055,16.98660141018306,17.131620407104492,203600,-0.026178121229576023,0.7710374704494013,0.0920515760314302
2022-06-29,17.126770803135596,17.36935962995283,16.13700794552787,16.88418197631836,173800,-0.014548696660301145,0.7210412733018203,-0.26895734834119944
2022-06-30,16.602778686417608,17.049141206757536,15.981750076597807,17.029733657836914,167300,0.008583649069790315,0.7212591643974251,-0.3604267719986681
2022-07-01,17.049141206757536,17.301433790308437,16.71922027832988,17.029733657836914,120800,0.0,0.7201793142743234,-1.032439104470972
2022-07-05,16.690111411853394,17.602244034577822,16.496039617210947,17.563430786132812,112900,0.030858089222754938,0.7238987389698951,-1.1146045987616886
2022-07-06,17.408176408616434,17.408176408616434,16.690113634119562,16.90359115600586,163100,-0.03829285039476017,0.7307742595018613,-0.25200830671265245
2022-07-07,16.98121943943937,17.534321719337857,16.98121943943937,17.22380828857422,201300,0.01876653572439728,0.7281530195203598,0.18752120091000526
2022-07-08,17.155883827293184,17.59254264831543,16.903591200326396,17.59254264831543,145100,0.021182469570526313,0.7337067069712446,-0.6113180176629021
2022-07-11,17.223805915979618,17.417877708876347,17.07825299670996,17.12677001953125,78000,-0.026832361476542277,0.7339406117706568,-1.9238831521139694
2022-07-12,17.155882685298476,17.670169830322266,17.11706758336147,17.670169830322266,175000,0.03123515989720812,0.7467438441432371,-0.18215289894540332
2022-07-13,17.155878273752347,18.135937135973418,17.068546167657022,17.91275405883789,130700,0.01363507887122884,0.6770098613085297,-0.9175097538486584
2022-07-14,17.670170980485608,17.670170980485608,16.89388739927601,17.66046905517578,150000,-0.014184221241492833,0.6145462918693628,-0.5166426976519589
2022-07-15,17.86424183835241,18.116534451349093,17.35965661235905,18.03890609741211,112900,0.021202120041381937,0.6173891725875532,-1.109446505828188
2022-07-18,18.427050004650685,18.55319725118519,18.106832776164413,18.339717864990234,101700,0.016538207941465165,0.5877729619936786,-1.2705812710639233
2022-07-19,18.7375575450469,19.27125399135624,18.659929206595343,19.115997314453125,129100,0.04145645710736735,0.4545010746770114,-0.6340595990620832
2022-07-20,18.892817514454535,19.688510435757618,18.844300488519206,19.591474533081055,197700,0.024568958577335123,0.4548552792194881,0.4176754797787241
2022-07-21,19.358589523146566,19.843767186876498,19.271257395610707,19.775840759277344,128800,0.00936653021547898,0.41496906804860867,-0.6191309899868512
2022-07-22,19.979611323934666,20.076647202477833,19.610875355631713,19.853464126586914,117800,0.00391747807863697,0.414909936030165,-0.8165728608136609
2022-07-25,19.882582161190488,20.163986118935785,19.74673299582714,19.979618072509766,124900,0.006334150447212424,0.35998778299329226,-0.5562597095877804
2022-07-26,19.698212663138154,20.183390333174128,19.698212663138154,19.824359893798828,103600,-0.007801178376612336,0.3505317429684677,-1.139731525184356
2022-07-27,19.931099016886147,20.513310724026233,19.931099016886147,20.36775779724121,157500,0.02704167123592572,0.34096091194222,0.5103162000505486
2022-07-28,20.600639882847332,21.444849697885992,20.377458637204626,21.270185470581055,200700,0.043353198587566574,0.3408046911994201,1.4809895030533928
2022-07-29,21.2701869363237,21.89121369770941,20.843230112468156,21.74566078186035,164300,0.02210788435420159,0.3306280052349764,0.7006247186338865
2022-08-01,21.444854824662947,22.3181743191647,21.406039720068797,21.629222869873047,137900,-0.005368922375392306,0.3359606186316879,0.03389119312141047
2022-08-02,21.338114003628338,22.211433451709645,21.338114003628338,21.63892364501953,114000,0.0004484026282791763,0.33577269503675466,-0.7270504406410998
2022-08-03,21.910620471356655,22.50253773910992,21.464257965107468,22.3084659576416,140100,0.030472532175740998,0.33549380400592776,0.06839227454254183
2022-08-04,23.53111561459616,24.113329154603004,22.027065666150488,22.192026138305664,460200,-0.005233204380031988,0.29031385276846094,3.2367518698900444
2022-08-05,22.192026860207534,23.773705208718724,21.930030481060896,23.34674835205078,238200,0.050724676148901277,0.3181390747307713,1.3356202007570934
2022-08-08,23.744592267156996,24.734355064930927,23.666963921300557,24.47235870361328,474200,0.047086546910380216,0.3371013751134177,2.5048814099622163
2022-08-09,24.346212940107716,24.511173403723337,23.831924000410602,24.307397842407227,223800,-0.006763522482845723,0.3113702833225288,0.7532912440704661
2022-08-10,24.841096800640333,25.219534786815522,24.46265696365923,24.909021377563477,193000,0.024449300200302827,0.30824322553057715,0.39361094057407897
2022-08-11,25.22923679382025,25.22923679382025,24.5888024694262,24.705244064331055,130500,-0.008214510778024604,0.3197462414618921,-0.521457241368449
2022-08-12,24.986652008118234,25.171020055724227,24.744063153670485,24.821691513061523,111100,0.004702397269360491,0.304106425654656,-0.8487808186013651
2022-08-15,24.482064765946973,24.947834884609964,24.10362677588403,24.63732147216797,158500,-0.007455502395803229,0.31421321433683874,-0.07113521234562617
2022-08-16,24.676138570554087,25.219537086291346,24.598510211163052,24.821691513061523,121500,0.007455502395803306,0.31517010557858366,-0.7260443852494602
2022-08-17,24.540282943277234,25.23893799385243,24.132733701073636,25.132198333740234,153400,0.012431897525637964,0.29943339690370474,-0.19171124620055535
2022-08-18,24.91872714391577,25.258351906472832,24.69554584453481,24.84109878540039,105200,-0.011650335587207756,0.308010142860395,-1.0025646055555075
2022-08-19,24.69554267763633,25.122497669316186,24.006589464706774,24.734355926513672,197800,-0.004306285215580054,0.31270034843203925,0.4330699627285894
2022-08-22,24.258880704261333,24.598505404282136,23.81251818768967,23.870738983154297,132100,-0.03553980685928462,0.35094477083348213,-0.5347359229371599
2022-08-23,23.82222136901894,24.627616176891117,23.82222136901894,24.22977066040039,96700,0.01492867114526766,0.35145409208174444,-1.211887143068541
2022-08-24,24.22977178316398,24.55969274151337,23.967777252197266,23.967777252197266,104600,-0.010871755932510914,0.35347903571570594,-1.032834498944611
2022-08-25,24.123033744048016,24.258882896007776,23.37585970665756,23.599040985107422,137300,-0.015504238760147731,0.35688452456368985,-0.38751515114734997
2022-08-26,23.424373713508196,23.44378126151743,22.240541047029605,22.395797729492188,103400,-0.05233273508192725,0.3867909495070011,-0.9504564890008816
2022-08-29,22.308466601962195,22.43461381880173,21.68743984461595,21.88150978088379,150000,-0.023231361943880733,0.3896424958490459,-0.09928616912288711
2022-08-30,22.09499122506127,22.415208408722773,21.493370108372986,21.997955322265625,194400,0.005307531186298165,0.3894416975074835,0.4487083173866588
2022-08-31,22.07558232148842,22.07558232148842,21.10522705460981,21.13433837890625,176000,-0.040050380136369364,0.4143797123338599,0.1804770817191174
2022-09-01,21.241075730367008,21.367222948725093,20.31923935768492,21.037302017211914,187800,-0.0046019804796603656,0.39817851367666396,0.2971982083039023
2022-09-02,21.435149909149807,22.046472967564934,21.153745968218143,21.63892364501953,128800,0.028196565075581426,0.41219129842429664,-0.5033721239983593
2022-09-06,21.803882581558682,22.13380352643083,20.97908207018414,21.299299240112305,113600,-0.015819540952736442,0.36873145995257905,-0.7626840890988004
2022-09-07,21.260483546427615,22.027065088335554,21.260483546427615,21.910621643066406,106000,0.028297353128580886,0.3403453372824087,-1.0686503425780443
2022-09-08,21.600109837438964,22.075583726371804,21.53218526056369,21.677738189697266,63000,-0.01068568169199826,0.340833718643092,-2.553989023841608
2022-09-09,21.959140682733498,23.02653193432628,21.959140682733498,22.85186767578125,139400,0.05274700627250438,0.38353556150993645,0.2730278504134106
2022-09-12,23.016828479373416,23.3370456742311,22.48313377154593,22.580169677734375,109600,-0.011960777150373494,0.38426024814004295,-0.5683185102083044
2022-09-13,21.590403126521817,22.706311232562935,21.425442669050998,22.25994873046875,133600,-0.01428303057634472,0.3842946485412088,0.11623465735352148
2022-09-14,22.075581859694363,22.075581859694363,20.610345215261916,20.717084884643555,180600,-0.07183032603349447,0.4484325079116103,1.1638842530167128
2022-09-15,20.54241882502491,21.454553194262903,20.455086712501828,21.289592742919922,104700,0.027259633093143488,0.46220935298772053,-0.7406649643658171
2022-09-16,20.785010517851816,20.814121843026822,20.066947820787615,20.455089569091797,289200,-0.03998661948310793,0.46960894329288855,2.3248969705625964
2022-09-19,20.241614047754833,20.852937129707133,20.241614047754833,20.63945960998535,70600,0.008973028376015327,0.4740018189023448,-1.7217111091070978
2022-09-20,20.416276881812415,20.814122416129337,20.222205076913767,20.736494064331055,70000,0.0046903877070145145,0.47610203180299826,-1.557248894794911
2022-09-21,20.94996915364972,21.70684688452321,20.891748359215047,20.959672927856445,114800,0.010705108453212944,0.46978998130748445,-0.19994741569589436
2022-09-22,20.707382001642383,20.707382001642383,19.99902308533382,20.086355209350586,63200,-0.04255951550480332,0.47933527120991115,-1.6490400541390848
2022-09-23,19.649697917471688,19.649697917471688,18.203868515023597,18.727859497070312,150300,-0.07002851137108922,0.5240710176919511,0.5017810795683973
2022-09-26,18.397934323289387,19.358587632354936,18.397934323289387,18.951038360595703,151900,0.011846496913454014,0.5301300921300904,0.5137978389879316
2022-09-27,19.280961098820377,19.610880206180525,19.13540631960143,19.339181900024414,132500,0.020274463419339316,0.5173564873723808,0.1411894567510816
2022-09-28,19.145110646148776,20.523015319688664,19.145110646148776,20.37746238708496,117200,0.05229631697762364,0.5524438765938767,-0.13987564866048308
2022-09-29,19.97331875811458,20.976367602866798,19.651953882796203,20.401805877685547,150600,0.0011939151695512275,0.5518111766202695,0.5426986167899627
2022-09-30,20.197301346739795,20.820554031267772,20.197301346739795,20.440759658813477,151000,0.0019075096007145072,0.5357862965043607,0.5775141375314209
2022-10-03,21.054278441144874,21.210091632966872,20.67448216081896,20.92767906188965,222800,0.023541709862836553,0.542618528182168,1.5403620833332017
2022-10-04,21.424330209255544,22.359209181361237,21.375639292664818,22.310518264770508,135800,0.06398559851846995,0.579188676571051,0.2595864812547778
2022-10-05,22.086539040241597,22.086539040241597,21.132182873673028,21.745697021484375,127200,-0.02564233846069993,0.5838608809975185,0.07769877607458218
2022-10-06,21.745695798067707,21.979415548724802,21.59962118608696,21.609359741210938,58700,-0.0062893576835910195,0.5757132351901576,-1.7004379030368315
2022-10-07,21.414589827335906,21.424328381311028,20.878982360778828,20.97636604309082,117200,-0.029730164749930725,0.5836179531862764,-0.13477616343845852
2022-10-10,21.064011866417008,21.287994920107476,20.73291027833785,20.840030670166016,84900,-0.006520688854853083,0.5492200070898627,-0.8772832134202969
2022-10-11,20.75238815892124,21.307472870976895,20.635529197140947,20.85951042175293,83600,0.0009342910014747895,0.5487962592053198,-0.867301113958502
2022-10-12,20.878986106293393,20.878986106293393,20.099918365478516,20.099918365478516,74200,-0.037094225944780554,0.5598770879641795,-1.0601774350220898
2022-10-13,19.759075414679046,20.518664079442985,19.369540670509586,20.382328033447266,104700,0.013952498910959836,0.5069481863440444,-0.18466899209332183
2022-10-14,20.460236979093644,20.460236979093644,19.106609344482422,19.106609344482422,60600,-0.06463393837572028,0.5416711138721219,-1.3858675290920235
2022-10-17,19.73960260501892,20.333639690116414,19.622741784829408,20.090181350708008,58300,0.050196891527344134,0.5584241333280188,-1.4310099866480486
2022-10-18,20.547886111858958,20.80108303107859,20.177828361676454,20.450502395629883,65000,0.017776243510125724,0.5612024702467375,-1.129852505327701
2022-10-19,20.236256954067137,20.236256954067137,19.6616951496308,19.807769775390625,47300,-0.03193317558531169,0.5712360351561117,-1.7679004904442308
2022-10-20,19.768812800343948,20.16808425533309,19.048176470426004,19.47666358947754,90200,-0.016857263720600157,0.5713806398748367,-0.20937094220805663
2022-10-21,19.603263014038852,20.460237336448166,19.574049204541883,20.35311508178711,78500,0.044016965541273295,0.5754931262764922,-0.5763105457663825
2022-10-24,20.36285355266677,20.372592108271743,19.885675472660505,20.041488647460938,40400,-0.015429418182679075,0.5193733094193405,-1.8873633256995817
2022-10-25,20.187565859405588,20.820557195509245,20.17782730254986,20.577098846435547,85300,0.02637419364461129,0.5248203700766547,-0.1491080816015327
2022-10-26,20.499189212144593,20.791340302215723,20.10965628282261,20.236255645751953,60000,-0.016702921342261937,0.5259322813770161,-0.8782405496934812
2022-10-27,20.284946878157562,20.4797142745415,19.729862213134766,19.729862213134766,59300,-0.025342493177566747,0.5008442480111353,-0.8251590749755136
2022-10-28,19.90514965799085,20.284943983560577,19.47666256155367,20.16808319091797,44600,0.021967978385899534,0.5073990841562352,-1.3465623040333365
2022-10-31,19.905154606997836,20.255733357211277,19.778555228705407,19.992799758911133,60300,-0.008729118094226797,0.508087711463736,-0.579751047014536
2022-11-01,20.28494379823251,20.52840207802764,19.86619525979461,20.265466690063477,104700,0.013546092499549384,0.5031464715109152,1.0196876150902094
2022-11-02,20.1193974972765,20.46023955201978,19.379283905029297,19.379283905029297,69400,-0.044713633604141705,0.46419585517633044,-0.09852787840724138
2022-11-03,22.00863346919415,23.78100981969519,21.531455363862303,23.011680603027344,472400,0.1717972837462905,0.7674997300262167,3.6145519726995965
2022-11-04,24.29714286970313,25.076208808145353,23.17723302921283,23.23566436767578,286700,0.009686416207962442,0.7671386468581302,2.1648723675669848
2022-11-07,23.371998725544337,23.69336363372299,23.07984948445086,23.13827896118164,124600,-0.004200011586715114,0.7582697122243902,0.7138313743748821
2022-11-08,23.401215213864315,24.51138459790694,23.157756885262714,24.501646041870117,171000,0.05725195673370262,0.7783254149286634,1.15954076441522
2022-11-09,24.579551443308166,25.88448817006138,24.073157698535965,24.160802841186523,427900,-0.014008697980233038,0.7816780898649385,2.205997788258053
2022-11-10,24.793796774072327,25.446265207992113,23.703104436959695,24.02446937561035,165800,-0.005658734426577478,0.7667799931548637,0.7788532473361003
2022-11-11,24.199758540246215,24.77432035160064,23.829700835929977,23.839439392089844,135800,-0.007731541781304019,0.7685120426543637,0.47592709353125107
2022-11-14,23.69336331417787,24.024466773586088,23.12854009355906,23.644672393798828,134400,-0.008203505688209378,0.7254664963581399,0.4108230337174822
2022-11-15,24.28740266015765,24.414000169997692,23.946560638748878,23.96603775024414,124700,0.013499913617423224,0.7109329721352229,0.25681205811734814
2022-11-16,24.423738649890403,26.585647868281427,24.287402584726163,26.28376007080078,264500,0.09231352623995916,0.7679235338819471,1.2089215385975103
2022-11-17,26.00134946365263,27.68608060164132,25.709198363563296,27.47183609008789,344900,0.04421007704460722,0.7583384361467744,1.4237752489009912
2022-11-18,28.280121823968642,29.896685062005,28.075615851357433,29.1857852935791,657100,0.06052044802982836,0.7639918331678421,1.9582147808337569
2022-11-21,29.26368804857998,29.594791497978097,27.656863577935862,27.94901466369629,324600,-0.0432998402871213,0.787845097631958,0.9885961715160623
2022-11-22,27.92953999537379,29.98432890088304,27.763988256198548,29.770084381103516,436900,0.06312206401310883,0.7964336117698618,1.2432117463128116
2022-11-23,29.692176308234213,30.013541214430955,27.715294092878775,27.978229522705078,353700,-0.06207731875197153,0.8434472693269905,0.8908818384209458
2022-11-25,27.94901835096925,28.86442037777688,27.75425093476692,28.51384162902832,129400,0.018962949862690356,0.8357665817323113,-0.4230408638394841
2022-11-28,28.270381828405792,28.747559930289697,27.121258218487977,27.442623138427734,255100,-0.03829224685601454,0.8450544501758708,0.3881155297105092
2022-11-29,27.442621400003222,27.85163144105671,25.84553545752748,27.54974365234375,411500,0.003895837028040067,0.8456875474044568,0.9842942965937559
2022-11-30,27.763988951251594,28.348289331052943,27.160211458720934,28.241167068481445,163100,0.024787507818175278,0.8418733527191867,-0.5246965087430645
2022-12-01,29.146832101389496,30.101188326773872,28.056137945636145,29.575319290161133,711800,0.04615946719544224,0.8480149492814623,1.6960486487295614
2022-12-02,29.575317591950597,31.503505187107503,29.224737016045935,30.714702606201172,396000,0.03780124645124658,0.8187957552291167,0.7008920075208456
2022-12-05,30.695222593134922,31.1237078593583,29.390285970001436,29.711650848388672,234400,-0.0332021988626348,0.6328611074807198,-0.1732447079769093
2022-12-06,29.497410182300257,29.994063507749246,29.185781980485082,29.662960052490234,162300,-0.0016401221355227824,0.6346346263849357,-0.7806467191683564
2022-12-07,29.49741227427022,30.14987881818026,28.776773979994122,28.893634796142578,232400,-0.02627780961569947,0.6460781245364459,-0.19879666990421482
2022-12-08,29.06892525781853,30.315430730849542,29.03970958925449,29.672700881958008,223400,0.026606139304856804,0.6266112356065214,-0.3004188773999051
2022-12-09,29.42924023733094,29.66295999516097,28.796248994361335,28.991016387939453,147900,-0.02324145862779098,0.6317004470762042,-0.983030834472469
2022-12-12,28.893633537128622,29.195521334318126,28.192474243109253,29.11761474609375,246200,0.004357306513147454,0.6297860416055977,-0.05692454883808083
2022-12-13,29.916157148657504,30.39333522428346,29.19552075746078,30.28621482849121,266400,0.03934934405422093,0.6349756399084411,0.034111358105436265
2022-12-14,30.4809822520574,31.84435038954416,29.906420443172465,31.16266632080078,505700,0.028528133209280073,0.6334358942986132,1.198449379021367
2022-12-15,31.016591131431706,31.016591131431706,28.338549543053514,28.620960235595703,348900,-0.08508146127097561,0.7190154926703883,0.377826688705337
2022-12-16,28.241165210423535,31.299001125033556,28.241165210423535,30.510196685791016,624200,0.06392162053434856,0.683122169029085,1.4596259669483167
2022-12-19,29.85772763841813,30.461505077607644,28.93258529734503,29.04944610595703,216500,-0.04906152911305883,0.6955766790243881,-0.6487900500250894
2022-12-20,28.523577196240165,29.86746628338614,27.26733139401629,29.361072540283203,315100,0.010670317547123132,0.6640484838365951,0.19336282831487192
2022-12-21,29.624009991265336,30.48098250492323,29.380551658614387,29.828514099121094,162700,0.015795051244309084,0.64649863942685,-1.1306015393945286
2022-12-22,29.672698550583828,29.672698550583828,28.435931730913193,28.991016387939453,145500,-0.028478782718394876,0.6165190787132204,-1.2330718702513868
2022-12-23,29.029966763107694,29.867463897694407,29.020228208352105,29.4000244140625,106000,0.014009502485982855,0.5770278436231492,-1.6516927621889008
2022-12-27,29.263690400511567,30.28621649669455,29.039709183634784,30.227787017822266,137300,0.027766096521662762,0.581011334317826,-1.1669603992005888
2022-12-28,30.227785065049613,30.37385968151344,28.971539277093736,28.991016387939453,123800,-0.041775599007645686,0.5842303340415079,-1.246744197560056
2022-12-29,29.51333213059037,30.196737864005424,29.405941184350898,30.040531158447266,90700,0.035561506176984725,0.5952988636313169,-1.6130545200960462
2022-12-30,29.698828291739737,30.372470873291054,29.298548375980605,30.040531158447266,122600,0.0,0.5906309707968872,-1.0336339889721056
2023-01-03,30.655594342486413,32.10050913917303,30.323654632908617,30.431047439575195,344500,0.012915876151713756,0.5708774267301423,0.9066612722202855
2023-01-04,30.557964012885446,31.915010414232217,30.099107065484567,30.51891326904297,324400,0.0028832140107952525,0.5553960878403179,0.825391084125968
2023-01-05,30.509156212365742,31.23161280801883,29.18139713812163,29.25950050354004,146100,-0.04214227412764576,0.5628813632743147,-0.6823617528550786
2023-01-06,29.5523851196725,30.95824548785062,29.347362652148085,30.479862213134766,171700,0.04086188576133776,0.5809801560726207,-0.3763304471304487
2023-01-09,30.811802694248094,31.104691674793212,29.55238585050984,30.06005859375,322300,-0.013868876692307434,0.5751208381324967,0.8007041137874084
2023-01-10,30.030768894921092,30.460338278978487,29.884325336894737,29.923376083374023,141900,-0.004557349797651959,0.5683340529107441,-0.7128352620481617
2023-01-11,29.923375021450767,31.065637712929014,29.552384563474348,30.63606834411621,227900,0.023538035136363523,0.566915488772239,0.14137086520313155
2023-01-12,31.114455240412568,32.120037588021844,30.753226051580214,31.231609344482422,288100,0.019252683082991953,0.5698286453489124,0.5690763100376702
2023-01-13,30.772751925668924,31.87596391931869,30.518915554228542,31.456157684326172,208400,0.007164054834718552,0.5549119698763558,-0.02062745934635054
2023-01-17,31.465918819551277,33.70163039038929,31.465918819551277,32.05169677734375,523800,0.01875536673021372,0.5499928532499934,1.7155079696049798
2023-01-18,32.588656184808556,33.8187835299243,31.2901849142726,31.836910247802734,296500,-0.0067238072245545105,0.45334674795424623,0.664534303176676
2023-01-19,31.53425851148781,31.963829751758006,29.689065609088477,30.71417236328125,257000,-0.03590212774383698,0.42078258779885264,0.5335028296454314
2023-01-20,30.919193749352548,32.12003533571456,30.802037791366946,32.09074401855469,255500,0.04384345165624729,0.40623642239296304,0.5008545496242971
2023-01-23,32.21766628892761,32.95964726781555,31.34876618792632,31.61236572265625,193600,-0.015019275839712035,0.41122889952614344,-0.0459533396390469
2023-01-24,31.436630115229647,32.43244925648219,31.32923730721296,32.032169342041016,92300,0.013192325386710375,0.41034773574355665,-1.52161548625163
2023-01-25,31.875962567895584,31.875962567895584,30.54820371577055,31.299949645996094,165100,-0.023124200980270276,0.40549789388667046,-0.33163639185591814
2023-01-26,31.5049709998535,32.637470567071844,31.14374182276605,32.51055145263672,155800,0.037948207935446426,0.42137307401358187,-0.5087960656347663
2023-01-27,32.99869310545095,34.658391469992985,32.66675343254254,32.95964050292969,526600,0.013719101184338825,0.4144750374262828,1.830879901560772
2023-01-30,32.998698700003715,34.41432412518274,32.5203172729282,32.65699768066406,286300,-0.0092246410889434,0.3832190199381858,0.5484079509499818
2023-01-31,32.93035699934054,33.85783594087058,32.42268427635292,33.42826843261719,198900,0.023342745458235784,0.3734226350775911,-0.2957786248172258
2023-02-01,33.438030371928136,34.88294335422706,33.41850406786524,34.57052993774414,210000,0.033599680947435796,0.3855948636285667,-0.24386199894771385
2023-02-02,34.75602133232388,35.615160017908785,33.81878116128293,34.453372955322266,308100,-0.0033946818426593473,0.38641442775288803,0.6753336666351879
2023-02-03,33.69186287416086,35.000095374542504,33.69186287416086,34.33621597290039,124300,-0.003406244971758814,0.38764775118337585,-1.326818619843194
2023-02-06,34.59005500731002,35.24416941089443,34.394795697911455,34.482662200927734,162600,0.004255996405867578,0.3467970907123844,-0.7287783485734354
2023-02-07,34.32645539665786,34.6291075115429,33.68210228453291,34.41432189941406,257400,-0.001983840797083938,0.32653212539914994,0.29533329041978595
2023-02-08,34.277647436242084,34.511955667991806,33.76021334388776,33.98476028442383,219000,-0.012560614817840939,0.32557017317806114,-0.040289321998678414
2023-02-09,34.072618646697094,34.71697171616834,33.721152658938,34.04332733154297,107300,0.0017218494195973722,0.3237642359842085,-1.6339295788424655
2023-02-10,33.88711762541885,33.88711762541885,32.530071412261556,32.93035125732422,205900,-0.033239283504087766,0.3444096739741509,-0.13770930131325373
2023-02-13,32.93035298403496,34.42407965320669,32.93035298403496,33.95545959472656,148200,0.030654890761375425,0.35316003895926945,-0.8089466073911592
2023-02-14,33.84807490164019,34.921999384775866,33.64305427527993,34.629112243652344,184800,0.019645068734495636,0.35720049283966065,-0.2960817162384283
2023-02-15,34.41432187890773,35.18559409994574,33.92617546927783,35.07820129394531,128700,0.01288516917136403,0.35483544273031586,-1.0576875228998734
2023-02-16,34.71697501432689,35.55658373519597,34.37527028298257,35.029388427734375,182500,-0.0013925132583346876,0.35322610311000496,-0.13713452860912967
2023-02-17,35.029388143092255,35.029388143092255,34.424083900804895,34.492427825927734,84800,-0.01544756188725757,0.3300573066103467,-1.8074739520987344
2023-02-21,33.94570536431813,34.44361311614841,33.359927376225045,33.54542541503906,335700,-0.027839313785475564,0.3184012825759992,1.355586065702187
2023-02-22,33.76996860320816,34.26787629993816,33.50636909637645,33.61376190185547,158900,0.0020350606709525834,0.3122618725328549,-0.32479429421262657
2023-02-23,33.730922448111734,34.35574937302564,33.730922448111734,33.92618179321289,184900,0.009251477054679397,0.3109244602892471,-0.059750327589334365
2023-02-24,33.48685185087162,34.1604964586285,33.19396467214637,33.90665817260742,134800,-0.0005756392082188682,0.2967846899750076,-0.7933788799363891
2023-02-27,34.12144143387764,35.18560096342145,34.12144143387764,34.9317626953125,233800,0.029785119823185498,0.28610849668933347,0.48000882898678165
2023-02-28,35.15630448418948,37.001501130264806,35.15630448418948,35.8397102355957,550800,0.02565998193372134,0.29439433178255053,2.4944087897944716
2023-03-01,36.12283493620588,36.99173496446519,35.45895550970765,35.488243103027344,310100,-0.009855041697045012,0.2947587274529118,1.1164735769863634
2023-03-02,36.13260189839827,40.51615905940438,36.13260189839827,38.98337936401367,1294200,0.09393392370715732,0.4256307095268674,3.046050143579243
2023-03-03,40.11587001419853,41.73651586124362,39.36412413540044,41.551021575927734,643900,0.06378672252429526,0.4605294875814801,1.652880898429151
2023-03-06,41.580309361848684,41.88296146229145,39.168865020148225,40.6918830871582,389600,-0.0208934678528988,0.4702349550966281,0.8453306198758437
2023-03-07,41.12144723923428,41.39481172612325,40.20373344736841,40.70164108276367,376900,0.0002397732682478909,0.4692966414982288,0.7194558649361918
2023-03-08,40.769986524569774,42.07821905234168,39.62772571281406,41.25813293457031,369900,0.013579842317510188,0.4694461812619686,0.628978559351336
2023-03-09,41.25813313887102,42.80067758975658,40.82856563667758,40.994537353515625,230900,-0.006409432849403996,0.4709444680936226,-0.09032285951578652
2023-03-10,41.83414940468034,41.83414940468034,37.479883951036264,38.52451705932617,516000,-0.062143977193480006,0.526683767599924,1.0561147038655878
2023-03-13,37.83135400026848,39.05172025834166,37.06008163134329,38.72954177856445,335100,0.005307816926841564,0.5264657221387825,0.34245026614046753
2023-03-14,39.26650290272514,39.69607045191681,38.10471193053403,38.544044494628906,411800,-0.004801062023755557,0.5085755345440197,0.6100882899806824
2023-03-15,37.78253851040636,38.62215105663394,36.200944949060286,36.835533142089844,431000,-0.04533864643621052,0.5325394964092783,0.6115900876269292
2023-03-16,36.51335556970468,38.749063456998314,36.44501536535686,38.51475524902344,333900,0.04457846727138173,0.5486036248051495,0.16553074585796046
2023-03-17,37.6458569424667,38.2023436178916,35.87876538806186,36.08378601074219,340300,-0.06519779762422524,0.5989490329755903,0.12809831388793336
2023-03-20,36.5133561756844,37.5286979675293,36.5133561756844,37.5286979675293,254200,0.039262295965568725,0.6129993530353472,-0.3978157564047756
2023-03-21,38.280445631375464,38.79788342677483,37.431071808651815,37.48965072631836,183700,-0.0010410051785211473,0.6094745073019798,-1.1535239402443986
2023-03-22,37.53846782950789,38.016849329655194,36.464543259628726,36.67932891845703,243700,-0.02185156260525825,0.6058795144277999,-0.5693164000305515
2023-03-23,36.97220714446304,37.81181954496701,36.46453444359409,36.92339324951172,288800,0.006631961928043772,0.6058767486209581,-0.31238261346909146
2023-03-24,36.72813863047845,37.14794488428083,35.15630643241771,37.13818359375,327800,0.005800334143325599,0.6056516197119961,-0.11517898897494984
2023-03-27,37.655614178647774,37.89968738630002,36.08378212548545,37.74348068237305,478600,0.016167115904178655,0.6067268074360589,0.6195947169920201
2023-03-28,37.860637241625305,39.53010092098373,37.606802727833234,37.91921615600586,406700,0.004645242556284502,0.6000549971857786,0.18029369112837512
2023-03-29,38.36831036216881,39.88156361772058,37.78253610978163,39.256736755371094,446200,0.03466506039821097,0.6049589246964614,0.4365822636683077
2023-03-30,40.31349822677434,41.6833721151743,39.85361004651875,40.812522888183594,495200,0.03886590126958934,0.6140326887580853,0.6351514943211753
2023-03-31,41.008224573643396,41.60509983278041,40.5385531564413,41.05714797973633,427700,0.005975981507448827,0.5257580536521578,0.5517822067292408
2023-04-03,42.329164192596586,44.63838419273871,41.79099940030277,42.338951110839844,758300,0.030742543034813274,0.4883274407403648,2.3045889890155733
2023-04-04,42.38788035267775,42.66185437944003,39.53071198039634,40.15694046020508,544200,-0.05291220367031914,0.5180214483956863,1.164664075452413
2023-04-05,39.9221057554203,40.32328363714007,38.52287476323796,39.35458755493164,304100,-0.020182737300635162,0.522401626809454,-0.5714727626909588
2023-04-06,39.23717100565627,39.569855410560926,38.50330867712692,39.13932418823242,461200,-0.005484856126478294,0.5195872176092938,0.64699428044033
2023-04-10,38.99254562750819,40.37220649300861,38.894698821632396,39.834041595458984,364200,0.017594167890123198,0.5239527881828338,-0.12983793604800567
2023-04-11,40.11780698856194,41.72251867088573,40.11780698856194,40.85166931152344,553700,0.02522582170574307,0.4819912117512801,1.167744211388533
2023-04-12,41.321332965152955,41.78122112866757,40.87123172103266,41.16477584838867,322600,0.007635250646435293,0.48221160228996524,-0.5100437659861781
2023-04-13,41.438746840933185,42.700990602187986,40.90058202467739,42.49551010131836,517300,0.03181549013801927,0.49143433858819174,0.9062646350291885
2023-04-14,42.46616472771753,43.05325304897514,41.38983116192325,41.918212890625,244300,-0.013678017996606017,0.4622284507612509,-1.2476025828401698
2023-04-17,42.06497899483689,42.64228402057713,41.693154469966274,42.49551010131836,325700,0.013678017996606043,0.4418068179117459,-0.40102778148993773
2023-04-18,42.77927264726585,43.992589326477294,42.671638933400196,43.54248809814453,269300,0.02433877361023074,0.36567714988046873,-0.9064043953755527
2023-04-19,43.50335647403332,43.757764162952824,42.71078757479312,43.62077713012695,231100,0.0017963772428768903,0.34920265738665246,-1.3107434557145152
2023-04-20,43.63055427623317,45.489673348135085,43.63055427623317,45.391822814941406,445500,0.03979839808862641,0.3653948190279984,0.4698058764672197
2023-04-21,45.440747546432505,45.783218823718926,44.64817873373412,45.30376052856445,282100,-0.0019419316973290422,0.35033841032659724,-1.0149915078022167
2023-04-24,45.68536373648855,46.605140020745395,43.98280563742811,44.64817428588867,568700,-0.014576625886391852,0.36050612867720133,1.1325529614926129
2023-04-25,44.21765108958568,44.677539352924704,42.81841992176503,43.708839416503906,385900,-0.021263060408804785,0.3754562573199533,-0.13216903337540883
2023-04-26,43.63055945248419,43.84582691843305,40.68532710733673,41.05714797973633,463300,-0.06258540726690988,0.4457591712855637,0.4637940906720357
2023-04-27,40.80274058870296,41.61487951270673,40.215648567231305,41.20391845703125,388200,0.0035684106563387964,0.44575535984985437,-0.10110430716571008
2023-04-28,41.09628679008134,43.50335412052957,41.0180063569205,42.90647888183594,305700,0.040489477404427265,0.4512341555867842,-0.8041620236626627
2023-05-01,43.23916094632664,44.26657104725498,43.20980765176856,43.953453063964844,327300,0.024108351635401173,0.43971145992493127,-0.5272379180723679
2023-05-02,43.86539235443205,44.061085957956635,42.19218367641358,43.20002365112305,337500,-0.017290146323568137,0.445430316642354,-0.39201541879975266
2023-05-03,43.57184529171547,44.03173348028005,42.984757005024925,43.22937774658203,304800,0.0006792618278719024,0.43335758101054145,-0.6638732779103599
2023-05-04,47.11395385733011,47.4564213845848,39.834038579768986,41.21369934082031,856400,-0.04774959519829283,0.4255654209189227,2.6014521216179065
2023-05-05,42.91626182123995,45.352682221805125,42.789057995461675,44.88301086425781,636600,0.08528863659828194,0.5076077167013823,1.485351457493717
2023-05-08,45.802787060353346,46.38987532227307,44.33506267293789,45.509239196777344,461000,0.013856018655517378,0.5063895810923023,0.5247215356928745
2023-05-09,45.59730350433112,46.60514347056376,44.56989716400358,45.12763214111328,426400,-0.008420619664106378,0.5076658681772259,0.26982558031328047
2023-05-10,46.03762706224237,46.03762706224237,44.79495313256148,45.49946212768555,292200,0.008205759568596366,0.5029211659911226,-0.7739722407758526
2023-05-11,45.19612865976406,45.53859995110329,45.068928556590706,45.46031951904297,431100,-0.0008606575422703466,0.5032491738279249,0.3576387691951986
2023-05-12,45.69515503247533,46.77148479669963,45.02978632028042,45.56795120239258,417400,0.002364797939263445,0.4935215994113568,0.29674429061639873
2023-05-15,45.79300409583884,48.00437778746599,45.724510583786504,47.31943893432617,577300,0.0377165372853103,0.5032297635199182,1.184860058033786
2023-05-16,46.96717704152595,47.45641846904185,45.64622668027938,45.75385665893555,325800,-0.03364509547521196,0.520273985607936,-0.6007363335993808
2023-05-17,42.55422017826582,44.11000803674738,41.830141237304225,42.710777282714844,1920400,-0.0688248029566127,0.5709264534368558,3.2378949679243587
2023-05-18,42.71078092234322,44.246998807101534,41.87906820133249,42.6618537902832,1006900,-0.0011461166692925831,0.5708411452925557,1.6401176781766849
2023-05-19,42.97497575220992,44.94172886395007,42.57379783245756,43.023902893066406,1078300,0.008450675384254676,0.5526086782276424,1.5813162804024503
2023-05-22,43.209805863930406,45.06892491642312,42.691211107574674,44.83408737182617,790900,0.0412128864518695,0.5730506431549983,0.8795617353411591
2023-05-23,44.746025393955236,44.83408900981944,41.46810896506293,42.094337463378906,678000,-0.0630554993501791,0.6113844855253229,0.5509031590739646
2023-05-24,41.68337927970721,41.732306421637276,38.30761551307768,40.10802459716797,934000,-0.048336800649762646,0.62863356455831,1.0788065887287566
2023-05-25,40.45048873704152,40.83209652272605,38.943623970262536,39.57963943481445,407400,-0.013261598584279987,0.5930191675723822,-0.5181353614144051
2023-05-26,39.56985029931497,40.01995530612827,39.15888924007853,39.27630615234375,528400,-0.007693390177693011,0.5930309180784158,-0.044369390016252126
2023-05-30,39.23716557904808,39.51114334865326,37.7694411249797,38.767494201660156,527200,-0.013039322983753394,0.5730399278069814,-0.10282450656318828
2023-05-31,38.1119101262944,38.65985816752721,36.63439884056201,37.378047943115234,575400,-0.03649853848585706,0.5729353895627418,0.020100847558450704
2023-06-01,37.02579665294524,38.87512891492008,36.790959091966286,38.17061996459961,381900,0.02098253011739792,0.5801715920621848,-0.8557295055412251
2023-06-02,38.9436208362569,40.27435825137954,38.65007669647778,39.8731803894043,485200,0.04363781837552728,0.6048638664306957,-0.4159478840483959
2023-06-05,39.63833853400995,40.2156435636911,39.051250318198804,39.99059295654297,231700,0.0029403231730843675,0.5836224291483343,-1.7746928901519043
2023-06-06,39.88297042209655,41.15500146716411,39.34480545136167,40.97887420654297,406400,0.024412420286251305,0.502041507639186,-0.5753196308986782
2023-06-07,41.15499471590495,42.9358334077221,41.15499471590495,42.094337463378906,363600,0.0268565589290851,0.5099342752312033,-0.7688278399915193
2023-06-08,42.06498744378967,42.56401215079249,41.84971998100353,42.21175765991211,200800,0.002785570184156763,0.5101087023856531,-1.7423792679624677
2023-06-09,42.456374674497994,42.63250190440273,41.89863969067174,42.260677337646484,311000,0.001158240157388324,0.5087088375951822,-0.9426700755516789
2023-06-12,42.74992181624898,43.61098791930771,41.83993230869501,43.26852035522461,425700,0.02356831809906327,0.5172821805799704,-0.3563281296126197
2023-06-13,43.444643877136585,44.051302252682795,43.297869943603324,43.67947769165039,339000,0.009453015731197511,0.5186776345921582,-0.7537298770256422
2023-06-14,43.884964106144366,44.32528223326159,42.720570598982526,43.57184982299805,362400,-0.002467078182249848,0.49816602532002896,-0.5853663554362781
2023-06-15,45.25483359593645,47.436849989513085,44.95150255674084,47.427066802978516,795000,0.08478179975020143,0.5725252909849993,0.7734254557885548
2023-06-16,47.965231926480435,48.19028254425542,46.09632974767283,46.53664779663086,501600,-0.018952968479489678,0.5186377805530015,0.05748009689099198
2023-06-20,46.585571493588496,48.5033970828874,46.47793777730669,48.03372573852539,556700,0.03166325689406387,0.5268561365093386,0.37058627033368086
2023-06-21,47.92609202224359,48.650171011020056,47.27051027051412,48.03372573852539,420300,0.0,0.5271028428521141,-0.2008906807636837
2023-06-22,47.77932410070571,48.10222153230285,46.86933466125233,47.34878921508789,499000,-0.01436213539287452,0.5143227468806763,0.3183283968475985
2023-06-23,46.73234215574745,48.0043729252894,46.12568379646578,47.241153717041016,309200,-0.002275834854485435,0.45639765473976757,-0.9041537866792957
2023-06-26,47.16287994840408,48.26856675075917,47.16287994840408,47.52491760253906,411700,0.005988741110526571,0.4123358492890048,0.0007217291875468448
2023-06-27,47.652117280303614,50.078754388935394,47.50534335440163,49.71671676635742,1025000,0.04508707539416586,0.4236690036687129,2.347197567925376
2023-06-28,50.02005209739353,50.86154811132917,49.71672474303295,49.912418365478516,495000,0.003928606839076707,0.41914547764222904,0.3899119948572314
2023-06-29,50.480937720977245,51.451349625333464,50.186874753940465,50.716190338134766,371400,0.015975358842760266,0.40976481625304656,-0.34630270493179993
2023-06-30,50.971047806368155,52.29433312873258,50.41232700455084,50.63777542114258,695400,-0.0015473480894486623,0.37302989451395513,1.303865722610609
2023-07-03,50.75540159513441,51.54937505908191,50.53975738974714,51.1376838684082,168400,0.009823831229355798,0.3725731582424797,-2.077121284715615
2023-07-05,51.13767844336038,51.1964925327069,49.05962922955911,49.255672454833984,467600,-0.03749714108435923,0.39630475247561503,0.3166032714600023
2023-07-06,48.77536790907371,48.77536790907371,46.32483688242943,48.23625183105469,712500,-0.020913686694628984,0.41008187577796945,1.1898997419029453
2023-07-07,48.52051710258476,50.09865977227638,48.46170300846465,49.863407135009766,350300,0.0331765587572079,0.41534193501770744,-0.4710464341544697
2023-07-10,49.932018989909814,51.882643337729434,49.608550837895535,51.37293243408203,499900,0.02982401761824333,0.417042152734577,0.33068663472148263
2023-07-11,51.412139123336495,52.08848430684961,50.500541327741665,50.814208984375,330200,-0.010935407523206944,0.422492615245887,-0.7607008778026185
2023-07-12,51.402342756187586,52.61780791568388,50.980851077111666,51.804229736328125,455700,0.019295781182028182,0.42301315118844107,0.015384074966800216
2023-07-13,52.255124700214544,52.9314699141113,51.61798514074814,52.52958297729492,279500,0.013904695107860592,0.4203361825378473,-1.1651652996749458
2023-07-14,52.549187076335826,52.59819694822644,51.71600429734133,52.23551940917969,209700,-0.005613784240939848,0.42346679057812253,-1.7059494625059297
2023-07-17,51.95125485341983,53.068696340672076,50.67697953882014,52.8138427734375,283300,0.011010618149805097,0.4216311781485491,-0.9538479745110658
2023-07-18,52.71582932923942,53.32356379770988,52.32374655584123,52.3825569152832,228500,-0.008199677477102126,0.32299812239058284,-1.321851447574158
2023-07-19,52.34334541996261,52.45116564665739,47.853970681821885,48.13823318481445,858100,-0.08449692253488139,0.4415894275493932,1.581192874773819
2023-07-20,48.03040731122155,48.09902187967192,45.90334821083281,46.49147415161133,568400,-0.0348077858739457,0.4446153635267588,0.6824326688616225
2023-07-21,47.05019565033261,47.71674038784941,46.707122802734375,46.707122802734375,357600,0.0046277313828591215,0.44510789743729734,-0.30620574415475815
2023-07-24,46.707125322347025,47.89318150426962,45.67789924560359,46.57969665527344,346400,-0.00273192349045713,0.44263503833636203,-0.3379986934403782
2023-07-25,46.56009311122252,47.54030559777458,46.36404986606933,46.78554153442383,190500,0.004409461522675777,0.4429560529028829,-1.501708053496763
2023-07-26,46.53068202154729,46.86395437420198,45.45244617979934,46.13859558105469,297300,-0.013924399545436977,0.44467029038414735,-0.5507793696439758
2023-07-27,46.35424860187518,46.35424860187518,43.58024551706242,43.97233200073242,689000,-0.048089196109718346,0.43901824899435543,1.2872289598154314
2023-07-28,44.35461639844388,45.39364301267916,44.13896844813501,45.305423736572266,330100,0.029866136642138986,0.4551916935905111,-0.279735319475949
2023-07-31,45.23680156601579,46.87375439995722,45.0995686957191,46.148399353027344,325100,0.01843552216650101,0.4566710158437002,-0.29865148576499867
2023-08-01,45.96216289615155,47.29525247613656,45.66809989802871,46.78554153442383,242500,0.01371193684651525,0.460950992119684,-0.8586032216267351
2023-08-02,46.19741270946764,46.45226629511214,45.38383460062291,46.00136947631836,324400,-0.016903046348928853,0.46031894954521824,-0.29240349396911286
2023-08-03,45.68770530985658,45.815133982077974,44.76630316501352,45.08977508544922,303700,-0.020015662974579723,0.4486229273538475,-0.4057130804749421
2023-08-04,45.6190902650776,46.39345903099896,44.45263500675674,45.48186111450195,479800,0.008658085352341305,0.4464383739352122,0.8172582716481992
2023-08-07,45.64849067472481,46.285630223513294,44.55065384558853,45.0407600402832,485700,-0.009745731174694362,0.4272019335798556,0.7949678553649492
2023-08-08,43.13914324081966,43.23716671789928,38.22828108513672,39.03205490112305,1570000,-0.14318462939377594,0.6249320563105012,2.8474718882406402
2023-08-09,39.70840342466764,39.70840342466764,37.316686469856165,37.43431091308594,1170000,-0.041795541123791635,0.6326916053854905,1.9245512091092094
2023-08-10,37.54212727110826,37.54212727110826,35.003377472216435,35.97378921508789,1244500,-0.03979709203535331,0.62593804887837,1.7820818326447387
2023-08-11,35.679733521641005,36.16003551264616,35.091603827135536,35.444480895996094,700000,-0.014823042058620136,0.6156816757923346,0.7636354847399015
2023-08-14,34.8857529554673,35.1406064866546,33.74870693322231,35.05238723754883,807900,-0.011123833212684966,0.6144969508745455,0.9087989862801124
2023-08-15,34.86615695421168,35.31705378906184,34.3858549420668,34.57209396362305,396200,-0.013796896851281616,0.6051716686359399,-0.30784134008255537
2023-08-16,35.1112123446665,35.17002644228071,33.85654150927561,33.91535186767578,521900,-0.01917905446683502,0.6036267842883353,0.09536084907149273
2023-08-17,33.885940491184634,34.01336914310339,32.06274492993687,32.199974060058594,669200,-0.05190212236918191,0.5698354926495361,0.5638686701443208
2023-08-18,31.81769029057129,34.121191434030145,31.729471034196894,33.68989562988281,730700,0.04523231249647414,0.6082794101157717,0.6925017402147998
2023-08-21,33.729110391847044,34.08198747355367,32.89593130165045,33.19979476928711,523100,-0.014654265202912143,0.6039573955393315,0.06827871431335564
2023-08-22,33.601681866082295,33.983964126455284,32.50384496002404,32.739097595214844,405100,-0.0139736854529239,0.6020382916256511,-0.4053556185823726
2023-08-23,33.003751786240734,34.42506060336005,32.6508784410151,34.18981170654297,471300,0.043357687566660696,0.6336095562627333,-0.229636397627212
2023-08-24,34.00357092844931,34.52308610603903,33.36643503480654,33.38603973388672,353900,-0.02378985580042009,0.6343324170291664,-0.8235738801665614
2023-08-25,33.52327105417678,33.827134561517184,32.47444389051341,33.189998626708984,372600,-0.0058892562134421084,0.6236909134754706,-0.6588485366622427
2023-08-28,33.81733080690183,35.19943026422404,33.77812141000423,34.63090896606445,517200,0.04249802165180468,0.6361418273510275,-0.049202185225684814
2023-08-29,34.62110178682145,36.50311154562475,34.474068430635064,36.297264099121094,815500,0.046995763253151655,0.6610153820237675,0.7964252652094912
2023-08-30,36.50310806709629,37.51272554977733,36.50310806709629,36.90499496459961,532000,0.01660453751959055,0.6624762167191487,-0.17203181700724363
2023-08-31,37.620553763999574,38.81641037492378,37.23827151809352,38.19887924194336,814000,0.03445926918620451,0.6806431618895643,0.7003235013645566
2023-09-01,38.29690186862788,39.20849978783209,38.29690186862788,38.904632568359375,501500,0.01830715672877503,0.6856503432466031,-0.4994445791816856
2023-09-05,38.62036935174267,38.62036935174267,35.326855149500176,37.00301742553711,715100,-0.05011387133417782,0.6988114276458636,0.32542894181456067
2023-09-06,36.9344119398456,37.669571407216395,35.336664317113055,35.601322174072266,437300,-0.03861668447112748,0.7058912802367603,-0.8670075439246916
2023-09-07,35.28764231734574,35.93458227692856,34.53287840796361,35.924781799316406,475300,0.009044581273373603,0.5196617007680351,-0.6066476437691464
2023-09-08,35.62092111986973,36.00320338286182,35.32685812827687,35.640525817871094,257500,-0.007944002081198168,0.5015128819812534,-2.091773527185908
2023-09-11,35.797361495888325,36.26786305437453,35.287650539391436,35.29745101928711,379700,-0.009672603834930233,0.48370303964613454,-0.981174333963209
2023-09-12,35.28763981490183,35.6307125951949,34.856347785503,35.05238723754883,306400,-0.006967031597604306,0.4816156362247821,-1.479182804653113
2023-09-13,35.0817972304451,35.0817972304451,33.58206994931864,34.954368591308594,481000,-0.0028002643210831854,0.48016959799147335,-0.03262271098770522
2023-09-14,35.29744829865483,35.80715921586457,34.33684055671813,34.43486404418945,382100,-0.014973915525888134,0.4806087183218033,-0.7684508754819483
2023-09-15,34.30743634529626,34.562289941464385,33.81733011179203,34.415260314941406,481100,-0.0005694609838482864,0.475641797415882,-0.013791390511141565
2023-09-18,34.06238025601248,35.209226947507545,34.06238025601248,34.0917854309082,226600,-0.00944362100332001,0.4377092605072234,-2.0659363883365955
2023-09-19,33.42524306519311,34.17020662150671,33.18999417104106,34.12119674682617,470200,0.0008623378366281929,0.4094852484597238,0.13974413357074886
2023-09-20,34.35644849377183,34.856358978979166,33.30762138382114,33.37623596191406,264300,-0.022074648050144467,0.4137540819970746,-1.4551746451222176
2023-09-21,32.88612625595921,33.34682729428961,32.19017632855084,33.14098358154297,426800,-0.007073457455553056,0.41144876254671303,-0.06272140493663962
2023-09-22,33.24880372317957,34.01337195877062,32.552853797543044,32.758697509765625,203800,-0.011602191505571902,0.38248121945172997,-1.8997372548409386
2023-09-25,32.4842360884791,33.00374742795918,31.964724748999014,32.20977783203125,285900,-0.01689843380527663,0.378264394340849,-0.9615938801351892
2023-09-26,31.876510076607907,32.19017776888927,31.464818893479965,31.543237686157227,257400,-0.020910836234546593,0.38389389050566636,-1.1479838655068728
2023-09-27,31.680465922368104,32.1019575728433,31.36679823911406,31.8667049407959,310000,0.010202502859035432,0.3511857589469409,-0.6219434718856512
2023-09-28,31.91585913518117,32.66288711365756,31.729099328366136,32.14193344116211,198900,0.008599782890586863,0.30284912993493135,-1.5948123993297794
2023-09-29,32.70220222938727,32.780834969780265,32.17141717075621,32.397491455078125,268500,0.00791948022477729,0.29617816911715705,-0.7525020582543847
2023-10-02,32.29919681140239,32.78083214752813,32.043631990540895,32.38766098022461,322600,-0.0003034792559539945,0.2580731645361436,-0.19139325216604572
2023-10-03,31.91585546897642,32.38766315112155,31.601317014213,31.689781188964844,349000,-0.021783247374408055,0.24383200044247605,0.09201543077965307
2023-10-04,31.75859084068359,32.3286904664029,31.247464840276287,32.132102966308594,295100,0.013861353840573017,0.20862089854040805,-0.3348795795100801
2023-10-05,32.08295051288523,32.77100474867946,31.424384958555443,32.76117706298828,236300,0.01938856543795225,0.19306794903801236,-1.0157841893835315
2023-10-06,32.43680757340029,33.60649716331453,32.43680757340029,33.321449279785156,365800,0.016957123921545834,0.201542531683551,0.5977146947156278
2023-10-09,32.977417610726576,33.724449157714844,32.95775849111176,33.724449157714844,268000,0.012021756464157625,0.20786625999148126,-0.5640312882651455
2023-10-10,33.98984735451384,34.79585264606917,33.85223349410682,34.156944274902344,360100,0.012742842999605477,0.21274509017766366,0.5478652125934853
2023-10-11,34.284726109982536,35.17919556449096,34.284726109982536,35.13987731933594,379800,0.02837067994745301,0.23544447301443958,0.6998882756384149
2023-10-12,35.08089611886184,35.08089611886184,32.34834212223342,32.957759857177734,414900,-0.06410985432255122,0.3241146511740925,1.0925282346626157
2023-10-13,33.23298924206312,33.42957297940152,31.84705289609851,32.191078186035156,260500,-0.02353739804311393,0.3294802909629414,-0.6265592396536834
2023-10-16,32.45647283107851,33.25265051735637,32.112443769286735,33.183841705322266,206000,0.030373722634712923,0.3494351605684558,-1.4192286287615044
2023-10-17,32.869301461681744,33.89155340596233,32.869301461681744,33.1641845703125,360000,-0.0005925462048638434,0.3483183396444947,0.7248665392182876
2023-10-18,32.61373965362675,32.61373965362675,31.522682673867603,32.043636322021484,494400,-0.034371906663030256,0.36645743736296904,1.9593161780734767
2023-10-19,31.984656792568696,32.43680529987661,31.306432156809976,31.87653350830078,445700,-0.005228496571292031,0.3599934792693606,1.3847168493523938
2023-10-20,31.640636727130577,32.52527862054681,31.483367473811555,31.99449348449707,328500,0.0036936969973609744,0.36008504346867254,0.2875446488300104
2023-10-23,31.630804237914635,31.77824578096835,30.31367303520094,30.52008819580078,513700,-0.04717871320028876,0.39210732303520085,1.8273375053157652
2023-10-24,31.001729941968666,31.98466364653639,30.60855496030377,31.84705352783203,598500,0.04255977065593315,0.4194069159992111,2.0273819478678385
2023-10-25,31.483356802466922,32.171410958618395,31.139331599187933,31.85687255859375,375900,0.0003082708223086939,0.4128099639048374,0.38366256737056686
2023-10-26,31.650468164610075,32.564596871275256,31.031218839218713,31.99449348449707,300800,0.004310671722046736,0.4115626008109355,-0.38369583881003444
2023-10-27,32.16159122236691,32.32868814822859,31.6406338220338,31.797903060913086,352200,-0.006163463251861846,0.41093881061577064,0.07507658653077538
2023-10-30,32.35817138398373,32.495785233695266,31.827390104901,32.377830505371094,235600,0.018073598804188063,0.4150488771051716,-1.3910735926697215
2023-10-31,32.37782974964045,33.13468903221499,32.04363219304382,32.12226867675781,435500,-0.0079244270696977,0.41595101577102495,0.8148423145542674
2023-11-01,31.94534251903259,32.14192999214547,31.050873078483445,31.63080406188965,424100,-0.015418060008435692,0.4123956716321423,0.6762946375789577
2023-11-02,32.42697924006332,33.154347962260395,31.99448608131424,33.02656555175781,302100,0.04318079647701679,0.4366838068122149,-0.5483810994575651
2023-11-03,33.63598991745148,34.07830704994769,33.40008419713852,33.6753044128418,503500,0.01945250764936412,0.43671722094886856,1.1846366167418458
2023-11-06,28.328143235712552,30.814965671405233,27.728553199387378,29.615785598754883,2031900,-0.1284572455508076,0.622197607311674,3.5309764971413444
2023-11-07,29.28159318247491,31.601317105232088,29.04568746592581,31.23763084411621,643000,0.053315968406688355,0.6526441704816702,0.9526609122009083
2023-11-08,31.188482855915527,31.35558164386037,30.352988916191322,30.84445571899414,320300,-0.01266646801377971,0.6505359100190646,-0.5283843527860551
2023-11-09,31.19831321932138,32.21073553406013,31.041043988363516,31.738927841186523,495800,0.028586918281298796,0.6506754943075937,0.3763227748740404
2023-11-10,31.847049858899467,32.48595444350691,31.788072493565853,32.44663619995117,450200,0.022052841651459355,0.6195077674443172,0.16253774546822228
2023-11-13,32.19107380345783,32.78083243437064,32.13209644052898,32.76117706298828,230500,0.009647411464582598,0.6147712965391988,-1.2313273694018458
2023-11-14,33.96035812416454,35.80827450497072,33.96035812416454,35.75912857055664,477000,0.08756139295302673,0.6780535812010472,0.22251119351762333
2023-11-15,36.761724338966324,37.243359784411794,34.2945584871555,34.717220306396484,607000,-0.029569754888567716,0.6876514308837937,0.6970532023363913
2023-11-16,33.9112046399482,34.609086502201194,33.5770071109041,33.84239959716797,235100,-0.02552138398169483,0.6823872359278665,-1.2616633986887884
2023-11-17,34.27489304549863,35.169362457510864,34.27489304549863,35.08089828491211,208100,0.035942331623798535,0.6912813459948649,-1.3701947999892012
2023-11-20,34.874480525997356,35.55270329884384,33.488544425245834,33.71461868286133,513000,-0.0397252418215235,0.7081254204981429,0.3987081286625233
2023-11-21,32.70220097244856,33.99967301061437,32.623564485483804,33.53769302368164,531200,-0.005261560914645157,0.6856067414684177,0.46488815164621033
2023-11-22,33.71462281698136,34.029161279154,33.12486413780623,33.862064361572266,307800,0.009625371212820186,0.6719200923897106,-0.569261003329881
2023-11-24,33.86206253915328,35.021924462090226,33.70479331653102,34.7073860168457,120200,0.02465717540785505,0.6760085892889841,-2.074022356711899
2023-11-27,34.40267729501198,34.992435977374484,34.12745707652205,34.46165466308594,250700,-0.007105270946454438,0.6771155021131807,-0.7465031744557785
2023-11-28,34.343698496618,34.49114003586522,33.48854731792878,33.49837875366211,239400,-0.028350204620814355,0.6854313813738717,-0.782827883142219
2023-11-29,33.901376955091145,34.22574304968458,33.47871526395908,33.84239959716797,163000,0.010217400058963657,0.6837176410713304,-1.3698968804013618
2023-11-30,33.871890268366855,34.284724321773666,33.32144986328316,34.25523376464844,178800,0.012124921374729175,0.6835388588102772,-1.1089147922676146
2023-12-01,34.265065255089695,37.105742706026625,34.24540613350608,36.39802932739258,570500,0.06067527013921379,0.7080058936875743,0.7393270392736276
2023-12-04,36.19161327831841,36.92881344626285,35.52321815941459,36.8206901550293,338200,0.011545285835286431,0.6958354339041856,-0.10645155017724803
2023-12-05,36.63393998868975,36.73223186030011,36.05400894716168,36.5749626159668,237100,-0.0066959948692226585,0.6949720197131898,-0.6168343636109409
2023-12-06,37.16472103664255,37.52840542140606,36.938646756946625,37.4792594909668,372400,0.02442377494436052,0.5033978222552736,0.30637700930384104
2023-12-07,37.66601690405965,37.99038680609165,37.23352745094459,37.803627014160156,281400,0.008617351047746007,0.4795418112324166,-0.20851575180539483
2023-12-08,37.400618827339486,38.91433731328607,37.400618827339486,38.87501907348633,326800,0.027946810357651685,0.47696135726315375,0.120299521932603
2023-12-11,38.776733166969365,39.169904376447775,38.26560722001257,39.0421257019043,252000,0.004289348258563515,0.4730958289848503,-0.3932320049123922
2023-12-12,39.01263272948835,39.01263272948835,38.206627487882166,38.72758483886719,266900,-0.008089076736045874,0.47482843267562486,-0.21094195823622264
2023-12-13,38.8258753180765,39.7105170150348,37.941233621118194,39.681026458740234,400300,0.02432101783982315,0.4780139116204237,0.6654995736017985
2023-12-14,39.808809560592756,43.14095376091474,39.79898187472014,42.98368453979492,857100,0.07994746388703161,0.46275623039009334,2.1258646894356854
2023-12-15,43.023007152132024,43.023007152132024,42.17768359665945,42.86573791503906,528200,-0.0027477575408891134,0.4436969249713442,1.1536315141168347
2023-12-18,43.24907674199793,44.12388701252603,42.86573325262889,43.70122528076172,699200,0.019303283325775217,0.4252159979991316,1.5450751416722708
2023-12-19,44.232008706146964,44.458082967360454,43.367026152673816,44.28115463256836,277500,0.01318304304355578,0.4164045265915229,-0.33626804226787904
2023-12-20,44.271325325915946,44.556376938152894,42.413581628222936,42.45289611816406,499600,-0.042164048562616116,0.4202227254573989,0.8652225961655955
2023-12-21,43.14095424819798,43.455492693990365,42.580682407280655,43.0918083190918,371600,0.014937782192766017,0.41619561098951313,0.3031979464844799
2023-12-22,43.4849825162946,44.59569474378212,43.278563618186375,44.34013366699219,218100,0.02855730193168956,0.4200205700756359,-0.7643644682252915
2023-12-26,44.290985186961144,45.077331242849894,44.290985186961144,44.70381546020508,197100,0.008168636253149073,0.418053442712395,-1.1097934111306866
2023-12-27,45.04784779655873,45.70641149572424,44.752964722717536,45.46067810058594,216400,0.016788879707683245,0.41241267900280043,-0.8747562061032328
2023-12-28,45.53946792003215,46.12052959923409,45.25386050415727,45.59855651855469,275700,0.003028325988379377,0.38607215700732883,-0.3571195683454572
2023-12-29,45.401577419746175,45.67733793752778,44.534912240729994,45.017486572265625,337900,-0.012825055941068792,0.397513777290024,0.020042853848895224
2024-01-02,44.31825421342015,44.70234514883166,43.43188762638976,44.475830078125,220400,-0.012105107479285742,0.4073761814059488,-1.0534161885040325
2024-01-03,43.8159780657601,43.82582491270246,41.934914719783215,42.13188171386719,331500,-0.05414115784662226,0.42961381966938506,0.013352867759375296
2024-01-04,41.590220351239296,42.29931364384648,41.20612940337876,41.87582778930664,228200,-0.006095981404781537,0.43158652165303524,-0.8797922433545742
2024-01-05,42.0137067906707,43.07734674438889,41.57052347662146,42.9394645690918,233000,0.0250825650396212,0.43372483634432973,-0.8238437794844323
2024-01-08,43.02809811895515,43.8652229309082,42.998553819124346,43.8652229309082,147400,0.021330494679800395,0.4323467371217319,-1.7187101702667198
2024-01-09,43.353106332469224,43.92431749590141,43.06749887230045,43.43189239501953,221100,-0.009927798722694793,0.43649158083670564,-0.7423598614809402
2024-01-10,43.22507154198258,43.5993156427739,42.535675700600166,43.53037643432617,243000,0.0022649841761392766,0.4296860787957854,-0.4912744709316042
2024-01-11,43.4417435710564,43.983410437754515,42.66371099979443,42.9099235534668,201700,-0.01435588577889908,0.4351059199403899,-0.8763995376056063
2024-01-12,43.35310128620355,43.40234303917896,41.6985528392761,42.06294631958008,194500,-0.019935899231316313,0.4413152258103202,-0.9053894118464041
2024-01-16,41.757641831266454,42.11218467825575,41.09779037248505,41.26521682739258,235100,-0.019147280673590394,0.44170254542811405,-0.43737909447231527
2024-01-17,40.67430734666377,42.43718988259455,40.44779228023932,42.24021911621094,383000,0.02335288925309858,0.3495359033787587,0.8537721412968138
2024-01-18,42.63416177120498,42.84097939074448,41.49173580439466,42.161434173583984,164000,-0.0018669057403203947,0.3494883517297915,-1.2542254166410183
2024-01-19,42.417491514773914,43.31370491341685,41.934917092299536,43.28416061401367,242300,0.026280841349719402,0.35532976562031005,-0.07990598844471407
2024-01-22,43.510676439591556,45.106132502761035,43.510676439591556,45.037193298339844,382300,0.039701903729260045,0.37922724473823294,1.3578276034884553
2024-01-23,45.20461860157547,45.234162900737715,43.75688783214903,44.5644645690918,283700,-0.010551883228818965,0.34867468613120095,0.5480882099393241
2024-01-24,45.24401131062624,45.24401131062624,43.22506939854663,43.75688934326172,407100,-0.018287711795149684,0.3524903964632243,1.8341227062899397
2024-01-25,44.81067561356621,45.72658642665961,44.53491881199991,45.578857421875,270900,0.04079488486144301,0.3669173814591814,0.3114783723307423
2024-01-26,45.67734901228126,46.701590268261604,44.308407964725355,44.987953186035156,437100,-0.013049209017567709,0.3692757773760229,1.7881204701392317
2024-01-29,44.9584020399521,46.307645429113066,44.66294404732763,46.05158233642578,199300,0.023367376426313768,0.37365375855486804,-0.8612581598637742
2024-01-30,45.66749635205488,46.42583135110583,45.588710300635285,46.17961883544922,240300,0.002776426624494607,0.3736342771638656,-0.20935609396928465
2024-01-31,46.18947763064121,46.711447054183594,45.253869153855305,45.312957763671875,272200,-0.018945515069667497,0.37699227236470084,0.25060321988981626
2024-02-01,45.756136841855735,46.72128953327083,45.037196686727306,46.524322509765625,161600,0.026382205634228953,0.3845202274492406,-1.4208755717753132
2024-02-02,45.90385997849145,46.97734664928579,45.80537272246624,46.68189239501953,128800,0.0033811057669232134,0.32553401374862806,-1.8659130104417296
2024-02-05,46.12052917480469,46.672042792765204,44.69249586547667,46.12052917480469,269800,-0.012098177132401135,0.32873302514839653,0.34981947724446694
2024-02-06,45.962948951392356,46.42582966623765,45.312948083924674,45.88416290283203,162100,-0.005138146471694923,0.3215965209891461,-1.101131721058319
2024-02-07,45.90385852910701,47.46977015987072,45.795524429352206,47.420528411865234,304000,0.032935201071425856,0.3321965423664719,0.6639983240726849
2024-02-08,47.656897969005065,48.59250635918759,47.656897969005065,47.76523208618164,213000,0.007242788824363916,0.3286197653521415,-0.4137425184392373
2024-02-09,48.01144297735411,48.20841375120631,47.341744600399636,48.02128982543945,172200,0.005346437976562655,0.32852565529453975,-0.9844542207854247
2024-02-12,47.96219277282746,49.17355774677058,47.96219277282746,48.85840606689453,168900,0.01728199223944564,0.32367782286306385,-0.9968569703923982
2024-02-13,47.84401837696368,47.84401837696368,45.49022354535004,45.933406829833984,265300,-0.06173377286428558,0.3914617442302627,0.2737811137792846
2024-02-14,44.278857413672085,44.45613072349403,41.294762959844086,42.80158233642578,823000,-0.07061759759752535,0.4640091328840626,2.687937013527483
2024-02-15,43.116740661055374,43.116740661055374,41.64931596327174,42.12204360961914,792500,-0.01600386754592618,0.4609307850012308,2.220708329666919
2024-02-16,41.629608381976645,42.998549229282055,41.629608381976645,42.59476089477539,332000,0.011160057185820525,0.46251977130740773,0.3942281502694519
2024-02-20,41.90536944437435,42.62430953979492,41.245521705240826,42.62430953979492,241600,0.000693474971107512,0.45293392091040313,-0.2650332201356519
2024-02-21,42.348546218288945,42.61445614537183,41.95460475070595,42.47657775878906,243600,-0.003471924537925769,0.4283994738208388,-0.20573812906885253
2024-02-22,42.44703633929539,43.56976857026821,42.02355051038837,43.38264465332031,210400,0.02110665589260682,0.4351537846053216,-0.48059814734414374
2024-02-23,43.45158406512412,45.21446659324396,43.40234231297262,44.761436462402344,292500,0.03128750712845838,0.4445260694003807,0.2445802975442787
2024-02-26,44.909156536578394,46.2584036826438,44.38718726157619,46.05158233642578,253900,0.02841514790398856,0.4324961957534558,-0.05014394830362245
2024-02-27,46.287957311100584,46.287957311100584,45.15537812944987,45.450836181640625,321600,-0.013130905089600508,0.4325285145727481,0.49731447253410854
2024-02-28,45.01749110827016,46.27810162123925,45.01749110827016,45.80537033081055,343600,0.007770122087284134,0.4254494503854413,0.5846603225097401
2024-02-29,46.48491872192597,46.48491872192597,45.19476392576635,46.05158233642578,443700,0.00536078300231648,0.42577555539033807,1.048774815551304
2024-03-01,41.363704908979024,44.810680318060605,40.378854792098565,44.12128448486328,1091200,-0.04281981598069606,0.4465907562634223,2.3676449161581976
2024-03-04,43.333403287325176,44.456131771392,41.73794721822521,42.03340148925781,546000,-0.04847773162435876,0.46317177093607825,1.0301441379726266
2024-03-05,41.99399994648756,43.80612394778554,41.70839256831079,43.57960891723633,532600,0.03612477979690772,0.4839135809155313,0.9051453830811246
2024-03-06,44.01294924696911,44.3576490332179,43.22506992496536,43.85537338256836,433300,0.006307895820565508,0.48388541835128973,0.4768073259180506
2024-03-07,44.37734762318898,44.59401209422712,43.92431371413459,44.328102111816406,372200,0.010721583721422573,0.4858686910425573,0.1263860258094323
2024-03-08,44.60385778064494,44.67279698067833,43.67809636836003,44.200069427490234,284300,-0.0028924752734521488,0.4693109260704623,-0.393743261701764
2024-03-11,43.86521860595269,44.01294384744638,42.99854957961934,43.97355270385742,202500,-0.005137981552131973,0.46774732443677536,-1.0464298500172848
2024-03-12,44.72204093655649,44.72204093655649,43.92431103792818,44.31825256347656,356900,0.007808235654359445,0.4684402851366814,-0.013299357760157568
2024-03-13,44.446285852466076,44.9682552007613,44.22961762929222,44.889469146728516,245500,0.012806613135071209,0.4661508620604282,-0.8544019277654544
2024-03-14,44.46598108615937,45.03719215933235,44.38719127915356,44.77128219604492,227100,-0.00263631560889499,0.41626633867981344,-0.9916749220393906
2024-03-15,44.377345558539375,45.480376586294874,44.30840635411121,45.10613250732422,352200,0.007451301568400927,0.331491825471676,0.02361551040404116
2024-03-18,45.175071094728416,45.41143676161434,44.722040969843945,44.73188781738281,230200,-0.00833159175700822,0.3271332402909606,-0.8911038731459873
2024-03-19,44.56446956814177,47.440230220937195,44.505377206283775,46.82962417602539,599400,0.04582937660093878,0.35873231903117897,1.3615502997129774
2024-03-20,46.77052750031607,50.24704674958886,46.77052750031607,49.665985107421875,535700,0.058804296632983075,0.4044962112051947,0.9946623330656038
2024-03-21,50.07962606741726,52.275845095843685,49.68568828167683,52.09857177734375,494000,0.047817240766933646,0.4257774615587154,0.7287265169285403
2024-03-22,51.91144499055393,52.738719178953005,51.44856802391851,51.46826171875,372500,-0.012172194893818085,0.4301507373517444,-0.004366230166593062
2024-03-25,51.57659391883044,52.91599053216048,51.350078867591485,52.65993118286133,331900,0.022889506860407416,0.4254138361494371,-0.3075914728561071
2024-03-26,52.827354955308,53.35917487263372,52.1872046905905,52.787960052490234,404400,0.0024282881533255014,0.41897520450888204,0.13373475290338108
2024-03-27,53.153107276424564,53.676150010421985,51.08066677004911,51.98859405517578,388500,-0.01525878597168217,0.4202942663273118,0.00801554407131181
2024-03-28,52.06754459942558,52.26492043292744,51.02145908173828,51.34712600708008,429600,-0.012415383324146304,0.42525241090313715,0.23978073536033082
2024-04-01,51.39647103566137,51.39647103566137,50.22208693693363,50.8734245300293,209300,-0.009268290290308984,0.4282947181940221,-1.4400221228456909
2024-04-02,50.21221818771727,50.587228105146565,49.343766837284484,50.08392333984375,296600,-0.015640610640679523,0.3996562785265739,-0.5400749114408219
2024-04-03,49.916160801684036,52.205711486429216,49.916160801684036,51.88991165161133,299700,0.035424325595185165,0.35908147802513485,-0.4406029088662662
2024-04-04,52.30439801298335,53.60707328496642,51.60371735820766,51.771484375,280300,-0.002284887772566997,0.34840602612355454,-0.5784087618756154
2024-04-05,51.8504361319092,53.24193034127906,51.8504361319092,53.232059478759766,540700,0.027821333628722657,0.35484308888579946,1.4719167267718398
2024-04-08,53.2715346192053,54.9886995031989,53.2715346192053,54.712371826171875,666700,0.02742902321000184,0.36040617283029236,1.8529487225655459
2024-04-09,55.886757386503966,57.653261568206354,55.33410578320309,57.643394470214844,700000,0.05218580044023314,0.3851888799677145,1.7311377899742202
2024-04-10,56.133475914853776,58.2552558457838,55.630167333752766,58.225650787353516,617900,0.010050332544625167,0.3799108540904364,1.288721095192129
2024-04-11,58.71908850589041,58.97567446309194,56.40979983255251,58.225650787353516,422500,0.0,0.3823060957087226,0.24446834757350433
2024-04-12,58.126965119182465,58.126965119182465,56.76507595326242,56.91310501098633,311800,-0.022800361669018377,0.4019237967101841,-0.6212453316333634
2024-04-15,57.27824997829145,58.83751117606158,57.27824997829145,57.94932556152344,681400,0.01804330028438859,0.3992635215993941,1.4102323710767266
2024-04-16,57.317724765356225,57.35719692004829,55.26502213613414,57.04139709472656,534500,-0.01579166238379451,0.410762541778624,0.6721994132370814
2024-04-17,57.801290268617805,57.801290268617805,55.995310294473846,56.39992904663086,301700,-0.011309368586880746,0.4126697785471691,-0.9987921708275711
2024-04-18,58.304603867445195,58.304603867445195,55.41305847424632,55.79793930053711,270800,-0.010730961857330861,0.3988674097688723,-1.1900430084770959
2024-04-19,55.511736051253465,56.44926834637852,53.774837166353905,53.991947174072266,425000,-0.032902029569673995,0.37868424951372714,0.14434410111864696
2024-04-22,54.288008099495286,54.347221972220105,52.70900913980499,53.91299819946289,334500,-0.0014633062168491475,0.3436577034806377,-0.5041476919971907
2024-04-23,54.090640276841086,55.79793421177255,54.090640276841086,55.205806732177734,259300,0.023696539353105867,0.3479418633527509,-1.1593988888687856
2024-04-24,55.45252322837482,56.50847952632338,54.485385860376645,55.16633224487305,135400,-0.0007152980698506794,0.3407636696272178,-2.4131993430241687
2024-04-25,54.30774970407075,54.91961513609182,53.70575513381526,54.17945861816406,273000,-0.018050999779085378,0.3479111986674163,-0.694979454029817
2024-04-26,54.78145074750503,55.68937805570984,54.66302675587165,54.820926666259766,174200,0.011770150205668267,0.3443426326589299,-1.5519331817731632
2024-04-29,55.09725128432026,56.597298467692724,54.81105653613013,55.8966178894043,238600,0.01943188092702396,0.34460345568181383,-0.7907302687727601
2024-04-30,55.17620240579074,55.74859193384194,54.5742078209889,54.820926666259766,302500,-0.019431880927023883,0.3512838547704511,-0.3232616548986705
2024-05-01,54.02155928990699,54.62355010197623,51.880037784169126,51.91951370239258,450000,-0.05437728846551338,0.40018536479043626,0.5168602645848517
2024-05-02,53.02481407532029,53.311008840972995,51.16948729423868,53.14323806762695,280700,0.02329616706612764,0.3893720189161437,-0.5239072998658315
2024-05-03,54.38670525843528,55.44266166171084,53.73536762870801,53.76497268676758,171800,0.01163131669960925,0.3908128164868764,-1.4788318436519747
2024-05-06,54.20906713844658,55.11699071810302,53.97221538113609,54.39657211303711,174100,0.011678949417553755,0.3811509839612941,-1.3062023884507863
2024-05-07,53.06429247433531,53.34061639084219,48.958890824401095,50.991851806640625,967800,-0.06463528778578645,0.43097677482967645,2.039444450585341
2024-05-08,50.92276601991127,51.33725562017078,49.93589068026469,51.22869873046875,581100,0.004634045628369687,0.3825205953915892,1.1006768361391048
2024-05-09,49.31416658255624,51.080670746179415,47.370020775224475,50.991851806640625,801900,-0.004634045628369791,0.37830094885876203,1.6488691333285135
2024-05-10,50.952375357168165,53.00507412685807,50.952375357168165,51.84056091308594,342600,0.016507020605421658,0.38601706838291205,0.05497682729897468
2024-05-13,52.18597346493528,54.06103451138728,52.087283663776134,52.62019729614258,267700,0.014927152988546948,0.38687349228934226,-0.3998824381943803
2024-05-14,52.71887995272324,54.9985633908247,52.590588866387904,54.643287658691406,489200,0.03772635784468441,0.4063523980161311,0.8025096327874042
2024-05-15,55.215677912375234,56.51835310451081,54.31762147287827,55.7189826965332,407400,0.019494508423108264,0.41049831818564825,0.477414786956335
2024-05-16,55.74859251671372,55.74859251671372,52.857047318736576,52.87678527832031,210600,-0.05235649039906239,0.4463968556626749,-0.7982259170839854
2024-05-17,53.241923133475225,54.13010864378857,52.52150461696766,54.110374450683594,312100,0.02306153088052875,0.4543686283432234,-0.03572195639168019
2024-05-20,54.34722480877048,54.959086467006614,54.17945780757293,54.8801383972168,221800,0.014125573423660227,0.4424150353014162,-0.6482442144384365
2024-05-21,54.781449938922854,55.146596535068305,54.11037815315158,54.79132080078125,176500,-0.0016197033668075016,0.44242534558835495,-1.0112428546576475
2024-05-22,54.593948487559096,54.840667345064205,53.6860248989632,54.27814865112305,203500,-0.009410074863172005,0.43562032269493506,-0.7076781654083352
2024-05-23,54.62354922374206,55.36370573769321,53.764968721655336,54.761714935302734,183100,0.00886959022939969,0.43690920044357817,-0.9696630817228563
2024-05-24,55.225546266225294,56.23215962207556,54.94922235997926,55.21567916870117,200900,0.008255638632707202,0.4329665209095983,-0.7478178502617672
2024-05-28,55.55121782248906,56.17294662126294,52.75835860063752,53.054420471191406,385400,-0.0399287677663139,0.45318249549932205,0.4531752076491334
2024-05-29,52.44255332162279,52.6596670942999,50.56749249316869,50.85368347167969,334200,-0.04236563023657273,0.46745205428784703,0.1391652817223246
2024-05-30,50.873424662367164,51.54450021634848,50.271430083240034,51.28791427612305,290500,0.008502577402978018,0.46622513649489994,-0.136841745607904
2024-05-31,51.751742932258274,52.08728070789611,50.13326793140428,51.91951370239258,411200,0.012239570803389298,0.4297200520450818,0.568858128940641
2024-06-03,52.21557170145103,52.5017664404772,50.16287304571103,50.508277893066406,237900,-0.027557464542534462,0.43108945581707225,-0.5113805622412148
2024-06-04,50.83394703588352,51.26817459423998,49.61022372418777,50.13326644897461,374800,-0.007452452805454503,0.42831086746802194,0.3330883368281308
2024-06-05,50.32077620628306,50.528019128138766,48.38649764173759,48.43584442138672,359800,-0.0344446618753171,0.4376451903828468,0.18493514787657034
2024-06-06,48.26807378468286,48.26807378468286,46.15616111322551,46.343666076660156,545500,-0.044155498393341486,0.40750581543249087,1.285377004829047
2024-06-07,45.89957163311689,46.087080362089594,44.300834593705055,44.981781005859375,599800,-0.029827087195308355,0.41513241334659384,1.5036402492801648
2024-06-10,44.853485722768774,45.48508534882608,44.083720384459546,45.1495475769043,694500,0.003722718114424763,0.4165346813532042,1.9442603545876673
2024-06-11,44.952174242837394,44.962045105146146,43.68897492074482,44.14293670654297,712400,-0.022547329113299323,0.41213531451525226,1.7591469911515827
2024-06-12,45.337053377028006,46.58051845785277,44.95217258307822,45.90944290161133,591000,0.039237893357005206,0.4367856941055153,1.2032736128662798
2024-06-13,45.741670853027145,45.86996570230506,44.48834247451538,44.58702850341797,282900,-0.029227847618295937,0.41226335522120866,-0.37855465978192376
2024-06-14,43.98503667514377,44.69558817426017,42.85999931129674,44.458736419677734,279000,-0.002881488470972031,0.39939421730238905,-0.3698022324223106
2024-06-17,44.448870285319074,44.448870285319074,43.136324155964836,43.80739974975586,395400,-0.014758740350826709,0.3702143055684743,0.355883936998956
2024-06-18,43.80739833870398,43.85674135570464,42.682360986713064,43.48173141479492,397900,-0.007461864763691991,0.3515794022369929,0.34301300619512576
2024-06-20,43.659369293308046,43.81726920650896,41.379685767128386,41.656009674072266,457200,-0.04289523430986306,0.35688043934352154,0.5937242039838427
2024-06-21,41.873122112943435,42.14944601095536,40.92572266436191,42.10997009277344,380400,0.010838883859094695,0.364471693088382,0.08366580368041912
2024-06-24,42.00141606398754,42.62314482118122,41.241521596120144,41.66587829589844,520800,-0.010602004400101301,0.3643662767912689,0.7992040591349884
2024-06-25,41.6066633921762,41.6066633921762,40.40267429560237,40.491493225097656,434300,-0.028590619331300818,0.3596414670398334,0.2355954228692708
2024-06-26,47.69569098343668,49.61022794810006,46.876582575618784,49.23521423339844,2099000,0.19551719570681908,0.8105207858989081,3.3314279799471103
2024-06-27,48.53453379681937,50.083927915904454,48.11017706207571,48.96875762939453,795600,-0.005426608574695276,0.8007863591841795,1.1268283691053786
2024-06-28,48.79072530508738,49.88858759448633,48.79072530508738,49.631431579589844,3578300,0.013441838870895492,0.790201399551783,2.9826372850007057
2024-07-01,49.59186885129926,50.12596647611778,48.57313001999336,49.740230560302734,438100,0.0021897394457106377,0.7895312272845432,-0.29977488418412107
2024-07-02,49.57208742385955,50.35345205442695,49.54241659102624,49.62154006958008,301900,-0.0023890586172811497,0.7879578815471403,-0.850405380002605
2024-07-03,49.86880924614631,52.80634256060189,49.849031205391526,50.09629821777344,479300,0.00952210243528301,0.783352293741861,-0.1921781208338828
2024-07-05,49.878699601585694,51.55022316530969,49.878699601585694,50.432579040527344,504400,0.006690258286759621,0.7832777166199532,-0.13374074045322906
2024-07-08,50.79853457508783,52.0249768182181,50.73918913506729,51.46120834350586,434800,0.020190912017512486,0.7755838365095404,-0.3936306075680279
2024-07-09,50.867765935057086,51.94585017192296,50.867765935057086,50.90732955932617,444800,-0.010821375405960088,0.758517746236161,-0.339279356964337
2024-07-10,51.174384821354934,51.401870030116264,50.58094170141659,50.88755416870117,419200,-0.00038853408245164854,0.7485342466256429,-0.40689484085747
2024-07-11,51.99530652835861,53.567924861892365,51.886508440347605,53.10306167602539,542200,0.042616206959863165,0.7591752994821824,0.03234427110178266
2024-07-12,53.63715724720233,54.48775633183243,53.043717955736916,53.696502685546875,291100,0.011113287227495995,0.7511750577913818,-0.9030136356434713
2024-07-15,54.09212949886281,54.735025231084116,53.5580356272121,53.88442611694336,425000,0.003493623351803754,0.7434079990711303,-0.266950889200268
2024-07-16,54.61633490679543,54.96250718960766,53.281090873816304,54.428409576416016,370800,0.010044756558112525,0.7312244566859822,-0.5159142033677621
2024-07-17,53.943769994700105,54.30972410076603,52.65798234049941,52.885467529296875,329400,-0.02875766717469619,0.7421563726929414,-0.7314287014480186
2024-07-18,52.64809313685464,53.43934684161481,51.87662124633789,51.87662124633789,282100,-0.01926035422666945,0.7440773452498155,-0.9436161362351081
2024-07-19,51.93596393316681,52.15356012111041,50.46225458662707,50.88755416870117,281100,-0.01924985269590991,0.7482825049783781,-0.9058981134403197
2024-07-22,50.917223579615786,52.173340476064354,50.39301871204888,51.99530792236328,265500,0.021535103939964613,0.7265914850176766,-0.9340284481482429
2024-07-23,51.47109723104037,53.17229154626279,51.31284650932212,52.588741302490234,250400,0.01134857090614638,0.726596117105436,-0.9728904385178805
2024-07-24,52.11399334804777,53.75584613340622,50.66995492406886,50.679847717285156,273200,-0.036973702494894053,0.7418662676162218,-0.780498273417084
2024-07-25,51.0359094846337,53.02393836296838,50.24465580521983,52.69754409790039,432100,0.03904050224430336,0.7352766422637269,-0.09073011737777331
2024-07-26,53.696505728521835,54.893277172161824,52.4008252153691,53.55803680419922,282200,0.01619701310646457,0.31572145820450176,-0.6814324119839179
2024-07-29,53.60748848898639,54.022895254488255,51.92607206744164,53.10306167602539,189500,-0.00853128074212159,0.31707066659271227,-1.2464859139506506
2024-07-30,53.40967744198192,53.55803916629669,52.657987345509035,53.251426696777344,184800,0.002790011390461436,0.3151558796301561,-1.9582530165843357
2024-07-31,53.42945554797478,55.239448084800074,52.855794278306526,53.22175216674805,390900,-0.0005574085626891766,0.31542713690151464,0.4913406488585838
2024-08-01,52.95470454380283,53.52836205345916,50.65017416576473,51.45132064819336,363400,-0.033831057569865125,0.34029838682265,0.22369122207534245
2024-08-02,49.0775535388394,51.04580053641395,48.42476880396953,50.31388854980469,504000,-0.022354977222428005,0.3489022904616354,1.277569473153413
2024-08-05,47.39613294238619,50.00727542199051,45.961987475964236,49.7698974609375,363100,-0.010870820693483515,0.35009161252144455,0.27344156974427114
2024-08-06,49.16656922628687,50.12596639075352,48.16761220941565,49.3940544128418,346000,-0.007580271674739502,0.3424148373509917,0.149600489017785
2024-08-07,49.65121067883874,49.65121067883874,47.02029014452988,47.07963180541992,278300,-0.047989599189217,0.3770050005670041,-0.5385215354549254
2024-08-08,49.93804710551681,54.44819496275513,49.06766617203417,53.41956329345703,667300,0.1263365709390893,0.5877838092369717,2.1903361894171773
2024-08-09,53.65693670629014,55.931792254446336,53.399780697400764,55.47682189941406,654300,0.037788277404420534,0.5838372956780986,1.9966411631354535
2024-08-12,55.64496444786959,55.9416878685478,53.85475376881717,54.67567825317383,330000,-0.014546338424347419,0.5856000503871531,-0.056471279256010934
2024-08-13,55.466938832207205,57.42529314588707,55.24934265079992,57.019775390625,625200,0.04197917267846124,0.6027061795199915,1.6800449918123728
2024-08-14,57.48463183012294,57.80113329228368,55.783437414257754,57.12856674194336,450100,0.0019061404173870697,0.6021144613748204,0.7273804363252182
2024-08-15,58.13741530732902,60.37271108000874,57.6824449369588,59.30451583862305,916000,0.03738117076524944,0.6027112354794172,2.2037152748857416
2024-08-16,58.99791085953201,59.7298191057368,57.39561789741737,58.26599884033203,408700,-0.017666742588929342,0.6019125856257961,0.24240370140600256
2024-08-19,58.37479889486621,58.849551123438715,57.534088757877036,58.07807922363281,184500,-0.0032304141860432295,0.5961329221716841,-1.5324145455991585
2024-08-20,58.424250469841574,59.33419505428001,58.236328895216204,58.37479782104492,176200,0.005095953780780446,0.5935515548369129,-1.5136886819271567
2024-08-21,58.82976551407956,59.45287942457179,58.03851185083273,58.77042007446289,170700,0.006754415837341072,0.5931954911511528,-1.474290300983762
2024-08-22,58.66162858625317,59.353973216812996,57.89015292606538,58.34512710571289,126000,-0.007262824594282083,0.5751770449023216,-1.8470057767976589
2024-08-23,59.522111241229524,61.00571320881153,58.58249590716194,60.985931396484375,299800,0.04426736095387652,0.5791505307243089,-0.18311731493088576
2024-08-26,61.63871827417699,62.43986472306132,60.50128854992089,61.46068572998047,257400,0.007754509248935864,0.5781907949106998,-0.46184113089378137
2024-08-27,61.223309979855436,61.984889010547285,60.53096163350426,61.905765533447266,235100,0.007215604080279163,0.5755814841266899,-0.6636305083129176
2024-08-28,61.391451388530065,62.12336337973978,60.6298685642291,61.43101501464844,142900,-0.007698479908814016,0.5777604799695614,-1.5446708251784542
2024-08-29,61.73762458284118,62.27172222422502,60.85735464037249,61.53981399536133,290400,0.0017695092401625054,0.5774430436411686,-0.2012254657629482
2024-08-30,62.13325161148004,62.13325161148004,60.6199787751043,61.292545318603516,217000,-0.004026121653128263,0.5599077372971956,-0.6898682074308913
2024-09-03,60.77822731691411,61.025494308624104,58.39457366774962,58.99790573120117,243500,-0.03815627854200119,0.5733350947099665,-0.4204554396087989
2024-09-04,58.869329249403236,59.63091208074827,57.77146313893178,59.4627685546875,208200,0.007848430924430317,0.5693974210104833,-0.6578169023973068
2024-09-05,59.69025136496807,60.27380162683663,59.11659389582326,59.4232063293457,476400,-0.0006655491001481709,0.5674414740449993,0.8331275478894339
2024-09-06,59.8287289659797,60.273806577235305,57.60332581772066,58.40446853637695,238400,-0.017292426077833652,0.5379265249808118,-0.41301640440250276
2024-09-09,58.43413814114677,59.779267426281756,58.10774389630866,59.1067008972168,193400,0.011951897399542248,0.3343558221674247,-0.7172854699676287
2024-09-10,59.393531799316406,59.69025144049052,58.5528255204906,59.393531799316406,191700,0.004841027831632071,0.3121624442560234,-0.6617289479693436
2024-09-11,59.324297961194326,59.324297961194326,57.78135052879529,59.21549987792969,195600,-0.003001998289186521,0.30637853127210163,-0.5688465147716341
2024-09-12,59.729812944177716,63.73554116324951,59.11659187113007,63.68608474731445,766900,0.07278275902498399,0.3672765310011611,2.0746033094880243
2024-09-13,64.17072403605258,67.25661866796233,64.16083878994905,66.09941101074219,694200,0.037193747331351605,0.38320705867426685,1.7400635250138974
2024-09-16,66.2082117713387,66.60383291922948,64.34875917389738,66.04995727539062,263200,-0.0007484521235556945,0.367490752981632,0.0909350056147858
2024-09-17,66.41591498438885,67.91929496247491,65.66422122235097,66.8313217163086,466100,0.0117604745020798,0.35851895947225804,1.2736320327987622
2024-09-18,67.07859584624421,68.1962400428008,65.87193159994939,66.2576675415039,328200,-0.008620663972765388,0.3608468518688243,0.48403537218703946
2024-09-19,68.28525847287592,69.02705950380754,67.1379359229597,68.14678955078125,377600,0.028112853815442634,0.36862479535026077,0.7064839483605111
2024-09-20,68.16656591836903,68.7896835984923,67.68192470293215,67.89952087402344,362300,-0.0036350702678261976,0.37059523490352975,0.5526062470189247
2024-09-23,66.31700681530792,67.23684027943128,64.64547962181754,66.18842315673828,334300,-0.025523407328725985,0.3845104758907522,0.3031259762589252
2024-09-24,65.94116184072695,66.37635417604936,64.8828593810938,66.03018188476562,151200,-0.0023936320834160637,0.3591456584311915,-1.39910855099885
2024-09-25,66.0005011196199,67.3753048309587,65.68399970864957,65.9609375,128200,-0.0010492280305048052,0.35921421101123496,-1.5787376124165324
2024-09-26,67.16761093813143,67.96875359668819,66.54449327392958,66.93022918701172,142400,0.014588010636077927,0.3611128093476519,-1.2596577076566324
2024-09-27,67.42476894635948,68.4632934448095,66.85110765110154,68.18635559082031,202400,0.018593758797125347,0.3621256279045697,-0.6141199161766375
2024-09-30,68.05756363341642,68.71139541256683,67.5226199789023,68.0179443359375,181400,-0.0024729225259083132,0.3628951719409497,-0.780543669526238
2024-10-01,68.28541653220009,68.45382500057013,66.61121777779799,68.0971908569336,115600,0.001164404382181153,0.36175430398282166,-1.5335023114981259
2024-10-02,67.76037037472254,69.55344204448345,66.75981310420342,68.85008239746094,198600,0.010995459902358633,0.32616885441064,-0.4837211423780213
2024-10-03,68.56279206846723,69.69213092332326,68.0377494939525,68.95905303955078,347700,0.0015814722943594509,0.3267710217145416,0.5266703945296601
2024-10-04,70.3459726823013,70.3459726823013,67.98822372534626,69.00859832763672,224300,0.0007182160415827273,0.32639400035844196,-0.23904999694284404
2024-10-07,68.4042953356449,69.77138781230163,67.87924517912666,68.47364044189453,322400,-0.007782250135491521,0.3190101407905953,0.436886436566582
2024-10-08,68.87980981802684,71.92110133008504,68.71140133604867,71.32671356201172,391400,0.04082206137279183,0.33904905947562275,0.7425581313656996
2024-10-09,71.93100195685066,72.1687555261019,70.98988872494596,71.98053741455078,292800,0.009124847272970742,0.3387196856247587,0.1467904139360241
2024-10-10,72.52539291532715,72.89193566783625,70.35586976910706,71.8814697265625,301500,-0.0013772601344395495,0.33803112391229095,0.1653034711123743
2024-10-11,72.16875098434451,74.36799214615152,72.06968763322827,73.96183013916016,301800,0.02853064254522123,0.25863727941066456,0.28556089745915697
2024-10-14,74.04108411865343,75.53696582033305,74.04108411865343,75.08126831054688,254500,0.015021953165231645,0.23662396422690468,0.017482665752892503
2024-10-15,75.1208917105521,76.29975850800274,74.36799659256496,74.79397583007812,277100,-0.003833759657834323,0.23798118710817623,0.2255237596640771
2024-10-16,75.79452623027579,77.12199172164885,74.96237747907635,75.64592742919922,217200,0.01132625969974394,0.2378516414007491,-0.3156037561009326
2024-10-17,76.14126343757304,77.27060240656341,74.45716358782954,76.39883422851562,298900,0.009903832861142227,0.23219167331122753,0.5576841325999481
2024-10-18,76.99321565105801,78.08292767375005,76.11153894158494,77.36965942382812,186500,0.01262726936957119,0.22015091068593007,-0.6452456425053132
2024-10-21,79.75712271896688,79.75712271896688,74.63546359618813,74.9623794555664,362800,-0.03160832620637796,0.254322064160245,1.205141422830867
2024-10-22,72.51548511424275,73.00090844111202,67.93869274927627,68.06747436523438,583900,-0.09648689715163823,0.4232958156153865,2.1814428755359723
2024-10-23,68.04766506515278,69.34541250924984,67.37402361274093,68.49345397949219,336500,0.006238695080077447,0.4233944630572633,0.7412784100220124
2024-10-24,68.55289773147754,69.40485635128115,68.54299668472586,69.14729309082031,163300,0.009500733516959183,0.4240941621395956,-1.1652540496698216
2024-10-25,69.84073233656724,70.22708471931705,68.9590556110049,69.08783721923828,105000,-0.0008602136825126583,0.421799873082254,-2.1353595310061686
2024-10-28,69.34541277185993,70.18746270105105,68.98877861581778,69.26615905761719,169900,0.002577763446250894,0.4172512025145737,-0.9169672925323243
2024-10-29,68.26561208202949,69.44447900844482,67.75047047619128,68.35476684570312,155700,-0.013245159193772626,0.41995888282333343,-1.0920170334334733
2024-10-30,68.04766553696354,69.57326552971084,67.7504678866432,69.3057861328125,200600,0.013817094244854626,0.42259060150262573,-0.5993641697585025
2024-10-31,68.89961840843469,69.26615358124023,67.88915252685547,67.88915252685547,192800,-0.02065213148826878,0.4272009776093641,-0.6966371003895475
2024-11-01,68.15663366874911,68.37457003426078,67.03719579919249,67.85943603515625,257000,-0.0004378165915195015,0.42712418916508493,0.08442358390266252
2024-11-04,68.29532047888034,70.55399819586883,68.27550327333516,68.9986801147461,230400,0.016648927031887098,0.43136544490956913,-0.20645866532718096
2024-11-05,68.64205109439435,69.69213632481062,68.57270598593384,69.60298156738281,230000,0.00872002939214257,0.4314053656430537,-0.17064464578162858
2024-11-06,71.00969892331842,72.03997447545511,68.94914781904507,69.59307098388672,510300,-0.00014239747939959337,0.406092332895303,1.81864946527015
2024-11-07,70.38559185586725,72.79286845464712,66.55177873690681,69.74166870117188,621400,0.0021329608675970725,0.4045780679509885,1.98984669346742
2024-11-08,71.21773236795286,75.59639768072674,70.24690090268422,75.28929901123047,374300,0.0765400448795773,0.4866074765396023,0.8105139604623659
2024-11-11,76.52760690596197,78.89525653439568,76.14125454370202,78.6277847290039,234000,0.04338711894794903,0.49929053142521423,-0.20848453756573315
2024-11-12,72.31735349788227,73.35753763305794,69.5831610302016,73.24856567382812,1067000,-0.07086646578957816,0.5582156512589299,2.484886520135223
2024-11-13,73.35753895412277,74.27884254362559,72.49567186779765,73.13959503173828,459400,-0.0014887906466258271,0.5581341151984107,0.8776944527718133
2024-11-14,73.30800217593544,74.59584848062443,72.5352974163419,73.24856567382812,323300,0.0014887906466259713,0.556419918226503,0.21375471028384763
2024-11-15,73.21884902944616,73.64482071462868,71.70315017000351,72.48576354980469,258600,-0.010468488712543007,0.5556183415819377,-0.17649651381274586
2024-11-18,72.35697795586647,73.80332407096236,71.62390007463691,73.1594009399414,246900,0.009250457385795854,0.5545818224051196,-0.28788954811566486
2024-11-19,72.26782654546398,74.57604005089759,72.26782654546398,74.5265121459961,339900,0.018514294677055197,0.548771025727441,0.3024972963033443
2024-11-20,74.58594160930568,75.13079386005539,73.45660269474834,74.64537811279297,277300,0.0015936781621354965,0.422839939591879,-0.005532814684688333
2024-11-21,75.05155308400008,77.50835780608547,74.62557380971224,77.1021957397461,374600,0.032383151305258887,0.433834237336782,0.5586099545529449
2024-11-22,77.43901101314437,79.05377331362172,76.60686969058317,78.59806823730469,212200,0.019215362721113082,0.4362227823586325,-0.5607367397161986
2024-11-25,79.71750165530474,81.90683436317283,79.03395163752724,80.61898803710938,271500,0.025387083354481726,0.4404014046515621,-0.18832781036626525
2024-11-26,79.6184407227428,80.14348333753068,77.8253613916135,78.20181274414062,255200,-0.030441377200135136,0.4593557151016984,-0.377926083052019
2024-11-27,78.68723229566837,79.16274703197226,77.79564688888001,78.91508483886719,207700,0.009079570762773905,0.4541875492484472,-0.9070724972516777
2024-11-29,80.25245688350056,81.7483310454391,79.11320931606615,80.29208374023438,170600,0.0172986336175818,0.4550206908097742,-1.3203587445692737
2024-12-02,79.62834131203735,80.27226449099503,78.52872062930729,79.20236206054688,219300,-0.01366491016185489,0.4502883041669649,-0.7699024483324926
2024-12-03,79.14292224505807,81.16384645423196,78.08292846239844,81.0746841430664,253900,0.02336463395229787,0.45265132587166806,-0.4284565519202031
2024-12-04,81.07468553336484,81.71860869642639,80.36142482205715,80.9657211303711,197600,-0.0013448871463273226,0.452847888405472,-0.9784974886863294
2024-12-05,80.86665444848148,82.96683251176694,80.38123867899503,81.41151428222656,167800,0.00549084692512653,0.45288686257969724,-1.2737880321591977
2024-12-06,82.28327092801307,82.82813068540828,81.71860152400761,82.47149658203125,141600,0.012936021564216691,0.45238557445300154,-1.4796842789203055
2024-12-09,82.86776549384554,83.39280809699733,81.57991915709417,81.81767272949219,186200,-0.007959469356284651,0.45539960958480175,-0.8166814821588957
2024-12-10,81.09450796200078,82.32291030608293,80.6388104401324,80.8765640258789,251200,-0.011569176872111158,0.38403972030774336,-0.08379258604658804
2024-12-11,83.05598571382147,85.27504430596784,82.59038716050101,84.72027587890625,363800,0.046430866209500835,0.38815474893991786,0.7262275604078237
2024-12-12,84.20514291344797,84.87878435907756,83.64047343387979,83.8386001586914,258900,-0.010461433796027785,0.28489697586738005,0.14005744722964109
2024-12-13,83.47206978785263,84.00702104543184,82.61020261318883,82.93711853027344,271300,-0.010810811255269231,0.2899472091260234,0.43872901412811444
2024-12-16,83.12533337452746,85.02737700349384,83.09560756572056,83.76924896240234,244900,0.009983270055850443,0.28978010966687356,0.09497045987531119
2024-12-17,83.1451484120324,83.34327513529091,79.48965217092771,80.48030090332031,212600,-0.04005353745063666,0.3271775666551351,-0.4358032339657117
2024-12-18,81.30253961787055,82.69935793182529,77.29040930481534,78.04330444335938,321500,-0.030748587400196845,0.34920159459576056,1.1350247382543481
2024-12-19,78.66742075849989,80.19301318034334,77.56780004284964,78.5584487915039,232800,0.006579060523005357,0.344975648199326,-0.050197553231127595
2024-12-20,77.89470475575646,82.11487034461054,77.2805073973656,79.31133270263672,445300,0.00953810934344629,0.34580677872025717,2.1912931256564514
2024-12-23,78.93488810964263,79.32124049501942,78.37021865731889,79.15283203125,153400,-0.002000461423070997,0.32895577633364487,-1.4752618606541217
2024-12-24,79.69769001390252,81.10441700242984,79.17264737844631,80.95581817626953,121900,0.02252298499802033,0.3314221511541271,-1.974270920035098
2024-12-26,80.56946643979889,81.80777740478516,80.39114935851885,81.80777740478516,208600,0.010468766143155955,0.32170852426511876,-0.2051867533040618
2024-12-27,81.25300994024876,82.12478570734366,80.39115033529863,81.2728271484375,247600,-0.006560586117001608,0.3026564059783271,0.3570436395332422
2024-12-30,80.20291753501485,81.61954547286095,79.33114940328252,79.925537109375,801800,-0.016716316179482615,0.3080197330741746,2.93984813476281
